image_id,true_class,predicted_class,true_index,predicted_index,confidence,entropy,top2_margin,correct
ISIC_0000036_downsampled,MEL,MEL,4,4,0.9995216131210328,0.002033208072112294,0.9990601657482331,1
ISIC_0000043_downsampled,MEL,NV,4,5,0.9908372163772584,0.025241991875590394,0.9817297272384168,0
ISIC_0000071,NV,NV,5,5,0.9981632828712464,0.0066711441168130605,0.996432636282407,1
ISIC_0000086_downsampled,NV,NV,5,5,0.8060451149940491,0.23760003161541818,0.6123358309268951,1
ISIC_0000101_downsampled,NV,BKL,5,2,0.8224139213562012,0.23409590089953694,0.6479945480823517,0
ISIC_0000102_downsampled,NV,NV,5,5,0.650507390499115,0.42829791369684045,0.3962620794773102,1
ISIC_0000104_downsampled,NV,NV,5,5,0.9960516095161438,0.013743977757235336,0.9935705594252795,1
ISIC_0000112_downsampled,NV,NV,5,5,0.884149432182312,0.17606897620230302,0.7695254161953926,1
ISIC_0000118_downsampled,NV,MEL,5,4,0.5338977575302124,0.4049916968012569,0.11319640278816229,0
ISIC_0000146_downsampled,MEL,MEL,4,4,0.9848758578300476,0.042997132854932674,0.9733761651441455,1
ISIC_0000184_downsampled,NV,NV,5,5,0.9880481958389282,0.033456353084256645,0.9773471569642426,1
ISIC_0000225,NV,NV,5,5,0.9783011078834534,0.051373619580328336,0.9569811094552279,1
ISIC_0000265,NV,NV,5,5,0.9203579425811768,0.1589149035239363,0.8657300882041454,1
ISIC_0000268,NV,NV,5,5,0.9987576007843018,0.004805446816985067,0.9976547281257808,1
ISIC_0000275,NV,NV,5,5,0.6330201029777527,0.35116284032688316,0.2834332287311554,1
ISIC_0000285,MEL,NV,4,5,0.6352430582046509,0.3241173617005033,0.27329251170158386,0
ISIC_0000293,MEL,MEL,4,4,0.9992421865463256,0.00305363741545945,0.9985128784319386,1
ISIC_0000336,NV,NV,5,5,0.5729667544364929,0.340428714188387,0.15048754215240484,1
ISIC_0000351,NV,NV,5,5,0.8557541370391846,0.19888711159611508,0.7116216123104095,1
ISIC_0000407_downsampled,NV,NV,5,5,0.5537381768226624,0.462268503997488,0.22948142886161804,1
ISIC_0000418_downsampled,NV,NV,5,5,0.9470391869544984,0.1037906651097821,0.895757954567671,1
ISIC_0000433_downsampled,NV,NV,5,5,0.953722596168518,0.09171257422695589,0.9080585911870003,1
ISIC_0000442_downsampled,NV,NV,5,5,0.8565887808799744,0.20188832218692612,0.7145524471998215,1
ISIC_0000498,NV,NV,5,5,0.9149850606918336,0.15740601563836348,0.8386957496404649,1
ISIC_0000506,NV,NV,5,5,0.9887547492980956,0.02965032271800311,0.9775101970881223,1
ISIC_0000510,NV,NV,5,5,0.9998445510864258,0.0007308500250172051,0.9996891788323411,1
ISIC_0000523,NV,MEL,5,4,0.5644758343696594,0.33818052115638536,0.13167721033096313,0
ISIC_0001184_downsampled,NV,NV,5,5,0.9695824384689332,0.06791617237167268,0.9401315283030273,1
ISIC_0001960_downsampled,NV,NV,5,5,0.9992879033088684,0.0029195238349617124,0.9986251261434518,1
ISIC_0002287_downsampled,NV,NV,5,5,0.9990313053131104,0.0040834341154400485,0.9983953257906252,1
ISIC_0002871_downsampled,NV,NV,5,5,0.9730415940284728,0.06547386547347143,0.9494314417243003,1
ISIC_0003728_downsampled,NV,NV,5,5,0.9976577758789062,0.007950784201392832,0.9953164372127503,1
ISIC_0006326_downsampled,NV,NV,5,5,0.9996823072433472,0.001386478464065582,0.9993654180434532,1
ISIC_0007528_downsampled,NV,NV,5,5,0.9999449253082277,0.0002921911817319699,0.9998927751439625,1
ISIC_0008294_downsampled,NV,NV,5,5,0.999991774559021,5.167807398018886e-05,0.9999844065837351,1
ISIC_0009297_downsampled,NV,NV,5,5,0.9996033310890198,0.0016855065350111806,0.9992066698905546,1
ISIC_0009943,NV,NV,5,5,0.9977466464042664,0.007693506465216425,0.9954948024824263,1
ISIC_0010038,NV,NV,5,5,0.9999252557754515,0.0004015131116996634,0.9998637790631618,1
ISIC_0010319,MEL,MEL,4,4,0.8171848058700562,0.29961351218987153,0.6878873854875565,1
ISIC_0010342,NV,MEL,5,4,0.894001841545105,0.1660773469346475,0.789089024066925,0
ISIC_0010351,NV,NV,5,5,0.6635304093360901,0.35431171482107104,0.3519319891929627,1
ISIC_0010364,MEL,NV,4,5,0.9303272366523744,0.12216105649498865,0.8607952892780306,0
ISIC_0010370,NV,NV,5,5,0.9999946355819702,3.4927757983192264e-05,0.999990037734733,1
ISIC_0010456,NV,NV,5,5,0.960934042930603,0.08388768521612675,0.9240366779267788,1
ISIC_0010459,NV,NV,5,5,0.9919484853744508,0.027685853810548486,0.9887160663492979,1
ISIC_0010466,MEL,MEL,4,4,0.7589187026023865,0.2878744665919413,0.5283639281988145,1
ISIC_0010565,NV,NV,5,5,0.6478263139724731,0.4731869815966646,0.4419782757759094,1
ISIC_0010575,NV,NV,5,5,0.9994001388549804,0.0024662926108314615,0.9988163157831876,1
ISIC_0010587,MEL,NV,4,5,0.928380012512207,0.12626339785482346,0.8576250746846199,0
ISIC_0010863,MEL,NV,4,5,0.6234713792800903,0.34746460184397704,0.25980371236801153,0
ISIC_0011107,NV,NV,5,5,0.938330054283142,0.12338606675259696,0.8851859010756015,1
ISIC_0011139,MEL,NV,4,5,0.5768926739692688,0.386846664069248,0.1819463074207306,0
ISIC_0011143,NV,NV,5,5,0.9981324076652528,0.006540515396695773,0.9962648417567836,1
ISIC_0011159,NV,MEL,5,4,0.7748148441314697,0.2584987712820254,0.5502099394798279,0
ISIC_0011161,MEL,SCC,4,6,0.9859409928321838,0.04157495472855118,0.9788138600997628,0
ISIC_0011229,NV,NV,5,5,0.8712453246116638,0.29550342955906417,0.836152046918869,1
ISIC_0011305,MEL,NV,4,5,0.5706538558006287,0.34912100460062256,0.14988008141517645,0
ISIC_0011339,NV,NV,5,5,0.9911112189292908,0.027248904701597083,0.9853431209921838,1
ISIC_0011361,NV,NV,5,5,0.9884881377220154,0.030236882901494344,0.9769800305366517,1
ISIC_0012118_downsampled,NV,NV,5,5,0.8800070881843567,0.20531092250300445,0.7839362025260925,1
ISIC_0012179_downsampled,NV,MEL,5,4,0.5719045400619507,0.38851333120216514,0.1788406670093537,0
ISIC_0012203_downsampled,NV,NV,5,5,0.7779493927955627,0.3942681881579841,0.6523095667362213,1
ISIC_0012313_downsampled,NV,NV,5,5,0.6542056202888489,0.38723141289163926,0.365599662065506,1
ISIC_0012384_downsampled,NV,NV,5,5,0.6250573396682739,0.4423768461515703,0.34768983721733093,1
ISIC_0012406_downsampled,NV,NV,5,5,0.8804962038993835,0.18839794087489423,0.7661226391792297,1
ISIC_0012455_downsampled,BKL,BKL,2,2,0.9978524446487428,0.008437960428842617,0.9967321259900929,1
ISIC_0012494_downsampled,NV,NV,5,5,0.6046488881111145,0.3746784403899073,0.2321355044841767,1
ISIC_0012543_downsampled,BKL,BKL,2,2,0.976548671722412,0.06987836001036471,0.966837209649384,1
ISIC_0012657_downsampled,NV,BKL,5,2,0.6744989156723022,0.3056236897917627,0.34960415959358215,0
ISIC_0012666_downsampled,BKL,NV,2,5,0.604122519493103,0.5139133443632441,0.40568073093891144,0
ISIC_0012684_downsampled,NV,NV,5,5,0.8848480582237244,0.17424956887832796,0.7705807015299797,1
ISIC_0012715_downsampled,MEL,MEL,4,4,0.9829223155975342,0.04395567940947145,0.9672811683267356,1
ISIC_0012735_downsampled,NV,BKL,5,2,0.8208025097846985,0.22941894328606777,0.6425967514514924,0
ISIC_0012876_downsampled,NV,NV,5,5,0.6610890030860901,0.42123259359147175,0.4701982885599137,1
ISIC_0012879_downsampled,NV,NV,5,5,0.6469529867172241,0.42390234988207515,0.42073652148246776,1
ISIC_0012902_downsampled,BKL,MEL,2,4,0.6472846865653992,0.4370963204092657,0.42919735610485077,0
ISIC_0012903_downsampled,NV,NV,5,5,0.9132681488990784,0.1601007813482883,0.8403246030211449,1
ISIC_0012932_downsampled,BKL,MEL,2,4,0.6404464244842529,0.429631036510949,0.39688514173030853,0
ISIC_0012956_downsampled,NV,NV,5,5,0.7690853476524353,0.2698396899894323,0.5417441427707672,1
ISIC_0012976_downsampled,NV,NV,5,5,0.7234609723091125,0.2894744533553626,0.44886615872383123,1
ISIC_0012987_downsampled,NV,NV,5,5,0.6349847912788391,0.38884321609744943,0.32187002897262573,1
ISIC_0013000_downsampled,NV,NV,5,5,0.7846229076385498,0.28547747961035125,0.585462749004364,1
ISIC_0013027_downsampled,NV,NV,5,5,0.9941774606704712,0.019188990091454694,0.9912107237614692,1
ISIC_0013106_downsampled,NV,NV,5,5,0.7575746178627014,0.3526994568995199,0.6360588669776918,1
ISIC_0013132_downsampled,NV,NV,5,5,0.9324364066123962,0.11900846156197023,0.8648909404873848,1
ISIC_0013160_downsampled,BKL,MEL,2,4,0.6510171294212341,0.4530654914288848,0.4457650184631348,0
ISIC_0013177_downsampled,BKL,BKL,2,2,0.993446409702301,0.021427325196644382,0.9898212479893118,1
ISIC_0013227_downsampled,NV,NV,5,5,0.8740204572677612,0.2034923876684857,0.7587001845240593,1
ISIC_0013302_downsampled,NV,BKL,5,2,0.5165750980377197,0.4456810081402176,0.12358549237251282,0
ISIC_0013316_downsampled,BKL,BKL,2,2,0.9976634979248048,0.007945543564850771,0.995331273879856,1
ISIC_0013334_downsampled,MEL,MEL,4,4,0.9787828922271729,0.049456638825516576,0.9575770106166601,1
ISIC_0013335_downsampled,BKL,BKL,2,2,0.6927646994590759,0.4369110314614826,0.5307697057723999,1
ISIC_0013393_downsampled,BKL,BKL,2,2,0.4951717853546142,0.4805956419788722,0.13851290941238398,1
ISIC_0013394_downsampled,NV,NV,5,5,0.6575842499732971,0.3724838735886021,0.3576939702033997,1
ISIC_0013424_downsampled,NV,NV,5,5,0.6529302597045898,0.3549484382416804,0.32397443056106573,1
ISIC_0013530_downsampled,MEL,MEL,4,4,0.8219881057739258,0.2448531033783866,0.6543374955654144,1
ISIC_0013615_downsampled,MEL,MEL,4,4,0.9546034932136536,0.09798426355261622,0.9154324904084206,1
ISIC_0013767_downsampled,MEL,MEL,4,4,0.964487075805664,0.08406094436065539,0.9391333777457476,1
ISIC_0013772_downsampled,NV,NV,5,5,0.966319501399994,0.08211510703065558,0.9466136340051892,1
ISIC_0013836_downsampled,NV,NV,5,5,0.9822966456413268,0.04889369473195984,0.9729445874691008,1
ISIC_0013984_downsampled,MEL,MEL,4,4,0.662018358707428,0.3113908115193025,0.3252107203006745,1
ISIC_0014032_downsampled,BKL,MEL,2,4,0.7906906604766846,0.2719265911404661,0.5954038500785828,0
ISIC_0014129_downsampled,MEL,MEL,4,4,0.9756449460983276,0.060005952169743755,0.9548347610980272,1
ISIC_0014149_downsampled,NV,MEL,5,4,0.6183390617370605,0.40733949444356377,0.29692178964614874,0
ISIC_0014158_downsampled,NV,NV,5,5,0.9744263887405396,0.06584733977562028,0.9543209634721279,1
ISIC_0014212_downsampled,BKL,BKL,2,2,0.9840046167373656,0.044163681680701894,0.9726378582417964,1
ISIC_0014253_downsampled,NV,NV,5,5,0.8882514834403992,0.18520862084131098,0.7866268306970596,1
ISIC_0014316_downsampled,MEL,MEL,4,4,0.8835987448692322,0.1791206882282344,0.7694927230477334,1
ISIC_0014328_downsampled,NV,MEL,5,4,0.6851031184196472,0.40807978006786017,0.5168831348419191,0
ISIC_0014410_downsampled,BKL,BKL,2,2,0.9967108964920044,0.012268987893252738,0.9951008901698515,1
ISIC_0014441_downsampled,NV,BKL,5,2,0.6065131425857544,0.4360302817538191,0.2900091707706452,0
ISIC_0014506_downsampled,MEL,MEL,4,4,0.986018180847168,0.04268771361669338,0.9787888429127634,1
ISIC_0014537_downsampled,BKL,BKL,2,2,0.8832343816757202,0.21426745911190104,0.8074029833078386,1
ISIC_0014548_downsampled,MEL,MEL,4,4,0.9644041061401368,0.07411354720243986,0.9288616068661214,1
ISIC_0014641_downsampled,BKL,BKL,2,2,0.999541997909546,0.0019776085123137423,0.9991114526637831,1
ISIC_0014652_downsampled,BKL,BKL,2,2,0.9990782737731934,0.003965717099403836,0.998521908884868,1
ISIC_0014653_downsampled,BKL,BKL,2,2,0.9998319149017334,0.0007973088028638143,0.9996706705860561,1
ISIC_0014657_downsampled,NV,NV,5,5,0.9710737466812134,0.0638782528107571,0.9424291476607323,1
ISIC_0014715_downsampled,NV,NV,5,5,0.6524547338485718,0.38549795511729623,0.3600884675979615,1
ISIC_0014724_downsampled,NV,MEL,5,4,0.6377979516983032,0.3268988824965655,0.2800257503986359,0
ISIC_0014743_downsampled,NV,NV,5,5,0.9960522055625916,0.012483997535404582,0.9921298581175506,1
ISIC_0014773_downsampled,NV,NV,5,5,0.9986573457717896,0.004977363602232393,0.9973400877788664,1
ISIC_0014806_downsampled,BKL,NV,2,5,0.9774364829063416,0.05379656256158606,0.9558421000838281,0
ISIC_0014908_downsampled,NV,NV,5,5,0.96437007188797,0.07430294177750889,0.9288288243114948,1
ISIC_0014910_downsampled,NV,NV,5,5,0.9919379353523254,0.022551051745755186,0.9838759433478117,1
ISIC_0014920_downsampled,MEL,NV,4,5,0.6389070749282837,0.31875187544659167,0.2791099548339844,0
ISIC_0014927_downsampled,NV,NV,5,5,0.9818395972251892,0.04397765075644558,0.963786192238331,1
ISIC_0014938_downsampled,NV,NV,5,5,0.6551613807678223,0.3456985623555932,0.32508146762847906,1
ISIC_0014940_downsampled,NV,NV,5,5,0.9962037205696106,0.01200438987141445,0.9924088919069619,1
ISIC_0014949_downsampled,NV,NV,5,5,0.9997851252555848,0.0009763288871613177,0.9995702660235112,1
ISIC_0014998_downsampled,NV,NV,5,5,0.9902825355529784,0.0279297285399149,0.981356200762093,1
ISIC_0015019_downsampled,NV,MEL,5,4,0.6798980832099915,0.3023519614289318,0.3599890470504761,0
ISIC_0015113_downsampled,BKL,NV,2,5,0.9796176552772522,0.05421027493215905,0.9662318658083678,0
ISIC_0015118_downsampled,NV,NV,5,5,0.9998013377189636,0.0009100752093940867,0.9996026221924695,1
ISIC_0015125_downsampled,NV,NV,5,5,0.9733255505561828,0.05977432695314421,0.9468757156282662,1
ISIC_0015130_downsampled,NV,NV,5,5,0.9948782920837402,0.015456507640136802,0.9897586260922253,1
ISIC_0015264_downsampled,NV,NV,5,5,0.5768594145774841,0.335774259462269,0.15646541118621832,1
ISIC_0015330_downsampled,NV,NV,5,5,0.9385672211647034,0.12064066527803777,0.8813142552971841,1
ISIC_0015357_downsampled,NV,NV,5,5,0.8625816106796265,0.27410168189269307,0.7944891005754472,1
ISIC_0015404_downsampled,NV,NV,5,5,0.9115627408027648,0.1672480784922704,0.8383275493979454,1
ISIC_0015938_downsampled,NV,NV,5,5,0.9378554821014404,0.13293227200446583,0.9055752456188202,1
ISIC_0015952_downsampled,NV,BKL,5,2,0.5899010300636292,0.37640923603596366,0.20529466867446905,0
ISIC_0015966_downsampled,NV,NV,5,5,0.6267783641815186,0.43148636378042593,0.37452429533004766,1
ISIC_0015967_downsampled,NV,MEL,5,4,0.5484567284584045,0.36132281762633983,0.10947746038436895,0
ISIC_0016043_downsampled,NV,MEL,5,4,0.7203317284584045,0.41827816077991486,0.5564339309930801,0
ISIC_0016045_downsampled,NV,NV,5,5,0.9464316368103028,0.11392692009435308,0.9034444577991965,1
ISIC_0016052_downsampled,NV,MEL,5,4,0.8700132966041565,0.22240427347627786,0.7659018859267235,0
ISIC_0024341,NV,NV,5,5,0.9999991655349731,6.061127110168055e-06,0.9999983520785918,1
ISIC_0024373,NV,NV,5,5,0.9807007312774658,0.04765295582978027,0.9622766617685558,1
ISIC_0024376,NV,NV,5,5,0.9922878742218018,0.025058607040273198,0.9881607065908612,1
ISIC_0024384,NV,NV,5,5,0.9998999834060668,0.0005609052686432964,0.9998525022710963,1
ISIC_0024400,MEL,BKL,4,2,0.9743931293487548,0.05890941210968535,0.9495185557752847,0
ISIC_0024403,BCC,BCC,1,1,0.9507576823234558,0.12826876433243742,0.9285882525146008,1
ISIC_0024422,BKL,MEL,2,4,0.7793581485748291,0.3422781391607154,0.6311949491500854,0
ISIC_0024444,NV,NV,5,5,0.9999818801879884,0.00010508871813207954,0.999964411425026,1
ISIC_0024453,BKL,BKL,2,2,0.992069125175476,0.025767932073446565,0.9865139266476035,1
ISIC_0024459,MEL,MEL,4,4,0.403720885515213,0.5172557267319411,0.03827637434005743,1
ISIC_0024466,NV,SCC,5,6,0.8487504124641418,0.29527229199630983,0.7720087394118309,0
ISIC_0024477,BKL,MEL,2,4,0.5575029850006104,0.5102033614484776,0.23040339350700384,0
ISIC_0024501,NV,NV,5,5,0.9755340814590454,0.05546148849906418,0.9511120617389679,1
ISIC_0024543,NV,NV,5,5,0.999987006187439,7.910985448572778e-05,0.9999756438437544,1
ISIC_0024576,NV,NV,5,5,0.9981536269187928,0.007174620210986318,0.9967992139281706,1
ISIC_0024580,NV,NV,5,5,0.9999995231628418,3.5527034800658088e-06,0.9999990988742695,1
ISIC_0024589,NV,NV,5,5,0.9999997615814208,2.0324875700407732e-06,0.9999994989052822,1
ISIC_0024658,NV,NV,5,5,0.9998360872268676,0.0008249575115865797,0.9997270100502645,1
ISIC_0024718,NV,NV,5,5,0.9999656677246094,0.00019121414313279185,0.9999343437921198,1
ISIC_0024730,NV,NV,5,5,0.9309661984443665,0.12160785159968425,0.8621971234679222,1
ISIC_0024742,NV,NV,5,5,0.9961416125297546,0.013991278691249484,0.9938867948949337,1
ISIC_0024748,BKL,NV,2,5,0.5044346451759338,0.37124847775111874,0.026845544576644953,0
ISIC_0024751,NV,NV,5,5,0.9997647404670716,0.0010611648129499128,0.9995301471644782,1
ISIC_0024785,NV,NV,5,5,0.9978131055831908,0.007507085189910456,0.9956303981598466,1
ISIC_0024834,NV,NV,5,5,0.999338448047638,0.0028691365926448442,0.9988647585851141,1
ISIC_0024845,DF,DF,3,3,0.3551684916019439,0.526523155379443,0.001384645700454712,1
ISIC_0024847,NV,NV,5,5,0.9999582767486572,0.0002225276460981866,0.999916698456218,1
ISIC_0024864,MEL,NV,4,5,0.8252809643745422,0.27750473772769363,0.712274767458439,0
ISIC_0024873,NV,NV,5,5,0.9967009425163268,0.01132328547513872,0.9938517690170556,1
ISIC_0024889,NV,NV,5,5,0.9995280504226683,0.0019967304315199304,0.9990670504630542,1
ISIC_0024906,NV,NV,5,5,0.8879750370979309,0.17507249968751182,0.7785550430417061,1
ISIC_0024951,MEL,MEL,4,4,0.9750686287879944,0.05860734357095088,0.9510836005210876,1
ISIC_0024969,NV,NV,5,5,0.9575928449630736,0.0944062583538941,0.9203176163136958,1
ISIC_0025023,NV,NV,5,5,0.9999330043792723,0.000365550548492256,0.9998993505396355,1
ISIC_0025041,NV,NV,5,5,0.9997901320457458,0.0009557677351533519,0.9995802489575,1
ISIC_0025045,NV,NV,5,5,0.9801335334777832,0.05315408018278275,0.9666356556117535,1
ISIC_0025058,NV,NV,5,5,0.9999878406524658,7.263437430776399e-05,0.9999756929619252,1
ISIC_0025073,NV,NV,5,5,0.6622555255889893,0.4441358102526972,0.43825082480907446,1
ISIC_0025077,NV,NV,5,5,0.9869183897972108,0.033574569381880665,0.9738477477803829,1
ISIC_0025086,BKL,BKL,2,2,0.9533670544624328,0.10546818984734306,0.923721956089139,1
ISIC_0025091,NV,NV,5,5,0.9998723268508912,0.0006709979411392753,0.9997966023584014,1
ISIC_0025100,NV,NV,5,5,0.9985929131507874,0.005283105305008579,0.9972705848049372,1
ISIC_0025103,BKL,BKL,2,2,0.9970279335975648,0.010450631724871167,0.9946043493691833,1
ISIC_0025130,SCC,SCC,6,6,0.6267752051353455,0.3646372672319746,0.27518621087074285,1
ISIC_0025138,NV,NV,5,5,0.9872080683708192,0.035382348547370414,0.9759371643885972,1
ISIC_0025148,NV,NV,5,5,0.8186038136482239,0.2476416727097193,0.6453312635421754,1
ISIC_0025151,NV,NV,5,5,0.9997825026512146,0.0009869783499999703,0.9995651112694759,1
ISIC_0025195,MEL,BKL,4,2,0.5546610355377197,0.46461406576632286,0.22539275884628301,0
ISIC_0025219,MEL,MEL,4,4,0.9294595718383788,0.12349031546388409,0.8591736108064651,1
ISIC_0025248,MEL,BKL,4,2,0.7327510714530945,0.4146655012448818,0.6007329970598221,0
ISIC_0025251,NV,NV,5,5,0.9992963075637816,0.0029986215389244918,0.9987142528407276,1
ISIC_0025275,BKL,VASC,2,7,0.9866601228713988,0.042580508127774114,0.9815578954294323,0
ISIC_0025277,MEL,BKL,4,2,0.9128139019012452,0.17371480101780187,0.8693639300763608,0
ISIC_0025289,NV,NV,5,5,0.5892468094825745,0.43345612806747985,0.2644687592983246,1
ISIC_0025300,NV,NV,5,5,0.914556324481964,0.16864393685929926,0.8627586439251899,1
ISIC_0025357,NV,NV,5,5,0.9999914169311525,5.235492297834841e-05,0.9999828197051103,1
ISIC_0025359,NV,NV,5,5,0.9994876384735109,0.0024106694350663226,0.9991692601761316,1
ISIC_0025362,BCC,BCC,1,1,0.8796564340591431,0.18431612792186539,0.761994831264019,1
ISIC_0025364,NV,NV,5,5,0.9868733286857604,0.03662913797001137,0.9756830036640167,1
ISIC_0025379,NV,NV,5,5,0.9999880790710448,7.32658875309885e-05,0.9999774940079077,1
ISIC_0025415,NV,NV,5,5,0.9998145699501038,0.0009178249046664032,0.9997160050043021,1
ISIC_0025417,BCC,BCC,1,1,0.9383122324943542,0.1366157994001689,0.8948532678186893,1
ISIC_0025478,NV,NV,5,5,0.9958661794662476,0.012927114145528254,0.9917402770370246,1
ISIC_0025480,NV,NV,5,5,0.9999376535415648,0.00035291348854541376,0.9998971184977562,1
ISIC_0025544,NV,NV,5,5,0.8342188596725464,0.21877970776142375,0.6693084985017776,1
ISIC_0025574,NV,NV,5,5,0.999840259552002,0.0007788478988382099,0.9996968447085237,1
ISIC_0025585,NV,NV,5,5,0.999970555305481,0.00016439664099344184,0.9999419227697217,1
ISIC_0025602,NV,NV,5,5,0.9995342493057252,0.002080034334911611,0.9992025255633054,1
ISIC_0025673,NV,NV,5,5,0.999426245689392,0.0025518831351007223,0.9991403128660749,1
ISIC_0025699,BKL,BKL,2,2,0.8909332752227783,0.20079562130978598,0.8154795542359352,1
ISIC_0025710,BKL,BKL,2,2,0.9975696206092834,0.008601780320652737,0.995387445902452,1
ISIC_0025721,NV,NV,5,5,0.999601423740387,0.0017011337187865525,0.9992055372567847,1
ISIC_0025791,MEL,NV,4,5,0.9251729846000672,0.1374459895219553,0.8546624630689622,0
ISIC_0025888,NV,NV,5,5,0.9999147653579712,0.00042698226024992845,0.9998302849999163,1
ISIC_0025902,NV,NV,5,5,0.6963940262794495,0.3015106704825569,0.39452955126762396,1
ISIC_0025916,NV,NV,5,5,0.9994122982025146,0.002765210238646107,0.9991724606807112,1
ISIC_0025925,NV,NV,5,5,0.9890941977500916,0.029065679490325638,0.9782343655824661,1
ISIC_0025930,NV,NV,5,5,0.9997971653938292,0.0009859218533238292,0.9996301573410165,1
ISIC_0025931,NV,NV,5,5,0.9899107813835144,0.028257732274884644,0.9803003491833806,1
ISIC_0025935,NV,NV,5,5,0.996316134929657,0.013459756676822632,0.9938567427452654,1
ISIC_0025951,NV,NV,5,5,0.9897281527519226,0.027698051546396395,0.9794997889548541,1
ISIC_0025956,NV,BKL,5,2,0.4709706902503967,0.5014704960077947,0.14218017458915705,0
ISIC_0025976,NV,NV,5,5,0.9998103976249696,0.0008732684788109773,0.9996207802032588,1
ISIC_0025986,BKL,MEL,2,4,0.4973082840442657,0.34877087022346703,0.0,0
ISIC_0026001,NV,NV,5,5,0.9999916553497314,5.466755502765842e-05,0.9999859645995457,1
ISIC_0026006,NV,NV,5,5,0.9706710577011108,0.07601006071978811,0.9536569584161043,1
ISIC_0026037,NV,NV,5,5,0.9601368308067322,0.09871862885064726,0.9348481446504594,1
ISIC_0026064,NV,NV,5,5,0.999996781349182,2.238598842358974e-05,0.9999943775972041,1
ISIC_0026081,MEL,NV,4,5,0.5291841626167297,0.333185205477304,0.05851802229881292,0
ISIC_0026097,NV,MEL,5,4,0.9203556180000304,0.1388347897903304,0.8424101024866103,0
ISIC_0026123,NV,NV,5,5,0.6053169965744019,0.44346246250179266,0.31544941663742065,1
ISIC_0026144,NV,NV,5,5,0.9999995231628418,3.4677556164282522e-06,0.9999992524130903,1
ISIC_0026146,NV,NV,5,5,0.9999921321868896,4.967230376979555e-05,0.9999850551157579,1
ISIC_0026161,NV,NV,5,5,0.999990463256836,6.082502236482801e-05,0.999983607284321,1
ISIC_0026171,AK,BKL,0,2,0.999830961227417,0.0008605313087415642,0.9997507880398189,0
ISIC_0026199,NV,NV,5,5,0.9561958909034728,0.09315302054649038,0.916574504226446,1
ISIC_0026210,NV,NV,5,5,0.9992241859436036,0.003462715114650797,0.9988221187377351,1
ISIC_0026213,BCC,BCC,1,1,0.9999923706054688,4.954843885688385e-05,0.9999869285052227,1
ISIC_0026224,NV,NV,5,5,0.9999997615814208,1.6130724659733857e-06,0.9999995609658326,1
ISIC_0026232,NV,NV,5,5,0.9999256134033204,0.00037625021162902676,0.9998513495957014,1
ISIC_0026245,BKL,NV,2,5,0.9517874121665956,0.10487104552113483,0.9131869748234751,0
ISIC_0026272,NV,NV,5,5,0.9997076392173768,0.0014165121929270818,0.9995385538495614,1
ISIC_0026273,BKL,BKL,2,2,0.7361244559288025,0.3294823870355574,0.4947945475578309,1
ISIC_0026274,NV,NV,5,5,0.999962329864502,0.0002028885337679654,0.9999247668565658,1
ISIC_0026280,BKL,BKL,2,2,0.9946966171264648,0.01763806399744176,0.991449302295223,1
ISIC_0026330,NV,MEL,5,4,0.8984690308570862,0.16274471397594614,0.798448070883751,0
ISIC_0026338,NV,NV,5,5,0.9998952150344848,0.0005134921292651773,0.9997908977529731,1
ISIC_0026341,NV,NV,5,5,0.9774979948997498,0.059871554361038914,0.9658365836367011,1
ISIC_0026344,NV,NV,5,5,0.999979853630066,0.0001241947033058694,0.999969929366671,1
ISIC_0026357,NV,NV,5,5,1.0,2.864757281371194e-10,0.9999999999826485,1
ISIC_0026393,VASC,VASC,7,7,0.9999122619628906,0.0004869981109089677,0.9998707970880787,1
ISIC_0026414,NV,BKL,5,2,0.6362583041191101,0.39645302313533237,0.32858389616012573,0
ISIC_0026442,BCC,BCC,1,1,0.999931573867798,0.0003848822671752186,0.9999017800910225,1
ISIC_0026458,MEL,MEL,4,4,0.8887506127357483,0.1679420043289821,0.7775104194879532,1
ISIC_0026468,AK,NV,0,5,0.4497205018997192,0.6066184032364831,0.0684201717376709,0
ISIC_0026489,MEL,BCC,4,1,0.8554449081420898,0.22076685710875593,0.7247696220874786,0
ISIC_0026493,BKL,BKL,2,2,0.4548603892326355,0.5134390699077281,0.08722198009490972,1
ISIC_0026495,NV,NV,5,5,0.9996647834777832,0.0015360798572877918,0.9993810080923141,1
ISIC_0026501,NV,NV,5,5,0.9944615960121156,0.016757446657973723,0.9890140225179495,1
ISIC_0026510,NV,NV,5,5,0.9989973902702332,0.004136372299654738,0.998376770701725,1
ISIC_0026528,BCC,DF,1,3,0.99989914894104,0.0005472502277170014,0.9998525520968542,0
ISIC_0026543,NV,NV,5,5,0.999800145626068,0.0009163199441628306,0.9996006525761914,1
ISIC_0026550,NV,NV,5,5,0.9994046688079834,0.002509839966112111,0.9988636626512744,1
ISIC_0026579,NV,NV,5,5,0.9999951124191284,3.115415084868546e-05,0.9999902138501966,1
ISIC_0026602,NV,NV,5,5,0.9999977350234984,1.5236570166737848e-05,0.9999955634125398,1
ISIC_0026606,BKL,NV,2,5,0.5433804988861084,0.34042840822201714,0.08936908841133118,0
ISIC_0026630,NV,NV,5,5,0.9999955892562866,2.9888740152111288e-05,0.9999921728399386,1
ISIC_0026637,BKL,MEL,2,4,0.8961122632026672,0.17180838512124283,0.7982831746339798,0
ISIC_0026651,NV,NV,5,5,0.9991124272346495,0.0037100123830978156,0.9984280633507295,1
ISIC_0026678,NV,NV,5,5,0.7145275473594666,0.28823584474886876,0.42919570207595825,1
ISIC_0026738,MEL,MEL,4,4,0.7431725263595581,0.280154532500163,0.4883376955986023,1
ISIC_0026767,NV,NV,5,5,0.9931291341781616,0.022017429141122438,0.9885075222700835,1
ISIC_0026776,NV,NV,5,5,0.9998548030853271,0.0007050546781234365,0.9997187531989766,1
ISIC_0026823,MEL,MEL,4,4,0.996522068977356,0.01221817740261563,0.9936761874705553,1
ISIC_0026830,NV,NV,5,5,0.9935901165008544,0.019203947458615565,0.9873863733373582,1
ISIC_0026843,BKL,BKL,2,2,0.8498198390007019,0.30281165760177825,0.7812276482582093,1
ISIC_0026856,NV,NV,5,5,0.9999984502792358,1.1831540358414126e-05,0.9999973443727868,1
ISIC_0026864,NV,NV,5,5,0.9973438382148744,0.01075778649279271,0.9960398243274542,1
ISIC_0026905,AK,SCC,0,6,0.7027045488357544,0.47884652356465685,0.5752314478158951,0
ISIC_0026912,BKL,BKL,2,2,0.9920112490653992,0.02530831013503247,0.9860894475132228,1
ISIC_0026952,BCC,BCC,1,1,0.9997463822364808,0.0012908507895912369,0.999619954498485,1
ISIC_0026971,NV,NV,5,5,0.9958868622779846,0.01325230224629831,0.9919498171657324,1
ISIC_0026983,NV,NV,5,5,0.9993434548377992,0.0028454870952931014,0.9988618333300112,1
ISIC_0027042,BKL,BKL,2,2,0.996384859085083,0.012554774058744686,0.9934260179288686,1
ISIC_0027093,BCC,BCC,1,1,0.5807850360870361,0.535742578239031,0.3048294186592102,1
ISIC_0027127,NV,NV,5,5,0.6095576286315918,0.4203282184795233,0.2716103792190552,1
ISIC_0027133,NV,NV,5,5,0.7358174324035645,0.38349566263859025,0.6012906581163406,1
ISIC_0027135,BCC,BCC,1,1,0.9979706406593324,0.007825898094937344,0.9964599608210849,1
ISIC_0027155,MEL,NV,4,5,0.7362433671951294,0.37716995849233886,0.5464203804731369,0
ISIC_0027164,NV,NV,5,5,0.9953521490097046,0.014411839624407657,0.9907607245258988,1
ISIC_0027179,MEL,MEL,4,4,0.957589328289032,0.1010440903545379,0.9290652908384801,1
ISIC_0027226,NV,NV,5,5,0.9092538952827454,0.19319713061957636,0.8622733429074287,1
ISIC_0027252,NV,NV,5,5,0.9786958694458008,0.05570048408559725,0.9627214819192886,1
ISIC_0027261,MEL,BCC,4,1,0.979121208190918,0.05380434348748494,0.9616716969758272,0
ISIC_0027322,NV,NV,5,5,0.9889477491378784,0.03544109241849647,0.9839031347073616,1
ISIC_0027332,BKL,DF,2,3,0.7896724939346313,0.2944487583367917,0.6099975258111955,0
ISIC_0027392,BKL,BCC,2,1,0.9488393664360046,0.13106680720893404,0.9276845380663873,0
ISIC_0027402,MEL,MEL,4,4,0.430578738451004,0.5172916699058572,0.03235852718353266,1
ISIC_0027408,NV,NV,5,5,0.5898368954658508,0.3312001655048082,0.18126884102821356,1
ISIC_0027467,NV,NV,5,5,0.9985610842704772,0.005284046649931598,0.9971452462486922,1
ISIC_0027473,BCC,BCC,1,1,0.985405445098877,0.04313049506138064,0.978320341091603,1
ISIC_0027487,MEL,MEL,4,4,0.8036160469055176,0.23910372585765965,0.607449233531952,1
ISIC_0027518,NV,NV,5,5,0.9983125925064088,0.006066607483546558,0.9966544868657367,1
ISIC_0027535,NV,MEL,5,4,0.5891219973564148,0.42200560166220297,0.2421179711818695,0
ISIC_0027554,NV,NV,5,5,0.9868987798690796,0.03600826147020713,0.9754315959289671,1
ISIC_0027563,VASC,VASC,7,7,0.9979121088981628,0.007437139744996622,0.9959245340432973,1
ISIC_0027569,NV,NV,5,5,0.9953151941299438,0.014792211282178211,0.9908651979640126,1
ISIC_0027576,NV,NV,5,5,0.9929311275482178,0.0202336233983204,0.9858647440560163,1
ISIC_0027607,NV,BKL,5,2,0.4607411921024322,0.49716865238248936,0.10191559791564941,0
ISIC_0027615,AK,BKL,0,2,0.4709847569465637,0.6825450482438664,0.2069152295589447,0
ISIC_0027619,NV,NV,5,5,0.9998924732208252,0.000556796869428148,0.999803115366376,1
ISIC_0027669,MEL,MEL,4,4,0.97698712348938,0.05507840010144445,0.9552333764731886,1
ISIC_0027693,MEL,NV,4,5,0.851413369178772,0.20236374807558524,0.7028808444738388,0
ISIC_0027696,NV,NV,5,5,0.9999938011169434,4.237095594640803e-05,0.9999905475167452,1
ISIC_0027697,NV,NV,5,5,0.845960259437561,0.2377585847113206,0.7081305086612701,1
ISIC_0027752,NV,NV,5,5,0.9952911138534546,0.015766188506828153,0.9917294683400542,1
ISIC_0027767,SCC,BKL,6,2,0.5069742202758789,0.6307657260413163,0.3053138107061386,0
ISIC_0027784,NV,NV,5,5,0.7794215679168701,0.25626462327016786,0.559575617313385,1
ISIC_0027811,BKL,BKL,2,2,0.9896026253700256,0.028750927991067043,0.9795733680948615,1
ISIC_0027819,BCC,VASC,1,7,0.977259397506714,0.060846523324218554,0.9597748983651401,0
ISIC_0027824,NV,NV,5,5,0.9999232292175292,0.0004470329721002803,0.9999017435311542,1
ISIC_0027831,BKL,BKL,2,2,0.998963475227356,0.004207947358612182,0.9980840071220882,1
ISIC_0027848,NV,NV,5,5,0.5518351793289185,0.5300409650007104,0.32358621060848236,1
ISIC_0027902,NV,NV,5,5,0.8483712673187256,0.285310346210923,0.7805448845028877,1
ISIC_0027911,NV,BKL,5,2,0.5649734139442444,0.4204672234909154,0.17515349388122559,0
ISIC_0027923,NV,NV,5,5,0.9983604550361632,0.005960917708633677,0.9967720109270886,1
ISIC_0027949,NV,MEL,5,4,0.8645603656768799,0.24778596050984478,0.7667030766606331,0
ISIC_0027959,NV,MEL,5,4,0.6083977222442627,0.3475142439865904,0.22618204355239868,0
ISIC_0027965,NV,NV,5,5,0.9997510313987732,0.0011815718726473658,0.9995617952081375,1
ISIC_0028035,BCC,BCC,1,1,0.9976847171783448,0.008169115348419298,0.9955065492540599,1
ISIC_0028036,NV,NV,5,5,0.9007946848869324,0.18681719982093145,0.8369283154606819,1
ISIC_0028041,MEL,DF,4,3,0.6425555944442749,0.3937054695237832,0.3336513042449951,0
ISIC_0028075,MEL,MEL,4,4,0.9915701150894164,0.027010555828166426,0.9860528437420725,1
ISIC_0028111,NV,NV,5,5,0.9383177161216736,0.11285375423455211,0.8771499805152417,1
ISIC_0028118,NV,NV,5,5,0.6864815950393677,0.3386625061986625,0.3912295401096344,1
ISIC_0028132,SCC,BCC,6,1,0.9993956089019777,0.002772863761042941,0.9990746847179255,0
ISIC_0028161,NV,NV,5,5,0.9980573058128356,0.006850253035101149,0.9961418581660837,1
ISIC_0028179,NV,MEL,5,4,0.5865629315376282,0.5078611660293112,0.31378582119941717,0
ISIC_0028191,NV,NV,5,5,0.9998495578765868,0.0007147672318545685,0.9997012998937861,1
ISIC_0028192,NV,NV,5,5,0.999993085861206,4.373985603743184e-05,0.9999868571121624,1
ISIC_0028195,NV,BKL,5,2,0.8632514476776123,0.22154106140733595,0.741769164800644,0
ISIC_0028216,NV,SCC,5,6,0.5342953205108643,0.48904335972117313,0.17837789654731756,0
ISIC_0028241,NV,NV,5,5,0.9894369840621948,0.029618913021455553,0.9796798815950752,1
ISIC_0028244,NV,NV,5,5,0.9999731779098512,0.0001563559921708781,0.9999539923937847,1
ISIC_0028247,NV,NV,5,5,0.8413984775543213,0.26092247396027796,0.7321035787463189,1
ISIC_0028252,NV,NV,5,5,0.9662185311317444,0.07378574807048681,0.9337958283722401,1
ISIC_0028317,MEL,BKL,4,2,0.9024015069007874,0.1904142529997103,0.8315817713737489,0
ISIC_0028415,MEL,MEL,4,4,0.6909651756286621,0.2974378387861897,0.38194644451141363,1
ISIC_0028416,NV,NV,5,5,0.9996135830879213,0.001655822437046683,0.9992306208005176,1
ISIC_0028455,NV,NV,5,5,0.9995014667510986,0.002211468010060332,0.9990813226031605,1
ISIC_0028462,NV,NV,5,5,0.999990463256836,5.781222976698687e-05,0.9999811855868758,1
ISIC_0028505,MEL,BCC,4,1,0.4299954771995544,0.5713091861484232,0.04978394508361811,0
ISIC_0028546,NV,NV,5,5,0.999778926372528,0.0010942398673075013,0.9996690804618993,1
ISIC_0028550,BKL,MEL,2,4,0.879356324672699,0.258242772414069,0.8183351196348668,0
ISIC_0028555,BKL,BKL,2,2,0.9872924089431764,0.0340275217195904,0.9750569118186833,1
ISIC_0028582,MEL,MEL,4,4,0.9393641948699952,0.11103913986627549,0.8790776170790198,1
ISIC_0028595,NV,NV,5,5,0.9978347420692444,0.008023688640693603,0.9959894844796509,1
ISIC_0028653,BCC,BCC,1,1,0.9733179807662964,0.06519573299236701,0.950694415718317,1
ISIC_0028655,MEL,BKL,4,2,0.4181775748729706,0.60820712874303,0.0670668780803681,0
ISIC_0028658,NV,NV,5,5,0.984630286693573,0.03821514000169193,0.9692650130018592,1
ISIC_0028671,BCC,BCC,1,1,0.937497854232788,0.1346134437512697,0.9002123326063156,1
ISIC_0028711,NV,NV,5,5,0.9983030557632446,0.006167446753462234,0.9966706722043456,1
ISIC_0028756,NV,NV,5,5,0.9961628913879396,0.013108791254897627,0.9930657695513221,1
ISIC_0028764,MEL,MEL,4,4,0.6103516221046448,0.458943164506448,0.3180731236934662,1
ISIC_0028767,NV,MEL,5,4,0.7880538702011108,0.2535154953935737,0.577602654695511,0
ISIC_0028779,NV,NV,5,5,0.9949323534965516,0.016727995376199723,0.9911718615330757,1
ISIC_0028796,NV,NV,5,5,0.9992185831069946,0.0032349194911399756,0.9985148296691478,1
ISIC_0028805,NV,NV,5,5,0.9854110479354858,0.04445568000402583,0.9782598665915431,1
ISIC_0028839,NV,NV,5,5,0.997736930847168,0.007725521782779268,0.995476295473054,1
ISIC_0028845,NV,NV,5,5,0.9999828338623048,0.00010471815719229287,0.9999704708125138,1
ISIC_0028849,NV,MEL,5,4,0.6156458854675293,0.469715329935915,0.3424546718597412,0
ISIC_0028881,BKL,AK,2,0,0.5881609916687012,0.5153892920715002,0.3070584535598755,0
ISIC_0028935,NV,NV,5,5,0.8682365417480469,0.21269954012599254,0.7530062124133111,1
ISIC_0028947,NV,NV,5,5,0.9767158627510072,0.05496733204147748,0.9542339425534012,1
ISIC_0028957,NV,NV,5,5,0.9997569918632508,0.0011774391713807264,0.9995997635123788,1
ISIC_0028958,BKL,BKL,2,2,0.5063633918762207,0.34382552878299977,0.015579193830490112,1
ISIC_0028965,MEL,MEL,4,4,0.8606231212615967,0.20595651032494022,0.726825475692749,1
ISIC_0028971,NV,NV,5,5,0.8930294513702393,0.19254920896099,0.81109269708395,1
ISIC_0028988,NV,NV,5,5,0.9259286522865297,0.1444338603035587,0.8655685409903527,1
ISIC_0028990,AK,MEL,0,4,0.8776913285255432,0.2516573219610832,0.8282237015664579,0
ISIC_0028999,NV,MEL,5,4,0.8815458416938782,0.17528366060501369,0.7631700113415719,0
ISIC_0029012,BKL,NV,2,5,0.5445923805236816,0.3329577367272595,0.08956840634346014,0
ISIC_0029017,MEL,MEL,4,4,0.5678895115852356,0.3292876827112785,0.13586193323135382,1
ISIC_0029021,MEL,MEL,4,4,0.6286978125572205,0.34772983299308763,0.2718731760978699,1
ISIC_0029080,BKL,BKL,2,2,0.9430749416351318,0.1293344049456573,0.90538402274251,1
ISIC_0029088,NV,NV,5,5,0.99210923910141,0.022203936354136748,0.9842326445505024,1
ISIC_0029101,BKL,BKL,2,2,0.4406673908233642,0.593406173550411,0.14711961150169373,1
ISIC_0029112,NV,NV,5,5,0.9997498393058776,0.0012369905439730585,0.9996058585966238,1
ISIC_0029150,NV,NV,5,5,0.997073531150818,0.010000868786127302,0.994353814981878,1
ISIC_0029161,BKL,VASC,2,7,0.9394403100013732,0.15502031383347148,0.9162963926792144,0
ISIC_0029216,MEL,BCC,4,1,0.9628854393959044,0.08899414049953433,0.939153792336583,0
ISIC_0029301,BKL,MEL,2,4,0.6190145611763,0.47154502755450073,0.4100444316864015,0
ISIC_0029311,BKL,BKL,2,2,0.9471932649612428,0.12142141177728076,0.9095956459641458,1
ISIC_0029323,BCC,BCC,1,1,0.846247673034668,0.27681115370162085,0.745177797973156,1
ISIC_0029362,SCC,BCC,6,1,0.9998743534088136,0.0006757681005547565,0.9998101808087086,0
ISIC_0029376,NV,NV,5,5,0.9996925592422484,0.0013701515744403247,0.9993983345630112,1
ISIC_0029385,NV,NV,5,5,0.89743971824646,0.17810549273885057,0.8066514283418655,1
ISIC_0029420,BKL,BKL,2,2,0.977316915988922,0.05595292377683914,0.9570333510637283,1
ISIC_0029436,NV,NV,5,5,0.9997016787528992,0.0013078927916709792,0.9994034011324403,1
ISIC_0029442,NV,NV,5,5,0.9999486207962036,0.000285296406465465,0.9999129878124222,1
ISIC_0029561,NV,NV,5,5,0.9999351501464844,0.0003621059573635207,0.9998985298771004,1
ISIC_0029568,BKL,BKL,2,2,0.9889677166938782,0.031727386039820955,0.9792437711730599,1
ISIC_0029584,NV,NV,5,5,0.999990940093994,5.475585203526823e-05,0.9999819478643984,1
ISIC_0029592,NV,NV,5,5,0.9908758401870728,0.029583290653425423,0.9850723906420171,1
ISIC_0029599,NV,NV,5,5,0.9875544905662536,0.032255273895888545,0.975123013369739,1
ISIC_0029617,BKL,MEL,2,4,0.5171875357627869,0.5603667359073817,0.27000568807125097,0
ISIC_0029628,NV,NV,5,5,0.9999902248382568,6.0564545748573955e-05,0.9999809697928868,1
ISIC_0029641,NV,BCC,5,1,0.4389981627464294,0.6146851283091231,0.10469967126846308,0
ISIC_0029683,BKL,BKL,2,2,0.9736658334732056,0.06703547452426233,0.9568145368248224,1
ISIC_0029700,NV,NV,5,5,0.9988829493522644,0.0041925889672146,0.9977669363142923,1
ISIC_0029732,NV,NV,5,5,0.999843955039978,0.000765767089068785,0.9997088334785076,1
ISIC_0029739,NV,NV,5,5,0.9998125433921814,0.0008644008204157117,0.9996251346892678,1
ISIC_0029774,NV,NV,5,5,0.9999996423721312,2.413921395583275e-06,0.99999937621007,1
ISIC_0029799,NV,NV,5,5,0.9760896563529968,0.05445340039071755,0.9522197879850866,1
ISIC_0029806,NV,NV,5,5,0.9999982118606568,1.2224924253618894e-05,0.9999964307670554,1
ISIC_0029810,BKL,AK,2,0,0.539909303188324,0.4118949002303984,0.11363926529884338,0
ISIC_0029854,NV,BKL,5,2,0.6411728858947754,0.4191702145764295,0.3527374863624573,0
ISIC_0029873,NV,NV,5,5,0.9938833713531494,0.018222781640148514,0.9878687225282193,1
ISIC_0029906,NV,NV,5,5,0.9887675642967224,0.03331665829634736,0.9814003091305495,1
ISIC_0029915,AK,MEL,0,4,0.5655202865600586,0.422645069526175,0.18287009000778198,0
ISIC_0029928,NV,NV,5,5,0.9999996423721312,2.8806524015726127e-06,0.9999993031072733,1
ISIC_0029944,NV,NV,5,5,0.9981269240379332,0.006575343735476648,0.9962593683740123,1
ISIC_0030000,NV,NV,5,5,0.9824821949005128,0.048641221206206654,0.9692136682569982,1
ISIC_0030005,BKL,BKL,2,2,0.4596047103404999,0.6272215880184108,0.10201358795166016,1
ISIC_0030031,MEL,BKL,4,2,0.6139122843742371,0.5014895297984101,0.33988943696022034,0
ISIC_0030075,NV,NV,5,5,0.9999988079071044,8.088810082537684e-06,0.999997693326577,1
ISIC_0030091,NV,MEL,5,4,0.4221472144126892,0.5348071257927267,0.1348295509815216,0
ISIC_0030097,NV,NV,5,5,0.9991716146469116,0.003492630153583351,0.9985074569121936,1
ISIC_0030106,MEL,MEL,4,4,0.9597246050834656,0.08437960382197361,0.9206499345600606,1
ISIC_0030112,NV,NV,5,5,1.0,9.336995413839663e-08,0.9999999899924079,1
ISIC_0030136,NV,NV,5,5,0.9999916553497314,5.229637591776207e-05,0.9999841640342311,1
ISIC_0030138,BCC,BCC,1,1,0.9943759441375732,0.01821843055252935,0.9895641948096454,1
ISIC_0030168,NV,NV,5,5,0.8795076012611389,0.17719871144178123,0.7590761259198189,1
ISIC_0030173,BKL,BKL,2,2,0.9946300983428956,0.017156455709935136,0.9900240465067328,1
ISIC_0030191,SCC,MEL,6,4,0.6435241103172302,0.46565971346616625,0.4315195083618164,0
ISIC_0030240,BKL,BKL,2,2,0.9694580435752868,0.06670507499876024,0.9392536543309687,1
ISIC_0030260,NV,MEL,5,4,0.6069622039794922,0.44195250124696417,0.2833453416824341,0
ISIC_0030269,NV,NV,5,5,0.9993042945861816,0.0029372645840396523,0.9987233709543943,1
ISIC_0030270,NV,NV,5,5,1.0,1.0329529648906765e-07,0.9999999912199282,1
ISIC_0030322,NV,NV,5,5,0.9737555384635924,0.06652784144484944,0.9562313500791787,1
ISIC_0030351,NV,NV,5,5,0.9939329028129578,0.019663336652589434,0.9896089509129524,1
ISIC_0030354,NV,NV,5,5,0.9485720992088318,0.11970050200915557,0.9160502888262272,1
ISIC_0030366,MEL,NV,4,5,0.8570948243141174,0.20096870929227528,0.7155286371707916,0
ISIC_0030381,NV,NV,5,5,0.9995455145835876,0.0020658007181930463,0.9993051761266544,1
ISIC_0030391,MEL,NV,4,5,0.8470779061317444,0.21686185714081757,0.6993017345666885,0
ISIC_0030422,NV,NV,5,5,0.9875136017799376,0.036384159974448854,0.9783027190715075,1
ISIC_0030424,NV,NV,5,5,0.9999781847000122,0.00012330853611461958,0.9999564020490652,1
ISIC_0030436,BKL,BKL,2,2,0.7241497039794922,0.36816667224802074,0.5015643537044526,1
ISIC_0030460,NV,MEL,5,4,0.7377200722694397,0.32004344849157523,0.5014695972204208,0
ISIC_0030475,NV,NV,5,5,0.9999845027923584,9.012854740977434e-05,0.9999693404415666,1
ISIC_0030477,NV,NV,5,5,0.9996967315673828,0.0013288282103512284,0.9993937582476066,1
ISIC_0030490,NV,NV,5,5,0.9990345239639282,0.0037347672013335956,0.9980872322339566,1
ISIC_0030515,NV,NV,5,5,0.9999412298202516,0.0003039620083518795,0.9998825960283285,1
ISIC_0030522,BKL,NV,2,5,0.4905638694763183,0.4031790484346306,0.022464513778686523,0
ISIC_0030543,NV,NV,5,5,0.9761000871658324,0.062434297022178446,0.9639559527859091,1
ISIC_0030559,NV,NV,5,5,0.984252631664276,0.03937016250594871,0.9686513785272836,1
ISIC_0030584,NV,NV,5,5,0.9998908042907716,0.0005653270920972852,0.999808644737641,1
ISIC_0030589,NV,NV,5,5,0.571410596370697,0.48168843448160814,0.3087758421897888,1
ISIC_0030598,NV,MEL,5,4,0.7435159683227539,0.3570565405386923,0.5313255786895752,0
ISIC_0030636,BKL,BKL,2,2,0.9985525012016296,0.005723344400871138,0.9974237064598128,1
ISIC_0030655,AK,BKL,0,2,0.9708912372589112,0.07015442951676033,0.946394817903638,0
ISIC_0030679,NV,NV,5,5,0.9999308586120604,0.00036966536508933857,0.9998748831130796,1
ISIC_0030682,NV,NV,5,5,0.9574405550956726,0.0941674626370758,0.9218084141612053,1
ISIC_0030691,NV,NV,5,5,0.9965907335281372,0.01097319073909286,0.9931877495255322,1
ISIC_0030704,NV,MEL,5,4,0.5409185886383057,0.4927426586360759,0.3013557791709901,0
ISIC_0030722,VASC,VASC,7,7,0.999981164932251,0.00011612384746915326,0.9999685826642235,1
ISIC_0030744,BKL,BKL,2,2,0.7871929407119751,0.3543216293189587,0.6648111939430237,1
ISIC_0030765,NV,NV,5,5,0.9963963627815248,0.011517014746871218,0.99280279641971,1
ISIC_0030790,NV,BKL,5,2,0.5580058693885803,0.47855822853900315,0.25284048914909363,0
ISIC_0030823,NV,NV,5,5,0.9999947547912598,3.337387882141467e-05,0.9999894788261372,1
ISIC_0030856,NV,NV,5,5,0.5384166836738586,0.4173432098974931,0.13516125082969666,1
ISIC_0030926,BKL,BKL,2,2,0.580905020236969,0.4627336961731866,0.2675302624702454,1
ISIC_0030938,NV,NV,5,5,0.9921430349349976,0.022454552810914585,0.9844185244292022,1
ISIC_0030965,BKL,MEL,2,4,0.998576521873474,0.005606499785845382,0.9974343937356024,0
ISIC_0030984,NV,NV,5,5,0.999993085861206,4.525905052388235e-05,0.99998803180506,1
ISIC_0031000,BKL,SCC,2,6,0.8336514830589294,0.3190139028936519,0.7524281814694406,0
ISIC_0031013,MEL,MEL,4,4,0.954708695411682,0.10105012609092796,0.9174002856016158,1
ISIC_0031014,NV,NV,5,5,0.9305486679077148,0.1439460104081313,0.8728909343481065,1
ISIC_0031089,NV,NV,5,5,0.9999622106552124,0.00020915749224652231,0.9999274366091413,1
ISIC_0031097,NV,NV,5,5,0.9998382329940796,0.0007575341851973929,0.9996766724361806,1
ISIC_0031114,NV,NV,5,5,0.9992013573646544,0.0036340354218102004,0.9988138514454477,1
ISIC_0031123,DF,MEL,3,4,0.8937687873840332,0.18875235127345716,0.8071546778082848,0
ISIC_0031128,NV,NV,5,5,0.9971458315849304,0.010456421043045706,0.9950234193820507,1
ISIC_0031167,NV,NV,5,5,0.9996792078018188,0.0014083616085665523,0.9993635550199542,1
ISIC_0031171,BCC,BCC,1,1,0.4798865020275116,0.5159241234321831,0.0905027985572815,1
ISIC_0031201,VASC,VASC,7,7,0.999924659729004,0.00042945539853780386,0.999896875504419,1
ISIC_0031205,NV,NV,5,5,0.7347162961959839,0.3089273143306651,0.48376327753067017,1
ISIC_0031260,NV,NV,5,5,0.9996975660324096,0.001366427596874502,0.9994168134871869,1
ISIC_0031278,NV,NV,5,5,0.5125527381896973,0.3858881640073919,0.05130520462989807,1
ISIC_0031316,NV,NV,5,5,0.9989830851554872,0.0041267836618489664,0.9981512179365383,1
ISIC_0031399,NV,MEL,5,4,0.8529980778694153,0.2193969709998365,0.7137499749660492,0
ISIC_0031418,NV,NV,5,5,0.9571640491485596,0.08957835482532224,0.916323397308588,1
ISIC_0031419,NV,NV,5,5,0.9992169141769408,0.003100575141508924,0.9984436159720644,1
ISIC_0031422,NV,NV,5,5,0.90109783411026,0.16650113750415557,0.8072293177247049,1
ISIC_0031436,BKL,NV,2,5,0.5492372512817383,0.343623672514416,0.10271051526069647,0
ISIC_0031440,NV,NV,5,5,0.660733699798584,0.40980648791097424,0.3852989077568055,1
ISIC_0031455,NV,NV,5,5,0.97896546125412,0.05653137479355273,0.9659494031220676,1
ISIC_0031468,BKL,BKL,2,2,0.9995344877243042,0.0020786339073962166,0.9991582281363663,1
ISIC_0031515,NV,NV,5,5,0.4667338728904724,0.5960549726191581,0.16302436590194702,1
ISIC_0031520,BCC,SCC,1,6,0.5199638605117798,0.5904677388558071,0.31333839893341064,0
ISIC_0031543,MEL,MEL,4,4,0.9439290761947632,0.12275226994627242,0.9107342250645161,1
ISIC_0031544,NV,NV,5,5,0.98375004529953,0.04131870292593876,0.9680651202797891,1
ISIC_0031567,NV,MEL,5,4,0.968294322490692,0.06794761819173921,0.9366783909499644,0
ISIC_0031593,BKL,NV,2,5,0.5639805793762207,0.39770950003988603,0.16249319911003113,0
ISIC_0031613,NV,NV,5,5,0.9699917435646056,0.07279415908090638,0.9453260675072669,1
ISIC_0031661,NV,NV,5,5,0.9999715089797974,0.00017086205401897392,0.9999540744829574,1
ISIC_0031675,NV,NV,5,5,0.999997615814209,1.691939742982747e-05,0.9999953610019929,1
ISIC_0031692,SCC,MEL,6,4,0.7406421899795532,0.3877460779641755,0.550615206360817,0
ISIC_0031693,NV,NV,5,5,0.9916645884513856,0.024387910554822208,0.9839135836809875,1
ISIC_0031709,MEL,SCC,4,6,0.8061455488204956,0.34107952944391645,0.724910855293274,0
ISIC_0031712,BCC,NV,1,5,0.7189337015151978,0.42452030917532324,0.5453134179115295,0
ISIC_0031716,BKL,BKL,2,2,0.9952126741409302,0.017290771833922122,0.9930029914248735,1
ISIC_0031741,MEL,MEL,4,4,0.7773405909538269,0.25787204616182025,0.5554970651865005,1
ISIC_0031742,NV,MEL,5,4,0.9587442874908448,0.09272756033919079,0.9225724563002589,0
ISIC_0031768,NV,NV,5,5,0.9989432692527772,0.0039904108361694425,0.997886585420929,1
ISIC_0031774,NV,NV,5,5,0.9994733929634094,0.002256658036274434,0.9989959238446319,1
ISIC_0031795,MEL,MEL,4,4,0.9597670435905457,0.08270634115628038,0.9201527237892152,1
ISIC_0031813,NV,NV,5,5,0.8498861789703369,0.25300409227861814,0.7449549064040184,1
ISIC_0031816,NV,NV,5,5,0.9999152421951294,0.00042975243748161754,0.9998336802018457,1
ISIC_0031850,NV,NV,5,5,0.997395396232605,0.008907736438402765,0.9948694098275156,1
ISIC_0031851,BKL,BKL,2,2,0.99150812625885,0.024802789619170054,0.9836209136992692,1
ISIC_0031854,NV,NV,5,5,0.9996079802513124,0.0016699972734503614,0.9992167034361048,1
ISIC_0031870,NV,NV,5,5,0.9977878332138062,0.00799407580488232,0.9957682241220027,1
ISIC_0031898,NV,NV,5,5,0.9999955892562866,2.997761255461985e-05,0.9999925016509223,1
ISIC_0031910,NV,NV,5,5,0.9999994039535522,4.161499736384426e-06,0.9999988446004977,1
ISIC_0031913,NV,MEL,5,4,0.9284472465515136,0.13945190606561575,0.865018330514431,0
ISIC_0031920,NV,NV,5,5,0.9872135519981384,0.03651458010472092,0.976759028621018,1
ISIC_0031946,NV,NV,5,5,0.9718639850616456,0.06174544036038463,0.9437505640089513,1
ISIC_0031963,NV,NV,5,5,0.904328465461731,0.17514151976192893,0.8228007778525352,1
ISIC_0031965,NV,NV,5,5,0.755831778049469,0.36506543263724145,0.5811484009027481,1
ISIC_0031969,NV,NV,5,5,0.9980282187461852,0.006877033277163436,0.9960635711904615,1
ISIC_0031991,NV,BKL,5,2,0.7072123885154724,0.5104867541676974,0.6247850731015206,0
ISIC_0031994,NV,NV,5,5,0.9999668598175048,0.00018720595251422358,0.9999371231260737,1
ISIC_0031995,NV,NV,5,5,0.999931812286377,0.0003716682417876315,0.9998832807032159,1
ISIC_0032071,NV,NV,5,5,0.9999853372573853,9.348180802692739e-05,0.9999787003616802,1
ISIC_0032084,NV,NV,5,5,0.9925289750099182,0.021542832473289725,0.9852127097547055,1
ISIC_0032124,BKL,BKL,2,2,0.9916014075279236,0.026649647690316313,0.9853797755204142,1
ISIC_0032156,BKL,BKL,2,2,0.9862078428268432,0.042244895737207376,0.9792234934866427,1
ISIC_0032165,NV,NV,5,5,0.9994953870773317,0.0022327141115610297,0.9991235256020446,1
ISIC_0032173,SCC,SCC,6,6,0.9375813603401184,0.13304681638953278,0.8857603445649147,1
ISIC_0032185,BCC,BCC,1,1,0.999758780002594,0.0011142717482637706,0.9995325132476865,1
ISIC_0032186,NV,MEL,5,4,0.4670788943767547,0.506130762786651,0.0667840838432312,0
ISIC_0032200,BKL,MEL,2,4,0.9522997736930848,0.10566500354115169,0.9124525897204877,0
ISIC_0032206,AK,MEL,0,4,0.8099239468574524,0.3089568807240499,0.7158014997839928,0
ISIC_0032213,NV,NV,5,5,0.9991905093193054,0.0033653301301269966,0.9985127432155423,1
ISIC_0032241,NV,NV,5,5,0.9982718229293824,0.006536502095013234,0.9967862928751857,1
ISIC_0032266,NV,NV,5,5,0.9998847246170044,0.0006126074444542925,0.9998135002606432,1
ISIC_0032283,BKL,BKL,2,2,0.98954176902771,0.03252916293655614,0.9824650362133981,1
ISIC_0032287,MEL,NV,4,5,0.9009114503860474,0.16339326935857326,0.8050242438912392,0
ISIC_0032289,NV,NV,5,5,0.999807059764862,0.0008875871415582808,0.9996144569449824,1
ISIC_0032423,NV,MEL,5,4,0.7407872080802917,0.3088898421161175,0.501226395368576,0
ISIC_0032431,NV,NV,5,5,0.9999988079071044,8.581734374179741e-06,0.9999982016242369,1
ISIC_0032451,NV,NV,5,5,0.9880455136299132,0.03131306565719613,0.976130967028439,1
ISIC_0032465,NV,NV,5,5,0.9998958110809326,0.000525915128846178,0.9997997094396851,1
ISIC_0032494,NV,NV,5,5,0.952421247959137,0.10042476297624754,0.9104929678142072,1
ISIC_0032506,NV,NV,5,5,0.9997979998588562,0.0010797884246268319,0.9997343625946087,1
ISIC_0032508,BKL,BKL,2,2,0.9407118558883668,0.11641486072117932,0.8863819725811483,1
ISIC_0032536,BCC,BCC,1,1,0.9612643718719482,0.07926909211629474,0.9226584509015083,1
ISIC_0032579,NV,NV,5,5,0.9962112903594972,0.01222795447785717,0.992525997804478,1
ISIC_0032600,NV,MEL,5,4,0.4999071061611175,0.3341337955957587,0.0,0
ISIC_0032605,NV,NV,5,5,0.9972355961799622,0.009373714563157892,0.9945628351997584,1
ISIC_0032624,MEL,BKL,4,2,0.9132882952690125,0.17119418730623423,0.8615624308586122,0
ISIC_0032634,NV,NV,5,5,0.5967690944671631,0.4202115862413544,0.2723113596439362,1
ISIC_0032692,VASC,VASC,7,7,0.99746572971344,0.008867087138970681,0.9951294094789774,1
ISIC_0032757,BKL,BKL,2,2,0.92071795463562,0.15098954662323125,0.8549270257353783,1
ISIC_0032759,NV,NV,5,5,0.9634890556335448,0.08003962725975963,0.9292738400399684,1
ISIC_0032760,NV,NV,5,5,0.9163190126419068,0.14563364648763266,0.8356239795684817,1
ISIC_0032770,NV,NV,5,5,0.9100118279457092,0.1494218934497335,0.821305386722088,1
ISIC_0032779,NV,NV,5,5,0.9920803904533386,0.022912403698138926,0.9845057637430729,1
ISIC_0032783,NV,NV,5,5,0.8489036560058594,0.20455515184120857,0.697888046503067,1
ISIC_0032791,NV,NV,5,5,0.5428630709648132,0.33156678917402155,0.08572649955749512,1
ISIC_0032821,NV,NV,5,5,0.7861714363098145,0.2574982652063574,0.5754012018442154,1
ISIC_0032830,NV,NV,5,5,0.9079715013504028,0.15585012782091223,0.8189438208937645,1
ISIC_0032839,VASC,VASC,7,7,0.9998711347579956,0.0006526884492535977,0.999763403524412,1
ISIC_0032853,NV,BKL,5,2,0.5658252239227295,0.35998149280601144,0.1453396379947663,0
ISIC_0032880,NV,NV,5,5,0.9804313778877258,0.04633737726406098,0.9608627017587424,1
ISIC_0032892,MEL,MEL,4,4,0.9999878406524658,7.458017536731759e-05,0.9999767935487398,1
ISIC_0032896,NV,NV,5,5,0.9981979727745056,0.006465577998832374,0.996450282051228,1
ISIC_0032932,VASC,VASC,7,7,0.999886989593506,0.0005844539757357228,0.9998000000196045,1
ISIC_0032962,NV,NV,5,5,0.8383457064628601,0.21991200945720699,0.6795897781848907,1
ISIC_0032983,BKL,BKL,2,2,0.9768016934394836,0.058234268025626625,0.9576825518161058,1
ISIC_0032986,NV,NV,5,5,0.9498520493507384,0.09569564099240939,0.8997079916298389,1
ISIC_0033029,MEL,NV,4,5,0.6763980984687805,0.3295888083349812,0.36429163813591003,0
ISIC_0033036,NV,NV,5,5,0.9705016016960144,0.06422863338025453,0.9410802908241749,1
ISIC_0033089,MEL,BKL,4,2,0.6518269181251526,0.39193554170818284,0.3597419857978821,0
ISIC_0033097,NV,NV,5,5,0.9490395188331604,0.10202426174432619,0.9008577018976212,1
ISIC_0033100,NV,BKL,5,2,0.8527294993400574,0.22554038671122115,0.7175443172454835,0
ISIC_0033104,NV,NV,5,5,0.9173749089241028,0.13889653677036704,0.8353146612644196,1
ISIC_0033109,NV,NV,5,5,0.9016424417495728,0.1590400959743661,0.8051134869456291,1
ISIC_0033148,NV,NV,5,5,0.970349907875061,0.06422504506886066,0.9407024774700403,1
ISIC_0033189,NV,NV,5,5,0.9400461316108704,0.11390458756847556,0.8820270076394081,1
ISIC_0033191,NV,NV,5,5,0.9971544742584229,0.009658210148703083,0.9944185528438538,1
ISIC_0033226,MEL,BKL,4,2,0.7019630074501038,0.3538335637511778,0.44772884249687195,0
ISIC_0033233,NV,NV,5,5,0.6667830348014832,0.3908912977627156,0.40207257866859436,1
ISIC_0033277,NV,NV,5,5,0.9979845285415648,0.00811134749488602,0.9969710345612838,1
ISIC_0033292,NV,NV,5,5,0.701696515083313,0.3894917274721668,0.5128374546766282,1
ISIC_0033339,NV,VASC,5,7,0.9742350578308104,0.06250588976628131,0.9509169384837151,0
ISIC_0033379,BKL,BKL,2,2,0.9969472289085388,0.01043134995343613,0.9941579261794687,1
ISIC_0033384,NV,NV,5,5,0.973946750164032,0.05843970661324007,0.9479919485747815,1
ISIC_0033417,NV,NV,5,5,0.993478536605835,0.018984586907820997,0.9869777997955681,1
ISIC_0033438,BKL,BKL,2,2,0.9901074171066284,0.026985407063514825,0.9803246157243848,1
ISIC_0033462,NV,NV,5,5,0.9843435287475586,0.03897330295936486,0.9687408348545433,1
ISIC_0033483,BCC,MEL,1,4,0.9224364757537842,0.1780094111706651,0.8911180682480335,0
ISIC_0033507,BKL,BKL,2,2,0.9825022220611572,0.05021526443396912,0.9730471828952433,1
ISIC_0033543,NV,NV,5,5,0.9999997615814208,1.5267993246973214e-06,0.9999996670022283,1
ISIC_0033562,MEL,BKL,4,2,0.7524316310882568,0.35524261326333345,0.556913360953331,0
ISIC_0033567,NV,NV,5,5,0.9547212719917296,0.10093276331282638,0.9204846993088721,1
ISIC_0033586,MEL,NV,4,5,0.6449677348136902,0.3736780313327213,0.3287883698940277,0
ISIC_0033608,VASC,VASC,7,7,0.9995911717414856,0.0018376394513498785,0.999246887076879,1
ISIC_0033610,NV,NV,5,5,0.644408106803894,0.4147204763636851,0.3747274577617645,1
ISIC_0033611,MEL,MEL,4,4,0.6110987067222595,0.3808851594458694,0.254647970199585,1
ISIC_0033613,BKL,BKL,2,2,0.9976032376289368,0.008777886463564047,0.9958011435810477,1
ISIC_0033622,NV,NV,5,5,0.8542800545692444,0.2002261606741185,0.7086997479200363,1
ISIC_0033647,NV,NV,5,5,0.9721198678016664,0.06352354534948487,0.9453914035111668,1
ISIC_0033694,NV,NV,5,5,0.8828302621841431,0.19429831461941435,0.7794305980205537,1
ISIC_0033706,NV,NV,5,5,0.7961414456367493,0.3104058390386696,0.6800943985581399,1
ISIC_0033716,BKL,MEL,2,4,0.4732601940631866,0.5094364125542881,0.0981486439704895,0
ISIC_0033751,NV,MEL,5,4,0.5962715744972229,0.3255380392067002,0.19281402230262762,0
ISIC_0033791,BKL,BKL,2,2,0.9978976249694824,0.007959112747756843,0.99657104536891,1
ISIC_0033829,BKL,BKL,2,2,0.9888395667076112,0.0312536452257249,0.9787788195535542,1
ISIC_0033897,NV,NV,5,5,0.8155120611190796,0.2810381898287099,0.6786929219961166,1
ISIC_0033950,NV,NV,5,5,0.9981470108032228,0.00683406747349677,0.9964826916111634,1
ISIC_0033969,VASC,VASC,7,7,0.9935302138328552,0.020164162098166738,0.9878487894311548,1
ISIC_0033977,MEL,MEL,4,4,0.7901078462600708,0.3296322926224559,0.6490015834569931,1
ISIC_0034002,MEL,BKL,4,2,0.9266165494918824,0.14787570747328294,0.8717245273292067,0
ISIC_0034011,BKL,BKL,2,2,0.8570394515991211,0.22588347871905085,0.7330879643559456,1
ISIC_0034013,NV,MEL,5,4,0.5970046520233154,0.352437453829085,0.20394703745841986,0
ISIC_0034014,NV,NV,5,5,0.9877768754959106,0.03300570322721621,0.9762320406734943,1
ISIC_0034024,BKL,BKL,2,2,0.9240651726722716,0.15933185196780425,0.8856253065168858,1
ISIC_0034128,NV,NV,5,5,0.993158996105194,0.020688376046412223,0.9868725826963782,1
ISIC_0034139,NV,NV,5,5,0.956077754497528,0.08692527632687935,0.9122262932360171,1
ISIC_0034148,NV,NV,5,5,0.7961183190345764,0.30419872376954166,0.6516996324062349,1
ISIC_0034166,NV,NV,5,5,0.9999971389770508,2.0160340296448223e-05,0.9999947191790852,1
ISIC_0034184,NV,NV,5,5,0.5875808000564575,0.41395427420000386,0.23808813095092773,1
ISIC_0034185,NV,NV,5,5,0.987661600112915,0.03198599367554477,0.9753255276009442,1
ISIC_0034201,BKL,BKL,2,2,0.958122730255127,0.08681720560399932,0.9177962988615036,1
ISIC_0034241,NV,NV,5,5,0.9406388401985168,0.13082752063229255,0.9013563841581346,1
ISIC_0034252,BKL,BKL,2,2,0.7614232301712036,0.27853817769699846,0.5292022824287415,1
ISIC_0034260,NV,NV,5,5,0.9954503178596495,0.014674431008401174,0.9912530020810664,1
ISIC_0053470,MEL,MEL,4,4,0.9998624324798584,0.0007078262951849203,0.999771625844005,1
ISIC_0053532,NV,NV,5,5,0.7091454863548279,0.32668867431388604,0.4346754848957062,1
ISIC_0053551,NV,NV,5,5,0.8263018131256104,0.22699636576296547,0.6544474065303802,1
ISIC_0053582,MEL,MEL,4,4,0.999975323677063,0.00013974285335253893,0.9999514701721637,1
ISIC_0053588,NV,NV,5,5,0.9778933525085448,0.05237719245582199,0.9563310295343398,1
ISIC_0053599,BCC,BCC,1,1,0.5439898371696472,0.44147190362509425,0.1459983885288239,1
ISIC_0053660,MEL,BKL,4,2,0.971465528011322,0.07256969769091208,0.9563056910410525,0
ISIC_0053710,NV,BCC,5,1,0.9546880125999452,0.10775986425026739,0.9310201294720175,0
ISIC_0053725,MEL,AK,4,0,0.663769006729126,0.4624659895136681,0.4978971481323243,0
ISIC_0053739,NV,NV,5,5,0.9999996423721312,2.883293922193804e-06,0.9999992631549047,1
ISIC_0053758,NV,BCC,5,1,0.9180252552032472,0.14389640346426427,0.8396673053503038,0
ISIC_0053791,MEL,AK,4,0,0.995927393436432,0.012975917855828644,0.9919515498913826,0
ISIC_0053812,MEL,MEL,4,4,0.999176561832428,0.003208781984027822,0.9983534234343097,1
ISIC_0053813,BCC,AK,1,0,0.927765429019928,0.12617861340995365,0.8559438362717628,0
ISIC_0053863,BCC,NV,1,5,0.2771575450897217,0.7893960446712666,0.014120668172836304,0
ISIC_0053871,NV,NV,5,5,0.9994540810585022,0.002340960510882954,0.9989672041265294,1
ISIC_0053957,BCC,BCC,1,1,0.9996569156646729,0.0016116397751592048,0.9994127652025783,1
ISIC_0053992,NV,NV,5,5,0.9994903802871704,0.002242242635249062,0.9990964659082238,1
ISIC_0054006,MEL,MEL,4,4,0.9208061695098876,0.1390898949928497,0.8443308323621749,1
ISIC_0054039,NV,MEL,5,4,0.6839053630828857,0.3097205944893721,0.37079066038131714,0
ISIC_0054060,BCC,AK,1,0,0.8739617466926575,0.21260349833161934,0.7681450322270393,0
ISIC_0054110,MEL,MEL,4,4,0.7661261558532715,0.2800966753438117,0.5387733280658722,1
ISIC_0054163,SCC,BCC,6,1,0.9916468262672424,0.027402864501201364,0.9868106483481826,0
ISIC_0054197,NV,NV,5,5,0.959346890449524,0.10376023118759084,0.9404866974800826,1
ISIC_0054234,BKL,MEL,2,4,0.8840866684913635,0.20456863353199775,0.7870032340288162,0
ISIC_0054258,NV,NV,5,5,0.9925293326377868,0.021638832197812916,0.9852273403666912,1
ISIC_0054302,MEL,BCC,4,1,0.9420316219329834,0.12353990035893805,0.8963957019150258,0
ISIC_0054304,NV,BCC,5,1,0.9922841191291808,0.023591372246129148,0.9855850902386009,0
ISIC_0054329,MEL,MEL,4,4,0.455165147781372,0.5127648275016908,0.042348295450210516,1
ISIC_0054341,MEL,MEL,4,4,0.9999691247940063,0.0001823189962608922,0.9999515621748287,1
ISIC_0054370,BCC,BKL,1,2,0.9636871814727784,0.08065329533710332,0.9299954958260062,0
ISIC_0054381,NV,NV,5,5,0.8799550533294678,0.17659918303873587,0.7599320560693742,1
ISIC_0054442,NV,NV,5,5,0.6785196661949158,0.3795522646312807,0.41997465491294866,1
ISIC_0054446,NV,NV,5,5,0.926933765411377,0.1691243615644224,0.8984742183238269,1
ISIC_0054451,BCC,AK,1,0,0.9999858140945436,8.354482485412642e-05,0.9999719139032096,0
ISIC_0054464,MEL,BKL,4,2,0.8739922046661377,0.2446530084788112,0.7962693274021149,0
ISIC_0054483,NV,NV,5,5,0.4530544579029083,0.5866099282475987,0.12159273028373724,1
ISIC_0054587,NV,NV,5,5,0.94312846660614,0.12054371776084853,0.8956193700432777,1
ISIC_0054600,NV,NV,5,5,0.8931426405906677,0.21725748772926678,0.8391373418271543,1
ISIC_0054615,BCC,AK,1,0,0.9750455021858216,0.06462394127636903,0.9559793658554555,0
ISIC_0054622,NV,NV,5,5,0.9990002512931824,0.004128133682736971,0.9982625250704587,1
ISIC_0054674,BCC,BCC,1,1,0.999311089515686,0.002973251489289667,0.9987559519940987,1
ISIC_0054687,AK,MEL,0,4,0.3730383515357971,0.7023827812089555,0.05551594495773321,0
ISIC_0054711,NV,NV,5,5,0.8462748527526855,0.2071715755731618,0.6927575916051866,1
ISIC_0054722,BCC,AK,1,0,0.9195737242698668,0.15524239820146546,0.8489402681589127,0
ISIC_0054732,NV,NV,5,5,0.8447497487068176,0.28119970788467186,0.7493213415145874,1
ISIC_0054767,MEL,NV,4,5,0.9744452238082886,0.05911644817443287,0.9497629087418319,0
ISIC_0054799,BCC,BCC,1,1,0.966780126094818,0.08527019342045772,0.9509384706616401,1
ISIC_0054845,BCC,BCC,1,1,0.9991808533668518,0.003423732611675873,0.9985050765099004,1
ISIC_0054865,NV,NV,5,5,0.8772271871566772,0.2051840557532097,0.7726617604494095,1
ISIC_0054878,AK,BKL,0,2,0.811369001865387,0.29781037899200286,0.7047324776649475,0
ISIC_0054879,BKL,BKL,2,2,0.98732191324234,0.032709698439350225,0.9746482335031031,1
ISIC_0054904,MEL,MEL,4,4,0.8046435117721558,0.2758590800053362,0.6343259066343307,1
ISIC_0055010,BCC,BCC,1,1,0.9998877048492432,0.0005922535946204176,0.9998140936877462,1
ISIC_0055022,MEL,MEL,4,4,0.8569255471229553,0.21034046020263303,0.7192050814628601,1
ISIC_0055053,NV,MEL,5,4,0.716767430305481,0.34840706556655127,0.46662837266921997,0
ISIC_0055059,BCC,AK,1,0,0.8959482908248901,0.16487948730402655,0.7932426482439041,0
ISIC_0055090,NV,NV,5,5,0.9472671747207642,0.10097417527164171,0.8950639814138412,1
ISIC_0055131,SCC,BCC,6,1,0.9845961928367616,0.048512419214978834,0.9789175400510431,0
ISIC_0055159,AK,SCC,0,6,0.9284074902534484,0.14072928816692756,0.8660864643752575,0
ISIC_0055187,NV,BCC,5,1,0.6943415403366089,0.32524377756545936,0.402626782655716,0
ISIC_0055245,BCC,BCC,1,1,0.9658582210540771,0.08634331455256744,0.9444987848401071,1
ISIC_0055275,BCC,BCC,1,1,0.9980509281158448,0.007801962609381939,0.9968416978372262,1
ISIC_0055290,NV,NV,5,5,0.803786039352417,0.2381307644018114,0.6075777262449265,1
ISIC_0055361,MEL,BCC,4,1,0.723910391330719,0.380927192207554,0.5169112831354142,0
ISIC_0055400,AK,BKL,0,2,0.974155604839325,0.06926053733115917,0.9617239879444243,0
ISIC_0055414,NV,MEL,5,4,0.8586533665657043,0.19625305962938128,0.7173826843500137,0
ISIC_0055418,BCC,VASC,1,7,0.9645776748657228,0.09946573678445514,0.9487643875181677,0
ISIC_0055455,BCC,BCC,1,1,0.4582296311855316,0.613869395366492,0.16150632500648504,1
ISIC_0055463,NV,MEL,5,4,0.5073803663253784,0.40553816682077815,0.05961877107620239,0
ISIC_0055472,BKL,SCC,2,6,0.8047052621841431,0.29254268396131067,0.6440681517124176,0
ISIC_0055473,BKL,BKL,2,2,0.9706382155418396,0.06677732123396934,0.9427787549793721,1
ISIC_0055527,MEL,MEL,4,4,0.9987295269966124,0.005278775815076893,0.997882347437553,1
ISIC_0055643,MEL,MEL,4,4,0.9688525199890136,0.06672402172932507,0.9377088062465191,1
ISIC_0055727,NV,NV,5,5,0.9980491399765016,0.006837879188325903,0.9961149111622946,1
ISIC_0055815,SCC,SCC,6,6,0.8951805233955383,0.2346568792029396,0.8533940650522709,1
ISIC_0055856,NV,NV,5,5,0.9920580983161926,0.02228995606509084,0.9841201351955533,1
ISIC_0055894,BKL,NV,2,5,0.8516911864280701,0.2509528044251437,0.7491733878850938,0
ISIC_0055913,BCC,BCC,1,1,0.995395839214325,0.01605396125520278,0.9919819657225163,1
ISIC_0056017,MEL,NV,4,5,0.8329471945762634,0.22023701061830792,0.6669967919588089,0
ISIC_0056022,NV,MEL,5,4,0.7041429281234741,0.2921810008375337,0.4083102941513062,0
ISIC_0056035,NV,MEL,5,4,0.5151095986366272,0.3594506356390287,0.0405684113502503,0
ISIC_0056055,NV,NV,5,5,0.9244978427886964,0.1315864275925098,0.850078232586384,1
ISIC_0056189,BCC,BCC,1,1,0.9912675023078918,0.028148211764597288,0.9868743852712214,1
ISIC_0056190,MEL,MEL,4,4,0.618750810623169,0.3855437476756534,0.27970331907272344,1
ISIC_0056209,MEL,MEL,4,4,0.9976791739463806,0.00805716862501419,0.9954230801668018,1
ISIC_0056214,MEL,MEL,4,4,0.9999805688858032,0.00012298967482688347,0.9999707984761699,1
ISIC_0056255,BCC,BCC,1,1,0.9996217489242554,0.001718210798000779,0.9993275450833607,1
ISIC_0056269,MEL,BCC,4,1,0.6935299634933472,0.4215547652925668,0.5458689332008362,0
ISIC_0056288,NV,NV,5,5,0.9946597218513488,0.01610959703962661,0.9893580316565931,1
ISIC_0056317,BCC,BCC,1,1,0.9999535083770752,0.00026264302065789126,0.999917748853477,1
ISIC_0056330,MEL,MEL,4,4,0.9037520885467528,0.16617720444580988,0.8159992769360541,1
ISIC_0056340,NV,NV,5,5,0.9547823667526244,0.09301126510817545,0.9118373356759548,1
ISIC_0056359,NV,NV,5,5,0.8513486981391907,0.23072663225786966,0.7207901328802109,1
ISIC_0056531,MEL,AK,4,0,0.8206272721290588,0.26115736925002114,0.6596661657094955,0
ISIC_0056575,NV,NV,5,5,0.9923845529556274,0.021545849542630828,0.9847779483534397,1
ISIC_0056579,NV,NV,5,5,0.9994946718215942,0.0020878938996834336,0.9989893672754988,1
ISIC_0056629,SCC,BCC,6,1,0.9979937076568604,0.00799350673992174,0.9967910238774493,0
ISIC_0056631,BCC,BKL,1,2,0.99875009059906,0.005229998435844958,0.9981253685546108,0
ISIC_0056665,SCC,BKL,6,2,0.9986892342567444,0.005667709236200477,0.9980751354014502,0
ISIC_0056720,NV,NV,5,5,0.9999077320098876,0.0004569255487209705,0.9998156711735645,1
ISIC_0056728,MEL,MEL,4,4,0.9999860525131226,8.176921505412605e-05,0.999972097914906,1
ISIC_0056732,BKL,BKL,2,2,0.9751039743423462,0.05605426492104229,0.9502112530171872,1
ISIC_0056769,BKL,BKL,2,2,0.9867231249809264,0.03395105321271721,0.9734492767602205,1
ISIC_0056788,MEL,MEL,4,4,0.9999452829360962,0.0003021848365812271,0.9999085189665493,1
ISIC_0056916,BCC,BCC,1,1,0.9913029670715332,0.02670414616784096,0.9840028719045222,1
ISIC_0056918,BCC,AK,1,0,0.8665759563446045,0.19344675405228817,0.7347164154052734,0
ISIC_0056956,SCC,BCC,6,1,0.5620419979095459,0.40097515566454284,0.1532456278800965,0
ISIC_0056967,MEL,MEL,4,4,0.9882381558418274,0.03635893631066365,0.9816054189577699,1
ISIC_0057055,NV,BCC,5,1,0.4117362797260284,0.5175189675757754,0.01962137222290039,0
ISIC_0057058,BCC,AK,1,0,0.6694523096084595,0.32691169101747924,0.3463579714298249,0
ISIC_0057088,BCC,BCC,1,1,0.9983964562416076,0.006207701364769186,0.997057497035712,1
ISIC_0057127,BKL,BKL,2,2,0.9874179363250732,0.032512783721742634,0.9748416608199477,1
ISIC_0057145,AK,AK,0,0,0.7993098497390747,0.29709518616307606,0.6301212161779404,1
ISIC_0057168,BCC,BCC,1,1,0.9550430178642272,0.1087702100998712,0.9299375768750906,1
ISIC_0057169,MEL,NV,4,5,0.8449230194091797,0.22962041574585892,0.7000911384820939,0
ISIC_0057242,BCC,VASC,1,7,0.6215570569038391,0.4813726279982871,0.3325061500072479,0
ISIC_0057286,MEL,MEL,4,4,0.9998458623886108,0.0007960815463216169,0.9997416520782282,1
ISIC_0057354,NV,NV,5,5,0.9925030469894408,0.021264278529882205,0.9850134779699146,1
ISIC_0057359,BCC,BCC,1,1,0.998872935771942,0.004621203869929486,0.9981066682958043,1
ISIC_0057369,MEL,MEL,4,4,0.997323751449585,0.00894022322313823,0.9946559697855265,1
ISIC_0057395,MEL,NV,4,5,0.8656703233718872,0.20115674215357549,0.7357372045516968,0
ISIC_0057396,NV,NV,5,5,0.9171955585479736,0.1641068844343548,0.8633896559476854,1
ISIC_0057475,NV,NV,5,5,0.986676037311554,0.03834099001783553,0.9780221069231629,1
ISIC_0057574,BCC,BCC,1,1,0.9556944370269777,0.11062634475816768,0.9386291299015286,1
ISIC_0057592,BCC,NV,1,5,0.7486615180969238,0.34345714543079264,0.5680385082960129,0
ISIC_0057672,MEL,SCC,4,6,0.4969887137413025,0.5925265671880292,0.26945069432258606,0
ISIC_0057675,SCC,SCC,6,6,0.7750318050384521,0.3967455035577185,0.6538326218724252,1
ISIC_0057727,MEL,MEL,4,4,0.999992609024048,4.5717663741273894e-05,0.9999853623530727,1
ISIC_0057747,MEL,MEL,4,4,0.8352980613708496,0.22681196161003836,0.6752546727657318,1
ISIC_0057770,SCC,SCC,6,6,0.7274962663650513,0.4434840059612499,0.6019989103078842,1
ISIC_0057782,MEL,AK,4,0,0.7835415005683899,0.30890705115785166,0.6038632392883301,0
ISIC_0057784,NV,NV,5,5,0.9977570176124572,0.007701455568638344,0.9955270343925804,1
ISIC_0057801,BCC,NV,1,5,0.7617414593696594,0.37943766734179496,0.6426206082105638,0
ISIC_0057872,NV,NV,5,5,0.9970617890357972,0.010431703541781679,0.9947849649470302,1
ISIC_0057887,NV,NV,5,5,0.9355350732803344,0.12049351164461797,0.8738298453390597,1
ISIC_0057963,MEL,MEL,4,4,0.9988009929656982,0.004563388071981664,0.9976496482267977,1
ISIC_0057999,MEL,NV,4,5,0.884066641330719,0.21583725981608567,0.8144142627716064,0
ISIC_0058000,MEL,MEL,4,4,0.9994969367980956,0.0022311142050478374,0.9991550298291257,1
ISIC_0058026,SCC,AK,6,0,0.5460917949676514,0.6149571929732297,0.35336315631866455,0
ISIC_0058056,BKL,BCC,2,1,0.434352308511734,0.5887661970707828,0.1455758512020111,0
ISIC_0058085,NV,NV,5,5,0.9681394696235656,0.06788911005011498,0.9362806677818297,1
ISIC_0058090,NV,NV,5,5,0.9975958466529846,0.009010392222884283,0.9960255781188608,1
ISIC_0058132,NV,NV,5,5,0.6984518766403198,0.35609723848025093,0.4307478666305542,1
ISIC_0058156,NV,BKL,5,2,0.7049039602279663,0.30994216888581566,0.4178632497787476,0
ISIC_0058188,BCC,BCC,1,1,0.9998061060905457,0.0009788157246219055,0.9997167559558875,1
ISIC_0058210,NV,NV,5,5,0.9991318583488464,0.003577106973777933,0.9983990614418873,1
ISIC_0058220,BCC,BCC,1,1,0.7464383244514465,0.30403399487790683,0.5106418281793594,1
ISIC_0058240,BCC,BCC,1,1,0.9836163520812988,0.04263688155824821,0.9686517268419266,1
ISIC_0058249,MEL,MEL,4,4,0.9925722479820251,0.02142531014943417,0.9852699404582381,1
ISIC_0058310,BCC,BCC,1,1,0.9586182832717896,0.09678679300386188,0.9263247214257717,1
ISIC_0058320,AK,SCC,0,6,0.8490947484970093,0.2601812742417852,0.7271288931369781,0
ISIC_0058338,NV,MEL,5,4,0.7905974984169006,0.2516577389309828,0.5827402472496033,0
ISIC_0058376,MEL,BKL,4,2,0.9149178266525269,0.17705874803471627,0.8545724526047708,0
ISIC_0058380,MEL,VASC,4,7,0.8933668732643127,0.196872372740113,0.8067917078733444,0
ISIC_0058393,BCC,BCC,1,1,0.9984920024871826,0.005971752209201731,0.997567157202866,1
ISIC_0058443,AK,BKL,0,2,0.6528276205062866,0.43070297647684297,0.3981733322143555,0
ISIC_0058448,MEL,MEL,4,4,0.9999220371246338,0.0003923170797028894,0.9998442096039071,1
ISIC_0058463,BCC,BCC,1,1,0.7136645317077637,0.3803003465930344,0.5014659762382507,1
ISIC_0058472,BCC,BCC,1,1,0.9996672868728638,0.0015854714217331744,0.9994243231485599,1
ISIC_0058506,AK,AK,0,0,0.9930938482284546,0.021548093286394673,0.9871132504194975,1
ISIC_0058546,NV,NV,5,5,0.9802038669586182,0.04677248073878625,0.9604091141372919,1
ISIC_0058586,NV,BCC,5,1,0.8841313123703003,0.18525645396045667,0.7736852243542672,0
ISIC_0058600,NV,NV,5,5,0.5117257237434387,0.525611092269034,0.19584432244300842,1
ISIC_0058651,BCC,BCC,1,1,0.9663387537002563,0.07827854739158617,0.9377222601324321,1
ISIC_0058699,BCC,AK,1,0,0.4346227347850799,0.6282414246206569,0.14847460389137263,0
ISIC_0058787,BCC,BCC,1,1,0.4884923696517944,0.49525744943040084,0.0850968062877655,1
ISIC_0058803,NV,NV,5,5,0.9913329482078552,0.024139712440686724,0.9827226689085365,1
ISIC_0058832,BCC,BCC,1,1,0.9783710241317748,0.05803439230290889,0.9674170585349202,1
ISIC_0058868,BCC,BCC,1,1,0.8602357506752014,0.22104005207454128,0.7343554496765137,1
ISIC_0058984,BCC,BCC,1,1,0.9115735292434692,0.1723092461360826,0.8405907079577446,1
ISIC_0059046,MEL,NV,4,5,0.957590878009796,0.08444053262712388,0.9151872843503951,0
ISIC_0059089,MEL,MEL,4,4,0.7225747108459473,0.3663106855970959,0.5292325466871262,1
ISIC_0059108,AK,AK,0,0,0.6891441941261292,0.5079385327418356,0.5890848934650421,1
ISIC_0059115,BCC,BCC,1,1,0.8348824381828308,0.24084120390555053,0.6857798248529434,1
ISIC_0059144,NV,NV,5,5,0.9968144297599792,0.010339401697238723,0.9936293705832213,1
ISIC_0059216,MEL,MEL,4,4,0.9993948936462402,0.002507226025914317,0.9988161823712289,1
ISIC_0059229,MEL,MEL,4,4,0.7308309078216553,0.3327164297694044,0.48651085793972015,1
ISIC_0059250,AK,SCC,0,6,0.9973932504653932,0.009904847624856583,0.9955050694989042,0
ISIC_0059254,BCC,BCC,1,1,0.8931516408920288,0.1854029665257851,0.8011948466300965,1
ISIC_0059265,DF,BCC,3,1,0.9951985478401184,0.017156274403556146,0.9919336915481836,0
ISIC_0059299,NV,NV,5,5,0.8580779433250427,0.20905181409196785,0.7212454527616501,1
ISIC_0059301,MEL,MEL,4,4,0.999425768852234,0.0024983530778800757,0.9989897735649721,1
ISIC_0059353,MEL,MEL,4,4,0.5678644180297852,0.33541376368315573,0.13754019141197205,1
ISIC_0059368,NV,NV,5,5,0.975947916507721,0.05473705053698756,0.9519412610679866,1
ISIC_0059370,NV,NV,5,5,0.8575789928436279,0.25454856539316634,0.7592717558145523,1
ISIC_0059408,AK,AK,0,0,0.9994565844535828,0.002484054152308589,0.9991320952831303,1
ISIC_0059421,MEL,NV,4,5,0.999788463115692,0.0009625372567817826,0.9995769342494896,0
ISIC_0059509,BCC,BCC,1,1,0.9870266318321228,0.039208855755591986,0.9809475527144969,1
ISIC_0059532,MEL,NV,4,5,0.6573001742362976,0.31064287279750374,0.3149626851081848,0
ISIC_0059536,NV,NV,5,5,0.9970459342002868,0.009781297037305542,0.9941224807407707,1
ISIC_0059548,BCC,BCC,1,1,0.9998531341552734,0.0007393732417499513,0.9997317740562721,1
ISIC_0059575,SCC,SCC,6,6,0.9999713897705078,0.00017390302479765185,0.9999565716170764,1
ISIC_0059604,NV,NV,5,5,0.9953157901763916,0.016461947549961494,0.9924257709644735,1
ISIC_0059613,BKL,BKL,2,2,0.9985417127609252,0.005830100411055251,0.9978021616116166,1
ISIC_0059616,BKL,MEL,2,4,0.9419599175453186,0.14215991441009554,0.9149103853851557,0
ISIC_0059617,BCC,BCC,1,1,0.6880127787590027,0.41084245073206943,0.4530120342969895,1
ISIC_0059659,NV,NV,5,5,0.4720872938632965,0.5167385408447707,0.16005662083625793,1
ISIC_0059681,NV,NV,5,5,0.9970576763153076,0.011190749791456962,0.995233556488529,1
ISIC_0059705,NV,NV,5,5,0.9922768473625184,0.025263499700878527,0.988006223458797,1
ISIC_0059730,BCC,AK,1,0,0.9397879242897034,0.11069392250975942,0.8799435161054134,0
ISIC_0059772,NV,MEL,5,4,0.7639809846878052,0.2786481467431106,0.5345923155546188,0
ISIC_0059805,NV,NV,5,5,0.9761295914649964,0.06515710756785126,0.9610302653163674,1
ISIC_0059810,MEL,MEL,4,4,0.9982993006706238,0.006033013792580702,0.9965985780581833,1
ISIC_0059811,BCC,BCC,1,1,0.9834758043289183,0.04502336053969861,0.9693648358806968,1
ISIC_0059824,NV,NV,5,5,0.8567975759506226,0.1976112322045735,0.7136123180389404,1
ISIC_0059870,NV,MEL,5,4,0.7166435718536377,0.38920345825734315,0.5023070573806763,0
ISIC_0059882,BCC,BCC,1,1,0.8278254866600037,0.23400084877277338,0.6606251001358032,1
ISIC_0059944,NV,NV,5,5,0.8245114684104919,0.25971640980372124,0.6683752983808517,1
ISIC_0059964,NV,NV,5,5,0.6898208856582642,0.43497812930630925,0.48670519888401037,1
ISIC_0060041,AK,BKL,0,2,0.43763467669487,0.5974413829256009,0.1344939768314362,0
ISIC_0060079,BCC,BCC,1,1,0.999994158744812,3.928324298786686e-05,0.9999902053023106,1
ISIC_0060097,NV,NV,5,5,0.9999680519104004,0.00017459066635951986,0.9999361100926762,1
ISIC_0060132,MEL,MEL,4,4,0.9985564351081848,0.005408078303583168,0.9972001516725868,1
ISIC_0060171,NV,NV,5,5,0.939127802848816,0.12165800182498829,0.8840352743864062,1
ISIC_0060186,NV,NV,5,5,0.4618677198886871,0.46717131250882626,0.03968644142150879,1
ISIC_0060209,BCC,BCC,1,1,0.9963653087615968,0.011933788549397683,0.992902760859579,1
ISIC_0060254,BCC,BCC,1,1,0.99131178855896,0.02651391414745233,0.9842154714278878,1
ISIC_0060274,BCC,BCC,1,1,0.9413077235221864,0.12443215267619838,0.8959732837975027,1
ISIC_0060276,NV,NV,5,5,0.8859350681304932,0.1711063311560984,0.771973378956318,1
ISIC_0060279,NV,NV,5,5,0.7547762393951416,0.26868902547576506,0.5097362697124482,1
ISIC_0060319,MEL,MEL,4,4,0.8945038318634033,0.1632595598187976,0.7893268764019014,1
ISIC_0060325,NV,NV,5,5,0.6813463568687439,0.3735648070480023,0.4097956418991089,1
ISIC_0060331,SCC,BCC,6,1,0.6368420720100403,0.43311401787186776,0.3406829833984375,0
ISIC_0060353,SCC,BKL,6,2,0.9007032513618469,0.19597616454206143,0.8283405154943466,0
ISIC_0060376,MEL,MEL,4,4,0.9999576807022096,0.00022535119719842666,0.9999153651042435,1
ISIC_0060403,MEL,NV,4,5,0.8155450224876404,0.2996509302509769,0.6872609406709672,0
ISIC_0060480,AK,BKL,0,2,0.5263994932174683,0.5231951415613,0.28959558904170996,0
ISIC_0060629,MEL,MEL,4,4,0.9999836683273317,0.00010254497504914278,0.9999754247073726,1
ISIC_0060668,NV,NV,5,5,0.5399895310401917,0.3423377855709737,0.08349302411079407,1
ISIC_0060684,BCC,BCC,1,1,0.9995908141136168,0.0019141912271629404,0.9993125480250455,1
ISIC_0060703,MEL,MEL,4,4,0.9965555667877196,0.011172510077526175,0.9931527026928961,1
ISIC_0060817,MEL,MEL,4,4,0.9986248016357422,0.005480805924805385,0.9978654281003401,1
ISIC_0060835,NV,NV,5,5,0.9949565529823304,0.015419402156255816,0.9899745895527304,1
ISIC_0060842,BCC,BCC,1,1,0.9995213747024536,0.0022444958844266842,0.9992561289400328,1
ISIC_0060875,BKL,BKL,2,2,0.700987696647644,0.3026477202379879,0.40532800555229187,1
ISIC_0060927,BCC,AK,1,0,0.6478203535079956,0.3370404844465313,0.3057755827903748,0
ISIC_0060947,BCC,BKL,1,2,0.5026260018348694,0.39479412434812133,0.034127026796341,0
ISIC_0060992,NV,NV,5,5,0.9996330738067628,0.0015725797220515663,0.9992662112344989,1
ISIC_0061044,AK,SCC,0,6,0.990627646446228,0.029951361702894676,0.9841074715368451,0
ISIC_0061114,BKL,NV,2,5,0.5212417840957642,0.41345877773472045,0.08742585778236395,0
ISIC_0061163,MEL,MEL,4,4,0.5227206349372864,0.43204573090094645,0.09940853714942938,1
ISIC_0061169,NV,MEL,5,4,0.5808088183403015,0.33874810183582665,0.16572344303131104,0
ISIC_0061180,NV,NV,5,5,0.9977198243141174,0.008538339586348998,0.9964417988667266,1
ISIC_0061183,MEL,MEL,4,4,0.9912590384483336,0.026443792744607793,0.984474807512015,1
ISIC_0061234,BCC,BKL,1,2,0.5592349767684937,0.6141171105418385,0.32370841503143316,0
ISIC_0061244,MEL,NV,4,5,0.8461361527442932,0.2523962067106818,0.7215914577245713,0
ISIC_0061266,NV,NV,5,5,0.999996304512024,2.5056895166097794e-05,0.9999941297207898,1
ISIC_0061294,AK,AK,0,0,0.4351045489311218,0.5044325645574689,0.06002098321914673,1
ISIC_0061322,SCC,BKL,6,2,0.4576571881771087,0.6041301842666534,0.19942611455917353,0
ISIC_0061352,NV,BCC,5,1,0.9882296323776244,0.03235800392999347,0.9771868772804736,0
ISIC_0061395,NV,NV,5,5,0.8227545022964478,0.2663411774999553,0.6669510453939438,1
ISIC_0061402,BCC,BCC,1,1,0.9992988109588624,0.0029310542017611674,0.9986700724693948,1
ISIC_0061429,NV,NV,5,5,0.9996826648712158,0.0014555208171576702,0.9993991613737309,1
ISIC_0061497,BCC,NV,1,5,0.4203979074954986,0.6432765298510418,0.07153528928756708,0
ISIC_0061574,NV,NV,5,5,0.9426918029785156,0.10567480816184666,0.88541142269969,1
ISIC_0061595,MEL,BKL,4,2,0.488918125629425,0.3830637496816837,0.003804802894592285,0
ISIC_0061636,MEL,NV,4,5,0.839469313621521,0.24394862864642883,0.6961332708597184,0
ISIC_0061646,BKL,MEL,2,4,0.9978837370872498,0.008076001459476777,0.9962929473258556,0
ISIC_0061651,NV,NV,5,5,0.5054971575737,0.36486601437789595,0.025028884410858154,1
ISIC_0061679,BKL,BCC,2,1,0.621429443359375,0.5187467544845371,0.3987673670053482,0
ISIC_0061705,MEL,NV,4,5,0.9999451637268066,0.00028494666405706314,0.9998904039603076,0
ISIC_0061710,MEL,BKL,4,2,0.8547415733337402,0.2323965235045513,0.7358582019805908,0
ISIC_0061716,NV,NV,5,5,0.8567719459533691,0.2141138509853901,0.7214754372835159,1
ISIC_0061756,MEL,MEL,4,4,0.7675073146820068,0.2742468090038731,0.5406325906515121,1
ISIC_0061761,MEL,MEL,4,4,0.9951242804527284,0.016463192330001854,0.9925138680264356,1
ISIC_0061807,NV,NV,5,5,0.950021505355835,0.09992074152575878,0.9019778743386269,1
ISIC_0061830,SCC,AK,6,0,0.3038085401058197,0.8326899162598947,0.09480017423629761,0
ISIC_0061847,NV,NV,5,5,0.9836114048957824,0.04038271880013146,0.9672720823436974,1
ISIC_0061909,BCC,BCC,1,1,0.9960618615150452,0.015151031825616747,0.994654557784088,1
ISIC_0061913,NV,SCC,5,6,0.8644863963127136,0.21448462826775863,0.7392134368419647,0
ISIC_0061959,DF,DF,3,3,0.9998804330825806,0.0006371628322860203,0.9998052881055628,1
ISIC_0061996,NV,NV,5,5,0.8865486979484558,0.1712370371859085,0.7733955308794976,1
ISIC_0061997,MEL,MEL,4,4,0.9231876134872437,0.13080244702524887,0.846514493227005,1
ISIC_0062036,AK,AK,0,0,0.9898131489753724,0.031037762199889244,0.9844227167777718,1
ISIC_0062049,NV,DF,5,3,0.996494472026825,0.011849963027165834,0.9933841933961959,0
ISIC_0062063,MEL,MEL,4,4,0.9826061725616456,0.04263032437446302,0.9653660450130702,1
ISIC_0062087,MEL,BKL,4,2,0.885229766368866,0.2118254400451924,0.8245166540145875,0
ISIC_0062098,MEL,MEL,4,4,0.7237138748168945,0.3401017656948472,0.47844257950782787,1
ISIC_0062120,NV,BCC,5,1,0.8376582860946655,0.2667602948552754,0.7097000330686569,0
ISIC_0062128,NV,NV,5,5,0.9125791192054749,0.15160327466955317,0.829337827861309,1
ISIC_0062137,NV,NV,5,5,0.9946880340576172,0.017003076875058414,0.9899262026883662,1
ISIC_0062142,NV,MEL,5,4,0.6381133198738098,0.3394372156704514,0.28571370244026184,0
ISIC_0062197,NV,NV,5,5,0.9129613041877748,0.16848551913159412,0.8536785431206227,1
ISIC_0062221,NV,NV,5,5,0.9883472323417664,0.03631597023325252,0.9831507224589586,1
ISIC_0062236,BCC,BCC,1,1,0.9579977989196776,0.09256466585369823,0.9217126704752444,1
ISIC_0062240,BCC,BCC,1,1,0.9998273849487304,0.0008629576193857555,0.9997027855715713,1
ISIC_0062331,NV,NV,5,5,0.9982940554618835,0.006721995189205701,0.9973819493898192,1
ISIC_0062404,NV,NV,5,5,0.9557358026504515,0.09050587559797083,0.9130824208259581,1
ISIC_0062430,NV,NV,5,5,0.9772725105285645,0.05839623525812239,0.9591621477156878,1
ISIC_0062451,BCC,BCC,1,1,0.9987469911575316,0.005100383400454599,0.9980967504088766,1
ISIC_0062548,NV,NV,5,5,0.999478280544281,0.002205291796524921,0.9989817888708786,1
ISIC_0062559,MEL,MEL,4,4,0.6627436876296997,0.47398567865223573,0.5148655772209167,1
ISIC_0062561,BKL,MEL,2,4,0.9449867010116576,0.11354566613637994,0.8952939882874488,0
ISIC_0062615,BCC,BCC,1,1,0.990220308303833,0.029357348266416845,0.9825558080337942,1
ISIC_0062677,NV,NV,5,5,0.9999991655349731,6.402379488137506e-06,0.9999984918142104,1
ISIC_0062679,NV,NV,5,5,0.9285589456558228,0.12423095957637942,0.8572353199124336,1
ISIC_0062682,BCC,AK,1,0,0.4911321699619293,0.5924516849038979,0.22358620166778564,0
ISIC_0062688,MEL,BKL,4,2,0.5737893581390381,0.5160396712173115,0.3131337761878968,0
ISIC_0062715,NV,NV,5,5,0.9241042137145996,0.15164511829120964,0.8624344617128373,1
ISIC_0062750,NV,NV,5,5,0.8279595375061035,0.2787133969888291,0.6933258026838303,1
ISIC_0062843,BCC,BCC,1,1,0.9981797933578492,0.006598916864241089,0.9964524952229115,1
ISIC_0062892,NV,NV,5,5,0.9330933094024658,0.13667303001490838,0.8836411759257318,1
ISIC_0062983,MEL,NV,4,5,0.6047133803367615,0.4368398258236638,0.3212899267673493,0
ISIC_0063001,BKL,BKL,2,2,0.9567036032676696,0.08771873542824492,0.914173487573862,1
ISIC_0063040,NV,NV,5,5,0.9928425550460817,0.020466442051565496,0.985693513415754,1
ISIC_0063097,BCC,BCC,1,1,0.9998986721038818,0.0005260335321446095,0.9998121475000517,1
ISIC_0063109,MEL,BKL,4,2,0.5692859292030334,0.4957414349459217,0.2663493752479553,0
ISIC_0063212,NV,NV,5,5,0.996393620967865,0.01156615353757638,0.9928140742704273,1
ISIC_0063269,BCC,BKL,1,2,0.4063728153705597,0.5149254887506205,0.021626740694046076,0
ISIC_0063373,MEL,MEL,4,4,0.9970036149024964,0.01054810065047973,0.9945563066285106,1
ISIC_0063377,NV,NV,5,5,0.8333213925361633,0.21670709162676766,0.6666466295719147,1
ISIC_0063492,MEL,MEL,4,4,0.8871554136276245,0.18848202666089844,0.7832491770386696,1
ISIC_0063495,NV,NV,5,5,0.5005676746368408,0.4312799414994394,0.05273723602294922,1
ISIC_0063518,NV,NV,5,5,0.6452171206474304,0.4104683175473846,0.37782195210456854,1
ISIC_0063542,BKL,MEL,2,4,0.5217257142066956,0.4196923525111829,0.09423896670341497,0
ISIC_0063603,NV,NV,5,5,0.9968134760856628,0.010346118184289287,0.9936284199357034,1
ISIC_0063607,NV,NV,5,5,0.7707654237747192,0.26606704818787436,0.5438158512115479,1
ISIC_0063680,MEL,AK,4,0,0.9919852018356324,0.024983026590502125,0.9857245865277947,0
ISIC_0063802,BCC,NV,1,5,0.8211806416511536,0.29300043054157077,0.7128321826457977,0
ISIC_0063834,NV,AK,5,0,0.6046431064605713,0.3551851222066435,0.22180691361427307,0
ISIC_0063897,MEL,MEL,4,4,0.999324917793274,0.003024713095295142,0.9989126709406265,1
ISIC_0063946,MEL,NV,4,5,0.7290477752685547,0.3132999573519827,0.4711207449436188,0
ISIC_0063948,NV,NV,5,5,0.9969255328178406,0.010397159592424583,0.9940308392979205,1
ISIC_0064028,NV,NV,5,5,0.9772113561630248,0.06374281411616724,0.964256627485156,1
ISIC_0064080,MEL,MEL,4,4,0.982545018196106,0.043148210220970505,0.9654066786170007,1
ISIC_0064090,SCC,SCC,6,6,0.9991031885147096,0.003641006122263881,0.9983023117529229,1
ISIC_0064128,BCC,BCC,1,1,0.9993329644203186,0.002984319572555457,0.9990072455257178,1
ISIC_0064179,BCC,BCC,1,1,0.965695321559906,0.07926110784623816,0.9351343642920256,1
ISIC_0064219,NV,NV,5,5,0.5398877263069153,0.41168924939481444,0.13235905766487127,1
ISIC_0064267,SCC,BCC,6,1,0.9630741477012634,0.09665084232028759,0.9414936378598213,0
ISIC_0064322,AK,SCC,0,6,0.9917339086532592,0.028493236485159473,0.9887974944431334,0
ISIC_0064339,MEL,NV,4,5,0.6047133803367615,0.4368398258236638,0.3212899267673493,0
ISIC_0064349,MEL,MEL,4,4,0.9718710780143738,0.06351409044236887,0.9445691443979741,1
ISIC_0064378,BKL,BKL,2,2,0.9999945163726808,3.490051003482723e-05,0.9999894499551375,1
ISIC_0064386,SCC,BCC,6,1,0.40386563539505,0.7135501319600467,0.08825787901878351,0
ISIC_0064398,BKL,BKL,2,2,0.9852818846702576,0.037050855320209124,0.970610536634922,1
ISIC_0064413,DF,NV,3,5,0.9455259442329408,0.1389221667791972,0.921721873804927,0
ISIC_0064414,NV,NV,5,5,0.5697267055511475,0.3711522159352221,0.16096776723861694,1
ISIC_0064502,DF,MEL,3,4,0.6785673499107361,0.44863001133890096,0.49105383455753326,0
ISIC_0064561,NV,NV,5,5,0.9998557567596436,0.0007100781258839794,0.9997296850779095,1
ISIC_0064648,NV,NV,5,5,0.979816198348999,0.04924651232484405,0.9604876395314932,1
ISIC_0064676,MEL,BCC,4,1,0.6767345666885376,0.3157928270188013,0.3583140671253205,0
ISIC_0064688,NV,BCC,5,1,0.9617003202438354,0.08047167496235542,0.9242652058601379,0
ISIC_0064694,MEL,NV,4,5,0.8595426082611084,0.2046525642525117,0.7235432118177414,0
ISIC_0064754,BCC,BCC,1,1,0.7791129350662231,0.3458093147357627,0.655356876552105,1
ISIC_0064800,MEL,AK,4,0,0.8603538274765015,0.21552170755326683,0.731218695640564,0
ISIC_0064821,MEL,MEL,4,4,0.9999953508377076,3.2250064470538294e-05,0.9999917282609659,1
ISIC_0064832,BCC,BCC,1,1,0.9783970713615416,0.053987687563354085,0.9586773589253426,1
ISIC_0064930,DF,NV,3,5,0.6703720092773438,0.47108708595399656,0.46889318525791174,0
ISIC_0064943,MEL,BCC,4,1,0.6125466227531433,0.46179574422313013,0.37776854634284984,0
ISIC_0064986,MEL,MEL,4,4,0.6130168437957764,0.3745696973571484,0.251232385635376,1
ISIC_0065077,BCC,BCC,1,1,0.7826927900314331,0.37680008632405554,0.6856793388724327,1
ISIC_0065203,AK,BCC,0,1,0.9339695572853088,0.16562649742192426,0.9130361117422582,0
ISIC_0065204,NV,BCC,5,1,0.5866836905479431,0.4528914473592189,0.2726545333862305,0
ISIC_0065211,BKL,NV,2,5,0.6073854565620422,0.43051976577113554,0.28100299835205084,0
ISIC_0065227,BCC,BCC,1,1,0.5735082030296326,0.5262261635308751,0.3397443890571595,1
ISIC_0065261,NV,NV,5,5,0.8810389637947083,0.21471984155170706,0.7887206599116325,1
ISIC_0065293,BCC,BCC,1,1,0.9977389574050904,0.008860346091648704,0.9962197527056561,1
ISIC_0065300,BKL,BKL,2,2,0.9890138506889344,0.032033652192279126,0.9806227050721648,1
ISIC_0065313,MEL,BCC,4,1,0.7749863266944885,0.3223162908322977,0.6083629429340364,0
ISIC_0065325,NV,NV,5,5,0.9751902222633362,0.05593444680995918,0.9503923561424018,1
ISIC_0065343,SCC,AK,6,0,0.4090263247489929,0.8038960322485473,0.2140151411294937,0
ISIC_0065358,NV,NV,5,5,0.9863801598548888,0.036539352597262306,0.9736441606655716,1
ISIC_0065380,NV,NV,5,5,0.934612512588501,0.12194703368963755,0.8713829070329667,1
ISIC_0065417,MEL,MEL,4,4,0.9688525199890136,0.06672402172932507,0.9377088062465191,1
ISIC_0065422,BCC,BCC,1,1,0.596537172794342,0.4679446767400824,0.39397165179252625,1
ISIC_0065491,SCC,BCC,6,1,0.989981472492218,0.030774843028721518,0.9842647858895363,0
ISIC_0065518,MEL,MEL,4,4,0.960196316242218,0.0805371547176648,0.9204091653227806,1
ISIC_0065521,MEL,AK,4,0,0.9877567291259766,0.03477158412207635,0.9771213456988336,0
ISIC_0065550,MEL,MEL,4,4,0.9968775510787964,0.01034142573781705,0.9938322117086501,1
ISIC_0065552,AK,MEL,0,4,0.9085385203361512,0.20069682121047558,0.8708918876945975,0
ISIC_0065598,MEL,MEL,4,4,0.6685078740119934,0.3245132122108711,0.3439733386039734,1
ISIC_0065629,BKL,BKL,2,2,0.9997684359550476,0.0010544203131988565,0.9995406149682822,1
ISIC_0065689,NV,BKL,5,2,0.5840244293212891,0.35447373390743847,0.18105968832969666,0
ISIC_0065713,NV,NV,5,5,0.517395555973053,0.4903667015106523,0.2167779803276062,1
ISIC_0065724,AK,AK,0,0,0.7367101907730103,0.3284229268340577,0.5003218948841095,1
ISIC_0065728,MEL,MEL,4,4,0.9988766312599182,0.004650909949873567,0.9980282402248122,1
ISIC_0065742,MEL,NV,4,5,0.5024785995483398,0.5419154180103098,0.24583762884140015,0
ISIC_0065813,MEL,MEL,4,4,0.999997615814209,1.6325853210227395e-05,0.9999952307666717,1
ISIC_0065826,BCC,AK,1,0,0.9996931552886964,0.0013895872854568878,0.9994151323335247,0
ISIC_0065845,NV,NV,5,5,0.9863552451133728,0.03690314450301189,0.97374333627522,1
ISIC_0065874,BCC,BCC,1,1,0.9255570769309998,0.14798385665536543,0.8685436695814134,1
ISIC_0065883,MEL,MEL,4,4,0.9942154288291932,0.017448094902692324,0.9885633010417224,1
ISIC_0065893,BCC,BCC,1,1,0.9987478256225586,0.004770213701854156,0.9975623142672703,1
ISIC_0065918,MEL,MEL,4,4,0.8896408081054688,0.1692180556646469,0.7800155580043794,1
ISIC_0065944,MEL,BCC,4,1,0.9960370659828186,0.014496603428581157,0.9937813838478178,0
ISIC_0065966,BKL,AK,2,0,0.449358582496643,0.5638209580549982,0.12060081958770752,0
ISIC_0066002,DF,DF,3,3,0.999652624130249,0.0017133156959491618,0.9995209073676962,1
ISIC_0066040,BCC,BCC,1,1,0.9985910058021544,0.005359193172478145,0.997301831957884,1
ISIC_0066042,NV,MEL,5,4,0.5563900470733643,0.33036934166595566,0.11279723048210144,0
ISIC_0066064,NV,NV,5,5,0.6724727749824524,0.3342808607643338,0.3597438931465149,1
ISIC_0066072,BKL,MEL,2,4,0.9707509875297546,0.08168748293661726,0.9586261315271258,0
ISIC_0066087,NV,NV,5,5,0.9888544082641602,0.03214341422694589,0.979254231788218,1
ISIC_0066121,BCC,BCC,1,1,0.5961837768554688,0.38051568519517154,0.21648544073104864,1
ISIC_0066213,MEL,BKL,4,2,0.5788642764091492,0.4588999371346493,0.25856006145477295,0
ISIC_0066224,BCC,BCC,1,1,0.9996410608291626,0.001712514064428477,0.9994346641469747,1
ISIC_0066255,NV,NV,5,5,0.992771327495575,0.02128257792850431,0.9858291898854078,1
ISIC_0066256,BKL,MEL,2,4,0.9546277523040771,0.10309258646736971,0.9209910295903684,0
ISIC_0066279,NV,MEL,5,4,0.8490089178085327,0.20606522249146889,0.698563426733017,0
ISIC_0066310,BCC,BCC,1,1,0.5096169710159302,0.4312882775730044,0.0813138484954834,1
ISIC_0066315,AK,BKL,0,2,0.9054129719734192,0.18536241690258212,0.8414694294333458,0
ISIC_0066364,NV,MEL,5,4,0.7449108958244324,0.2895449780672399,0.4953969866037369,0
ISIC_0066379,MEL,NV,4,5,0.9999979734420776,1.3526634977628578e-05,0.9999959864892389,0
ISIC_0066413,DF,DF,3,3,0.994163453578949,0.019584622972338407,0.9895819886587561,1
ISIC_0066421,MEL,MEL,4,4,0.9995821118354796,0.001887291809932935,0.9992704713076819,1
ISIC_0066424,NV,NV,5,5,0.9956941604614258,0.013425611289894184,0.9914130116812885,1
ISIC_0066491,SCC,SCC,6,6,0.9995880722999572,0.0018788533127800286,0.9992601955891587,1
ISIC_0066508,NV,MEL,5,4,0.4998112320899963,0.34120238250342844,0.001948535442352295,0
ISIC_0066604,NV,NV,5,5,0.998934805393219,0.004326902843474168,0.9980605004820973,1
ISIC_0066639,BCC,BCC,1,1,0.9936041235923768,0.01928357620371019,0.9874845338054004,1
ISIC_0066656,SCC,SCC,6,6,0.8204330801963806,0.3356934826029263,0.737919956445694,1
ISIC_0066661,NV,NV,5,5,0.8493222594261169,0.20450937032094885,0.6988212466239929,1
ISIC_0066672,NV,MEL,5,4,0.6057952642440796,0.3225242201353727,0.2115967869758606,0
ISIC_0066698,BCC,BCC,1,1,0.9956295490264891,0.015620574859865892,0.9932723436504601,1
ISIC_0066733,MEL,NV,4,5,0.8203722238540649,0.3047048411181877,0.7176905870437622,0
ISIC_0066801,SCC,BKL,6,2,0.4860135912895202,0.5807374078741439,0.1420508325099945,0
ISIC_0066823,BCC,SCC,1,6,0.5431292653083801,0.4980925575353033,0.23426735401153564,0
ISIC_0067000,BCC,BCC,1,1,0.9987033605575562,0.005255637600700084,0.9977948816376738,1
ISIC_0067020,BCC,BKL,1,2,0.9475846886634828,0.10827559202954495,0.8999442495405676,0
ISIC_0067039,BKL,MEL,2,4,0.9018163084983826,0.17670308208366156,0.8184243813157082,0
ISIC_0067068,NV,NV,5,5,0.4082292318344116,0.5951605638390068,0.09338966012001043,1
ISIC_0067078,AK,AK,0,0,0.4960511028766632,0.485729511950686,0.08721286058425903,1
ISIC_0067079,BCC,BCC,1,1,0.98317551612854,0.04871984294156283,0.9715376477688551,1
ISIC_0067080,BCC,BKL,1,2,0.8964678049087524,0.17603646634935913,0.799928829073906,0
ISIC_0067100,AK,AK,0,0,0.9971356391906738,0.010859079172246025,0.995285360957496,1
ISIC_0067117,BKL,BKL,2,2,0.9962329268455504,0.01192723909334779,0.9924675193615258,1
ISIC_0067126,MEL,MEL,4,4,0.999987006187439,8.136646601908215e-05,0.9999788416571391,1
ISIC_0067155,NV,NV,5,5,0.9817723035812378,0.04796539830835545,0.9658724088221788,1
ISIC_0067218,AK,BKL,0,2,0.8904370665550232,0.23104715375179563,0.8412217646837234,0
ISIC_0067226,NV,NV,5,5,0.9721140265464784,0.075258637938054,0.9575252234935762,1
ISIC_0067266,AK,AK,0,0,0.91131192445755,0.17454799728111114,0.8596979975700378,1
ISIC_0067284,MEL,AK,4,0,0.8999936580657959,0.19953730828834018,0.836680643260479,0
ISIC_0067297,AK,AK,0,0,0.9998200535774232,0.0009215764483611415,0.999710310381488,1
ISIC_0067337,BCC,SCC,1,6,0.4077921211719513,0.5565541152288315,0.03938260674476629,0
ISIC_0067492,BCC,BCC,1,1,0.958807110786438,0.09908197771139345,0.9348272737115622,1
ISIC_0067512,MEL,BCC,4,1,0.8921823501586914,0.21057958924188694,0.8264709711074829,0
ISIC_0067526,NV,DF,5,3,0.9815534353256226,0.04845699984742702,0.966266063041985,0
ISIC_0067609,NV,NV,5,5,0.905972421169281,0.15001252391701642,0.8119640424847603,1
ISIC_0067613,NV,NV,5,5,0.965320348739624,0.07267057286028675,0.9307036884129049,1
ISIC_0067645,NV,NV,5,5,0.9765911102294922,0.05490908736089705,0.9538026209920645,1
ISIC_0067649,NV,NV,5,5,0.6808480620384216,0.3013762964120337,0.36174097657203674,1
ISIC_0067694,MEL,MEL,4,4,0.9986200332641602,0.005914732722956339,0.9979697163798846,1
ISIC_0067703,NV,NV,5,5,0.9136644005775452,0.14143929747022646,0.8273420631885529,1
ISIC_0067770,BCC,BCC,1,1,0.9976179003715516,0.009139436190270677,0.9959945828886704,1
ISIC_0067771,NV,NV,5,5,0.9591541886329652,0.08205327143865375,0.9183084741234782,1
ISIC_0067784,BCC,AK,1,0,0.9998565912246704,0.0007599713952922612,0.9997980482112325,0
ISIC_0067794,NV,NV,5,5,0.9994639754295348,0.002372633715113506,0.999045076110633,1
ISIC_0067797,NV,NV,5,5,0.5160539150238037,0.5695803665590142,0.2585850656032562,1
ISIC_0067812,BCC,BCC,1,1,0.5361471772193909,0.4318676111088762,0.11532047390937805,1
ISIC_0067821,MEL,MEL,4,4,0.9998347759246826,0.00086216821542904,0.9997420903819147,1
ISIC_0067896,MEL,BCC,4,1,0.9788262844085692,0.05378446761878997,0.9601478464901446,0
ISIC_0067937,NV,MEL,5,4,0.819313645362854,0.22720889611457376,0.638629898428917,0
ISIC_0067965,NV,NV,5,5,0.9988333582878112,0.004436191344003513,0.9977020386140792,1
ISIC_0068086,AK,NV,0,5,0.5382652878761292,0.39272581171028675,0.10491144657135015,0
ISIC_0068098,NV,NV,5,5,0.9830635190010072,0.044702113559998764,0.968595744110644,1
ISIC_0068115,MEL,MEL,4,4,0.8358091115951538,0.2861422731908235,0.741390697658062,1
ISIC_0068119,MEL,MEL,4,4,0.9198731184005736,0.14372638025396212,0.8437731266021729,1
ISIC_0068138,BCC,BCC,1,1,0.760701596736908,0.3528052367179809,0.6091448813676834,1
ISIC_0068181,BKL,BKL,2,2,0.9982409477233888,0.006788057552504533,0.9970857449807228,1
ISIC_0068228,NV,BKL,5,2,0.9781454801559448,0.05661087430423276,0.9617054220288992,0
ISIC_0068251,NV,MEL,5,4,0.8198699951171875,0.2269218404102236,0.6397684663534164,0
ISIC_0068293,NV,NV,5,5,0.8427246809005737,0.24338605876034558,0.7114534974098207,1
ISIC_0068302,BCC,BCC,1,1,0.9664611220359802,0.08187320157757075,0.944345211610198,1
ISIC_0068309,MEL,MEL,4,4,0.9995160102844238,0.002126650530360464,0.9991174423194026,1
ISIC_0068310,MEL,BCC,4,1,0.9541520476341248,0.11648470712691018,0.9321358148008586,0
ISIC_0068343,MEL,MEL,4,4,0.9999860525131226,8.176921505412605e-05,0.999972097914906,1
ISIC_0068379,NV,MEL,5,4,0.866379976272583,0.19660683435152526,0.7360861152410507,0
ISIC_0068399,BCC,BCC,1,1,0.7110637426376343,0.31285596821942124,0.4326072037220002,1
ISIC_0068484,VASC,VASC,7,7,0.9994183778762816,0.002566788136267271,0.9989702996681443,1
ISIC_0068489,BCC,BKL,1,2,0.4607422947883606,0.7090609082555744,0.29605799913406383,0
ISIC_0068511,NV,NV,5,5,0.9982467889785768,0.006796695639852558,0.9972322857938709,1
ISIC_0068538,NV,NV,5,5,0.6038951277732849,0.3231905765377524,0.20785105228424072,1
ISIC_0068586,MEL,MEL,4,4,0.99253511428833,0.021176302430218508,0.9850745028816162,1
ISIC_0068721,MEL,NV,4,5,0.9959843158721924,0.013330253245737746,0.9923852130305023,0
ISIC_0068793,BCC,BCC,1,1,0.9999161958694458,0.0004509051709197634,0.9998612770286854,1
ISIC_0068855,NV,BCC,5,1,0.8027925491333008,0.3244050906381693,0.6803995817899705,0
ISIC_0068862,BCC,BCC,1,1,0.9990432858467102,0.003928746254396,0.998251786979381,1
ISIC_0068869,BCC,BCC,1,1,0.99905925989151,0.003994871435140279,0.9983487135032192,1
ISIC_0068982,NV,NV,5,5,0.9896016716957092,0.02843270764776431,0.9794542016461493,1
ISIC_0069003,MEL,NV,4,5,0.6427153944969177,0.3589316797427973,0.3092790544033051,0
ISIC_0069043,AK,BKL,0,2,0.7619120478630066,0.348294740780691,0.5875346660614014,0
ISIC_0069068,MEL,BKL,4,2,0.8338186740875244,0.2751519589972407,0.7110870108008385,0
ISIC_0069127,NV,NV,5,5,0.984605073928833,0.039438947751489484,0.9697709800675512,1
ISIC_0069160,NV,NV,5,5,0.980385422706604,0.048768092139023625,0.9619312677532436,1
ISIC_0069184,BCC,AK,1,0,0.9715216755867004,0.07606696127783968,0.9530188012868166,0
ISIC_0069198,BKL,BKL,2,2,0.9147201776504515,0.1478078147610106,0.8328973948955536,1
ISIC_0069213,NV,NV,5,5,0.8616886734962463,0.2215130276179061,0.7413699775934219,1
ISIC_0069282,AK,SCC,0,6,0.998271107673645,0.006880835747149321,0.997103393310681,0
ISIC_0069334,NV,NV,5,5,0.9822759628295898,0.04325507007602705,0.9647017121315002,1
ISIC_0069363,NV,BKL,5,2,0.8327014446258545,0.24805269541352498,0.6842785179615021,0
ISIC_0069365,MEL,BCC,4,1,0.5083648562431335,0.5011342544980808,0.14717540144920355,0
ISIC_0069570,NV,NV,5,5,0.9915649890899658,0.02348697162313632,0.9831521986052394,1
ISIC_0069610,NV,BCC,5,1,0.6927709579467773,0.3297467823749562,0.39943325519561773,0
ISIC_0069617,MEL,NV,4,5,0.870740532875061,0.1955897215887985,0.7457875162363052,0
ISIC_0069642,BKL,BKL,2,2,0.9992334842681884,0.003021143564600322,0.9984691826975903,1
ISIC_0069663,BKL,BCC,2,1,0.5867984294891357,0.5082576615838786,0.3561054617166519,0
ISIC_0069678,NV,MEL,5,4,0.5363866090774536,0.3806473656948668,0.09516698122024542,0
ISIC_0069687,NV,NV,5,5,0.8809833526611328,0.19139970650688648,0.7691974490880966,1
ISIC_0069700,NV,NV,5,5,0.7661923766136169,0.28271798498174777,0.5423449873924255,1
ISIC_0069719,AK,AK,0,0,0.9974185228347778,0.009960209405652605,0.9961993907345459,1
ISIC_0069724,BCC,BCC,1,1,0.8868606090545654,0.2149991975419009,0.8314788416028023,1
ISIC_0069763,BKL,BKL,2,2,0.933233082294464,0.13970919775202814,0.8809933960437774,1
ISIC_0069793,NV,NV,5,5,0.8342713117599487,0.24362133606087222,0.6826356649398804,1
ISIC_0069816,NV,NV,5,5,0.990767538547516,0.029253392797776504,0.9855430191382768,1
ISIC_0069839,NV,NV,5,5,0.8371763229370117,0.21907720965628485,0.6761452704668045,1
ISIC_0069843,BCC,BCC,1,1,0.5785475969314575,0.4997768679732022,0.2827656865119934,1
ISIC_0069856,BCC,BCC,1,1,0.9997422099113464,0.0012827868887320597,0.9996021481056232,1
ISIC_0069906,AK,BKL,0,2,0.9788987040519714,0.05576223086854319,0.9621214848011732,0
ISIC_0069921,NV,NV,5,5,0.9561312794685364,0.09198923892191699,0.9146922416985036,1
ISIC_0069949,SCC,BCC,6,1,0.6214357018470764,0.46908524528396706,0.4045657068490982,0
ISIC_0069956,BCC,AK,1,0,0.9338122010231018,0.1403483385291447,0.8835426084697247,0
ISIC_0070012,MEL,MEL,4,4,0.9999741315841676,0.00015056503522838964,0.9999539466225543,1
ISIC_0070035,SCC,SCC,6,6,0.9338693022727966,0.16462269320338324,0.9066895786672832,1
ISIC_0070042,NV,NV,5,5,0.9481552243232728,0.1253076899171573,0.9218812007457019,1
ISIC_0070096,BCC,AK,1,0,0.7816187739372253,0.2617651962898095,0.5662601590156555,0
ISIC_0070104,NV,NV,5,5,0.9657882452011108,0.08307387706780159,0.9471049066632986,1
ISIC_0070131,BCC,BCC,1,1,0.9938177466392516,0.020361833232068013,0.989133842755109,1
ISIC_0070165,BCC,BCC,1,1,0.9983785152435304,0.006464170651533682,0.9974672223906966,1
ISIC_0070170,MEL,MEL,4,4,0.9985318183898926,0.00567852290740606,0.9973113255109639,1
ISIC_0070187,BKL,MEL,2,4,0.8367576003074646,0.30920925862580106,0.7432420104742051,0
ISIC_0070198,MEL,MEL,4,4,0.9971951246261596,0.009650631174963377,0.9945741656702012,1
ISIC_0070245,BKL,BKL,2,2,0.969261348247528,0.06959774104449487,0.9399349670857191,1
ISIC_0070252,NV,MEL,5,4,0.658221960067749,0.3144087742903893,0.3180722296237946,0
ISIC_0070266,BCC,BCC,1,1,0.9979552030563354,0.007204871833351894,0.995959762716666,1
ISIC_0070285,MEL,NV,4,5,0.6743679046630859,0.3105469909930113,0.3508026599884033,0
ISIC_0070312,BCC,BCC,1,1,0.95240718126297,0.10855000492141656,0.914082195609808,1
ISIC_0070315,BCC,BCC,1,1,0.6440847516059875,0.339362811548971,0.29798170924186707,1
ISIC_0070322,NV,MEL,5,4,0.5322871208190918,0.4620410393609016,0.16358262300491339,0
ISIC_0070376,BCC,BCC,1,1,0.9977415800094604,0.008341475189512377,0.9957813289947809,1
ISIC_0070438,NV,NV,5,5,0.793378472328186,0.2669500064234974,0.5981917530298233,1
ISIC_0070467,BKL,MEL,2,4,0.6616687774658203,0.3533579858449373,0.3478952646255493,0
ISIC_0070472,BCC,BCC,1,1,0.9998394250869752,0.0008279061928711567,0.9997363133588807,1
ISIC_0070487,BCC,BCC,1,1,0.9579110145568848,0.10323683874858232,0.9270588159561157,1
ISIC_0070492,BCC,BCC,1,1,0.9940727353096008,0.019379064022062235,0.989619605243206,1
ISIC_0070597,NV,NV,5,5,0.8522130250930786,0.20821187011637937,0.7067010551691056,1
ISIC_0070620,BCC,BCC,1,1,0.9881373047828674,0.03497014362114187,0.9788573859259486,1
ISIC_0070680,DF,NV,3,5,0.811050534248352,0.2845428182079819,0.6633472591638565,0
ISIC_0070684,BCC,BCC,1,1,0.4532857239246368,0.5015866100744613,0.004405081272125189,1
ISIC_0070691,AK,BCC,0,1,0.9987913966178894,0.005258211896713337,0.998368051426951,0
ISIC_0070751,BCC,AK,1,0,0.5201926827430725,0.3950516178439817,0.07350686192512512,0
ISIC_0070752,MEL,NV,4,5,0.9556276202201844,0.08743549404452783,0.9112801440060141,0
ISIC_0070775,BKL,BKL,2,2,0.8651243448257446,0.19217803562983213,0.7308893501758577,1
ISIC_0070884,NV,NV,5,5,0.8616271615028381,0.19877722387226648,0.7252979427576065,1
ISIC_0070893,NV,MEL,5,4,0.5763950347900391,0.33397929582434277,0.15469542145729065,0
ISIC_0070903,NV,BCC,5,1,0.8732895255088806,0.20695091072746144,0.7616107687354088,0
ISIC_0070968,MEL,NV,4,5,0.7758613228797913,0.2563966343277536,0.5518298894166946,0
ISIC_0071003,BCC,NV,1,5,0.47293421626091,0.6001850432710724,0.13985833525657648,0
ISIC_0071044,VASC,VASC,7,7,0.9806817770004272,0.05344970626485347,0.9702251870185138,1
ISIC_0071068,NV,BCC,5,1,0.9580733776092528,0.09979308769456595,0.9313162900507449,0
ISIC_0071101,MEL,MEL,4,4,0.999176561832428,0.003208781984027822,0.9983534234343097,1
ISIC_0071121,NV,BCC,5,1,0.961862087249756,0.09392828918329339,0.936028288677335,0
ISIC_0071138,MEL,AK,4,0,0.7400704026222229,0.3700273868713992,0.578132301568985,0
ISIC_0071140,BKL,BKL,2,2,0.9743086099624634,0.057884775955081735,0.9487467072904111,1
ISIC_0071153,NV,NV,5,5,0.9969363212585448,0.009999763861007765,0.9938729053828865,1
ISIC_0071213,AK,BKL,0,2,0.9439014792442322,0.11762617675537569,0.8947481960058212,0
ISIC_0071292,NV,BCC,5,1,0.9906529188156128,0.025721653483403443,0.9813856454566122,0
ISIC_0071314,MEL,MEL,4,4,0.504339873790741,0.36561014475514886,0.02121192216873169,1
ISIC_0071347,BCC,BCC,1,1,0.8214241862297058,0.28817950663997133,0.6914559900760651,1
ISIC_0071384,BCC,BCC,1,1,0.9768030643463136,0.06094726239964815,0.9594288319349291,1
ISIC_0071385,BCC,BKL,1,2,0.9620608687400818,0.09114874061348757,0.9388988185673953,0
ISIC_0071497,NV,NV,5,5,0.9877637028694152,0.0377657111397682,0.9819643395021557,1
ISIC_0071516,NV,BCC,5,1,0.9168400764465332,0.17115907479582015,0.8602532185614109,0
ISIC_0071586,MEL,MEL,4,4,0.988482654094696,0.03051354379638443,0.9770641671493651,1
ISIC_0071618,NV,AK,5,0,0.9089563488960266,0.18048206751675508,0.8385220766067505,0
ISIC_0071651,MEL,AK,4,0,0.8339739441871643,0.27734502742442224,0.7020200937986374,0
ISIC_0071726,MEL,MEL,4,4,0.977577030658722,0.05524650659522906,0.9570087734609845,1
ISIC_0071787,VASC,VASC,7,7,0.9827285408973694,0.05237676106392845,0.9742511454969645,1
ISIC_0071797,MEL,MEL,4,4,0.9494900703430176,0.09887877814480335,0.9000457637012006,1
ISIC_0071841,NV,NV,5,5,0.5107046365737915,0.4824515428374177,0.134869396686554,1
ISIC_0071842,NV,NV,5,5,0.9999995231628418,3.4063101547529162e-06,0.9999990710687712,1
ISIC_0071946,AK,AK,0,0,0.998939335346222,0.004160639405484102,0.997962066321634,1
ISIC_0071953,AK,SCC,0,6,0.9917925596237184,0.02659364906529225,0.9866462317295374,0
ISIC_0071959,MEL,MEL,4,4,0.9999675750732422,0.000182237886016732,0.9999381489033112,1
ISIC_0071990,NV,NV,5,5,0.9998125433921814,0.0008689868522036623,0.9996265931113157,1
ISIC_0072011,NV,BCC,5,1,0.8833951354026794,0.18670504613027003,0.7741134539246559,0
ISIC_0072021,MEL,BKL,4,2,0.5234525203704834,0.520267767577405,0.1971613764762879,0
ISIC_0072045,DF,AK,3,0,0.9034060835838318,0.15737507523228636,0.8085590079426765,0
ISIC_0072060,BCC,BCC,1,1,0.998497724533081,0.0062721883737871485,0.9977628853521311,1
ISIC_0072081,NV,MEL,5,4,0.6214836239814758,0.3194169864248722,0.24305942654609686,0
ISIC_0072087,MEL,BCC,4,1,0.3719493448734283,0.659812521674636,0.1289699822664261,0
ISIC_0072100,NV,MEL,5,4,0.4279329180717468,0.6207752411729442,0.19068095088005071,0
ISIC_0072203,NV,NV,5,5,0.962599277496338,0.08625452682451304,0.9332460407167675,1
ISIC_0072265,AK,BCC,0,1,0.8587960600852966,0.24974541083992255,0.7622534409165383,0
ISIC_0072271,MEL,MEL,4,4,0.5012751817703247,0.3595208775892883,0.013521015644073486,1
ISIC_0072294,MEL,NV,4,5,0.8947207927703857,0.21704705236831703,0.8539232797920704,0
ISIC_0072363,MEL,MEL,4,4,0.9985659718513488,0.005439019041038218,0.997225477010943,1
ISIC_0072367,NV,NV,5,5,0.9963070154190063,0.012620895352316707,0.993206418817863,1
ISIC_0072453,BCC,BCC,1,1,0.9388548731803894,0.11838863074329771,0.8816961087286473,1
ISIC_0072455,BCC,BKL,1,2,0.598304808139801,0.4230487839912548,0.2613726258277893,0
ISIC_0072461,BCC,NV,1,5,0.7212973833084106,0.3768930423796761,0.5316599309444427,0
ISIC_0072492,BCC,BCC,1,1,0.9981050491333008,0.007089769581376017,0.9965232025133447,1
ISIC_0072505,BCC,AK,1,0,0.9773706197738647,0.061397329436293634,0.9617721848189832,0
ISIC_0072531,MEL,AK,4,0,0.7482075095176697,0.3044553120727982,0.5118521153926849,0
ISIC_0072553,NV,NV,5,5,0.8595503568649292,0.19565465436802829,0.7192326188087463,1
ISIC_0072579,NV,NV,5,5,0.9588286876678468,0.08262645601757175,0.9176765941083433,1
ISIC_0072583,BCC,BCC,1,1,0.9957915544509888,0.015277045337147011,0.9939962428761646,1
ISIC_0072585,MEL,MEL,4,4,0.6051725745201111,0.38615660925270595,0.24310106039047247,1
ISIC_0072614,BKL,MEL,2,4,0.9445003271102904,0.10664635758080546,0.8904817551374435,0
ISIC_0072627,NV,MEL,5,4,0.8020508885383606,0.29857352577597496,0.6664347499608994,0
ISIC_0072641,MEL,BCC,4,1,0.983050525188446,0.04904530200484135,0.9739259341731669,0
ISIC_0072687,NV,NV,5,5,0.9897987842559814,0.028645166149115515,0.9803013922646643,1
ISIC_0072697,BCC,BCC,1,1,0.2868266403675079,0.8387975921435255,0.08254030346870417,1
ISIC_0072752,BKL,MEL,2,4,0.4957796633243561,0.5343686288727388,0.11565220355987549,0
ISIC_0072820,MEL,MEL,4,4,0.9994238615036012,0.0025138187031156943,0.9989660498977175,1
ISIC_0072834,BKL,BKL,2,2,0.7903546094894409,0.2766697082649312,0.5940036624670029,1
ISIC_0072848,NV,NV,5,5,0.7136860489845276,0.288865342958115,0.4275747835636139,1
ISIC_0072857,BCC,BCC,1,1,0.9986857771873474,0.005350440336956832,0.9977471025194973,1
ISIC_0072917,MEL,NV,4,5,0.9871159195899964,0.03354867625801228,0.9743952900171281,0
ISIC_0072928,BKL,BCC,2,1,0.5851268172264099,0.48249260752470646,0.2994012832641602,0
ISIC_0073018,MEL,BKL,4,2,0.8547415733337402,0.2323965235045513,0.7358582019805908,0
ISIC_0073020,NV,MEL,5,4,0.76973557472229,0.25972586137643955,0.539520099759102,0
ISIC_0073033,BCC,BCC,1,1,0.9893468022346495,0.030892574188779148,0.9798072809353471,1
ISIC_0073071,BCC,BCC,1,1,0.9591010808944702,0.0872806451059417,0.9209563694894314,1
ISIC_0073081,BCC,BCC,1,1,0.9988711476325988,0.004877311093751906,0.9984109003271442,1
ISIC_0073086,NV,NV,5,5,0.6090073585510254,0.4128184464472599,0.2765998244285584,1
ISIC_0073091,BCC,BCC,1,1,0.999509572982788,0.002358320755491257,0.9993547827471047,1
ISIC_0073171,NV,NV,5,5,0.8981773257255554,0.16202043749040174,0.7977975010871887,1
ISIC_0073200,BCC,BCC,1,1,0.9865188002586364,0.0349646293649477,0.9732477013021706,1
ISIC_0073220,NV,NV,5,5,0.9811667799949646,0.04494683663208644,0.9623336512595416,1
ISIC_0073238,MEL,BCC,4,1,0.6170711517333984,0.45383111099775697,0.33344966173172,0
