image_id,true_class,resnet50_prediction,resnet50_confidence,resnet50_correct,efficientnet_v2_s_prediction,efficientnet_v2_s_confidence,efficientnet_v2_s_correct,efficientnet_b3_prediction,efficientnet_b3_confidence,efficientnet_b3_correct,mobilenet_v3_large_prediction,mobilenet_v3_large_confidence,mobilenet_v3_large_correct,deit_tiny_prediction,deit_tiny_confidence,deit_tiny_correct,swin_tiny_prediction,swin_tiny_confidence,swin_tiny_correct
ISIC_0000036_downsampled,MEL,MEL,0.9918708801269532,True,MEL,0.9998729228973388,True,MEL,0.9995216131210328,True,MEL,0.7039780616760254,True,MEL,0.9666641354560852,True,MEL,0.998916745185852,True
ISIC_0000043_downsampled,MEL,NV,0.9688560962677002,False,NV,0.9992581009864808,False,NV,0.9908372163772584,False,NV,0.9820067286491394,False,MEL,0.9769837260246276,True,NV,0.914493203163147,False
ISIC_0000071,NV,NV,0.978955626487732,True,NV,0.9999420642852784,True,NV,0.9981632828712464,True,NV,0.9996535778045654,True,NV,0.7308260798454285,True,NV,0.9998032450675964,True
ISIC_0000086_downsampled,NV,NV,0.7855075001716614,True,MEL,0.766974687576294,False,NV,0.8060451149940491,True,NV,0.566005289554596,True,NV,0.9259924292564392,True,NV,0.7704945206642151,True
ISIC_0000101_downsampled,NV,NV,0.7898245453834534,True,NV,0.9999918937683104,True,BKL,0.8224139213562012,False,NV,0.6987692713737488,True,NV,0.7354993224143982,True,NV,0.992676854133606,True
ISIC_0000102_downsampled,NV,NV,0.9990639090538024,True,NV,0.7620537877082825,True,NV,0.650507390499115,True,NV,0.8806000351905823,True,NV,0.8625195622444153,True,NV,0.9038184881210328,True
ISIC_0000104_downsampled,NV,NV,0.9996080994606018,True,NV,0.9979110360145568,True,NV,0.9960516095161438,True,NV,0.9985682964324952,True,NV,0.9999771118164062,True,NV,0.9982028007507324,True
ISIC_0000112_downsampled,NV,NV,0.9321072101593018,True,NV,0.9838885068893432,True,NV,0.884149432182312,True,NV,0.6686987280845642,True,NV,0.9059702754020692,True,NV,0.7976873517036438,True
ISIC_0000118_downsampled,NV,MEL,0.7496308088302612,False,NV,0.93785560131073,True,MEL,0.5338977575302124,False,NV,0.6907451748847961,True,MEL,0.8983188271522522,False,NV,0.6280397772789001,True
ISIC_0000146_downsampled,MEL,MEL,0.4762621819972992,True,NV,0.6061595678329468,False,MEL,0.9848758578300476,True,VASC,0.7694916129112244,False,MEL,0.9421467185020448,True,MEL,0.7781330943107605,True
ISIC_0000184_downsampled,NV,NV,0.7129897475242615,True,NV,0.9926042556762696,True,NV,0.9880481958389282,True,NV,0.997962474822998,True,NV,0.9895467162132264,True,NV,0.9365112781524658,True
ISIC_0000225,NV,NV,0.9967525005340576,True,NV,0.999243140220642,True,NV,0.9783011078834534,True,NV,0.9683613181114196,True,NV,0.9992910623550416,True,NV,0.9662240147590636,True
ISIC_0000265,NV,NV,0.9966501593589784,True,NV,0.9996711015701294,True,NV,0.9203579425811768,True,NV,0.831839919090271,True,NV,0.9680153727531432,True,NV,0.9549316763877868,True
ISIC_0000268,NV,NV,0.9981168508529664,True,NV,0.999996304512024,True,NV,0.9987576007843018,True,NV,0.9193703532218932,True,NV,0.9972255229949952,True,NV,0.9811694025993348,True
ISIC_0000275,NV,NV,0.950577199459076,True,NV,0.9726201891899108,True,NV,0.6330201029777527,True,NV,0.9890553951263428,True,MEL,0.4969101846218109,False,NV,0.7554464936256409,True
ISIC_0000285,MEL,MEL,0.8373953700065613,True,NV,0.8878645300865173,False,NV,0.6352430582046509,False,NV,0.6260350942611694,False,MEL,0.9599390625953674,True,NV,0.6195139288902283,False
ISIC_0000293,MEL,MEL,0.9989637136459352,True,MEL,0.999861478805542,True,MEL,0.9992421865463256,True,MEL,0.9863532781600952,True,MEL,0.9998260140419006,True,MEL,0.99955815076828,True
ISIC_0000336,NV,NV,0.9685974717140198,True,NV,0.980371117591858,True,NV,0.5729667544364929,True,NV,0.9385846853256226,True,MEL,0.7256236672401428,False,NV,0.9303138256072998,True
ISIC_0000351,NV,NV,0.7453871369361877,True,NV,0.9856033325195312,True,NV,0.8557541370391846,True,NV,0.9079578518867492,True,NV,0.96687650680542,True,NV,0.9658402800559998,True
ISIC_0000407_downsampled,NV,NV,0.7797132134437561,True,NV,0.8450917601585388,True,NV,0.5537381768226624,True,NV,0.7164000868797302,True,NV,0.9965953230857848,True,NV,0.6992489695549011,True
ISIC_0000418_downsampled,NV,NV,0.9746530652046204,True,MEL,0.6687712073326111,False,NV,0.9470391869544984,True,NV,0.7339734435081482,True,NV,0.9838719367980956,True,NV,0.635431170463562,True
ISIC_0000433_downsampled,NV,NV,0.9544639587402344,True,NV,0.9999160766601562,True,NV,0.953722596168518,True,NV,0.6364584565162659,True,NV,0.9926689863204956,True,NV,0.6407749056816101,True
ISIC_0000442_downsampled,NV,NV,0.9027941823005676,True,NV,0.7577480673789978,True,NV,0.8565887808799744,True,NV,0.8151294589042664,True,NV,0.9351230263710022,True,NV,0.7854441404342651,True
ISIC_0000498,NV,NV,0.9682241678237916,True,NV,0.9528900980949402,True,NV,0.9149850606918336,True,NV,0.7023782730102539,True,NV,0.998556673526764,True,NV,0.9843116402626038,True
ISIC_0000506,NV,NV,0.7468287944793701,True,NV,0.9972206354141236,True,NV,0.9887547492980956,True,NV,0.7369911670684814,True,NV,0.9978247880935668,True,NV,0.8188639879226685,True
ISIC_0000510,NV,NV,0.991628885269165,True,NV,0.9999957084655762,True,NV,0.9998445510864258,True,NV,0.9600371718406676,True,NV,0.9981697797775269,True,NV,0.9978671073913574,True
ISIC_0000523,NV,NV,0.515317440032959,True,SCC,0.5645197033882141,False,MEL,0.5644758343696594,False,NV,0.7308623790740967,True,BCC,0.979661464691162,False,SCC,0.5130774974822998,False
ISIC_0001184_downsampled,NV,NV,0.9827010035514832,True,NV,0.9999996423721312,True,NV,0.9695824384689332,True,NV,0.9744488000869752,True,NV,0.9999583959579468,True,NV,0.986067831516266,True
ISIC_0001960_downsampled,NV,NV,0.9999966621398926,True,NV,0.9999632835388184,True,NV,0.9992879033088684,True,NV,0.9951627254486084,True,NV,0.9998886585235596,True,NV,0.9997579455375672,True
ISIC_0002287_downsampled,NV,NV,0.9982752799987792,True,NV,1.0,True,NV,0.9990313053131104,True,NV,0.9994903802871704,True,NV,0.9998053908348083,True,NV,0.9997360110282898,True
ISIC_0002871_downsampled,NV,NV,0.999118983745575,True,NV,0.970998764038086,True,NV,0.9730415940284728,True,NV,0.996023654937744,True,NV,0.9994768500328064,True,NV,0.999912977218628,True
ISIC_0003728_downsampled,NV,NV,0.999969720840454,True,NV,1.0,True,NV,0.9976577758789062,True,NV,0.9966734647750854,True,NV,0.9119383692741394,True,BKL,0.765216052532196,False
ISIC_0006326_downsampled,NV,NV,0.9987275004386902,True,NV,1.0,True,NV,0.9996823072433472,True,NV,0.9912137389183044,True,NV,0.999708354473114,True,NV,0.9997267127037048,True
ISIC_0007528_downsampled,NV,NV,0.9995821118354796,True,NV,1.0,True,NV,0.9999449253082277,True,NV,0.9994475245475768,True,NV,0.994247555732727,True,NV,0.9994032382965088,True
ISIC_0008294_downsampled,NV,NV,0.9997711777687072,True,NV,1.0,True,NV,0.999991774559021,True,NV,0.9997196793556212,True,NV,0.9999723434448242,True,NV,0.9999653100967408,True
ISIC_0009297_downsampled,NV,NV,0.9999878406524658,True,NV,1.0,True,NV,0.9996033310890198,True,NV,0.992883324623108,True,NV,0.999988317489624,True,NV,0.999987006187439,True
ISIC_0009943,NV,NV,0.9990900754928588,True,NV,0.999942183494568,True,NV,0.9977466464042664,True,NV,0.9661310911178588,True,NV,0.9998536109924316,True,NV,0.9032540321350098,True
ISIC_0010038,NV,NV,0.9993470311164856,True,NV,0.9995343685150146,True,NV,0.9999252557754515,True,NV,0.9749607443809508,True,NV,0.9958927631378174,True,NV,0.9972665309906006,True
ISIC_0010319,MEL,BKL,0.9978100657463074,False,NV,0.5057949423789978,False,MEL,0.8171848058700562,True,MEL,0.6056840419769287,True,MEL,0.4672214090824127,True,NV,0.7253149151802063,False
ISIC_0010342,NV,NV,0.9678747057914734,True,NV,0.9901334047317504,True,MEL,0.894001841545105,False,NV,0.5791340470314026,True,NV,0.994082510471344,True,NV,0.9447898864746094,True
ISIC_0010351,NV,MEL,0.575678288936615,False,MEL,0.4676997661590576,False,NV,0.6635304093360901,True,MEL,0.8527725338935852,False,MEL,0.7374895215034485,False,NV,0.7587804794311523,True
ISIC_0010364,MEL,MEL,0.6645380854606628,True,NV,0.7146126627922058,False,NV,0.9303272366523744,False,MEL,0.61688631772995,True,NV,0.8233926296234131,False,NV,0.7156819105148315,False
ISIC_0010370,NV,NV,0.9999438524246216,True,NV,0.9999986886978148,True,NV,0.9999946355819702,True,NV,0.9984768033027648,True,NV,0.9999488592147828,True,NV,0.9989883303642272,True
ISIC_0010456,NV,NV,0.9996596574783324,True,NV,0.9999151229858398,True,NV,0.960934042930603,True,NV,0.9365555047988892,True,NV,0.9996393918991088,True,NV,0.9990730285644532,True
ISIC_0010459,NV,NV,0.9999339580535888,True,NV,0.999997854232788,True,NV,0.9919484853744508,True,NV,0.9975281357765198,True,NV,0.999104917049408,True,NV,0.9956024885177612,True
ISIC_0010466,MEL,MEL,0.768506646156311,True,NV,0.9378426671028136,False,MEL,0.7589187026023865,True,NV,0.4905883371829986,False,NV,0.9924048781394958,False,NV,0.6081103682518005,False
ISIC_0010565,NV,NV,0.9811514019966124,True,NV,0.9884738326072692,True,NV,0.6478263139724731,True,NV,0.6377441883087158,True,NV,0.9591512084007264,True,NV,0.935103952884674,True
ISIC_0010575,NV,NV,0.959276020526886,True,NV,0.9996486902236938,True,NV,0.9994001388549804,True,NV,0.7592053413391113,True,NV,0.9679607152938844,True,NV,0.9909061193466188,True
ISIC_0010587,MEL,NV,0.9994543194770812,False,NV,0.9714146852493286,False,NV,0.928380012512207,False,NV,0.721165120601654,False,NV,0.7646512985229492,False,NV,0.8298084139823914,False
ISIC_0010863,MEL,MEL,0.6046810150146484,True,NV,0.9932628273963928,False,NV,0.6234713792800903,False,NV,0.9324999451637268,False,MEL,0.6012552380561829,True,NV,0.6930127143859863,False
ISIC_0011107,NV,NV,0.9711560606956482,True,MEL,0.8385539054870605,False,NV,0.938330054283142,True,NV,0.9833347201347352,True,NV,0.9818493723869324,True,NV,0.7599742412567139,True
ISIC_0011139,MEL,NV,0.6352030038833618,False,NV,0.9168127179145812,False,NV,0.5768926739692688,False,MEL,0.5916597843170166,True,NV,0.7374821305274963,False,NV,0.6024184226989746,False
ISIC_0011143,NV,NV,0.999800741672516,True,NV,0.9999678134918212,True,NV,0.9981324076652528,True,NV,0.997307538986206,True,NV,0.9872124791145324,True,NV,0.9235065579414368,True
ISIC_0011159,NV,MEL,0.9308451414108276,False,NV,0.8805882930755615,True,MEL,0.7748148441314697,False,NV,0.6011587977409363,True,NV,0.6651648879051208,True,MEL,0.5261597633361816,False
ISIC_0011161,MEL,SCC,0.9985573887825012,False,SCC,0.9998021721839904,False,SCC,0.9859409928321838,False,SCC,0.9964839220046996,False,MEL,0.9629135131835938,True,MEL,0.5491634011268616,True
ISIC_0011229,NV,NV,0.9607900381088256,True,NV,0.9996871948242188,True,NV,0.8712453246116638,True,NV,0.9682549238204956,True,NV,0.6965806484222412,True,NV,0.927290976047516,True
ISIC_0011305,MEL,NV,0.452970415353775,False,NV,0.9979230761528016,False,NV,0.5706538558006287,False,MEL,0.8002574443817139,True,AK,0.5357987880706787,False,NV,0.9121941924095154,False
ISIC_0011339,NV,NV,0.9910593628883362,True,NV,0.9999994039535522,True,NV,0.9911112189292908,True,NV,0.9965540170669556,True,NV,0.9974589943885804,True,NV,0.960864782333374,True
ISIC_0011361,NV,NV,0.9999898672103882,True,NV,0.9999903440475464,True,NV,0.9884881377220154,True,NV,0.9963698387145996,True,NV,0.996041774749756,True,NV,0.9982343912124634,True
ISIC_0012118_downsampled,NV,NV,0.9313015937805176,True,NV,0.985503077507019,True,NV,0.8800070881843567,True,NV,0.9618575572967528,True,NV,0.991269588470459,True,NV,0.8667450547218323,True
ISIC_0012179_downsampled,NV,NV,0.8372945785522461,True,NV,0.9927480816841124,True,MEL,0.5719045400619507,False,NV,0.5424542427062988,True,MEL,0.9596916437149048,False,NV,0.5745605826377869,True
ISIC_0012203_downsampled,NV,NV,0.9935958981513976,True,NV,0.9993127584457396,True,NV,0.7779493927955627,True,NV,0.9696447253227234,True,NV,0.9957507848739624,True,NV,0.9872670769691468,True
ISIC_0012313_downsampled,NV,NV,0.8178950548171997,True,NV,0.6757156848907471,True,NV,0.6542056202888489,True,NV,0.7920721769332886,True,NV,0.9927950501441956,True,NV,0.7904708385467529,True
ISIC_0012384_downsampled,NV,BKL,0.9338176250457764,False,BKL,0.7828015685081482,False,NV,0.6250573396682739,True,BKL,0.7889216542243958,False,BKL,0.9996285438537598,False,BKL,0.8148145079612732,False
ISIC_0012406_downsampled,NV,NV,0.9485204815864564,True,NV,0.8232659101486206,True,NV,0.8804962038993835,True,NV,0.947302520275116,True,NV,0.9965266585350036,True,NV,0.7102094888687134,True
ISIC_0012455_downsampled,BKL,MEL,0.9371163249015808,False,BKL,0.9992308616638184,True,BKL,0.9978524446487428,True,MEL,0.684035062789917,False,NV,0.8649424314498901,False,BKL,0.9420230388641356,True
ISIC_0012494_downsampled,NV,NV,0.7589859962463379,True,MEL,0.9255868792533876,False,NV,0.6046488881111145,True,NV,0.6750568747520447,True,NV,0.9924985766410828,True,BKL,0.5933452248573303,False
ISIC_0012543_downsampled,BKL,BKL,0.99995756149292,True,BKL,0.9987457990646362,True,BKL,0.976548671722412,True,BKL,0.9862050414085388,True,BKL,0.9993640780448914,True,BKL,0.9989356398582458,True
ISIC_0012657_downsampled,NV,NV,0.96842223405838,True,NV,0.8543409705162048,True,BKL,0.6744989156723022,False,NV,0.9037579298019408,True,NV,0.9997195601463318,True,NV,0.9644351601600648,True
ISIC_0012666_downsampled,BKL,NV,0.7627532482147217,False,NV,0.8024320602416992,False,NV,0.604122519493103,False,BKL,0.5191845893859863,True,NV,0.6402693390846252,False,BKL,0.7287209033966064,True
ISIC_0012684_downsampled,NV,NV,0.99457585811615,True,NV,0.9999860525131226,True,NV,0.8848480582237244,True,NV,0.9326307773590088,True,NV,0.9839343428611756,True,NV,0.947531282901764,True
ISIC_0012715_downsampled,MEL,MEL,0.8029170036315918,True,MEL,0.9989763498306274,True,MEL,0.9829223155975342,True,MEL,0.7445878982543945,True,MEL,0.9867267608642578,True,MEL,0.8744955062866211,True
ISIC_0012735_downsampled,NV,NV,0.7576695680618286,True,NV,0.6591731905937195,True,BKL,0.8208025097846985,False,NV,0.667046844959259,True,NV,0.9997110962867736,True,NV,0.5467336773872375,True
ISIC_0012876_downsampled,NV,NV,0.8782858848571777,True,NV,0.9793591499328612,True,NV,0.6610890030860901,True,NV,0.6864519715309143,True,NV,0.997710943222046,True,NV,0.9735851287841796,True
ISIC_0012879_downsampled,NV,NV,0.92374187707901,True,BKL,0.5732001662254333,False,NV,0.6469529867172241,True,BKL,0.7334159016609192,False,NV,0.9808387756347656,True,NV,0.5639169812202454,True
ISIC_0012902_downsampled,BKL,BKL,0.4724831879138946,True,MEL,0.9966805577278136,False,MEL,0.6472846865653992,False,MEL,0.8747125267982483,False,BKL,0.7178052663803101,True,BKL,0.6006017923355103,True
ISIC_0012903_downsampled,NV,BKL,0.9753212332725524,False,NV,0.9999407529830932,True,NV,0.9132681488990784,True,NV,0.9931776523590088,True,NV,0.9488534927368164,True,NV,0.9813441038131714,True
ISIC_0012932_downsampled,BKL,MEL,0.8774996399879456,False,BKL,0.8184675574302673,True,MEL,0.6404464244842529,False,BKL,0.9640103578567504,True,BKL,0.999373972415924,True,BKL,0.9096792340278624,True
ISIC_0012956_downsampled,NV,NV,0.9994567036628724,True,NV,0.9971444010734558,True,NV,0.7690853476524353,True,NV,0.8902338743209839,True,NV,0.9905778169631958,True,NV,0.7293522357940674,True
ISIC_0012976_downsampled,NV,NV,0.9468493461608888,True,NV,0.999935269355774,True,NV,0.7234609723091125,True,NV,0.9820952415466307,True,NV,0.9969719648361206,True,NV,0.9162752628326416,True
ISIC_0012987_downsampled,NV,NV,0.9723179340362548,True,BKL,0.8922757506370544,False,NV,0.6349847912788391,True,NV,0.6861017346382141,True,NV,0.9981308579444884,True,NV,0.6950694918632507,True
ISIC_0013000_downsampled,NV,NV,0.950263500213623,True,NV,0.9940840601921082,True,NV,0.7846229076385498,True,NV,0.8122810125350952,True,NV,0.9652356505393982,True,NV,0.8322757482528687,True
ISIC_0013027_downsampled,NV,NV,0.9798249006271362,True,NV,1.0,True,NV,0.9941774606704712,True,NV,0.996703803539276,True,NV,0.9999819993972778,True,NV,0.9423953890800476,True
ISIC_0013106_downsampled,NV,NV,0.9981991648674012,True,NV,0.8744319081306458,True,NV,0.7575746178627014,True,NV,0.9221912026405334,True,NV,0.9998592138290404,True,NV,0.9781299829483032,True
ISIC_0013132_downsampled,NV,NV,0.9976823329925536,True,NV,0.9855508804321288,True,NV,0.9324364066123962,True,NV,0.9967967867851256,True,NV,0.8784055709838867,True,NV,0.9655871391296388,True
ISIC_0013160_downsampled,BKL,BKL,0.9927567839622498,True,BKL,0.9986528158187866,True,MEL,0.6510171294212341,False,BKL,0.8630717992782593,True,BKL,0.985027551651001,True,BKL,0.994010329246521,True
ISIC_0013177_downsampled,BKL,BKL,0.9957045912742616,True,BKL,0.9988232254981996,True,BKL,0.993446409702301,True,BKL,0.9496414065361024,True,BKL,0.9997132420539856,True,BKL,0.9761461019515992,True
ISIC_0013227_downsampled,NV,BKL,0.8233432769775391,False,BKL,0.8955869078636169,False,NV,0.8740204572677612,True,BKL,0.6011872291564941,False,BKL,0.9998445510864258,False,BKL,0.6182859539985657,False
ISIC_0013302_downsampled,NV,NV,0.9503682851791382,True,NV,0.9616491794586182,True,BKL,0.5165750980377197,False,NV,0.9095189571380616,True,NV,0.9954196214675904,True,NV,0.8882609009742737,True
ISIC_0013316_downsampled,BKL,BKL,0.9999550580978394,True,BKL,0.9998812675476074,True,BKL,0.9976634979248048,True,BKL,0.99799782037735,True,BKL,0.9999698400497437,True,BKL,0.9980478286743164,True
ISIC_0013334_downsampled,MEL,MEL,0.8458017706871033,True,NV,0.68574458360672,False,MEL,0.9787828922271729,True,BKL,0.5468988418579102,False,MEL,0.6318000555038452,True,MEL,0.703092634677887,True
ISIC_0013335_downsampled,BKL,NV,0.7895013093948364,False,BKL,0.9982278943061828,True,BKL,0.6927646994590759,True,NV,0.6178656220436096,False,NV,0.9786348342895508,False,BKL,0.7443840503692627,True
ISIC_0013393_downsampled,BKL,NV,0.8645126223564148,False,NV,0.9915594458580016,False,BKL,0.4951717853546142,True,MEL,0.8373323082923889,False,BKL,0.9831300377845764,True,BKL,0.7665228843688965,True
ISIC_0013394_downsampled,NV,NV,0.9992076754570008,True,NV,0.9996650218963624,True,NV,0.6575842499732971,True,NV,0.9159234762191772,True,NV,0.9396330714225768,True,NV,0.8414228558540344,True
ISIC_0013424_downsampled,NV,NV,0.8228546380996704,True,NV,0.6023068428039551,True,NV,0.6529302597045898,True,NV,0.6903383731842041,True,BKL,0.9947969317436218,False,NV,0.5891508460044861,True
ISIC_0013530_downsampled,MEL,MEL,0.9481859803199768,True,MEL,0.934377133846283,True,MEL,0.8219881057739258,True,MEL,0.9077361226081848,True,MEL,0.9774431586265564,True,MEL,0.7268060445785522,True
ISIC_0013615_downsampled,MEL,MEL,0.9927339553833008,True,MEL,0.9981486797332764,True,MEL,0.9546034932136536,True,MEL,0.7696511745452881,True,MEL,0.9976855516433716,True,MEL,0.8556771874427795,True
ISIC_0013767_downsampled,MEL,MEL,0.8353055119514465,True,MEL,0.9834782481193542,True,MEL,0.964487075805664,True,MEL,0.8876254558563232,True,NV,0.8866649866104126,False,MEL,0.9279288053512572,True
ISIC_0013772_downsampled,NV,BKL,0.5588017106056213,False,NV,0.982519507408142,True,NV,0.966319501399994,True,NV,0.4519833624362945,True,NV,0.7628442645072937,True,NV,0.5558335185050964,True
ISIC_0013836_downsampled,NV,NV,0.9987032413482666,True,NV,0.9999945163726808,True,NV,0.9822966456413268,True,NV,0.9792282581329346,True,NV,0.999887228012085,True,NV,0.969696283340454,True
ISIC_0013984_downsampled,MEL,MEL,0.9086084961891174,True,MEL,0.9603318572044371,True,MEL,0.662018358707428,True,MEL,0.5289785861968994,True,MEL,0.7231891751289368,True,NV,0.7724416255950928,False
ISIC_0014032_downsampled,BKL,BKL,0.9983270764350892,True,BKL,0.981006681919098,True,MEL,0.7906906604766846,False,BKL,0.4714512228965759,True,BKL,0.9997616410255432,True,BKL,0.968353807926178,True
ISIC_0014129_downsampled,MEL,MEL,0.8762069940567017,True,MEL,0.9792266488075256,True,MEL,0.9756449460983276,True,MEL,0.8952078819274902,True,NV,0.9175305366516112,False,MEL,0.7419945001602173,True
ISIC_0014149_downsampled,NV,NV,0.8338238596916199,True,NV,0.9910853505134584,True,MEL,0.6183390617370605,False,BKL,0.5541989207267761,False,NV,0.9388167262077332,True,NV,0.6275562047958374,True
ISIC_0014158_downsampled,NV,NV,0.9420809149742126,True,NV,0.8322065472602844,True,NV,0.9744263887405396,True,BKL,0.6740705370903015,False,NV,0.9034435749053956,True,BKL,0.9034652709960938,False
ISIC_0014212_downsampled,BKL,BKL,0.9988144636154176,True,BKL,0.9996569156646729,True,BKL,0.9840046167373656,True,BKL,0.9773935079574584,True,BKL,0.9996211528778076,True,BKL,0.9704471230506896,True
ISIC_0014253_downsampled,NV,NV,0.9612817764282228,True,NV,0.9289571046829224,True,NV,0.8882514834403992,True,NV,0.9041045904159546,True,NV,0.9921839833259584,True,BKL,0.8328107595443726,False
ISIC_0014316_downsampled,MEL,MEL,0.9671410322189332,True,MEL,0.5563724040985107,True,MEL,0.8835987448692322,True,MEL,0.846208930015564,True,NV,0.9766737818717957,False,NV,0.5716856718063354,False
ISIC_0014328_downsampled,NV,BKL,0.6662781834602356,False,NV,0.805323600769043,True,MEL,0.6851031184196472,False,BKL,0.727661669254303,False,NV,0.8584768176078796,True,BKL,0.5886979699134827,False
ISIC_0014410_downsampled,BKL,BKL,0.9713936448097228,True,BKL,0.999631404876709,True,BKL,0.9967108964920044,True,BKL,0.9811655282974244,True,BKL,0.9807919859886168,True,BKL,0.9905961751937866,True
ISIC_0014441_downsampled,NV,MEL,0.8653593063354492,False,NV,0.5134386420249939,True,BKL,0.6065131425857544,False,BKL,0.3452046811580658,False,NV,0.9953240752220154,True,NV,0.5602494478225708,True
ISIC_0014506_downsampled,MEL,MEL,0.996985137462616,True,MEL,0.9992803931236268,True,MEL,0.986018180847168,True,MEL,0.8455877304077148,True,MEL,0.9515063166618348,True,MEL,0.9546717405319214,True
ISIC_0014537_downsampled,BKL,BKL,0.9998785257339478,True,BKL,0.9999054670333862,True,BKL,0.8832343816757202,True,BKL,0.9964134097099304,True,BKL,0.9999065399169922,True,BKL,0.9686176776885986,True
ISIC_0014548_downsampled,MEL,MEL,0.605600118637085,True,MEL,0.9747614860534668,True,MEL,0.9644041061401368,True,MEL,0.9022002220153807,True,MEL,0.5202760100364685,True,MEL,0.5656269788742065,True
ISIC_0014641_downsampled,BKL,BKL,0.9999912977218628,True,BKL,0.999959111213684,True,BKL,0.999541997909546,True,BKL,1.0,True,BKL,0.9998724460601808,True,BKL,0.9999992847442628,True
ISIC_0014652_downsampled,BKL,MEL,0.6790910363197327,False,BKL,0.9999771118164062,True,BKL,0.9990782737731934,True,BKL,0.9990177154541016,True,BKL,0.999964714050293,True,BKL,0.9999990463256836,True
ISIC_0014653_downsampled,BKL,BKL,1.0,True,BKL,0.9997705817222596,True,BKL,0.9998319149017334,True,BKL,0.999996542930603,True,BKL,0.9743028283119202,True,BKL,0.9999991655349731,True
ISIC_0014657_downsampled,NV,NV,0.9948425889015198,True,NV,0.9950377345085144,True,NV,0.9710737466812134,True,NV,0.949902594089508,True,NV,0.9999682903289796,True,NV,0.7674621343612671,True
ISIC_0014715_downsampled,NV,NV,0.8421428799629211,True,NV,0.9990792274475098,True,NV,0.6524547338485718,True,SCC,0.8330279588699341,False,NV,0.9599905014038086,True,NV,0.8881178498268127,True
ISIC_0014724_downsampled,NV,NV,0.6596091985702515,True,NV,0.8246219158172607,True,MEL,0.6377979516983032,False,NV,0.8329699635505676,True,NV,0.9969232678413392,True,NV,0.7060282230377197,True
ISIC_0014743_downsampled,NV,NV,0.9899647831916808,True,NV,0.999127209186554,True,NV,0.9960522055625916,True,NV,0.9954244494438172,True,NV,0.9560165405273438,True,NV,0.8489608764648438,True
ISIC_0014773_downsampled,NV,NV,0.9997233748435974,True,NV,1.0,True,NV,0.9986573457717896,True,NV,0.9995891451835632,True,NV,0.9998384714126588,True,NV,0.999596893787384,True
ISIC_0014806_downsampled,BKL,NV,0.9813609719276428,False,NV,0.6781847476959229,False,NV,0.9774364829063416,False,NV,0.6450915336608887,False,NV,0.992952048778534,False,NV,0.99349844455719,False
ISIC_0014908_downsampled,NV,NV,0.5926322937011719,True,NV,0.9957919120788574,True,NV,0.96437007188797,True,NV,0.976746678352356,True,NV,0.9998356103897096,True,NV,0.9911587834358216,True
ISIC_0014910_downsampled,NV,NV,0.9536179304122924,True,NV,0.9971867203712464,True,NV,0.9919379353523254,True,NV,0.9906574487686156,True,NV,0.998923122882843,True,NV,0.9886173605918884,True
ISIC_0014920_downsampled,MEL,NV,0.8140204548835754,False,NV,0.9173015356063844,False,NV,0.6389070749282837,False,NV,0.8104745149612427,False,NV,0.990631341934204,False,NV,0.9322252869606018,False
ISIC_0014927_downsampled,NV,NV,0.9993675351142884,True,NV,0.9999853372573853,True,NV,0.9818395972251892,True,NV,0.9988453388214112,True,NV,0.8958746194839478,True,NV,0.9955449104309082,True
ISIC_0014938_downsampled,NV,NV,0.5319893956184387,True,NV,0.9999114274978638,True,NV,0.6551613807678223,True,NV,0.9893847107887268,True,MEL,0.8907923102378845,False,NV,0.8988447785377502,True
ISIC_0014940_downsampled,NV,NV,0.9986836314201356,True,NV,0.999948501586914,True,NV,0.9962037205696106,True,NV,0.9860419631004332,True,NV,0.9999232292175292,True,NV,0.997383177280426,True
ISIC_0014949_downsampled,NV,NV,0.999969244003296,True,NV,1.0,True,NV,0.9997851252555848,True,NV,0.9994578957557678,True,NV,0.9999350309371948,True,NV,0.9998175501823424,True
ISIC_0014998_downsampled,NV,NV,0.9999592304229736,True,NV,0.9996801614761353,True,NV,0.9902825355529784,True,NV,0.9483875036239624,True,NV,0.9963453412055968,True,NV,0.998954176902771,True
ISIC_0015019_downsampled,NV,NV,0.9336018562316896,True,NV,0.7784876823425293,True,MEL,0.6798980832099915,False,NV,0.916106641292572,True,NV,0.9993270635604858,True,NV,0.9215357303619384,True
ISIC_0015113_downsampled,BKL,BKL,0.8701025247573853,True,BKL,0.9983698725700378,True,NV,0.9796176552772522,False,BKL,0.991120994091034,True,NV,0.9614428281784058,False,BKL,0.998924195766449,True
ISIC_0015118_downsampled,NV,NV,0.9888418912887572,True,NV,0.999271810054779,True,NV,0.9998013377189636,True,NV,0.92412930727005,True,NV,0.9999111890792848,True,NV,0.9874047040939332,True
ISIC_0015125_downsampled,NV,NV,0.725644052028656,True,NV,0.9991028308868408,True,NV,0.9733255505561828,True,NV,0.9575749039649964,True,NV,0.9888738393783568,True,NV,0.9938672184944152,True
ISIC_0015130_downsampled,NV,NV,0.6984289288520813,True,NV,0.9886159300804138,True,NV,0.9948782920837402,True,NV,0.738642692565918,True,NV,0.9986870884895324,True,NV,0.9507615566253662,True
ISIC_0015264_downsampled,NV,NV,0.7199040651321411,True,NV,1.0,True,NV,0.5768594145774841,True,NV,0.967972695827484,True,NV,0.8919339179992676,True,NV,0.7709035277366638,True
ISIC_0015330_downsampled,NV,NV,0.9995772242546082,True,NV,0.998995006084442,True,NV,0.9385672211647034,True,NV,0.9951830506324768,True,NV,0.9982789754867554,True,NV,0.9931641221046448,True
ISIC_0015357_downsampled,NV,NV,0.850257396697998,True,NV,0.999997854232788,True,NV,0.8625816106796265,True,NV,0.9683489203453064,True,NV,0.8532004356384277,True,NV,0.9998840093612672,True
ISIC_0015404_downsampled,NV,NV,0.9998041987419128,True,NV,0.9995044469833374,True,NV,0.9115627408027648,True,NV,0.9913220405578612,True,NV,0.5857143998146057,True,NV,0.9827041029930116,True
ISIC_0015938_downsampled,NV,NV,0.9993624091148376,True,NV,0.999995231628418,True,NV,0.9378554821014404,True,NV,0.9492910504341124,True,NV,0.9979750514030457,True,NV,0.8529558777809143,True
ISIC_0015952_downsampled,NV,NV,0.9988898634910583,True,NV,0.9783247113227844,True,BKL,0.5899010300636292,False,BKL,0.4593645632266998,False,NV,0.943979024887085,True,NV,0.8476872444152832,True
ISIC_0015966_downsampled,NV,NV,0.9769405126571656,True,NV,0.9999960660934448,True,NV,0.6267783641815186,True,NV,0.8499445915222168,True,NV,0.999703586101532,True,NV,0.7285013198852539,True
ISIC_0015967_downsampled,NV,NV,0.9980188608169556,True,NV,0.996892273426056,True,MEL,0.5484567284584045,False,NV,0.8781697154045105,True,NV,0.9992679953575134,True,BKL,0.6338465809822083,False
ISIC_0016043_downsampled,NV,NV,0.8515418171882629,True,NV,0.571000337600708,True,MEL,0.7203317284584045,False,VASC,0.5149732232093811,False,VASC,0.9984241724014282,False,NV,0.8343184590339661,True
ISIC_0016045_downsampled,NV,NV,0.9800761342048644,True,NV,0.8122552037239075,True,NV,0.9464316368103028,True,NV,0.972225308418274,True,NV,0.9994648098945618,True,NV,0.9383337497711182,True
ISIC_0016052_downsampled,NV,MEL,0.7199283242225647,False,NV,0.9490182995796204,True,MEL,0.8700132966041565,False,NV,0.7832537293434143,True,NV,0.8240712881088257,True,NV,0.6183094382286072,True
ISIC_0024341,NV,NV,0.9999986886978148,True,NV,0.999998927116394,True,NV,0.9999991655349731,True,NV,0.9999617338180542,True,NV,0.9999895095825196,True,NV,0.9999936819076538,True
ISIC_0024373,NV,NV,0.9995272159576416,True,NV,0.9998569488525392,True,NV,0.9807007312774658,True,NV,0.9993526339530944,True,NV,0.9999905824661256,True,NV,0.9997342228889464,True
ISIC_0024376,NV,NV,0.9998648166656494,True,NV,0.9999996423721312,True,NV,0.9922878742218018,True,NV,0.9995463490486144,True,NV,0.999963879585266,True,NV,0.9999539852142334,True
ISIC_0024384,NV,NV,0.99999737739563,True,NV,0.9999994039535522,True,NV,0.9998999834060668,True,NV,0.9999979734420776,True,NV,0.9999853372573853,True,NV,0.9999990463256836,True
ISIC_0024400,MEL,BKL,0.9996989965438844,False,MEL,0.7694227695465088,True,BKL,0.9743931293487548,False,BKL,0.999612271785736,False,BKL,0.9996740818023682,False,BKL,0.63265061378479,False
ISIC_0024403,BCC,BCC,0.9970847964286804,True,BCC,0.9997866749763488,True,BCC,0.9507576823234558,True,BCC,0.999675154685974,True,BCC,0.9032576680183412,True,SCC,0.821815013885498,False
ISIC_0024422,BKL,BKL,0.991692066192627,True,NV,0.6451901197433472,False,MEL,0.7793581485748291,False,NV,0.5124393701553345,False,NV,0.7934728860855103,False,NV,0.5375498533248901,False
ISIC_0024444,NV,NV,0.9999868869781494,True,NV,0.99997878074646,True,NV,0.9999818801879884,True,NV,0.9985828399658204,True,NV,0.9999898672103882,True,NV,0.99996817111969,True
ISIC_0024453,BKL,BKL,0.995417594909668,True,BKL,0.997739315032959,True,BKL,0.992069125175476,True,BKL,0.9684770107269288,True,BKL,0.9860594868659972,True,BKL,0.994207501411438,True
ISIC_0024459,MEL,BKL,0.6886484026908875,False,BKL,0.934016227722168,False,MEL,0.403720885515213,True,NV,0.7447181344032288,False,NV,0.7160269021987915,False,BKL,0.9852504134178162,False
ISIC_0024466,NV,BKL,0.9063009023666382,False,BKL,0.992097020149231,False,SCC,0.8487504124641418,False,MEL,0.4293322265148163,False,NV,0.7003971338272095,True,NV,0.8875619173049927,True
ISIC_0024477,BKL,BKL,0.9806463718414308,True,BKL,0.4047060906887054,True,MEL,0.5575029850006104,False,MEL,0.5850016474723816,False,BKL,0.7640954256057739,True,NV,0.3289618194103241,False
ISIC_0024501,NV,NV,0.9997803568840028,True,NV,0.9999972581863404,True,NV,0.9755340814590454,True,NV,0.9999986886978148,True,NV,0.9999805688858032,True,NV,0.9999805688858032,True
ISIC_0024543,NV,NV,0.9917586445808412,True,NV,0.999974250793457,True,NV,0.999987006187439,True,NV,0.998705506324768,True,NV,0.9999897480010986,True,NV,0.9976223111152648,True
ISIC_0024576,NV,NV,0.9999933242797852,True,NV,0.9999996423721312,True,NV,0.9981536269187928,True,NV,0.9994124174118042,True,NV,0.9999927282333374,True,NV,0.9999667406082152,True
ISIC_0024580,NV,NV,0.99905127286911,True,NV,0.9999972581863404,True,NV,0.9999995231628418,True,NV,0.997654378414154,True,NV,0.9998598098754884,True,NV,0.9999116659164428,True
ISIC_0024589,NV,NV,0.9996538162231444,True,NV,0.9999998807907104,True,NV,0.9999997615814208,True,NV,0.9999910593032836,True,NV,0.9999773502349854,True,NV,0.9999954700469972,True
ISIC_0024658,NV,NV,0.9998629093170166,True,NV,0.9999942779541016,True,NV,0.9998360872268676,True,NV,0.9988179802894592,True,NV,0.99998140335083,True,NV,0.9980282187461852,True
ISIC_0024718,NV,NV,0.9999709129333496,True,NV,0.9999747276306152,True,NV,0.9999656677246094,True,NV,0.9972416162490844,True,NV,0.9999794960021972,True,NV,0.9992542862892152,True
ISIC_0024730,NV,NV,0.861531138420105,True,NV,0.8615358471870422,True,NV,0.9309661984443665,True,NV,0.7679999470710754,True,NV,0.9916547536849976,True,NV,0.798434317111969,True
ISIC_0024742,NV,NV,0.9992833733558656,True,NV,0.999995231628418,True,NV,0.9961416125297546,True,NV,0.9964052438735962,True,NV,0.8252578973770142,True,NV,0.6354358196258545,True
ISIC_0024748,BKL,NV,0.999338448047638,False,NV,0.9978412389755248,False,NV,0.5044346451759338,False,NV,0.9909652471542358,False,NV,0.9979684948921204,False,NV,0.9999535083770752,False
ISIC_0024751,NV,NV,0.9257648587226868,True,NV,0.9950661659240724,True,NV,0.9997647404670716,True,NV,0.9986374974250792,True,NV,0.9999136924743652,True,NV,0.9999536275863647,True
ISIC_0024785,NV,NV,0.9996901750564576,True,NV,1.0,True,NV,0.9978131055831908,True,NV,0.9969202280044556,True,NV,0.998915195465088,True,NV,0.9998043179512024,True
ISIC_0024834,NV,NV,0.9990496039390564,True,NV,0.9999774694442748,True,NV,0.999338448047638,True,NV,0.9999030828475952,True,NV,0.999735414981842,True,NV,0.9987678527832032,True
ISIC_0024845,DF,DF,0.9999423027038574,True,DF,0.9998512268066406,True,DF,0.3551684916019439,True,DF,0.9854698181152344,True,DF,0.9872242212295532,True,DF,0.9997674822807312,True
ISIC_0024847,NV,NV,0.999846339225769,True,NV,0.9999997615814208,True,NV,0.9999582767486572,True,NV,0.992717981338501,True,NV,0.9982112646102904,True,NV,0.99995219707489,True
ISIC_0024864,MEL,MEL,0.9266454577445984,True,MEL,0.899403989315033,True,NV,0.8252809643745422,False,NV,0.6723225712776184,False,BKL,0.9345247149467468,False,NV,0.5902307033538818,False
ISIC_0024873,NV,NV,0.999987244606018,True,NV,0.999992609024048,True,NV,0.9967009425163268,True,NV,0.9999998807907104,True,NV,0.999988317489624,True,NV,0.9999954700469972,True
ISIC_0024889,NV,NV,0.999902844429016,True,NV,0.9999955892562866,True,NV,0.9995280504226683,True,NV,0.9978456497192384,True,NV,0.999755084514618,True,NV,0.999491810798645,True
ISIC_0024906,NV,NV,0.8244607448577881,True,NV,0.9799805283546448,True,NV,0.8879750370979309,True,NV,0.8313174843788147,True,NV,0.7907416224479675,True,NV,0.8643308281898499,True
ISIC_0024951,MEL,MEL,0.9757927060127258,True,MEL,0.9383269548416138,True,MEL,0.9750686287879944,True,MEL,0.8159111738204956,True,MEL,0.9994932413101196,True,MEL,0.9414704442024232,True
ISIC_0024969,NV,NV,0.9616621732711792,True,NV,0.9894981384277344,True,NV,0.9575928449630736,True,NV,0.7267175316810608,True,NV,0.7986764311790466,True,NV,0.5069634914398193,True
ISIC_0025023,NV,NV,0.9999254941940308,True,NV,0.9999964237213136,True,NV,0.9999330043792723,True,NV,0.9999333620071412,True,NV,0.9999537467956544,True,NV,0.9999855756759644,True
ISIC_0025041,NV,NV,0.9997462630271912,True,NV,0.9994327425956726,True,NV,0.9997901320457458,True,NV,0.999948263168335,True,NV,0.99367356300354,True,NV,0.9992067217826844,True
ISIC_0025045,NV,NV,0.9899846315383912,True,NV,0.9999990463256836,True,NV,0.9801335334777832,True,NV,0.9945083260536194,True,NV,0.9987139701843262,True,NV,0.9413896203041076,True
ISIC_0025058,NV,NV,0.999967098236084,True,NV,0.9999892711639404,True,NV,0.9999878406524658,True,NV,0.9999990463256836,True,NV,0.9998718500137328,True,NV,0.9999896287918092,True
ISIC_0025073,NV,MEL,0.4483206272125244,False,NV,0.7862765192985535,True,NV,0.6622555255889893,True,NV,0.7979937195777893,True,NV,0.9990680813789368,True,NV,0.6735246181488037,True
ISIC_0025077,NV,NV,0.9592291116714478,True,NV,0.9998762607574464,True,NV,0.9869183897972108,True,NV,0.989194393157959,True,NV,0.9991400241851808,True,NV,0.9784295558929444,True
ISIC_0025086,BKL,BKL,0.9157626032829284,True,BKL,0.991795003414154,True,BKL,0.9533670544624328,True,BKL,0.916191577911377,True,BKL,0.9998843669891356,True,BKL,0.8420566320419312,True
ISIC_0025091,NV,NV,0.999987244606018,True,NV,0.99999737739563,True,NV,0.9998723268508912,True,NV,0.999553382396698,True,NV,0.9999920129776,True,NV,0.9999916553497314,True
ISIC_0025100,NV,NV,0.9934425354003906,True,NV,0.9998257756233216,True,NV,0.9985929131507874,True,NV,0.9991313815116882,True,NV,0.999954104423523,True,NV,0.9957301020622252,True
ISIC_0025103,BKL,BKL,0.9987781643867492,True,BKL,0.9998356103897096,True,BKL,0.9970279335975648,True,BKL,0.9997034668922424,True,BKL,0.9999513626098632,True,BKL,0.9986854195594788,True
ISIC_0025130,SCC,AK,0.9290664792060852,False,SCC,0.984696626663208,True,SCC,0.6267752051353455,True,MEL,0.6094664335250854,False,BKL,0.7999517917633057,False,AK,0.9422171115875244,False
ISIC_0025138,NV,NV,0.9925476908683776,True,NV,1.0,True,NV,0.9872080683708192,True,NV,0.9985529780387878,True,NV,0.9999725818634032,True,NV,0.9985999464988708,True
ISIC_0025148,NV,BKL,0.796147882938385,False,NV,0.8927090764045715,True,NV,0.8186038136482239,True,NV,0.6298080682754517,True,NV,0.9837594032287598,True,NV,0.8429065942764282,True
ISIC_0025151,NV,NV,0.9999912977218628,True,NV,1.0,True,NV,0.9997825026512146,True,NV,0.9999998807907104,True,NV,0.9999191761016846,True,NV,0.999680995941162,True
ISIC_0025195,MEL,BKL,0.9999886751174928,False,MEL,0.9671434760093688,True,BKL,0.5546610355377197,False,BKL,0.7235773205757141,False,BKL,0.9986768364906312,False,BKL,0.3648337125778198,False
ISIC_0025219,MEL,MEL,0.991384744644165,True,MEL,0.9987589120864868,True,MEL,0.9294595718383788,True,MEL,0.8266552090644836,True,MEL,0.934433937072754,True,MEL,0.9617694616317748,True
ISIC_0025248,MEL,MEL,0.428763598203659,True,MEL,0.9398090839385986,True,BKL,0.7327510714530945,False,NV,0.7801833748817444,False,BKL,0.4332898557186126,False,MEL,0.5282517075538635,True
ISIC_0025251,NV,NV,0.999439299106598,True,NV,0.9999994039535522,True,NV,0.9992963075637816,True,NV,0.9990679621696472,True,NV,0.9998743534088136,True,NV,0.9997972846031188,True
ISIC_0025275,BKL,BKL,0.5061290860176086,True,NV,0.6605064272880554,False,VASC,0.9866601228713988,False,BKL,0.4783366918563843,True,NV,0.9909905195236206,False,NV,0.4549111127853393,False
ISIC_0025277,MEL,MEL,0.6983404755592346,True,MEL,0.9998748302459716,True,BKL,0.9128139019012452,False,BKL,0.9955345392227172,False,BKL,0.6460645794868469,False,MEL,0.7642157673835754,True
ISIC_0025289,NV,NV,0.8476520776748657,True,VASC,0.7710139751434326,False,NV,0.5892468094825745,True,VASC,0.4844543039798736,False,NV,0.9998990297317504,True,NV,0.8645883798599243,True
ISIC_0025300,NV,NV,0.98512864112854,True,NV,0.9932501316070556,True,NV,0.914556324481964,True,NV,0.9677870869636536,True,NV,0.9976859092712402,True,NV,0.8848771452903748,True
ISIC_0025357,NV,NV,0.9999183416366576,True,NV,0.9999713897705078,True,NV,0.9999914169311525,True,NV,0.9912885427474976,True,NV,0.9999790191650392,True,NV,0.9998525381088256,True
ISIC_0025359,NV,NV,0.9999136924743652,True,NV,0.999879002571106,True,NV,0.9994876384735109,True,NV,0.9999948740005492,True,NV,0.9999891519546508,True,NV,0.9999880790710448,True
ISIC_0025362,BCC,BCC,0.5102050304412842,True,BCC,0.9923049807548524,True,BCC,0.8796564340591431,True,BCC,0.9940195083618164,True,BCC,0.9998677968978882,True,BCC,0.9802778363227844,True
ISIC_0025364,NV,NV,0.9219053983688354,True,NV,0.9999791383743286,True,NV,0.9868733286857604,True,NV,0.9983727931976318,True,NV,0.9146366119384766,True,NV,0.9983598589897156,True
ISIC_0025379,NV,NV,0.9999107122421264,True,NV,0.9996660947799684,True,NV,0.9999880790710448,True,NV,0.9999085664749146,True,NV,0.9999808073043824,True,NV,0.9999958276748656,True
ISIC_0025415,NV,NV,0.9997320771217346,True,NV,0.9999942779541016,True,NV,0.9998145699501038,True,NV,0.999950647354126,True,NV,0.9999936819076538,True,NV,0.999969720840454,True
ISIC_0025417,BCC,BCC,0.7741870284080505,True,BCC,0.9686940908432008,True,BCC,0.9383122324943542,True,BCC,0.9830456972122192,True,BCC,0.999180018901825,True,BKL,0.6462615728378296,False
ISIC_0025478,NV,NV,0.9893109798431396,True,NV,0.9997928738594056,True,NV,0.9958661794662476,True,NV,0.9967522621154784,True,NV,0.9973828196525574,True,NV,0.9999728202819824,True
ISIC_0025480,NV,NV,0.999991774559021,True,NV,0.9999998807907104,True,NV,0.9999376535415648,True,NV,0.9995172023773192,True,NV,0.9999933242797852,True,NV,0.9999852180480956,True
ISIC_0025544,NV,NV,0.98698490858078,True,NV,0.9999971389770508,True,NV,0.8342188596725464,True,NV,0.8605763912200928,True,NV,0.999858021736145,True,NV,0.999853014945984,True
ISIC_0025574,NV,NV,0.9999877214431764,True,NV,0.9999862909317015,True,NV,0.999840259552002,True,NV,0.9992077946662904,True,NV,0.9999756813049316,True,NV,0.9999662637710572,True
ISIC_0025585,NV,NV,0.9998937845230104,True,NV,1.0,True,NV,0.999970555305481,True,NV,0.9999709129333496,True,NV,0.9999943971633912,True,NV,0.999992847442627,True
ISIC_0025602,NV,NV,0.999983549118042,True,NV,0.9999805688858032,True,NV,0.9995342493057252,True,NV,0.997308611869812,True,NV,0.9994589686393738,True,NV,0.9997348189353944,True
ISIC_0025673,NV,NV,0.999925971031189,True,NV,0.9997259974479676,True,NV,0.999426245689392,True,NV,0.9974157810211182,True,NV,0.9975135326385498,True,NV,0.9982208609580994,True
ISIC_0025699,BKL,BKL,0.549236536026001,True,MEL,0.5119104981422424,False,BKL,0.8909332752227783,True,NV,0.8003571629524231,False,NV,0.7464684844017029,False,NV,0.8151878118515015,False
ISIC_0025710,BKL,BKL,0.960181474685669,True,BKL,0.9974931478500366,True,BKL,0.9975696206092834,True,BKL,0.9988583326339722,True,BKL,0.9999611377716064,True,BKL,0.999426245689392,True
ISIC_0025721,NV,NV,0.9999419450759888,True,NV,1.0,True,NV,0.999601423740387,True,NV,0.9997172951698304,True,NV,0.99998676776886,True,NV,0.9999939203262328,True
ISIC_0025791,MEL,NV,0.9844485521316528,False,NV,0.996870219707489,False,NV,0.9251729846000672,False,NV,0.9250211715698242,False,NV,0.9964762330055236,False,NV,0.8465939164161682,False
ISIC_0025888,NV,NV,0.9999736547470092,True,NV,0.9999997615814208,True,NV,0.9999147653579712,True,NV,0.999173939228058,True,NV,0.9999853372573853,True,NV,0.999993085861206,True
ISIC_0025902,NV,NV,0.9389707446098328,True,NV,0.9988369345664978,True,NV,0.6963940262794495,True,NV,0.8128628730773926,True,NV,0.9943296313285828,True,NV,0.7943134903907776,True
ISIC_0025916,NV,NV,0.999996781349182,True,NV,0.9878318905830384,True,NV,0.9994122982025146,True,NV,0.9878359436988832,True,NV,0.999951958656311,True,NV,0.9983474016189576,True
ISIC_0025925,NV,NV,0.9640501141548156,True,NV,0.9999985694885254,True,NV,0.9890941977500916,True,NV,0.9990890026092528,True,NV,0.9987806677818298,True,NV,0.9998083710670472,True
ISIC_0025930,NV,NV,0.9988993406295776,True,NV,0.9999921321868896,True,NV,0.9997971653938292,True,NV,0.9973625540733336,True,NV,0.999956488609314,True,NV,0.9971388578414916,True
ISIC_0025931,NV,NV,0.9991214871406556,True,NV,0.9999593496322632,True,NV,0.9899107813835144,True,NV,0.9995369911193848,True,NV,0.9996304512023926,True,NV,0.9834096431732178,True
ISIC_0025935,NV,NV,0.9999953508377076,True,NV,0.9999991655349731,True,NV,0.996316134929657,True,NV,0.9991232752799988,True,NV,0.9810391664505004,True,NV,0.9997701048851012,True
ISIC_0025951,NV,NV,0.9996381998062134,True,NV,0.9999837875366212,True,NV,0.9897281527519226,True,NV,0.999072790145874,True,NV,0.999977707862854,True,NV,0.999902606010437,True
ISIC_0025956,NV,MEL,0.9689961075782776,False,MEL,0.900820791721344,False,BKL,0.4709706902503967,False,MEL,0.7611265778541565,False,MEL,0.7703433036804199,False,MEL,0.9950534701347352,False
ISIC_0025976,NV,NV,0.9998220801353456,True,NV,0.9999995231628418,True,NV,0.9998103976249696,True,NV,0.9993496537208556,True,NV,0.999988317489624,True,NV,0.9999397993087769,True
ISIC_0025986,BKL,NV,0.4354258179664612,False,MEL,0.9295352101325988,False,MEL,0.4973082840442657,False,MEL,0.6237067580223083,False,NV,0.7907243967056274,False,MEL,0.5398119688034058,False
ISIC_0026001,NV,NV,0.999040424823761,True,NV,1.0,True,NV,0.9999916553497314,True,NV,0.99972802400589,True,NV,0.999650239944458,True,NV,0.9999499320983888,True
ISIC_0026006,NV,NV,0.9990084767341614,True,NV,0.9998973608016968,True,NV,0.9706710577011108,True,NV,0.9423787593841552,True,NV,0.9999138116836548,True,NV,0.834456205368042,True
ISIC_0026037,NV,NV,0.92655611038208,True,MEL,0.5388522744178772,False,NV,0.9601368308067322,True,NV,0.6540126204490662,True,NV,0.5216118097305298,True,NV,0.9598607420921326,True
ISIC_0026064,NV,NV,0.9996700286865234,True,NV,0.999408721923828,True,NV,0.999996781349182,True,NV,0.9999712705612184,True,NV,0.9999778270721436,True,NV,0.9997143149375916,True
ISIC_0026081,MEL,MEL,0.7510164380073547,True,MEL,0.9893758296966552,True,NV,0.5291841626167297,False,MEL,0.5581597685813904,True,NV,0.7985197901725769,False,NV,0.7860351800918579,False
ISIC_0026097,NV,MEL,0.9845712184906006,False,MEL,0.8582252860069275,False,MEL,0.9203556180000304,False,MEL,0.5058557391166687,False,MEL,0.7889463901519775,False,MEL,0.6548885107040405,False
ISIC_0026123,NV,NV,0.4723910093307495,True,NV,0.9548552632331848,True,NV,0.6053169965744019,True,BCC,0.8756845593452454,False,MEL,0.6430827379226685,False,NV,0.794471025466919,True
ISIC_0026144,NV,NV,0.9999995231628418,True,NV,1.0,True,NV,0.9999995231628418,True,NV,0.9999971389770508,True,NV,0.9999880790710448,True,NV,0.9999992847442628,True
ISIC_0026146,NV,NV,0.9998764991760254,True,NV,0.9999865293502808,True,NV,0.9999921321868896,True,NV,0.9999556541442872,True,NV,0.9999808073043824,True,NV,0.9998792409896852,True
ISIC_0026161,NV,NV,0.9999839067459106,True,NV,1.0,True,NV,0.999990463256836,True,NV,0.9999080896377563,True,NV,0.999971866607666,True,NV,0.9999933242797852,True
ISIC_0026171,AK,BKL,0.998418927192688,False,BKL,0.9991751313209534,False,BKL,0.999830961227417,False,BKL,0.9997909665107728,False,BKL,0.9998373985290528,False,BKL,0.9526497721672058,False
ISIC_0026199,NV,NV,0.9999492168426514,True,NV,0.9999754428863524,True,NV,0.9561958909034728,True,NV,0.9979820251464844,True,NV,0.9999504089355468,True,NV,0.9978445768356324,True
ISIC_0026210,NV,NV,0.9837344884872437,True,NV,0.9998829364776612,True,NV,0.9992241859436036,True,NV,0.9974128603935242,True,NV,0.999816596508026,True,NV,0.8330941200256348,True
ISIC_0026213,BCC,BCC,0.999954342842102,True,BCC,0.9999969005584716,True,BCC,0.9999923706054688,True,BCC,0.999970316886902,True,BCC,0.9999797344207764,True,BCC,0.9989681243896484,True
ISIC_0026224,NV,NV,0.9999996423721312,True,NV,1.0,True,NV,0.9999997615814208,True,NV,0.9971875548362732,True,NV,0.9999388456344604,True,NV,0.999997615814209,True
ISIC_0026232,NV,NV,0.9862563014030457,True,NV,0.9960541725158693,True,NV,0.9999256134033204,True,NV,0.999323844909668,True,NV,0.9997298121452332,True,NV,0.9999877214431764,True
ISIC_0026245,BKL,BKL,0.482079416513443,True,NV,0.5702797770500183,False,NV,0.9517874121665956,False,NV,0.6958994269371033,False,NV,0.9852992296218872,False,NV,0.7894325852394104,False
ISIC_0026272,NV,NV,0.9997650980949402,True,NV,0.9999957084655762,True,NV,0.9997076392173768,True,NV,0.997549831867218,True,NV,0.9999833106994628,True,NV,0.9977018237113952,True
ISIC_0026273,BKL,BKL,0.4044079780578613,True,DF,0.904188632965088,False,BKL,0.7361244559288025,True,BKL,0.4848235547542572,True,BKL,0.5894569754600525,True,BKL,0.641544759273529,True
ISIC_0026274,NV,NV,0.9996334314346312,True,NV,0.9999985694885254,True,NV,0.999962329864502,True,NV,0.999906063079834,True,NV,0.9999918937683104,True,NV,0.9999933242797852,True
ISIC_0026280,BKL,BKL,0.999777615070343,True,BKL,0.9999116659164428,True,BKL,0.9946966171264648,True,BKL,0.9999748468399048,True,BKL,0.9999428987503052,True,BKL,0.989354133605957,True
ISIC_0026330,NV,MEL,0.7395345568656921,False,MEL,0.9324472546577454,False,MEL,0.8984690308570862,False,MEL,0.5908766984939575,False,NV,0.7607091665267944,True,MEL,0.7374991774559021,False
ISIC_0026338,NV,NV,0.999527096748352,True,NV,0.9999966621398926,True,NV,0.9998952150344848,True,NV,0.99944669008255,True,NV,0.999991536140442,True,NV,0.9999483823776244,True
ISIC_0026341,NV,NV,0.9745153784751892,True,NV,0.9978232383728028,True,NV,0.9774979948997498,True,NV,0.7695404291152954,True,NV,0.9688095450401306,True,NV,0.8590977787971497,True
ISIC_0026344,NV,NV,0.9966546297073364,True,NV,0.9999939203262328,True,NV,0.999979853630066,True,NV,0.999681830406189,True,NV,0.9996309280395508,True,NV,0.999830961227417,True
ISIC_0026357,NV,NV,0.9999905824661256,True,NV,1.0,True,NV,1.0,True,NV,0.9988303780555724,True,NV,0.9999725818634032,True,NV,0.9999067783355712,True
ISIC_0026393,VASC,VASC,0.9999983310699464,True,VASC,0.9999966621398926,True,VASC,0.9999122619628906,True,VASC,0.998233199119568,True,VASC,0.999986171722412,True,VASC,0.999997615814209,True
ISIC_0026414,NV,MEL,0.4548992216587066,False,MEL,0.8685972094535828,False,BKL,0.6362583041191101,False,MEL,0.6891155242919922,False,NV,0.5628467798233032,True,MEL,0.6400257349014282,False
ISIC_0026442,BCC,BCC,0.9999068975448608,True,BCC,0.9999947547912598,True,BCC,0.999931573867798,True,BCC,0.9999955892562866,True,BCC,0.9999786615371704,True,BCC,0.9964099526405334,True
ISIC_0026458,MEL,MEL,0.9954171180725098,True,MEL,0.9988693594932556,True,MEL,0.8887506127357483,True,MEL,0.5621753334999084,True,MEL,0.999301552772522,True,MEL,0.989385426044464,True
ISIC_0026468,AK,AK,0.9726515412330629,True,AK,0.9542346596717834,True,NV,0.4497205018997192,False,NV,0.900359570980072,False,NV,0.4466877281665802,False,AK,0.8340697288513184,True
ISIC_0026489,MEL,MEL,0.9028177857398988,True,MEL,0.9996129870414734,True,BCC,0.8554449081420898,False,MEL,0.948327660560608,True,MEL,0.8331074714660645,True,MEL,0.9462366104125975,True
ISIC_0026493,BKL,BKL,0.9840223789215088,True,MEL,0.5910276770591736,False,BKL,0.4548603892326355,True,MEL,0.9434407353401184,False,BKL,0.7843561768531799,True,BKL,0.4433816969394684,True
ISIC_0026495,NV,NV,0.9999383687973022,True,NV,0.999993085861206,True,NV,0.9996647834777832,True,NV,0.9994372725486756,True,NV,0.999981164932251,True,NV,0.999924659729004,True
ISIC_0026501,NV,NV,0.9979458451271056,True,NV,0.9999979734420776,True,NV,0.9944615960121156,True,NV,0.9918770790100098,True,NV,0.999648094177246,True,NV,0.988243043422699,True
ISIC_0026510,NV,NV,0.944294273853302,True,NV,1.0,True,NV,0.9989973902702332,True,NV,0.999840259552002,True,NV,0.9999879598617554,True,NV,0.9997889399528505,True
ISIC_0026528,BCC,VASC,0.5656090378761292,False,DF,0.7695747017860413,False,DF,0.99989914894104,False,BCC,0.7369499802589417,True,NV,0.4214273393154144,False,BCC,0.4601202011108398,True
ISIC_0026543,NV,NV,0.9999772310256958,True,NV,0.999948024749756,True,NV,0.999800145626068,True,NV,0.9994329810142516,True,NV,0.9992780089378356,True,NV,0.9913442134857178,True
ISIC_0026550,NV,NV,0.9860454201698304,True,NV,0.9999903440475464,True,NV,0.9994046688079834,True,NV,0.9955978989601136,True,NV,0.9998525381088256,True,NV,0.9997532963752748,True
ISIC_0026579,NV,NV,0.9999886751174928,True,NV,0.9999997615814208,True,NV,0.9999951124191284,True,NV,0.9998589754104614,True,NV,0.9996589422225952,True,NV,0.9999946355819702,True
ISIC_0026602,NV,NV,0.999961256980896,True,NV,1.0,True,NV,0.9999977350234984,True,NV,0.9997922778129578,True,NV,0.9999637603759766,True,NV,0.999996781349182,True
ISIC_0026606,BKL,MEL,0.6364428997039795,False,MEL,0.6626557111740112,False,NV,0.5433804988861084,False,BKL,0.3932689726352691,True,NV,0.7919936180114746,False,NV,0.4839358031749725,False
ISIC_0026630,NV,NV,0.9997937083244324,True,NV,0.9999841451644896,True,NV,0.9999955892562866,True,NV,0.9997324347496032,True,NV,0.999972939491272,True,NV,0.9999356269836426,True
ISIC_0026637,BKL,NV,0.8800624012947083,False,NV,0.9960346817970276,False,MEL,0.8961122632026672,False,MEL,0.8550429940223694,False,MEL,0.6235601902008057,False,BKL,0.8890718221664429,True
ISIC_0026651,NV,NV,0.9951274394989014,True,NV,0.997454822063446,True,NV,0.9991124272346495,True,NV,0.9968994855880736,True,NV,0.9999920129776,True,NV,0.999804675579071,True
ISIC_0026678,NV,NV,0.9877381324768066,True,NV,0.9999979734420776,True,NV,0.7145275473594666,True,NV,0.9991412162780762,True,NV,0.98334002494812,True,NV,0.9844614863395692,True
ISIC_0026738,MEL,BKL,0.7474929690361023,False,MEL,0.5750836133956909,True,MEL,0.7431725263595581,True,MEL,0.9223200678825378,True,BKL,0.9986684322357178,False,MEL,0.7904542684555054,True
ISIC_0026767,NV,NV,0.9983856678009032,True,NV,0.999979853630066,True,NV,0.9931291341781616,True,NV,0.99673992395401,True,NV,0.999951720237732,True,NV,0.9998971223831176,True
ISIC_0026776,NV,NV,0.9999951124191284,True,NV,0.9999895095825196,True,NV,0.9998548030853271,True,NV,0.9999030828475952,True,NV,0.9999938011169434,True,NV,0.9999940395355223,True
ISIC_0026823,MEL,MEL,0.9858853816986084,True,MEL,0.991309642791748,True,MEL,0.996522068977356,True,MEL,0.9087062478065492,True,BKL,0.8123457431793213,False,MEL,0.5555015802383423,True
ISIC_0026830,NV,NV,0.8196569681167603,True,NV,0.99997878074646,True,NV,0.9935901165008544,True,NV,0.9968932867050172,True,NV,0.999816119670868,True,NV,0.9999862909317015,True
ISIC_0026843,BKL,NV,0.8908905982971191,False,BKL,0.7015314698219299,True,BKL,0.8498198390007019,True,NV,0.9152423739433287,False,NV,0.996625542640686,False,NV,0.8658924698829651,False
ISIC_0026856,NV,NV,0.9999996423721312,True,NV,1.0,True,NV,0.9999984502792358,True,NV,0.9999986886978148,True,NV,0.9999922513961792,True,NV,0.9999990463256836,True
ISIC_0026864,NV,NV,0.9999858140945436,True,NV,0.9999988079071044,True,NV,0.9973438382148744,True,NV,0.9999995231628418,True,NV,0.9999855756759644,True,NV,0.999993085861206,True
ISIC_0026905,AK,BKL,0.9690178036689758,False,BKL,0.9997199177742004,False,SCC,0.7027045488357544,False,BKL,0.4002651870250702,False,BKL,0.9999042749404908,False,BKL,0.9861913919448853,False
ISIC_0026912,BKL,BKL,0.9491447806358336,True,BKL,0.999445140361786,True,BKL,0.9920112490653992,True,BKL,0.9988773465156556,True,BKL,0.99985671043396,True,BKL,0.9985983967781068,True
ISIC_0026952,BCC,BCC,0.9995660185813904,True,BCC,0.9955452680587769,True,BCC,0.9997463822364808,True,BCC,0.9997125267982484,True,BCC,0.99953293800354,True,BCC,0.9986863732337952,True
ISIC_0026971,NV,NV,0.998295247554779,True,NV,1.0,True,NV,0.9958868622779846,True,NV,0.9995337724685668,True,NV,0.9989026784896852,True,NV,0.999974250793457,True
ISIC_0026983,NV,NV,0.98630952835083,True,NV,0.9999939203262328,True,NV,0.9993434548377992,True,NV,0.9983599781990052,True,NV,0.9991021156311036,True,NV,0.9991087317466736,True
ISIC_0027042,BKL,BKL,0.9979191422462464,True,BKL,0.9983047246932985,True,BKL,0.996384859085083,True,BKL,0.8457353711128235,True,BKL,0.9696409106254578,True,BKL,0.9990154504776,True
ISIC_0027093,BCC,BCC,0.9787009358406068,True,BCC,0.7883490920066833,True,BCC,0.5807850360870361,True,BCC,0.9703968167304992,True,BCC,0.9501581192016602,True,BCC,0.9152422547340392,True
ISIC_0027127,NV,NV,0.923599898815155,True,NV,0.9639556407928468,True,NV,0.6095576286315918,True,NV,0.6565545201301575,True,NV,0.9997714161872864,True,NV,0.8370265960693359,True
ISIC_0027133,NV,NV,0.9973669648170472,True,NV,0.9905142784118652,True,NV,0.7358174324035645,True,NV,0.5342913866043091,True,NV,0.9878512024879456,True,NV,0.5877500176429749,True
ISIC_0027135,BCC,BCC,0.9909610152244568,True,BCC,0.9999226331710817,True,BCC,0.9979706406593324,True,BCC,0.9982801675796508,True,NV,0.9429665803909302,False,BCC,0.8330066800117493,True
ISIC_0027155,MEL,NV,0.5160022974014282,False,NV,0.9010019302368164,False,NV,0.7362433671951294,False,MEL,0.6038744449615479,True,MEL,0.6334336400032043,True,MEL,0.4797425866127014,True
ISIC_0027164,NV,NV,0.953965961933136,True,NV,0.9999977350234984,True,NV,0.9953521490097046,True,NV,0.9977432489395142,True,NV,0.9994877576828004,True,NV,0.9959200620651244,True
ISIC_0027179,MEL,MEL,0.718372642993927,True,NV,0.9172470569610596,False,MEL,0.957589328289032,True,MEL,0.7285750508308411,True,DF,0.7274271249771118,False,MEL,0.6861819624900818,True
ISIC_0027226,NV,NV,0.9964364767074584,True,NV,0.920261800289154,True,NV,0.9092538952827454,True,NV,0.513696551322937,True,NV,0.9997159838676452,True,NV,0.7630384564399719,True
ISIC_0027252,NV,NV,0.9999959468841552,True,NV,0.9999673366546632,True,NV,0.9786958694458008,True,NV,0.9858511090278624,True,NV,0.999817430973053,True,NV,0.9967173933982848,True
ISIC_0027261,MEL,BCC,0.9935989379882812,False,BCC,0.5630491971969604,False,BCC,0.979121208190918,False,BCC,0.9268731474876404,False,BKL,0.9773708581924438,False,MEL,0.5933130979537964,True
ISIC_0027322,NV,NV,0.9995284080505372,True,NV,0.9999994039535522,True,NV,0.9889477491378784,True,NV,0.997603476047516,True,NV,0.998934805393219,True,NV,0.9995328187942504,True
ISIC_0027332,BKL,NV,0.9995101690292358,False,NV,0.6434439420700073,False,DF,0.7896724939346313,False,NV,0.9848259687423706,False,NV,0.990276575088501,False,NV,0.973630428314209,False
ISIC_0027392,BKL,BKL,0.99997079372406,True,AK,0.9706531763076782,False,BCC,0.9488393664360046,False,BKL,0.4586952626705169,True,AK,0.708184003829956,False,BKL,0.6762158870697021,True
ISIC_0027402,MEL,NV,0.9787575602531432,False,NV,0.9986854195594788,False,MEL,0.430578738451004,True,MEL,0.5071550011634827,True,NV,0.9996371269226074,False,NV,0.7736467719078064,False
ISIC_0027408,NV,NV,0.6116375923156738,True,NV,0.9992539286613464,True,NV,0.5898368954658508,True,NV,0.9205371141433716,True,NV,0.9361264109611512,True,MEL,0.7020554542541504,False
ISIC_0027467,NV,NV,0.9959491491317748,True,NV,0.9998587369918824,True,NV,0.9985610842704772,True,NV,0.9765190482139589,True,NV,0.994795858860016,True,NV,0.9817455410957336,True
ISIC_0027473,BCC,BCC,0.9987406134605408,True,BCC,0.9938904047012328,True,BCC,0.985405445098877,True,BCC,0.9990032315254213,True,BCC,0.6719644069671631,True,BCC,0.9628620147705078,True
ISIC_0027487,MEL,MEL,0.8959981799125671,True,MEL,0.7460905313491821,True,MEL,0.8036160469055176,True,MEL,0.8538963794708252,True,MEL,0.9302070140838624,True,MEL,0.8882197141647339,True
ISIC_0027518,NV,NV,0.9976212382316588,True,NV,0.9950900077819824,True,NV,0.9983125925064088,True,NV,0.9965720176696776,True,NV,0.9998412132263184,True,NV,0.999563992023468,True
ISIC_0027535,NV,BKL,0.7056005001068115,False,MEL,0.8926845192909241,False,MEL,0.5891219973564148,False,BKL,0.4744491875171661,False,MEL,0.539856493473053,False,MEL,0.4594921469688415,False
ISIC_0027554,NV,NV,0.8316269516944885,True,NV,0.9999957084655762,True,NV,0.9868987798690796,True,NV,0.835887610912323,True,BKL,0.6877470016479492,False,NV,0.9714953899383544,True
ISIC_0027563,VASC,VASC,0.9181385636329652,True,VASC,0.9998860359191896,True,VASC,0.9979121088981628,True,VASC,0.9999772310256958,True,VASC,0.9995096921920776,True,VASC,0.9998306035995485,True
ISIC_0027569,NV,NV,0.9995976090431212,True,NV,0.9990053772926332,True,NV,0.9953151941299438,True,NV,0.9647793769836426,True,NV,0.995426595211029,True,NV,0.8798452019691467,True
ISIC_0027576,NV,NV,0.997865617275238,True,NV,0.9999414682388306,True,NV,0.9929311275482178,True,NV,0.9994117021560668,True,NV,0.9999948740005492,True,NV,0.9999885559082032,True
ISIC_0027607,NV,MEL,0.995198667049408,False,MEL,0.8883810043334961,False,BKL,0.4607411921024322,False,MEL,0.4389064908027649,False,MEL,0.7068185806274414,False,MEL,0.9809430241584778,False
ISIC_0027615,AK,BKL,0.5690035820007324,False,BKL,0.989633560180664,False,BKL,0.4709847569465637,False,SCC,0.4693813025951385,False,BKL,0.9981254935264589,False,BKL,0.9527588486671448,False
ISIC_0027619,NV,NV,0.9890123605728148,True,NV,0.9983515739440918,True,NV,0.9998924732208252,True,NV,0.9976752400398254,True,NV,0.9999459981918336,True,NV,0.9924444556236268,True
ISIC_0027669,MEL,MEL,0.9504035711288452,True,MEL,0.9694068431854248,True,MEL,0.97698712348938,True,MEL,0.966658353805542,True,MEL,0.8999575972557068,True,MEL,0.9383758306503296,True
ISIC_0027693,MEL,NV,0.6909697651863098,False,MEL,0.5194225907325745,True,NV,0.851413369178772,False,NV,0.6876040101051331,False,MEL,0.7015326619148254,True,NV,0.6140062808990479,False
ISIC_0027696,NV,NV,0.9999747276306152,True,NV,0.999992609024048,True,NV,0.9999938011169434,True,NV,0.9994890689849854,True,NV,0.9997910857200624,True,NV,0.9998780488967896,True
ISIC_0027697,NV,NV,0.9643263220787048,True,NV,0.9844533801078796,True,NV,0.845960259437561,True,NV,0.6493666172027588,True,NV,0.999680519104004,True,NV,0.7266934514045715,True
ISIC_0027752,NV,NV,0.9950870871543884,True,NV,0.998401939868927,True,NV,0.9952911138534546,True,NV,0.9612205028533936,True,NV,0.99792742729187,True,NV,0.9986472725868224,True
ISIC_0027767,SCC,NV,0.8366654515266418,False,NV,0.3772165179252624,False,BKL,0.5069742202758789,False,BCC,0.7896349430084229,False,NV,0.9888747930526732,False,SCC,0.8599652647972107,True
ISIC_0027784,NV,NV,0.544609010219574,True,NV,0.9810201525688172,True,NV,0.7794215679168701,True,NV,0.7731271982192993,True,NV,0.9868740439414978,True,NV,0.9208849668502808,True
ISIC_0027811,BKL,BKL,0.99970680475235,True,BKL,0.9993224143981934,True,BKL,0.9896026253700256,True,BKL,0.9651838541030884,True,BKL,0.9995844960212708,True,BKL,0.9923336505889891,True
ISIC_0027819,BCC,BCC,0.6990121603012085,True,NV,0.6562737822532654,False,VASC,0.977259397506714,False,BCC,0.9990046620368958,True,BCC,0.7713686227798462,True,NV,0.8513060212135315,False
ISIC_0027824,NV,NV,0.9999994039535522,True,NV,1.0,True,NV,0.9999232292175292,True,NV,0.99999737739563,True,NV,0.999981164932251,True,NV,0.9999979734420776,True
ISIC_0027831,BKL,BKL,0.9999107122421264,True,BKL,0.9995144605636596,True,BKL,0.998963475227356,True,BKL,0.9999614953994752,True,BKL,0.9997463822364808,True,BKL,0.998446762561798,True
ISIC_0027848,NV,NV,0.9906018972396852,True,NV,0.9865877032279968,True,NV,0.5518351793289185,True,MEL,0.7163930535316467,False,NV,0.9956188797950744,True,NV,0.7725900411605835,True
ISIC_0027902,NV,NV,0.9973737001419068,True,NV,0.8470689058303833,True,NV,0.8483712673187256,True,NV,0.6600922346115112,True,NV,0.9996817111968994,True,NV,0.7602296471595764,True
ISIC_0027911,NV,NV,0.793918788433075,True,BKL,0.6366630792617798,False,BKL,0.5649734139442444,False,NV,0.7815496325492859,True,MEL,0.8570823073387146,False,BKL,0.6789062023162842,False
ISIC_0027923,NV,NV,0.9971585273742676,True,NV,1.0,True,NV,0.9983604550361632,True,NV,0.9994787573814392,True,NV,0.9963573813438416,True,NV,0.99882835149765,True
ISIC_0027949,NV,MEL,0.9042072296142578,False,MEL,0.6959261894226074,False,MEL,0.8645603656768799,False,MEL,0.8547955751419067,False,MEL,0.6610544919967651,False,MEL,0.5094850063323975,False
ISIC_0027959,NV,MEL,0.5587513446807861,False,NV,0.9353455305099488,True,MEL,0.6083977222442627,False,NV,0.8311859369277954,True,NV,0.8129070401191711,True,NV,0.6904184222221375,True
ISIC_0027965,NV,NV,0.9981300234794616,True,NV,0.998418927192688,True,NV,0.9997510313987732,True,NV,0.9991981387138368,True,NV,0.999936819076538,True,NV,0.9999606609344482,True
ISIC_0028035,BCC,BCC,0.9897158741950988,True,BCC,0.995345413684845,True,BCC,0.9976847171783448,True,BCC,0.998397171497345,True,BCC,0.9770436882972716,True,BCC,0.8661321997642517,True
ISIC_0028036,NV,NV,0.949012577533722,True,NV,0.9967010617256165,True,NV,0.9007946848869324,True,NV,0.9498305320739746,True,NV,0.9980364441871644,True,NV,0.9911030530929564,True
ISIC_0028041,MEL,MEL,0.9593364596366882,True,MEL,0.8431487083435059,True,DF,0.6425555944442749,False,MEL,0.5905669331550598,True,DF,0.8892978429794312,False,MEL,0.7358392477035522,True
ISIC_0028075,MEL,MEL,0.8846921920776367,True,MEL,0.998453974723816,True,MEL,0.9915701150894164,True,MEL,0.9793146848678588,True,BKL,0.952564299106598,False,MEL,0.9238579273223876,True
ISIC_0028111,NV,NV,0.9973588585853576,True,NV,0.9999994039535522,True,NV,0.9383177161216736,True,NV,0.9964614510536194,True,NV,0.9999865293502808,True,NV,0.9947524070739746,True
ISIC_0028118,NV,NV,0.5154117941856384,True,NV,0.7255246043205261,True,NV,0.6864815950393677,True,NV,0.5918524861335754,True,NV,0.777635395526886,True,NV,0.8254061937332153,True
ISIC_0028132,SCC,BCC,0.9952184557914734,False,BCC,0.9998279809951782,False,BCC,0.9993956089019777,False,BCC,0.999942421913147,False,BCC,0.986027717590332,False,BCC,0.642001748085022,False
ISIC_0028161,NV,NV,0.9980825185775756,True,NV,0.9998375177383424,True,NV,0.9980573058128356,True,NV,0.978203296661377,True,NV,0.9999431371688844,True,NV,0.9980981945991516,True
ISIC_0028179,NV,MEL,0.941792905330658,False,MEL,0.8067100048065186,False,MEL,0.5865629315376282,False,NV,0.9067550897598268,True,BCC,0.4108783006668091,False,BCC,0.8702492117881775,False
ISIC_0028191,NV,NV,0.9998254179954528,True,NV,1.0,True,NV,0.9998495578765868,True,NV,0.9976215958595276,True,NV,0.9998780488967896,True,NV,0.9997819066047668,True
ISIC_0028192,NV,NV,0.997787356376648,True,NV,0.9999997615814208,True,NV,0.999993085861206,True,NV,0.999992609024048,True,NV,0.9998841285705566,True,NV,0.9992725253105164,True
ISIC_0028195,NV,NV,0.5033106207847595,True,NV,0.8417267203330994,True,BKL,0.8632514476776123,False,NV,0.67997807264328,True,NV,0.996489942073822,True,NV,0.8844793438911438,True
ISIC_0028216,NV,SCC,0.8833274841308594,False,SCC,0.9911051392555236,False,SCC,0.5342953205108643,False,NV,0.6092837452888489,True,NV,0.5696390867233276,True,MEL,0.5025741457939148,False
ISIC_0028241,NV,NV,0.995784342288971,True,NV,0.9997677206993104,True,NV,0.9894369840621948,True,NV,0.9985639452934264,True,NV,0.994518220424652,True,NV,0.9997504353523254,True
ISIC_0028244,NV,NV,0.9999136924743652,True,NV,0.9999964237213136,True,NV,0.9999731779098512,True,NV,0.999309778213501,True,NV,0.9999728202819824,True,NV,0.9998962879180908,True
ISIC_0028247,NV,NV,0.8049986958503723,True,NV,0.9041728377342224,True,NV,0.8413984775543213,True,NV,0.526763916015625,True,NV,0.9996967315673828,True,NV,0.8967700004577637,True
ISIC_0028252,NV,NV,0.9879921674728394,True,NV,0.999995231628418,True,NV,0.9662185311317444,True,NV,0.5868058800697327,True,NV,0.9957885146141052,True,NV,0.8506786227226257,True
ISIC_0028317,MEL,BKL,0.5020073652267456,False,MEL,0.996557116508484,True,BKL,0.9024015069007874,False,MEL,0.8968568444252014,True,MEL,0.9282091856002808,True,BKL,0.9127116799354552,False
ISIC_0028415,MEL,MEL,0.9695590138435364,True,NV,0.7819729447364807,False,MEL,0.6909651756286621,True,NV,0.6484507322311401,False,MEL,0.9882938861846924,True,MEL,0.6280989646911621,True
ISIC_0028416,NV,NV,0.9996192455291748,True,NV,0.9967141151428224,True,NV,0.9996135830879213,True,NV,0.9996488094329834,True,NV,0.9999449253082277,True,NV,0.999809205532074,True
ISIC_0028455,NV,NV,0.999298334121704,True,NV,0.9999699592590332,True,NV,0.9995014667510986,True,NV,0.9888096451759338,True,NV,0.9999194145202636,True,NV,0.9999210834503174,True
ISIC_0028462,NV,NV,0.9999555349349976,True,NV,1.0,True,NV,0.999990463256836,True,NV,0.999314308166504,True,NV,0.9985005855560304,True,NV,0.9998729228973388,True
ISIC_0028505,MEL,MEL,0.5741986632347107,True,NV,0.4963350296020508,False,BCC,0.4299954771995544,False,MEL,0.7359388470649719,True,MEL,0.6120454668998718,True,MEL,0.9906139373779296,True
ISIC_0028546,NV,NV,0.9965794682502748,True,NV,0.999998927116394,True,NV,0.999778926372528,True,NV,0.9998860359191896,True,NV,0.999943733215332,True,NV,0.9999898672103882,True
ISIC_0028550,BKL,MEL,0.9523339867591858,False,MEL,0.607989490032196,False,MEL,0.879356324672699,False,MEL,0.659766674041748,False,MEL,0.9052767753601074,False,MEL,0.5148724913597107,False
ISIC_0028555,BKL,BKL,0.998808979988098,True,BKL,0.8369907140731812,True,BKL,0.9872924089431764,True,BKL,0.9935600757598876,True,BKL,0.9956988096237184,True,BKL,0.9882178902626038,True
ISIC_0028582,MEL,NV,0.902603268623352,False,MEL,0.7898147106170654,True,MEL,0.9393641948699952,True,MEL,0.7808699011802673,True,NV,0.9869534373283386,False,MEL,0.644343376159668,True
ISIC_0028595,NV,NV,0.976769208908081,True,NV,0.9998362064361572,True,NV,0.9978347420692444,True,NV,0.9998003840446472,True,NV,0.9999394416809082,True,NV,0.9994114637374878,True
ISIC_0028653,BCC,BCC,0.9927814602851868,True,BKL,0.8731142282485962,False,BCC,0.9733179807662964,True,BCC,0.9639158844947816,True,BCC,0.9982219338417052,True,BCC,0.7208945155143738,True
ISIC_0028655,MEL,BKL,0.6527858972549438,False,MEL,0.697465181350708,True,BKL,0.4181775748729706,False,BKL,0.3664754927158355,False,NV,0.6733609437942505,False,MEL,0.79759281873703,True
ISIC_0028658,NV,NV,0.6379328370094299,True,NV,0.9445846676826476,True,NV,0.984630286693573,True,MEL,0.5155066251754761,False,NV,0.9971227049827576,True,NV,0.8582926392555237,True
ISIC_0028671,BCC,BCC,0.9934102892875672,True,BCC,0.999837040901184,True,BCC,0.937497854232788,True,BCC,0.993543028831482,True,MEL,0.8556554317474365,False,MEL,0.6519307494163513,False
ISIC_0028711,NV,NV,0.996367335319519,True,NV,0.9998952150344848,True,NV,0.9983030557632446,True,NV,0.9765942692756652,True,NV,0.9997485280036926,True,NV,0.999823272228241,True
ISIC_0028756,NV,NV,0.9908111095428468,True,NV,0.9999990463256836,True,NV,0.9961628913879396,True,NV,0.9653478264808656,True,NV,0.9613991975784302,True,NV,0.8368293046951294,True
ISIC_0028764,MEL,MEL,0.844078540802002,True,MEL,0.8958439826965332,True,MEL,0.6103516221046448,True,MEL,0.860328197479248,True,BKL,0.4607164859771728,False,MEL,0.3460934460163116,True
ISIC_0028767,NV,MEL,0.9036137461662292,False,MEL,0.9981075525283812,False,MEL,0.7880538702011108,False,NV,0.5632901191711426,True,MEL,0.996981680393219,False,MEL,0.5981891751289368,False
ISIC_0028779,NV,NV,0.996173083782196,True,NV,0.9999991655349731,True,NV,0.9949323534965516,True,NV,0.9849655628204346,True,NV,0.9985913634300232,True,NV,0.997852087020874,True
ISIC_0028796,NV,NV,0.9999799728393556,True,NV,1.0,True,NV,0.9992185831069946,True,NV,0.9997742772102356,True,NV,0.999909520149231,True,NV,0.9999561309814452,True
ISIC_0028805,NV,NV,0.9993911981582642,True,NV,0.9999994039535522,True,NV,0.9854110479354858,True,NV,0.999828577041626,True,NV,0.9999161958694458,True,NV,0.9999687671661376,True
ISIC_0028839,NV,NV,0.999955415725708,True,NV,0.999990940093994,True,NV,0.997736930847168,True,NV,0.9999840259552002,True,NV,0.9999889135360718,True,NV,0.999996304512024,True
ISIC_0028845,NV,NV,0.999995231628418,True,NV,0.9999924898147584,True,NV,0.9999828338623048,True,NV,0.999693751335144,True,NV,0.9999933242797852,True,NV,0.9999516010284424,True
ISIC_0028849,NV,NV,0.9585916996002196,True,NV,0.6339234709739685,True,MEL,0.6156458854675293,False,NV,0.5474935173988342,True,NV,0.9676585793495178,True,NV,0.8296505808830261,True
ISIC_0028881,BKL,BKL,0.996908962726593,True,BKL,0.961984634399414,True,AK,0.5881609916687012,False,BKL,0.8937708735466003,True,BKL,0.990519881248474,True,BKL,0.7443886995315552,True
ISIC_0028935,NV,NV,0.6966601610183716,True,NV,0.9998658895492554,True,NV,0.8682365417480469,True,NV,0.9614285230636596,True,NV,0.8699674606323242,True,NV,0.9381930232048036,True
ISIC_0028947,NV,NV,0.9618348479270936,True,NV,0.9994356036186218,True,NV,0.9767158627510072,True,NV,0.8794065713882446,True,NV,0.9999812841415404,True,NV,0.9459769129753112,True
ISIC_0028957,NV,NV,0.999754011631012,True,NV,0.9999958276748656,True,NV,0.9997569918632508,True,NV,0.9940505623817444,True,NV,0.9998464584350586,True,NV,0.997032642364502,True
ISIC_0028958,BKL,BKL,0.9729363918304444,True,BKL,0.9983141422271729,True,BKL,0.5063633918762207,True,BKL,0.9999879598617554,True,BKL,0.7512222528457642,True,BKL,0.9794501066207886,True
ISIC_0028965,MEL,MEL,0.9995071887969972,True,MEL,0.9986633062362672,True,MEL,0.8606231212615967,True,MEL,0.9532155990600586,True,MEL,0.9996024966239928,True,BKL,0.9824907183647156,False
ISIC_0028971,NV,NV,0.9935799837112428,True,NV,0.9753587245941162,True,NV,0.8930294513702393,True,NV,0.9546297192573548,True,BKL,0.7100315093994141,False,MEL,0.4044415652751922,False
ISIC_0028988,NV,NV,0.992480993270874,True,NV,0.9929742813110352,True,NV,0.9259286522865297,True,MEL,0.6182482242584229,False,NV,0.9996604919433594,True,BKL,0.4084053337574005,False
ISIC_0028990,AK,BKL,0.3161842226982116,False,BKL,0.9972503781318665,False,MEL,0.8776913285255432,False,MEL,0.8681578040122986,False,BKL,0.9951435327529908,False,SCC,0.3091855943202972,False
ISIC_0028999,NV,MEL,0.7379018068313599,False,NV,0.9396909475326538,True,MEL,0.8815458416938782,False,NV,0.8568087816238403,True,NV,0.924192190170288,True,NV,0.7101147174835205,True
ISIC_0029012,BKL,BKL,0.7924549579620361,True,NV,0.5194418430328369,False,NV,0.5445923805236816,False,BKL,0.9115981459617616,True,BKL,0.9955381155014038,True,BKL,0.9266571402549744,True
ISIC_0029017,MEL,NV,0.9457738399505616,False,NV,0.950075626373291,False,MEL,0.5678895115852356,True,NV,0.6189853549003601,False,NV,0.8291259407997131,False,NV,0.6181820631027222,False
ISIC_0029021,MEL,MEL,0.8115592002868652,True,NV,0.7661181688308716,False,MEL,0.6286978125572205,True,NV,0.5054513812065125,False,NV,0.6323906779289246,False,NV,0.503583550453186,False
ISIC_0029080,BKL,BKL,0.879370391368866,True,BKL,0.7983871102333069,True,BKL,0.9430749416351318,True,BKL,0.7633702158927917,True,BKL,0.9991488456726074,True,BKL,0.8300243020057678,True
ISIC_0029088,NV,NV,0.9993250370025636,True,NV,0.9584757089614868,True,NV,0.99210923910141,True,NV,0.9720550775527954,True,NV,0.9999884366989136,True,NV,0.9998854398727416,True
ISIC_0029101,BKL,BKL,0.9972352385520936,True,BKL,0.9998089671134948,True,BKL,0.4406673908233642,True,BKL,0.9626299738883972,True,BKL,0.9998164772987366,True,BKL,0.781912088394165,True
ISIC_0029112,NV,NV,0.9997207522392272,True,NV,0.99997878074646,True,NV,0.9997498393058776,True,NV,0.9918839931488036,True,NV,0.9999920129776,True,NV,0.9999557733535768,True
ISIC_0029150,NV,NV,0.9999570846557616,True,NV,0.9999656677246094,True,NV,0.997073531150818,True,NV,0.9993287324905396,True,NV,0.9488152265548706,True,NV,0.9995996356010436,True
ISIC_0029161,BKL,BKL,0.9986405968666076,True,BKL,0.999517560005188,True,VASC,0.9394403100013732,False,VASC,0.7521020174026489,False,BKL,0.7271728515625,True,BKL,0.9866926074028016,True
ISIC_0029216,MEL,MEL,0.98438823223114,True,MEL,0.8411219716072083,True,BCC,0.9628854393959044,False,MEL,0.8380862474441528,True,MEL,0.9308523535728456,True,NV,0.8785462975502014,False
ISIC_0029301,BKL,NV,0.6104278564453125,False,MEL,0.9890974760055542,False,MEL,0.6190145611763,False,MEL,0.8998733758926392,False,NV,0.9751596450805664,False,MEL,0.5399143099784851,False
ISIC_0029311,BKL,BKL,0.9999402761459352,True,BKL,0.9982896447181702,True,BKL,0.9471932649612428,True,BKL,0.999129831790924,True,BKL,0.989273488521576,True,BKL,0.9970420002937316,True
ISIC_0029323,BCC,BCC,0.7894613146781921,True,SCC,0.9348500967025756,False,BCC,0.846247673034668,True,BCC,0.9428622722625732,True,NV,0.7955530881881714,False,BCC,0.9786810278892516,True
ISIC_0029362,SCC,BCC,0.9621679186820984,False,BCC,0.9706517457962036,False,BCC,0.9998743534088136,False,BCC,0.9999405145645142,False,BCC,0.8736341595649719,False,BCC,0.6260157823562622,False
ISIC_0029376,NV,NV,0.999974250793457,True,NV,0.999996781349182,True,NV,0.9996925592422484,True,NV,0.9997428059577942,True,NV,0.9999855756759644,True,NV,0.9999958276748656,True
ISIC_0029385,NV,NV,0.9663727283477784,True,NV,0.9995177984237672,True,NV,0.89743971824646,True,NV,0.9900984168052672,True,NV,0.9778786897659302,True,NV,0.9907748103141784,True
ISIC_0029420,BKL,BKL,0.9999600648880004,True,BKL,0.9909874796867372,True,BKL,0.977316915988922,True,BKL,0.9995939135551452,True,BKL,0.9982549548149108,True,BKL,0.9613816738128662,True
ISIC_0029436,NV,NV,0.9749167561531068,True,NV,0.9190614223480223,True,NV,0.9997016787528992,True,NV,0.9993593096733092,True,NV,0.8304853439331055,True,NV,0.9974810481071472,True
ISIC_0029442,NV,NV,0.9789872765541076,True,NV,1.0,True,NV,0.9999486207962036,True,NV,0.984339952468872,True,NV,0.9933978319168092,True,NV,0.9998486042022704,True
ISIC_0029561,NV,NV,0.999986171722412,True,NV,0.9999998807907104,True,NV,0.9999351501464844,True,NV,0.999815046787262,True,NV,0.9992992877960204,True,NV,0.9999629259109496,True
ISIC_0029568,BKL,BKL,0.9964244961738586,True,NV,0.5229649543762207,False,BKL,0.9889677166938782,True,NV,0.5990731716156006,False,MEL,0.9830693006515504,False,BKL,0.8855918645858765,True
ISIC_0029584,NV,NV,0.9999998807907104,True,NV,1.0,True,NV,0.999990940093994,True,NV,0.9982964396476746,True,NV,0.9999825954437256,True,NV,0.9999943971633912,True
ISIC_0029592,NV,NV,0.9986538887023926,True,NV,0.9972583055496216,True,NV,0.9908758401870728,True,NV,0.9793574810028076,True,NV,0.9909921884536744,True,NV,0.9715580344200134,True
ISIC_0029599,NV,NV,0.9994176626205444,True,NV,0.999831199645996,True,NV,0.9875544905662536,True,NV,0.9989784955978394,True,NV,0.9982263445854188,True,NV,0.9949597120285034,True
ISIC_0029617,BKL,NV,0.6717543601989746,False,NV,0.8035476207733154,False,MEL,0.5171875357627869,False,NV,0.7459326386451721,False,NV,0.999133050441742,False,NV,0.8131942749023438,False
ISIC_0029628,NV,NV,0.9999772310256958,True,NV,0.9999997615814208,True,NV,0.9999902248382568,True,NV,0.99906986951828,True,NV,0.9990346431732178,True,NV,0.9999147653579712,True
ISIC_0029641,NV,NV,0.5346984267234802,True,NV,0.9595872163772584,True,BCC,0.4389981627464294,False,NV,0.6911740899085999,True,NV,0.9988890290260316,True,NV,0.5539442896842957,True
ISIC_0029683,BKL,BKL,0.7199825048446655,True,BKL,0.9999730587005616,True,BKL,0.9736658334732056,True,MEL,0.8910252451896667,False,BKL,0.9218628406524658,True,MEL,0.9384799599647522,False
ISIC_0029700,NV,NV,0.9998891353607178,True,NV,1.0,True,NV,0.9988829493522644,True,NV,0.9998339414596558,True,NV,0.9999934434890748,True,NV,0.999987244606018,True
ISIC_0029732,NV,NV,0.9999116659164428,True,NV,0.9998996257781982,True,NV,0.999843955039978,True,NV,0.994899332523346,True,NV,0.9999912977218628,True,NV,0.9999792575836182,True
ISIC_0029739,NV,NV,0.9999899864196776,True,NV,1.0,True,NV,0.9998125433921814,True,NV,0.9995883107185364,True,NV,0.9999161958694458,True,NV,0.9999672174453736,True
ISIC_0029774,NV,NV,0.9999890327453612,True,NV,0.9999827146530152,True,NV,0.9999996423721312,True,NV,0.9995883107185364,True,NV,0.9999892711639404,True,NV,0.9999992847442628,True
ISIC_0029799,NV,NV,0.9914922118186952,True,NV,0.991510272026062,True,NV,0.9760896563529968,True,NV,0.9996318817138672,True,NV,0.9999350309371948,True,NV,0.9981009364128112,True
ISIC_0029806,NV,NV,0.999929666519165,True,NV,1.0,True,NV,0.9999982118606568,True,NV,0.9999794960021972,True,NV,0.9999829530715942,True,NV,0.9999942779541016,True
ISIC_0029810,BKL,BKL,0.7044424414634705,True,BKL,0.5101454854011536,True,AK,0.539909303188324,False,BKL,0.9286165237426758,True,BKL,0.9213459491729736,True,AK,0.5587189793586731,False
ISIC_0029854,NV,NV,0.7378040552139282,True,NV,0.9984001517295836,True,BKL,0.6411728858947754,False,BCC,0.8833146691322327,False,NV,0.6853116750717163,True,BKL,0.8406436443328857,False
ISIC_0029873,NV,NV,0.9981960654258728,True,NV,1.0,True,NV,0.9938833713531494,True,NV,0.999461591243744,True,NV,0.9996579885482788,True,NV,0.9999665021896362,True
ISIC_0029906,NV,NV,0.999715268611908,True,NV,0.999945878982544,True,NV,0.9887675642967224,True,NV,0.9982328414916992,True,NV,0.9999669790267944,True,NV,0.9983099699020386,True
ISIC_0029915,AK,DF,0.9771579504013062,False,DF,0.8426308035850525,False,MEL,0.5655202865600586,False,NV,0.6544784307479858,False,BCC,0.998244047164917,False,NV,0.809368371963501,False
ISIC_0029928,NV,NV,0.9998873472213744,True,NV,1.0,True,NV,0.9999996423721312,True,NV,0.9987965822219848,True,NV,0.9999876022338868,True,NV,0.9999884366989136,True
ISIC_0029944,NV,NV,0.9886257648468018,True,NV,1.0,True,NV,0.9981269240379332,True,NV,0.9872663617134094,True,NV,0.970693826675415,True,NV,0.996292531490326,True
ISIC_0030000,NV,NV,0.9958146214485168,True,NV,0.9997242093086244,True,NV,0.9824821949005128,True,NV,0.9709880948066713,True,NV,0.9995748400688172,True,NV,0.9674479961395264,True
ISIC_0030005,BKL,AK,0.7189513444900513,False,BKL,0.9121857285499572,True,BKL,0.4596047103404999,True,BKL,0.9960035681724548,True,BKL,0.8244544267654419,True,AK,0.7776764631271362,False
ISIC_0030031,MEL,MEL,0.5192435383796692,True,NV,0.630119264125824,False,BKL,0.6139122843742371,False,BKL,0.5143885016441345,False,BKL,0.933728575706482,False,BKL,0.8406103849411011,False
ISIC_0030075,NV,NV,0.9999756813049316,True,NV,0.9999949932098388,True,NV,0.9999988079071044,True,NV,0.9999918937683104,True,NV,0.9999562501907348,True,NV,0.99998939037323,True
ISIC_0030091,NV,NV,0.7207183837890625,True,NV,0.9123708009719848,True,MEL,0.4221472144126892,False,BKL,0.8081132173538208,False,BKL,0.6900849342346191,False,NV,0.784797191619873,True
ISIC_0030097,NV,NV,0.9999924898147584,True,NV,0.999983549118042,True,NV,0.9991716146469116,True,NV,0.9999576807022096,True,NV,0.9999845027923584,True,NV,0.9999754428863524,True
ISIC_0030106,MEL,MEL,0.9857327938079834,True,MEL,0.7613967061042786,True,MEL,0.9597246050834656,True,MEL,0.8794204592704773,True,MEL,0.999370276927948,True,MEL,0.8949279189109802,True
ISIC_0030112,NV,NV,0.9999765157699584,True,NV,0.999982476234436,True,NV,1.0,True,NV,0.9999741315841676,True,NV,0.9999936819076538,True,NV,0.9999881982803344,True
ISIC_0030136,NV,NV,0.9999668598175048,True,NV,0.9999947547912598,True,NV,0.9999916553497314,True,NV,0.9856297373771667,True,NV,0.9999277591705322,True,NV,0.999626398086548,True
ISIC_0030138,BCC,BCC,0.9979857206344604,True,BCC,0.9973541498184204,True,BCC,0.9943759441375732,True,BCC,0.9036648869514464,True,BCC,0.9903464913368224,True,BCC,0.955813467502594,True
ISIC_0030168,NV,NV,0.9866148829460144,True,NV,0.9081451892852784,True,NV,0.8795076012611389,True,NV,0.7754259705543518,True,NV,0.8714457154273987,True,NV,0.987902820110321,True
ISIC_0030173,BKL,BKL,0.995125949382782,True,BKL,0.9978725910186768,True,BKL,0.9946300983428956,True,BKL,0.981295883655548,True,BKL,0.9975950121879578,True,BKL,0.9965718984603882,True
ISIC_0030191,SCC,SCC,0.9552724957466124,True,SCC,0.9826196432113647,True,MEL,0.6435241103172302,False,SCC,0.9744994044303894,True,BKL,0.9978227615356444,False,MEL,0.4331567585468292,False
ISIC_0030240,BKL,BKL,0.9977974891662598,True,BKL,0.9989990592002868,True,BKL,0.9694580435752868,True,BKL,0.9444734454154968,True,BKL,0.9995220899581908,True,BKL,0.8104972839355469,True
ISIC_0030260,NV,MEL,0.3557611405849457,False,MEL,0.9969978332519532,False,MEL,0.6069622039794922,False,BKL,0.6734863519668579,False,NV,0.8444324731826782,True,MEL,0.7815855145454407,False
ISIC_0030269,NV,NV,0.9995015859603882,True,NV,0.9999998807907104,True,NV,0.9993042945861816,True,NV,0.9993423819541932,True,NV,0.9896745085716248,True,NV,0.9999613761901855,True
ISIC_0030270,NV,NV,0.9997703433036804,True,NV,0.9999995231628418,True,NV,1.0,True,NV,0.9999957084655762,True,NV,0.9999827146530152,True,NV,0.9999992847442628,True
ISIC_0030322,NV,NV,0.9975516200065612,True,NV,0.9975243210792542,True,NV,0.9737555384635924,True,NV,0.9951171875,True,NV,0.9882163405418396,True,NV,0.9996570348739624,True
ISIC_0030351,NV,NV,0.999789297580719,True,NV,0.9999382495880128,True,NV,0.9939329028129578,True,NV,0.9995802044868468,True,NV,0.9998199343681335,True,NV,0.9999275207519532,True
ISIC_0030354,NV,NV,0.9906490445137024,True,NV,0.975567102432251,True,NV,0.9485720992088318,True,NV,0.9503493309020996,True,NV,0.997179627418518,True,NV,0.8425791263580322,True
ISIC_0030366,MEL,NV,0.7000455260276794,False,NV,0.5607081055641174,False,NV,0.8570948243141174,False,NV,0.5245887041091919,False,NV,0.979848563671112,False,NV,0.9491043090820312,False
ISIC_0030381,NV,NV,0.9998942613601683,True,NV,0.9999837875366212,True,NV,0.9995455145835876,True,NV,0.9995943903923036,True,NV,0.9999780654907228,True,NV,0.9999781847000122,True
ISIC_0030391,MEL,NV,0.8518611192703247,False,NV,0.6369836330413818,False,NV,0.8470779061317444,False,NV,0.6380249857902527,False,NV,0.8284714221954346,False,NV,0.8518171310424805,False
ISIC_0030422,NV,NV,0.9808905124664308,True,NV,0.6701835989952087,True,NV,0.9875136017799376,True,NV,0.6555856466293335,True,NV,0.9940136075019836,True,NV,0.9004005789756775,True
ISIC_0030424,NV,NV,0.9999102354049684,True,NV,0.9998412132263184,True,NV,0.9999781847000122,True,NV,0.9979130625724792,True,NV,0.9999948740005492,True,NV,0.9999947547912598,True
ISIC_0030436,BKL,BKL,0.8393139243125916,True,SCC,0.9762567281723022,False,BKL,0.7241497039794922,True,BKL,0.9598737359046936,True,BCC,0.6436504125595093,False,BCC,0.74147629737854,False
ISIC_0030460,NV,NV,0.8768030405044556,True,MEL,0.9070132374763488,False,MEL,0.7377200722694397,False,MEL,0.5639167428016663,False,NV,0.7180529832839966,True,MEL,0.741573691368103,False
ISIC_0030475,NV,NV,0.999996542930603,True,NV,1.0,True,NV,0.9999845027923584,True,NV,0.99997878074646,True,NV,0.9999595880508424,True,NV,0.9998713731765748,True
ISIC_0030477,NV,NV,0.9998674392700196,True,NV,1.0,True,NV,0.9996967315673828,True,NV,0.9998144507408142,True,NV,0.9999878406524658,True,NV,0.9997802376747132,True
ISIC_0030490,NV,NV,0.9998542070388794,True,NV,0.99999737739563,True,NV,0.9990345239639282,True,NV,0.9985561966896056,True,NV,0.9999418258666992,True,NV,0.9998596906661988,True
ISIC_0030515,NV,NV,0.9999983310699464,True,NV,1.0,True,NV,0.9999412298202516,True,NV,0.9999500513076782,True,NV,0.999991774559021,True,NV,0.9999876022338868,True
ISIC_0030522,BKL,NV,0.5554181933403015,False,BKL,0.5202433466911316,True,NV,0.4905638694763183,False,NV,0.5699652433395386,False,NV,0.9963232278823853,False,BKL,0.9143293499946594,True
ISIC_0030543,NV,NV,0.994682252407074,True,NV,0.9999961853027344,True,NV,0.9761000871658324,True,NV,0.9950813055038452,True,NV,0.9998787641525269,True,NV,0.96786767244339,True
ISIC_0030559,NV,NV,0.9861733913421632,True,NV,0.9996113181114196,True,NV,0.984252631664276,True,NV,0.8887611627578735,True,NV,0.8810597658157349,True,NV,0.8860692381858826,True
ISIC_0030584,NV,NV,0.9991936087608336,True,NV,0.9999998807907104,True,NV,0.9998908042907716,True,NV,0.9998794794082642,True,NV,0.9999397993087769,True,NV,0.9999884366989136,True
ISIC_0030589,NV,BCC,0.7822373509407043,False,BKL,0.9867515563964844,False,NV,0.571410596370697,True,NV,0.7612554430961609,True,NV,0.5380340814590454,True,BCC,0.4119735062122345,False
ISIC_0030598,NV,MEL,0.5450234413146973,False,BKL,0.6948942542076111,False,MEL,0.7435159683227539,False,BKL,0.7821348309516907,False,BKL,0.8714386820793152,False,NV,0.8974278569221497,True
ISIC_0030636,BKL,BKL,0.7093254327774048,True,BKL,0.986491084098816,True,BKL,0.9985525012016296,True,BCC,0.5460715889930725,False,BKL,0.999488353729248,True,BKL,0.9930589199066162,True
ISIC_0030655,AK,BKL,0.998435914516449,False,BKL,0.6180191040039062,False,BKL,0.9708912372589112,False,BKL,0.9947473406791688,False,BKL,0.990097165107727,False,BKL,0.8200575113296509,False
ISIC_0030679,NV,NV,0.9999734163284302,True,NV,0.9998883008956908,True,NV,0.9999308586120604,True,NV,0.9972334504127502,True,NV,0.9999594688415528,True,NV,0.999996781349182,True
ISIC_0030682,NV,NV,0.9517225027084352,True,NV,0.9995367527008056,True,NV,0.9574405550956726,True,NV,0.9671648740768432,True,NV,0.8953848481178284,True,NV,0.98946875333786,True
ISIC_0030691,NV,NV,0.9998542070388794,True,NV,1.0,True,NV,0.9965907335281372,True,NV,0.9895873069763184,True,NV,0.9999397993087769,True,NV,0.9998383522033693,True
ISIC_0030704,NV,NV,0.7904716730117798,True,NV,0.9650464057922364,True,MEL,0.5409185886383057,False,NV,0.5977222919464111,True,NV,0.8214946389198303,True,NV,0.6531981229782104,True
ISIC_0030722,VASC,VASC,0.9999994039535522,True,VASC,1.0,True,VASC,0.999981164932251,True,VASC,1.0,True,VASC,0.9999732971191406,True,VASC,0.9999991655349731,True
ISIC_0030744,BKL,SCC,0.8315297961235046,False,BKL,0.9993208646774292,True,BKL,0.7871929407119751,True,BKL,0.8928319811820984,True,SCC,0.8908661007881165,False,BKL,0.7645751237869263,True
ISIC_0030765,NV,NV,0.984660804271698,True,NV,0.999750554561615,True,NV,0.9963963627815248,True,NV,0.9429272413253784,True,NV,0.9999661445617676,True,NV,0.9163525104522704,True
ISIC_0030790,NV,BKL,0.94981849193573,False,NV,0.7455836534500122,True,BKL,0.5580058693885803,False,NV,0.715279757976532,True,BKL,0.9908671379089355,False,NV,0.4730560183525085,True
ISIC_0030823,NV,NV,0.9999924898147584,True,NV,1.0,True,NV,0.9999947547912598,True,NV,0.9999998807907104,True,NV,0.9999898672103882,True,NV,0.9999855756759644,True
ISIC_0030856,NV,NV,0.7336897850036621,True,NV,0.9975801706314088,True,NV,0.5384166836738586,True,NV,0.7006692290306091,True,BKL,0.4912317991256714,False,NV,0.5865911841392517,True
ISIC_0030926,BKL,BKL,0.9982459545135498,True,BKL,0.9928212761878968,True,BKL,0.580905020236969,True,BKL,0.92283833026886,True,MEL,0.7349067330360413,False,AK,0.649608850479126,False
ISIC_0030938,NV,NV,0.9996046423912048,True,NV,0.999990701675415,True,NV,0.9921430349349976,True,NV,0.9995810389518738,True,NV,0.946245014667511,True,NV,0.9990302324295044,True
ISIC_0030965,BKL,BKL,0.9153620004653932,True,BKL,0.7922983169555664,True,MEL,0.998576521873474,False,BKL,0.508274495601654,True,BKL,0.9718449711799622,True,SCC,0.7191739678382874,False
ISIC_0030984,NV,NV,0.9999918937683104,True,NV,0.9999784231185912,True,NV,0.999993085861206,True,NV,0.9997925162315368,True,NV,0.9999271631240844,True,NV,0.9999732971191406,True
ISIC_0031000,BKL,BKL,0.9616543650627136,True,AK,0.9399186968803406,False,SCC,0.8336514830589294,False,SCC,0.5304756760597229,False,BKL,0.9770296812057496,True,MEL,0.5133994221687317,False
ISIC_0031013,MEL,MEL,0.988830268383026,True,MEL,0.9995772242546082,True,MEL,0.954708695411682,True,MEL,0.924858570098877,True,BKL,0.5968945622444153,False,MEL,0.7783130407333374,True
ISIC_0031014,NV,NV,0.6941840648651123,True,NV,0.995036780834198,True,NV,0.9305486679077148,True,NV,0.7184998393058777,True,NV,0.9925068020820618,True,NV,0.6468358039855957,True
ISIC_0031089,NV,NV,0.9997374415397644,True,NV,1.0,True,NV,0.9999622106552124,True,NV,0.9971544742584229,True,NV,0.9999046325683594,True,NV,0.999903678894043,True
ISIC_0031097,NV,NV,0.988591969013214,True,NV,0.9999996423721312,True,NV,0.9998382329940796,True,NV,0.9983124732971193,True,NV,0.9999679327011108,True,NV,0.9999717473983764,True
ISIC_0031114,NV,NV,0.9987815022468568,True,NV,0.9999911785125732,True,NV,0.9992013573646544,True,NV,0.9996945858001708,True,NV,0.999992609024048,True,NV,0.9999737739562988,True
ISIC_0031123,DF,DF,0.5216180682182312,True,MEL,0.6553584933280945,False,MEL,0.8937687873840332,False,NV,0.7301040887832642,False,NV,0.9925227761268616,False,DF,0.3486426472663879,True
ISIC_0031128,NV,NV,0.92867910861969,True,NV,0.9922717809677124,True,NV,0.9971458315849304,True,NV,0.9994797110557556,True,NV,0.8819624185562134,True,NV,0.994494616985321,True
ISIC_0031167,NV,NV,0.9999982118606568,True,NV,0.9999998807907104,True,NV,0.9996792078018188,True,NV,0.9998779296875,True,NV,0.9999812841415404,True,NV,0.9999945163726808,True
ISIC_0031171,BCC,BCC,0.9359182119369508,True,BCC,0.8435810804367065,True,BCC,0.4798865020275116,True,BCC,0.8823044300079346,True,BCC,0.9920033812522888,True,BCC,0.9978615641593932,True
ISIC_0031201,VASC,VASC,0.9999998807907104,True,VASC,0.9999996423721312,True,VASC,0.999924659729004,True,VASC,1.0,True,VASC,0.999986171722412,True,VASC,0.9999992847442628,True
ISIC_0031205,NV,NV,0.6344445943832397,True,NV,0.9999831914901732,True,NV,0.7347162961959839,True,NV,0.9926079511642456,True,NV,0.9914592504501344,True,NV,0.993889331817627,True
ISIC_0031260,NV,NV,0.99979966878891,True,NV,0.9999933242797852,True,NV,0.9996975660324096,True,NV,0.9999958276748656,True,NV,0.9999725818634032,True,NV,0.9999878406524658,True
ISIC_0031278,NV,MEL,0.7964357733726501,False,NV,0.9967707395553588,True,NV,0.5125527381896973,True,NV,0.6977944374084473,True,NV,0.8446986079216003,True,MEL,0.5377772450447083,False
ISIC_0031316,NV,NV,0.999964952468872,True,NV,0.9999990463256836,True,NV,0.9989830851554872,True,NV,0.9993220567703248,True,NV,0.9998419284820556,True,NV,0.9993804693222046,True
ISIC_0031399,NV,NV,0.7334733605384827,True,NV,0.9976442456245422,True,MEL,0.8529980778694153,False,MEL,0.5229538083076477,False,NV,0.992197036743164,True,NV,0.891274631023407,True
ISIC_0031418,NV,NV,0.998494267463684,True,NV,0.9998791217803956,True,NV,0.9571640491485596,True,NV,0.9248827695846558,True,NV,0.7831419706344604,True,NV,0.6309226751327515,True
ISIC_0031419,NV,NV,0.9996198415756226,True,NV,0.9999990463256836,True,NV,0.9992169141769408,True,NV,0.9977117776870728,True,NV,0.99997878074646,True,NV,0.9998956918716432,True
ISIC_0031422,NV,NV,0.7113074064254761,True,NV,0.9972842931747437,True,NV,0.90109783411026,True,NV,0.8703442811965942,True,NV,0.9964845180511476,True,NV,0.9994218349456788,True
ISIC_0031436,BKL,BKL,0.9939594268798828,True,BKL,0.999174416065216,True,NV,0.5492372512817383,False,BKL,0.998815417289734,True,BKL,0.8744843006134033,True,BKL,0.85245680809021,True
ISIC_0031440,NV,NV,0.4525374174118042,True,NV,0.945476531982422,True,NV,0.660733699798584,True,MEL,0.6471104025840759,False,NV,0.8178083896636963,True,NV,0.5894643068313599,True
ISIC_0031455,NV,NV,0.9982593655586244,True,NV,0.9989012479782104,True,NV,0.97896546125412,True,BKL,0.7201501131057739,False,NV,0.9999264478683472,True,NV,0.9988428354263306,True
ISIC_0031468,BKL,BKL,0.9476887583732604,True,BKL,0.9995985627174376,True,BKL,0.9995344877243042,True,BKL,0.4637195169925689,True,BKL,0.99403715133667,True,BKL,0.8140439987182617,True
ISIC_0031515,NV,NV,0.8115481734275818,True,BKL,0.5263880491256714,False,NV,0.4667338728904724,True,MEL,0.6414749622344971,False,BKL,0.8879557847976685,False,BKL,0.8994848132133484,False
ISIC_0031520,BCC,SCC,0.9018216729164124,False,BCC,0.9076286554336548,True,SCC,0.5199638605117798,False,BCC,0.9760118126869202,True,BCC,0.9828930497169496,True,SCC,0.5942467451095581,False
ISIC_0031543,MEL,BKL,0.6380569934844971,False,BKL,0.8401217460632324,False,MEL,0.9439290761947632,True,BKL,0.4803589880466461,False,BKL,0.9993265867233276,False,BKL,0.7437857985496521,False
ISIC_0031544,NV,NV,0.9949970245361328,True,NV,0.9650088548660278,True,NV,0.98375004529953,True,NV,0.9973192811012268,True,NV,0.9996892213821412,True,NV,0.9995480179786682,True
ISIC_0031567,NV,MEL,0.6132100224494934,False,MEL,0.9925931096076964,False,MEL,0.968294322490692,False,MEL,0.6154912710189819,False,NV,0.5673776268959045,True,NV,0.6146475672721863,True
ISIC_0031593,BKL,AK,0.7959137558937073,False,NV,0.9101296663284302,False,NV,0.5639805793762207,False,SCC,0.7883666753768921,False,BKL,0.9759032726287842,True,NV,0.3895468711853027,False
ISIC_0031613,NV,NV,0.9921785593032836,True,NV,0.999982476234436,True,NV,0.9699917435646056,True,NV,0.997735857963562,True,NV,0.9995077848434448,True,NV,0.8336105346679688,True
ISIC_0031661,NV,NV,0.9996145963668824,True,NV,0.999997615814209,True,NV,0.9999715089797974,True,NV,0.9997100234031676,True,NV,0.9999544620513916,True,NV,0.999909520149231,True
ISIC_0031675,NV,NV,0.9981854557991028,True,NV,0.9999850988388062,True,NV,0.999997615814209,True,NV,0.9999490976333618,True,NV,0.9999631643295288,True,NV,0.9994063377380372,True
ISIC_0031692,SCC,SCC,0.729761004447937,True,SCC,0.9448539614677428,True,MEL,0.7406421899795532,False,SCC,0.9875074028968812,True,SCC,0.7827802896499634,True,SCC,0.5569489002227783,True
ISIC_0031693,NV,NV,0.997740626335144,True,NV,0.9998218417167664,True,NV,0.9916645884513856,True,NV,0.9991419315338136,True,NV,0.9999330043792723,True,NV,0.999975562095642,True
ISIC_0031709,MEL,SCC,0.5010647773742676,False,NV,0.7693437337875366,False,SCC,0.8061455488204956,False,NV,0.4098390638828277,False,BKL,0.8619032502174377,False,SCC,0.7462345361709595,False
ISIC_0031712,BCC,BCC,0.9237018823623656,True,SCC,0.5052026510238647,False,NV,0.7189337015151978,False,BCC,0.7838805913925171,True,NV,0.8262394070625305,False,SCC,0.8217134475708008,False
ISIC_0031716,BKL,BKL,0.5971572399139404,True,MEL,0.959535539150238,False,BKL,0.9952126741409302,True,BKL,0.90409255027771,True,BCC,0.8705398440361023,False,SCC,0.9223755598068236,False
ISIC_0031741,MEL,MEL,0.8204569816589355,True,MEL,0.996249258518219,True,MEL,0.7773405909538269,True,MEL,0.6756579875946045,True,NV,0.9396138787269592,False,NV,0.6082803010940552,False
ISIC_0031742,NV,MEL,0.5862878561019897,False,MEL,0.929908812046051,False,MEL,0.9587442874908448,False,MEL,0.6688023209571838,False,NV,0.9535523653030396,True,MEL,0.6318886876106262,False
ISIC_0031768,NV,NV,0.999982476234436,True,NV,0.9999996423721312,True,NV,0.9989432692527772,True,NV,0.9989953637123108,True,NV,0.999985933303833,True,NV,0.9996846914291382,True
ISIC_0031774,NV,NV,0.9999966621398926,True,NV,1.0,True,NV,0.9994733929634094,True,NV,0.9997076392173768,True,NV,0.9758583307266236,True,NV,0.9996802806854248,True
ISIC_0031795,MEL,MEL,0.9844494462013244,True,MEL,0.9848335385322572,True,MEL,0.9597670435905457,True,MEL,0.7054510116577148,True,NV,0.6582109928131104,False,MEL,0.6830364465713501,True
ISIC_0031813,NV,NV,0.9055459499359132,True,NV,0.9989641904830932,True,NV,0.8498861789703369,True,NV,0.6405836343765259,True,NV,0.9986383318901062,True,NV,0.8807649612426758,True
ISIC_0031816,NV,NV,0.9999979734420776,True,NV,1.0,True,NV,0.9999152421951294,True,NV,0.9994277358055116,True,NV,0.999859094619751,True,NV,0.9999974966049194,True
ISIC_0031850,NV,NV,0.9993755221366882,True,NV,0.9999964237213136,True,NV,0.997395396232605,True,NV,0.9982011318206788,True,NV,0.9999510049819946,True,NV,0.9999853372573853,True
ISIC_0031851,BKL,SCC,0.9248834848403932,False,SCC,0.9420761466026306,False,BKL,0.99150812625885,True,BKL,0.7857969403266907,True,SCC,0.9957570433616638,False,BKL,0.5060771703720093,True
ISIC_0031854,NV,NV,0.9999432563781738,True,NV,0.9999785423278807,True,NV,0.9996079802513124,True,NV,0.9999756813049316,True,NV,0.9997724890708924,True,NV,0.999994158744812,True
ISIC_0031870,NV,NV,0.9999326467514038,True,NV,1.0,True,NV,0.9977878332138062,True,NV,0.9999996423721312,True,NV,0.9999922513961792,True,NV,0.9999786615371704,True
ISIC_0031898,NV,NV,0.9999933242797852,True,NV,0.9999998807907104,True,NV,0.9999955892562866,True,NV,0.99998939037323,True,NV,0.9999860525131226,True,NV,0.9999912977218628,True
ISIC_0031910,NV,NV,0.9999557733535768,True,NV,0.9999998807907104,True,NV,0.9999994039535522,True,NV,0.9999932050704956,True,NV,0.9999929666519164,True,NV,0.9999902248382568,True
ISIC_0031913,NV,MEL,0.6066102385520935,False,MEL,0.9874983429908752,False,MEL,0.9284472465515136,False,MEL,0.7255336046218872,False,BKL,0.9817459583282472,False,MEL,0.8927706480026245,False
ISIC_0031920,NV,NV,0.9994587302207948,True,NV,1.0,True,NV,0.9872135519981384,True,NV,0.999817430973053,True,NV,0.9998643398284912,True,NV,0.999945878982544,True
ISIC_0031946,NV,NV,0.999853253364563,True,NV,1.0,True,NV,0.9718639850616456,True,NV,0.9998726844787598,True,NV,0.9940419793128968,True,NV,0.9997790455818176,True
ISIC_0031963,NV,NV,0.979878544807434,True,NV,0.9993959665298462,True,NV,0.904328465461731,True,NV,0.7228839993476868,True,NV,0.9999438524246216,True,NV,0.9879420399665833,True
ISIC_0031965,NV,NV,0.993221402168274,True,NV,0.9915528893470764,True,NV,0.755831778049469,True,NV,0.9085012078285216,True,BKL,0.9698646664619446,False,NV,0.6926189661026001,True
ISIC_0031969,NV,NV,0.9600585103034972,True,NV,0.999746024608612,True,NV,0.9980282187461852,True,NV,0.9938510656356812,True,NV,0.997851014137268,True,NV,0.9995583891868592,True
ISIC_0031991,NV,BKL,0.9466649293899536,False,NV,0.8801143765449524,True,BKL,0.7072123885154724,False,NV,0.6648865938186646,True,MEL,0.5035722851753235,False,NV,0.6597703099250793,True
ISIC_0031994,NV,NV,0.9999979734420776,True,NV,1.0,True,NV,0.9999668598175048,True,NV,0.999896764755249,True,NV,0.9995113611221312,True,NV,0.9998779296875,True
ISIC_0031995,NV,NV,0.996648371219635,True,NV,0.9999960660934448,True,NV,0.999931812286377,True,NV,0.9999955892562866,True,NV,0.9999916553497314,True,NV,0.9999405145645142,True
ISIC_0032071,NV,NV,0.9982598423957824,True,NV,0.9999901056289672,True,NV,0.9999853372573853,True,NV,0.95488041639328,True,NV,0.9994733929634094,True,NV,0.9998562335968018,True
ISIC_0032084,NV,NV,0.9992756247520448,True,NV,0.9999991655349731,True,NV,0.9925289750099182,True,NV,0.9982914328575134,True,NV,0.999921441078186,True,NV,0.9999096393585204,True
ISIC_0032124,BKL,BKL,0.9999876022338868,True,BKL,0.999963641166687,True,BKL,0.9916014075279236,True,BKL,0.9995982050895692,True,BKL,0.999086856842041,True,BKL,0.999964475631714,True
ISIC_0032156,BKL,BKL,0.9964879751205444,True,MEL,0.82471764087677,False,BKL,0.9862078428268432,True,BKL,0.8092085123062134,True,BKL,0.9995195865631104,True,BKL,0.9563948512077332,True
ISIC_0032165,NV,NV,0.9989878535270692,True,NV,0.9999924898147584,True,NV,0.9994953870773317,True,NV,0.9996167421340942,True,NV,0.9998711347579956,True,NV,0.9988334774971008,True
ISIC_0032173,SCC,SCC,0.9991511106491088,True,SCC,0.9999325275421144,True,SCC,0.9375813603401184,True,SCC,0.9510022401809692,True,SCC,0.9990153312683104,True,SCC,0.981223464012146,True
ISIC_0032185,BCC,BCC,0.9870484471321106,True,BCC,0.9996083378791808,True,BCC,0.999758780002594,True,BCC,0.9345453381538392,True,BCC,0.9766275882720948,True,BCC,0.8673745393753052,True
ISIC_0032186,NV,MEL,0.7702615261077881,False,MEL,0.945107102394104,False,MEL,0.4670788943767547,False,NV,0.5665531754493713,True,NV,0.7719510793685913,True,MEL,0.7276079058647156,False
ISIC_0032200,BKL,MEL,0.6581805348396301,False,BKL,0.3811186254024505,True,MEL,0.9522997736930848,False,MEL,0.4884142279624939,False,BKL,0.8983194828033447,True,BKL,0.7007625102996826,True
ISIC_0032206,AK,DF,0.547176718711853,False,SCC,0.6369491815567017,False,MEL,0.8099239468574524,False,NV,0.5159413814544678,False,NV,0.6467521786689758,False,SCC,0.4973917305469513,False
ISIC_0032213,NV,NV,0.9996546506881714,True,NV,0.9998377561569214,True,NV,0.9991905093193054,True,NV,0.999744951725006,True,NV,0.9999943971633912,True,NV,0.9997158646583556,True
ISIC_0032241,NV,NV,0.999988317489624,True,NV,0.9999030828475952,True,NV,0.9982718229293824,True,NV,0.9999215602874756,True,NV,0.9944010376930236,True,NV,0.9998754262924194,True
ISIC_0032266,NV,NV,0.9992243051528932,True,NV,0.999998927116394,True,NV,0.9998847246170044,True,NV,0.9998633861541748,True,NV,0.999976634979248,True,NV,0.9999783039093018,True
ISIC_0032283,BKL,BKL,0.7824689745903015,True,BKL,0.9990088939666748,True,BKL,0.98954176902771,True,BCC,0.7008054852485657,False,BKL,0.6708274483680725,True,BKL,0.9103547930717468,True
ISIC_0032287,MEL,NV,0.9739491939544678,False,NV,0.9970372915267944,False,NV,0.9009114503860474,False,NV,0.5646412968635559,False,NV,0.9497224688529968,False,NV,0.6731546521186829,False
ISIC_0032289,NV,NV,0.9999831914901732,True,NV,0.9999946355819702,True,NV,0.999807059764862,True,NV,0.9999626874923706,True,NV,0.9999901056289672,True,NV,0.999782145023346,True
ISIC_0032423,NV,NV,0.4929831326007843,True,MEL,0.7145666480064392,False,MEL,0.7407872080802917,False,MEL,0.5927972793579102,False,NV,0.6195207834243774,True,MEL,0.5892409682273865,False
ISIC_0032431,NV,NV,0.9999988079071044,True,NV,1.0,True,NV,0.9999988079071044,True,NV,0.9999932050704956,True,NV,0.9999805688858032,True,NV,0.9999991655349731,True
ISIC_0032451,NV,NV,0.999394416809082,True,NV,1.0,True,NV,0.9880455136299132,True,NV,0.9999531507492064,True,NV,0.9999816417694092,True,NV,0.9999358654022216,True
ISIC_0032465,NV,NV,0.9997054934501648,True,NV,0.9999996423721312,True,NV,0.9998958110809326,True,NV,0.9999990463256836,True,NV,0.9999912977218628,True,NV,0.9999816417694092,True
ISIC_0032494,NV,NV,0.9980740547180176,True,NV,0.9999096393585204,True,NV,0.952421247959137,True,NV,0.995180606842041,True,NV,0.999866247177124,True,NV,0.9538909792900084,True
ISIC_0032506,NV,NV,0.9999643564224244,True,NV,0.9999997615814208,True,NV,0.9997979998588562,True,NV,0.9416517019271852,True,NV,0.9999792575836182,True,NV,0.9999969005584716,True
ISIC_0032508,BKL,BKL,0.8859148621559143,True,BKL,0.9427139163017272,True,BKL,0.9407118558883668,True,MEL,0.3880210220813751,False,NV,0.9988510608673096,False,NV,0.8074997663497925,False
ISIC_0032536,BCC,BKL,0.9431546330451964,False,BCC,0.9959775805473328,True,BCC,0.9612643718719482,True,MEL,0.8178945779800415,False,MEL,0.9980558156967164,False,MEL,0.6116737127304077,False
ISIC_0032579,NV,NV,0.9694050550460817,True,NV,0.9979444146156312,True,NV,0.9962112903594972,True,NV,0.9883097410202026,True,NV,0.5971285104751587,True,NV,0.9904728531837464,True
ISIC_0032600,NV,NV,0.9252011179924012,True,MEL,0.5302289724349976,False,MEL,0.4999071061611175,False,NV,0.6530917286872864,True,NV,0.8920019865036011,True,MEL,0.5422082543373108,False
ISIC_0032605,NV,NV,0.8505754470825195,True,NV,0.9996681213378906,True,NV,0.9972355961799622,True,NV,0.9813809394836426,True,NV,0.9990745782852172,True,NV,0.9645172357559204,True
ISIC_0032624,MEL,MEL,0.8757880330085754,True,NV,0.9999077320098876,False,BKL,0.9132882952690125,False,NV,0.5415424108505249,False,NV,0.9948305487632751,False,MEL,0.7656790614128113,True
ISIC_0032634,NV,BKL,0.8236174583435059,False,NV,0.997355580329895,True,NV,0.5967690944671631,True,NV,0.9993129968643188,True,NV,0.7991703748703003,True,NV,0.9764580726623536,True
ISIC_0032692,VASC,VASC,0.85451340675354,True,VASC,0.9999961853027344,True,VASC,0.99746572971344,True,VASC,0.6921751499176025,True,VASC,0.9995359182357788,True,VASC,0.9986228942871094,True
ISIC_0032757,BKL,BKL,0.5214966535568237,True,NV,0.98099285364151,False,BKL,0.92071795463562,True,MEL,0.4382005333900451,False,NV,0.8593174815177917,False,NV,0.7587283253669739,False
ISIC_0032759,NV,NV,0.9936099648475648,True,NV,0.9999818801879884,True,NV,0.9634890556335448,True,NV,0.9499068260192872,True,NV,0.940196692943573,True,NV,0.9530768394470216,True
ISIC_0032760,NV,NV,0.9995997548103333,True,NV,0.9999815225601196,True,NV,0.9163190126419068,True,NV,0.9912304878234864,True,NV,0.9999369382858276,True,NV,0.9193822145462036,True
ISIC_0032770,NV,NV,0.8717135787010193,True,NV,0.999964714050293,True,NV,0.9100118279457092,True,NV,0.938697874546051,True,NV,0.9896765351295472,True,NV,0.8964294791221619,True
ISIC_0032779,NV,NV,0.9936659932136536,True,NV,0.999748170375824,True,NV,0.9920803904533386,True,NV,0.9852643013000488,True,NV,0.9968318343162536,True,NV,0.983713150024414,True
ISIC_0032783,NV,NV,0.9964303374290466,True,NV,0.9964332580566406,True,NV,0.8489036560058594,True,NV,0.9938068389892578,True,NV,0.9998183846473694,True,NV,0.9966607093811036,True
ISIC_0032791,NV,NV,0.9049866199493408,True,NV,0.9688489437103271,True,NV,0.5428630709648132,True,NV,0.5019463300704956,True,NV,0.8488154411315918,True,NV,0.7030748128890991,True
ISIC_0032821,NV,NV,0.991319477558136,True,NV,0.9999877214431764,True,NV,0.7861714363098145,True,NV,0.9412208199501038,True,NV,0.8527207374572754,True,NV,0.9495547413825988,True
ISIC_0032830,NV,NV,0.8311388492584229,True,NV,0.9998213648796082,True,NV,0.9079715013504028,True,NV,0.8751569986343384,True,NV,0.9897499680519104,True,NV,0.8234716057777405,True
ISIC_0032839,VASC,VASC,0.999964714050293,True,VASC,0.9998375177383424,True,VASC,0.9998711347579956,True,VASC,0.9999970197677612,True,VASC,0.9999125003814696,True,VASC,0.9997307658195496,True
ISIC_0032853,NV,NV,0.750314474105835,True,NV,0.9980504512786864,True,BKL,0.5658252239227295,False,NV,0.6667660474777222,True,NV,0.795147716999054,True,MEL,0.9421326518058776,False
ISIC_0032880,NV,NV,0.5409236550331116,True,NV,0.999768316745758,True,NV,0.9804313778877258,True,NV,0.6038640737533569,True,NV,0.9930803179740906,True,NV,0.9763221740722656,True
ISIC_0032892,MEL,MEL,0.9999585151672364,True,MEL,0.9999866485595704,True,MEL,0.9999878406524658,True,MEL,0.999991774559021,True,MEL,0.9998999834060668,True,MEL,0.9996486902236938,True
ISIC_0032896,NV,NV,0.9999227523803712,True,NV,0.999930500984192,True,NV,0.9981979727745056,True,NV,0.9998156428337096,True,NV,0.999046266078949,True,NV,0.9986166954040528,True
ISIC_0032932,VASC,VASC,0.9999936819076538,True,VASC,0.9999812841415404,True,VASC,0.999886989593506,True,VASC,0.9999997615814208,True,VASC,0.9998264908790588,True,VASC,0.999818742275238,True
ISIC_0032962,NV,NV,0.9961355924606324,True,NV,0.9996750354766846,True,NV,0.8383457064628601,True,NV,0.997735857963562,True,NV,0.9959283471107484,True,NV,0.9891411066055298,True
ISIC_0032983,BKL,BKL,0.8693832755088806,True,BKL,0.8108993768692017,True,BKL,0.9768016934394836,True,BKL,0.5760570168495178,True,BKL,0.9999083280563354,True,BKL,0.9763334393501282,True
ISIC_0032986,NV,NV,0.9824894666671752,True,NV,0.9939898252487184,True,NV,0.9498520493507384,True,NV,0.9693199396133424,True,NV,0.6412776708602905,True,NV,0.8395658731460571,True
ISIC_0033029,MEL,NV,0.9909418225288392,False,MEL,0.969440460205078,True,NV,0.6763980984687805,False,MEL,0.6397063136100769,True,NV,0.8738279938697815,False,MEL,0.5794646739959717,True
ISIC_0033036,NV,NV,0.9892591834068298,True,NV,0.997086465358734,True,NV,0.9705016016960144,True,NV,0.9178805947303772,True,NV,0.9879968762397766,True,NV,0.9119029641151428,True
ISIC_0033089,MEL,MEL,0.6173185110092163,True,MEL,0.9989495873451232,True,BKL,0.6518269181251526,False,MEL,0.9793700575828552,True,MEL,0.9314922094345092,True,MEL,0.9267708659172058,True
ISIC_0033097,NV,NV,0.9910412430763244,True,NV,0.9991621971130372,True,NV,0.9490395188331604,True,NV,0.9733869433403016,True,MEL,0.8446076512336731,False,NV,0.9825177788734436,True
ISIC_0033100,NV,BKL,0.9957286715507508,False,BKL,0.5184028744697571,False,BKL,0.8527294993400574,False,NV,0.6733471155166626,True,NV,0.9396982192993164,True,BKL,0.9494797587394714,False
ISIC_0033104,NV,NV,0.961808741092682,True,NV,0.9513872861862184,True,NV,0.9173749089241028,True,NV,0.9609416127204896,True,NV,0.7335308790206909,True,NV,0.7310692071914673,True
ISIC_0033109,NV,NV,0.9843350648880004,True,NV,0.9958998560905457,True,NV,0.9016424417495728,True,NV,0.9438266754150392,True,MEL,0.4802074730396271,False,NV,0.887045681476593,True
ISIC_0033148,NV,NV,0.9965355396270752,True,NV,0.997884213924408,True,NV,0.970349907875061,True,NV,0.9726192951202391,True,NV,0.8515024781227112,True,NV,0.9653680324554444,True
ISIC_0033189,NV,NV,0.87107914686203,True,NV,0.9998217225074768,True,NV,0.9400461316108704,True,NV,0.9635989665985109,True,NV,0.8818651437759399,True,NV,0.9297212362289428,True
ISIC_0033191,NV,NV,0.9999932050704956,True,NV,0.996903121471405,True,NV,0.9971544742584229,True,NV,0.9998480081558228,True,NV,0.9999693632125854,True,NV,0.9998302459716796,True
ISIC_0033226,MEL,NV,0.8830896615982056,False,NV,0.5728159546852112,False,BKL,0.7019630074501038,False,BKL,0.4433461427688598,False,MEL,0.7856840491294861,True,MEL,0.7076360583305359,True
ISIC_0033233,NV,NV,0.9769535660743712,True,NV,0.9995670914649964,True,NV,0.6667830348014832,True,NV,0.960858941078186,True,NV,0.9992087483406068,True,NV,0.8066397905349731,True
ISIC_0033277,NV,NV,0.9982448816299438,True,NV,0.9999423027038574,True,NV,0.9979845285415648,True,NV,0.9961571097373962,True,NV,0.9853779077529908,True,NV,0.9950933456420898,True
ISIC_0033292,NV,NV,0.9971187114715576,True,NV,0.9981934428215028,True,NV,0.701696515083313,True,NV,0.8227340579032898,True,NV,0.7816476225852966,True,NV,0.5513499975204468,True
ISIC_0033339,NV,NV,0.973125696182251,True,NV,0.6016579866409302,True,VASC,0.9742350578308104,False,NV,0.9832444190979004,True,NV,0.9983075857162476,True,BKL,0.8238299489021301,False
ISIC_0033379,BKL,BKL,0.9887176752090454,True,BKL,0.9980664849281312,True,BKL,0.9969472289085388,True,BKL,0.93471759557724,True,BKL,0.999614715576172,True,BKL,0.9860113859176636,True
ISIC_0033384,NV,NV,0.7245847582817078,True,NV,0.9995984435081482,True,NV,0.973946750164032,True,NV,0.9473801851272584,True,NV,0.9873944520950316,True,NV,0.8339618444442749,True
ISIC_0033417,NV,NV,0.9912419319152832,True,NV,0.9995574355125428,True,NV,0.993478536605835,True,NV,0.996986210346222,True,NV,0.9998966455459596,True,NV,0.9973105192184448,True
ISIC_0033438,BKL,BKL,0.937622845172882,True,BKL,0.9987554550170898,True,BKL,0.9901074171066284,True,BKL,0.9830524921417236,True,BKL,0.9998286962509156,True,BKL,0.987006425857544,True
ISIC_0033462,NV,NV,0.999698042869568,True,NV,0.9990399479866028,True,NV,0.9843435287475586,True,NV,0.9985346794128418,True,NV,0.9999592304229736,True,NV,0.9965883493423462,True
ISIC_0033483,BCC,MEL,0.7769007682800293,False,MEL,0.4094088971614837,False,MEL,0.9224364757537842,False,MEL,0.9441099762916564,False,MEL,0.933350682258606,False,MEL,0.5442382097244263,False
ISIC_0033507,BKL,BKL,0.7434211373329163,True,BKL,0.9541386961936952,True,BKL,0.9825022220611572,True,NV,0.5033813118934631,False,BKL,0.999225616455078,True,BKL,0.9967246651649476,True
ISIC_0033543,NV,NV,0.9999332427978516,True,NV,0.9998749494552612,True,NV,0.9999997615814208,True,NV,0.9998900890350342,True,NV,0.999990940093994,True,NV,0.9987549781799316,True
ISIC_0033562,MEL,MEL,0.7109290957450867,True,MEL,0.995926022529602,True,BKL,0.7524316310882568,False,MEL,0.6245546340942383,True,NV,0.5158196687698364,False,MEL,0.6847855448722839,True
ISIC_0033567,NV,NV,0.9991996884346008,True,NV,0.984879195690155,True,NV,0.9547212719917296,True,NV,0.8935805559158325,True,NV,0.999588668346405,True,NV,0.9957798719406128,True
ISIC_0033586,MEL,MEL,0.4429505467414856,True,NV,0.5202760100364685,False,NV,0.6449677348136902,False,MEL,0.6946128606796265,True,NV,0.8007267713546753,False,MEL,0.53891921043396,True
ISIC_0033608,VASC,VASC,0.9972320199012756,True,VASC,0.9999991655349731,True,VASC,0.9995911717414856,True,VASC,0.6331285238265991,True,VASC,0.99992835521698,True,VASC,0.9999407529830932,True
ISIC_0033610,NV,BKL,0.5009421110153198,False,NV,0.7902569770812988,True,NV,0.644408106803894,True,NV,0.8791866302490234,True,NV,0.695285439491272,True,BKL,0.7204605937004089,False
ISIC_0033611,MEL,NV,0.7594905495643616,False,MEL,0.9779480695724488,True,MEL,0.6110987067222595,True,MEL,0.5088489055633545,True,MEL,0.927240550518036,True,MEL,0.6689871549606323,True
ISIC_0033613,BKL,BKL,1.0,True,BKL,0.998986542224884,True,BKL,0.9976032376289368,True,BKL,0.9997257590293884,True,NV,0.6379026770591736,False,BKL,0.9966264963150024,True
ISIC_0033622,NV,NV,0.9989604949951172,True,NV,0.99985671043396,True,NV,0.8542800545692444,True,NV,0.9873155355453492,True,NV,0.9999454021453856,True,NV,0.994176983833313,True
ISIC_0033647,NV,NV,0.998956561088562,True,NV,1.0,True,NV,0.9721198678016664,True,NV,0.9725322723388672,True,NV,0.9994832277297974,True,NV,0.9681792259216307,True
ISIC_0033694,NV,NV,0.9526164531707764,True,NV,0.922119438648224,True,NV,0.8828302621841431,True,NV,0.9822632670402528,True,NV,0.999968647956848,True,NV,0.9950917959213256,True
ISIC_0033706,NV,NV,0.9786640405654908,True,NV,0.9990198612213136,True,NV,0.7961414456367493,True,NV,0.992077887058258,True,MEL,0.4461815655231476,False,NV,0.954596996307373,True
ISIC_0033716,BKL,NV,0.5320305824279785,False,MEL,0.7361292243003845,False,MEL,0.4732601940631866,False,MEL,0.4123103022575378,False,BKL,0.860416054725647,True,MEL,0.4693816304206848,False
ISIC_0033751,NV,NV,0.9997292160987854,True,NV,1.0,True,MEL,0.5962715744972229,False,NV,0.999426245689392,True,NV,0.999630570411682,True,NV,0.9590622782707214,True
ISIC_0033791,BKL,MEL,0.5052197575569153,False,BKL,0.9861783981323242,True,BKL,0.9978976249694824,True,BKL,0.6586665511131287,True,BKL,0.9066122770309448,True,BKL,0.9985816478729248,True
ISIC_0033829,BKL,BKL,0.819633960723877,True,BKL,0.9999390840530396,True,BKL,0.9888395667076112,True,BKL,0.9421401619911194,True,BKL,0.999934196472168,True,BKL,0.9987581968307496,True
ISIC_0033897,NV,NV,0.9745879769325256,True,NV,0.9982271790504456,True,NV,0.8155120611190796,True,NV,0.97855943441391,True,NV,0.9999663829803468,True,NV,0.8741967678070068,True
ISIC_0033950,NV,NV,0.7503544092178345,True,NV,0.9993108510971068,True,NV,0.9981470108032228,True,NV,0.9768550395965576,True,NV,0.9545099139213562,True,NV,0.9739717245101928,True
ISIC_0033969,VASC,VASC,0.9998328685760498,True,VASC,0.9999996423721312,True,VASC,0.9935302138328552,True,VASC,0.9974644184112548,True,VASC,0.9999055862426758,True,VASC,0.9999845027923584,True
ISIC_0033977,MEL,MEL,0.5361173748970032,True,NV,0.4864136874675751,False,MEL,0.7901078462600708,True,MEL,0.8630205392837524,True,NV,0.8513511419296265,False,MEL,0.9601505994796752,True
ISIC_0034002,MEL,MEL,0.8812751770019531,True,NV,0.8641552925109863,False,BKL,0.9266165494918824,False,NV,0.5608978271484375,False,NV,0.6553611159324646,False,MEL,0.874347984790802,True
ISIC_0034011,BKL,BKL,0.997095823287964,True,BKL,0.7741752862930298,True,BKL,0.8570394515991211,True,BKL,0.9627429842948914,True,MEL,0.5696397423744202,False,BKL,0.9883308410644532,True
ISIC_0034013,NV,NV,0.9844581484794616,True,MEL,0.9483025074005128,False,MEL,0.5970046520233154,False,NV,0.8418044447898865,True,NV,0.9977239966392516,True,NV,0.8139050602912903,True
ISIC_0034014,NV,NV,0.8705270886421204,True,NV,0.988407552242279,True,NV,0.9877768754959106,True,NV,0.9046063423156738,True,NV,0.8494999408721924,True,NV,0.9439862370491028,True
ISIC_0034024,BKL,BKL,0.5039747357368469,True,BKL,0.9991936087608336,True,BKL,0.9240651726722716,True,BKL,0.8753414154052734,True,MEL,0.967254638671875,False,BKL,0.7991579174995422,True
ISIC_0034128,NV,NV,0.998664617538452,True,NV,0.999674916267395,True,NV,0.993158996105194,True,NV,0.9970064759254456,True,NV,0.999947190284729,True,NV,0.9812249541282654,True
ISIC_0034139,NV,NV,0.9945570230484008,True,NV,0.9991300702095032,True,NV,0.956077754497528,True,NV,0.9888412356376648,True,NV,0.9987309575080872,True,NV,0.9855225086212158,True
ISIC_0034148,NV,NV,0.7285299897193909,True,NV,0.9094573259353638,True,NV,0.7961183190345764,True,NV,0.5871486663818359,True,NV,0.9479126334190368,True,MEL,0.7367990016937256,False
ISIC_0034166,NV,NV,0.9999849796295166,True,NV,0.9999998807907104,True,NV,0.9999971389770508,True,NV,0.9996888637542723,True,NV,0.9997298121452332,True,NV,0.9998880624771118,True
ISIC_0034184,NV,NV,0.9785776138305664,True,NV,0.9994413256645204,True,NV,0.5875808000564575,True,NV,0.9377249479293824,True,NV,0.992130696773529,True,NV,0.8496782183647156,True
ISIC_0034185,NV,NV,0.9999573230743408,True,NV,1.0,True,NV,0.987661600112915,True,NV,0.9848079681396484,True,NV,0.999992609024048,True,NV,0.9902231693267822,True
ISIC_0034201,BKL,BKL,0.9975288510322572,True,BKL,0.9927505254745485,True,BKL,0.958122730255127,True,BKL,0.922458291053772,True,NV,0.9945841431617736,False,BKL,0.9366506934165956,True
ISIC_0034241,NV,NV,0.8988311886787415,True,NV,0.992340087890625,True,NV,0.9406388401985168,True,NV,0.7809334397315979,True,NV,0.9506232142448424,True,MEL,0.8445549607276917,False
ISIC_0034252,BKL,MEL,0.8420135378837585,False,BKL,0.9997485280036926,True,BKL,0.7614232301712036,True,MEL,0.6518434286117554,False,BKL,0.999281108379364,True,BKL,0.9813947677612304,True
ISIC_0034260,NV,NV,0.9527027606964112,True,NV,0.999891996383667,True,NV,0.9954503178596495,True,NV,0.997249186038971,True,NV,0.9826823472976683,True,NV,0.9837908148765564,True
ISIC_0053470,MEL,MEL,0.9998612403869628,True,MEL,0.9995003938674928,True,MEL,0.9998624324798584,True,MEL,0.9842497706413268,True,MEL,0.9998472929000854,True,MEL,0.91138756275177,True
ISIC_0053532,NV,BKL,0.4445099234580993,False,MEL,0.489383339881897,False,NV,0.7091454863548279,True,NV,0.9299166798591614,True,MEL,0.9311444759368896,False,NV,0.912443459033966,True
ISIC_0053551,NV,MEL,0.5008099675178528,False,NV,0.9838977456092834,True,NV,0.8263018131256104,True,NV,0.9536009430885316,True,NV,0.9775266647338868,True,NV,0.9162696599960328,True
ISIC_0053582,MEL,MEL,0.9999990463256836,True,MEL,0.9999321699142456,True,MEL,0.999975323677063,True,MEL,0.9999924898147584,True,MEL,0.9999895095825196,True,MEL,0.99999737739563,True
ISIC_0053588,NV,NV,0.9346047043800354,True,NV,0.9852076768875122,True,NV,0.9778933525085448,True,NV,0.8425067663192749,True,NV,0.9962564706802368,True,NV,0.831531286239624,True
ISIC_0053599,BCC,BKL,0.9925503730773926,False,BCC,0.992321789264679,True,BCC,0.5439898371696472,True,BKL,0.4466789364814758,False,BCC,0.9624858498573304,True,MEL,0.3994834721088409,False
ISIC_0053660,MEL,BKL,0.7550870776176453,False,BKL,0.9886528849601746,False,BKL,0.971465528011322,False,BKL,0.9416322112083436,False,BKL,0.9243299961090088,False,BKL,0.9144915342330932,False
ISIC_0053710,NV,BCC,0.8890029788017273,False,BCC,0.9788024425506592,False,BCC,0.9546880125999452,False,BCC,0.9893903136253356,False,BCC,0.8938878178596497,False,BCC,0.6568229794502258,False
ISIC_0053725,MEL,MEL,0.8293930888175964,True,BKL,0.9825376868247986,False,AK,0.663769006729126,False,BKL,0.5705603957176208,False,MEL,0.9866863489151,True,BKL,0.4626739919185638,False
ISIC_0053739,NV,NV,0.9997041821479796,True,NV,1.0,True,NV,0.9999996423721312,True,NV,0.998688280582428,True,NV,0.9999903440475464,True,NV,0.9997788071632384,True
ISIC_0053758,NV,BCC,0.9844508171081544,False,BCC,0.8865794539451599,False,BCC,0.9180252552032472,False,BCC,0.8127705454826355,False,BCC,0.9610806703567504,False,BCC,0.8541681170463562,False
ISIC_0053791,MEL,BCC,0.9028086066246032,False,NV,0.8235905170440674,False,AK,0.995927393436432,False,MEL,0.9653049111366272,True,BCC,0.994215190410614,False,BCC,0.75975501537323,False
ISIC_0053812,MEL,MEL,0.9958770275115968,True,NV,0.9529233574867249,False,MEL,0.999176561832428,True,NV,0.7511165738105774,False,NV,0.9796720147132874,False,NV,0.9487556219100952,False
ISIC_0053813,BCC,AK,0.7866134643554688,False,BCC,0.9427009224891664,True,AK,0.927765429019928,False,BCC,0.9695768356323242,True,BCC,0.921155333518982,True,BCC,0.9565900564193726,True
ISIC_0053863,BCC,VASC,0.986517369747162,False,VASC,0.9290847778320312,False,NV,0.2771575450897217,False,VASC,0.617456316947937,False,VASC,0.9982889294624328,False,VASC,0.9978626370429992,False
ISIC_0053871,NV,NV,0.9948386549949646,True,NV,0.9995594620704652,True,NV,0.9994540810585022,True,NV,0.9961257576942444,True,NV,0.9745740294456482,True,NV,0.9848936200141908,True
ISIC_0053957,BCC,BCC,0.9988056421279908,True,BCC,0.9993929862976074,True,BCC,0.9996569156646729,True,BCC,0.969267189502716,True,BCC,0.9971779584884644,True,BCC,0.8602647185325623,True
ISIC_0053992,NV,NV,0.9991371035575868,True,NV,0.9999545812606812,True,NV,0.9994903802871704,True,NV,0.9964030981063844,True,NV,0.9993102550506592,True,NV,0.9763897657394408,True
ISIC_0054006,MEL,MEL,0.8854691386222839,True,BCC,0.5932603478431702,False,MEL,0.9208061695098876,True,BCC,0.6011337637901306,False,MEL,0.8512638807296753,True,MEL,0.8905051350593567,True
ISIC_0054039,NV,MEL,0.9651669859886168,False,MEL,0.965063750743866,False,MEL,0.6839053630828857,False,NV,0.7806262373924255,True,NV,0.9991082549095154,True,NV,0.7819408178329468,True
ISIC_0054060,BCC,BCC,0.6915296912193298,True,AK,0.9728512167930604,False,AK,0.8739617466926575,False,AK,0.7310484051704407,False,AK,0.8516209125518799,False,AK,0.8589118123054504,False
ISIC_0054110,MEL,MEL,0.9371173977851868,True,MEL,0.9897429347038268,True,MEL,0.7661261558532715,True,MEL,0.9318336844444276,True,MEL,0.7508803009986877,True,MEL,0.8194753527641296,True
ISIC_0054163,SCC,BCC,0.988282024860382,False,BCC,0.9725907444953918,False,BCC,0.9916468262672424,False,AK,0.806201159954071,False,BCC,0.9857172966003418,False,BCC,0.84819495677948,False
ISIC_0054197,NV,NV,0.9433286786079408,True,NV,0.9995192289352416,True,NV,0.959346890449524,True,NV,0.9789981245994568,True,NV,0.9870197772979736,True,NV,0.9960759282112122,True
ISIC_0054234,BKL,MEL,0.9970209002494812,False,MEL,0.9870362877845764,False,MEL,0.8840866684913635,False,MEL,0.9541839361190796,False,BKL,0.9874302744865416,True,MEL,0.9968411922454834,False
ISIC_0054258,NV,NV,0.9921185970306396,True,NV,0.9953741431236268,True,NV,0.9925293326377868,True,NV,0.9224191308021544,True,NV,0.9913355708122252,True,NV,0.6641201376914978,True
ISIC_0054302,MEL,NV,0.5183438062667847,False,BCC,0.928492546081543,False,BCC,0.9420316219329834,False,MEL,0.6756396889686584,True,MEL,0.9498779773712158,True,BCC,0.7829315662384033,False
ISIC_0054304,NV,BCC,0.9395967721939088,False,BCC,0.9920557141304016,False,BCC,0.9922841191291808,False,BCC,0.9997202754020692,False,BCC,0.7217550873756409,False,BCC,0.6794739961624146,False
ISIC_0054329,MEL,AK,0.8115134239196777,False,MEL,0.9858576059341432,True,MEL,0.455165147781372,True,BKL,0.6933122873306274,False,AK,0.8827770352363586,False,MEL,0.9847827553749084,True
ISIC_0054341,MEL,MEL,0.999976396560669,True,MEL,0.9997156262397766,True,MEL,0.9999691247940063,True,MEL,0.9999902248382568,True,MEL,0.9999924898147584,True,MEL,0.9999938011169434,True
ISIC_0054370,BCC,BKL,0.9193099737167358,False,BKL,0.9991455078125,False,BKL,0.9636871814727784,False,BCC,0.666837215423584,True,MEL,0.9976171851158142,False,BKL,0.9987486600875854,False
ISIC_0054381,NV,MEL,0.8499705791473389,False,MEL,0.7394104599952698,False,NV,0.8799550533294678,True,MEL,0.6253061294555664,False,MEL,0.5166681408882141,False,MEL,0.7680986523628235,False
ISIC_0054442,NV,NV,0.882814347743988,True,NV,0.9908660054206848,True,NV,0.6785196661949158,True,NV,0.929277777671814,True,NV,0.9997389912605286,True,NV,0.7178174257278442,True
ISIC_0054446,NV,NV,0.8647805452346802,True,MEL,0.8270193934440613,False,NV,0.926933765411377,True,NV,0.8047272562980652,True,NV,0.993215560913086,True,NV,0.8287264108657837,True
ISIC_0054451,BCC,AK,0.9992902278900146,False,AK,0.9987567663192748,False,AK,0.9999858140945436,False,AK,0.9811286926269532,False,AK,0.9989895224571228,False,AK,0.9990936517715454,False
ISIC_0054464,MEL,BKL,0.953399658203125,False,MEL,0.9981366395950316,True,BKL,0.8739922046661377,False,BKL,0.4407438039779663,False,BKL,0.9968335032463074,False,BKL,0.6136971116065979,False
ISIC_0054483,NV,VASC,0.7838613986968994,False,BCC,0.6591663956642151,False,NV,0.4530544579029083,True,NV,0.7348880767822266,True,BCC,0.8921107053756714,False,VASC,0.7489761710166931,False
ISIC_0054587,NV,BCC,0.533416211605072,False,NV,0.995750904083252,True,NV,0.94312846660614,True,BCC,0.7117027640342712,False,BCC,0.6852507591247559,False,NV,0.5743569135665894,True
ISIC_0054600,NV,BKL,0.6085461974143982,False,MEL,0.7987800240516663,False,NV,0.8931426405906677,True,NV,0.8440637588500977,True,BKL,0.9718305468559264,False,NV,0.7928869724273682,True
ISIC_0054615,BCC,BCC,0.9891015887260436,True,BCC,0.9574217796325684,True,AK,0.9750455021858216,False,BCC,0.9973658919334412,True,BCC,0.993707001209259,True,BCC,0.98697829246521,True
ISIC_0054622,NV,NV,0.999991774559021,True,NV,0.9986391663551332,True,NV,0.9990002512931824,True,NV,0.9824641346931458,True,NV,0.9694497585296632,True,NV,0.9611856937408448,True
ISIC_0054674,BCC,BCC,0.9746932983398438,True,BCC,0.9998884201049804,True,BCC,0.999311089515686,True,BCC,0.9996901750564576,True,BCC,0.9979966282844543,True,BCC,0.9950031638145448,True
ISIC_0054687,AK,AK,0.7922491431236267,True,AK,0.988114297389984,True,MEL,0.3730383515357971,False,AK,0.855008065700531,True,BCC,0.9657025337219238,False,BCC,0.654916524887085,False
ISIC_0054711,NV,NV,0.9021385312080384,True,NV,0.9999901056289672,True,NV,0.8462748527526855,True,NV,0.9278769493103028,True,NV,0.9996237754821776,True,NV,0.979381263256073,True
ISIC_0054722,BCC,BCC,0.4684911072254181,True,BCC,0.9725542068481444,True,AK,0.9195737242698668,False,BCC,0.7224870920181274,True,BCC,0.8258673548698425,True,BCC,0.8774527311325073,True
ISIC_0054732,NV,NV,0.9994741082191468,True,NV,0.993582546710968,True,NV,0.8447497487068176,True,NV,0.7692509889602661,True,MEL,0.9868521094322203,False,MEL,0.8600119352340698,False
ISIC_0054767,MEL,NV,0.9957740902900696,False,NV,0.9951521158218384,False,NV,0.9744452238082886,False,NV,0.9059315323829652,False,NV,0.904617428779602,False,NV,0.8491345643997192,False
ISIC_0054799,BCC,BCC,0.9724227786064148,True,BCC,0.534919261932373,True,BCC,0.966780126094818,True,NV,0.5829544067382812,False,BCC,0.9157531261444092,True,BKL,0.5926392674446106,False
ISIC_0054845,BCC,BCC,0.994566798210144,True,BCC,0.9954586029052734,True,BCC,0.9991808533668518,True,BCC,0.9862694144248962,True,NV,0.96914803981781,False,NV,0.6950939893722534,False
ISIC_0054865,NV,NV,0.7661787271499634,True,MEL,0.8696170449256897,False,NV,0.8772271871566772,True,NV,0.9641660451889038,True,BKL,0.7066564559936523,False,MEL,0.8782269954681396,False
ISIC_0054878,AK,AK,0.504025399684906,True,BKL,0.9487211108207704,False,BKL,0.811369001865387,False,BKL,0.4908022880554199,False,NV,0.6410368084907532,False,NV,0.8688810467720032,False
ISIC_0054879,BKL,BKL,0.9999569654464722,True,BKL,0.99989914894104,True,BKL,0.98732191324234,True,BKL,0.9993268251419068,True,BKL,0.9997901320457458,True,BKL,0.9980079531669616,True
ISIC_0054904,MEL,MEL,0.918559730052948,True,MEL,0.9098111391067504,True,MEL,0.8046435117721558,True,MEL,0.6562567353248596,True,BKL,0.9684693217277528,False,MEL,0.9754965305328368,True
ISIC_0055010,BCC,BCC,0.999066174030304,True,BCC,0.9999831914901732,True,BCC,0.9998877048492432,True,BCC,0.9996668100357056,True,BCC,0.9999781847000122,True,BCC,0.9996837377548218,True
ISIC_0055022,MEL,NV,0.6289300322532654,False,MEL,0.5732932090759277,True,MEL,0.8569255471229553,True,NV,0.4058633148670196,False,MEL,0.7795241475105286,True,MEL,0.7266843914985657,True
ISIC_0055053,NV,NV,0.804961621761322,True,NV,0.9991605281829834,True,MEL,0.716767430305481,False,MEL,0.7115585207939148,False,BKL,0.9899515509605408,False,NV,0.8327958583831787,True
ISIC_0055059,BCC,BCC,0.8971859812736511,True,BCC,0.9602907299995422,True,AK,0.8959482908248901,False,BCC,0.9928746223449708,True,BCC,0.9999046325683594,True,BCC,0.6522341966629028,True
ISIC_0055090,NV,NV,0.9918026328086852,True,NV,0.9997617602348328,True,NV,0.9472671747207642,True,NV,0.9996509552001952,True,NV,0.8854506611824036,True,NV,0.9185606241226196,True
ISIC_0055131,SCC,BCC,0.9966282248497008,False,AK,0.5721861720085144,False,BCC,0.9845961928367616,False,AK,0.5423495173454285,False,BCC,0.998436152935028,False,MEL,0.8912147879600525,False
ISIC_0055159,AK,SCC,0.9998972415924072,False,SCC,0.983157217502594,False,SCC,0.9284074902534484,False,SCC,0.6862531900405884,False,MEL,0.938175082206726,False,SCC,0.971782922744751,False
ISIC_0055187,NV,NV,0.9874733686447144,True,BCC,0.9926481246948242,False,BCC,0.6943415403366089,False,BCC,0.991578221321106,False,NV,0.9740431904792786,True,MEL,0.5451264381408691,False
ISIC_0055245,BCC,BCC,0.9996515512466432,True,BCC,0.9997231364250184,True,BCC,0.9658582210540771,True,BCC,0.9998507499694824,True,BCC,0.9999183416366576,True,BCC,0.999249279499054,True
ISIC_0055275,BCC,BCC,0.9985021352767944,True,BCC,0.9993839263916016,True,BCC,0.9980509281158448,True,BCC,0.9875449538230896,True,BCC,0.9999639987945556,True,BCC,0.9992460012435912,True
ISIC_0055290,NV,NV,0.999207079410553,True,NV,0.9573519825935364,True,NV,0.803786039352417,True,NV,0.9905555844306946,True,NV,0.7735381126403809,True,NV,0.9774313569068908,True
ISIC_0055361,MEL,BCC,0.8869305849075317,False,MEL,0.9880440831184388,True,BCC,0.723910391330719,False,BKL,0.691572904586792,False,MEL,0.6777333617210388,True,MEL,0.7089055180549622,True
ISIC_0055400,AK,BKL,0.9999911785125732,False,BKL,0.9882203340530396,False,BKL,0.974155604839325,False,BKL,0.9061031937599182,False,MEL,0.4332857429981231,False,MEL,0.4812102317810058,False
ISIC_0055414,NV,NV,0.7984446287155151,True,MEL,0.9992154836654664,False,MEL,0.8586533665657043,False,NV,0.7850874662399292,True,MEL,0.8640816807746887,False,NV,0.7949206829071045,True
ISIC_0055418,BCC,VASC,0.999380111694336,False,BKL,0.6452835202217102,False,VASC,0.9645776748657228,False,VASC,0.7281128764152527,False,VASC,0.9933028221130372,False,VASC,0.99370276927948,False
ISIC_0055455,BCC,BCC,0.7874818444252014,True,MEL,0.5756816864013672,False,BCC,0.4582296311855316,True,MEL,0.6678929328918457,False,MEL,0.5026299357414246,False,MEL,0.6061829328536987,False
ISIC_0055463,NV,MEL,0.6629081964492798,False,MEL,0.5033076405525208,False,MEL,0.5073803663253784,False,MEL,0.7517111897468567,False,MEL,0.9781363606452942,False,MEL,0.9786914587020874,False
ISIC_0055472,BKL,SCC,0.99946266412735,False,BCC,0.9986525177955629,False,SCC,0.8047052621841431,False,BCC,0.9035057425498962,False,SCC,0.9619923830032348,False,SCC,0.4984597563743591,False
ISIC_0055473,BKL,BKL,0.9945595860481262,True,BKL,0.582103967666626,True,BKL,0.9706382155418396,True,BKL,0.9734419584274292,True,BKL,0.979981243610382,True,BKL,0.9111337661743164,True
ISIC_0055527,MEL,MEL,0.9999645948410034,True,MEL,0.9996217489242554,True,MEL,0.9987295269966124,True,MEL,0.9999430179595948,True,MEL,0.9995779395103456,True,MEL,0.9999899864196776,True
ISIC_0055643,MEL,NV,0.9550977349281312,False,NV,0.9930837154388428,False,MEL,0.9688525199890136,True,MEL,0.8747719526290894,True,NV,0.9331218004226683,False,NV,0.9741878509521484,False
ISIC_0055727,NV,NV,0.9695551991462708,True,NV,0.9999988079071044,True,NV,0.9980491399765016,True,NV,0.9837216734886168,True,NV,0.9999839067459106,True,NV,0.977133810520172,True
ISIC_0055815,SCC,BCC,0.4582197070121765,False,NV,0.852776825428009,False,SCC,0.8951805233955383,True,NV,0.5172628164291382,False,MEL,0.9981645941734314,False,BCC,0.9244155287742616,False
ISIC_0055856,NV,NV,0.9249499440193176,True,NV,0.999984860420227,True,NV,0.9920580983161926,True,NV,0.7772988677024841,True,NV,0.9985241293907166,True,NV,0.9810452461242676,True
ISIC_0055894,BKL,AK,0.9945384860038756,False,NV,0.6238389015197754,False,NV,0.8516911864280701,False,BKL,0.9215123653411864,True,NV,0.999984860420227,False,BKL,0.7582052946090698,True
ISIC_0055913,BCC,BKL,0.9999167919158936,False,BKL,0.9982908368110656,False,BCC,0.995395839214325,True,BKL,0.6122525930404663,False,BCC,0.9584656357765198,True,BCC,0.799220860004425,True
ISIC_0056017,MEL,MEL,0.9804932475090028,True,MEL,0.5300939083099365,True,NV,0.8329471945762634,False,MEL,0.6810570359230042,True,MEL,0.937620222568512,True,NV,0.683060884475708,False
ISIC_0056022,NV,MEL,0.9001097679138184,False,MEL,0.9173879027366638,False,MEL,0.7041429281234741,False,MEL,0.6442227363586426,False,MEL,0.8938225507736206,False,NV,0.7070901393890381,True
ISIC_0056035,NV,MEL,0.8783091902732849,False,NV,0.9852663278579712,True,MEL,0.5151095986366272,False,NV,0.7587782144546509,True,NV,0.9659523963928224,True,MEL,0.5828018188476562,False
ISIC_0056055,NV,NV,0.9935500025749208,True,NV,0.9990032315254213,True,NV,0.9244978427886964,True,NV,0.8537534475326538,True,NV,0.9499163627624512,True,NV,0.910197615623474,True
ISIC_0056189,BCC,BCC,0.9932841062545776,True,NV,0.6122961044311523,False,BCC,0.9912675023078918,True,BCC,0.9352994561195374,True,BCC,0.9860490560531616,True,BCC,0.9215753078460692,True
ISIC_0056190,MEL,MEL,0.9965566396713256,True,MEL,0.998955011367798,True,MEL,0.618750810623169,True,MEL,0.99558287858963,True,MEL,0.999948501586914,True,MEL,0.971455216407776,True
ISIC_0056209,MEL,MEL,0.9999614953994752,True,MEL,0.999808132648468,True,MEL,0.9976791739463806,True,MEL,0.5418029427528381,True,MEL,0.8103575110435486,True,MEL,0.947264850139618,True
ISIC_0056214,MEL,MEL,0.979850172996521,True,MEL,0.9985963702201844,True,MEL,0.9999805688858032,True,MEL,0.9998726844787598,True,MEL,0.9999724626541138,True,MEL,0.9999873638153076,True
ISIC_0056255,BCC,BCC,0.9990135431289672,True,BCC,0.9999289512634276,True,BCC,0.9996217489242554,True,BCC,0.9948322772979736,True,BCC,0.9817337989807128,True,BCC,0.9415452480316162,True
ISIC_0056269,MEL,MEL,0.478031188249588,True,BCC,0.6296347379684448,False,BCC,0.6935299634933472,False,NV,0.7228317260742188,False,BCC,0.993884265422821,False,MEL,0.9749239087104796,True
ISIC_0056288,NV,NV,0.968679130077362,True,NV,0.9998557567596436,True,NV,0.9946597218513488,True,NV,0.9073041081428528,True,NV,0.9871216416358948,True,NV,0.9333956837654114,True
ISIC_0056317,BCC,BCC,0.995439112186432,True,BCC,0.999830722808838,True,BCC,0.9999535083770752,True,BCC,0.999799907207489,True,BCC,0.999987244606018,True,BCC,0.9994275569915771,True
ISIC_0056330,MEL,BKL,0.4799844622611999,False,MEL,0.8864492774009705,True,MEL,0.9037520885467528,True,MEL,0.8739172220230103,True,BKL,0.9973617196083068,False,MEL,0.9912267327308656,True
ISIC_0056340,NV,NV,0.9519992470741272,True,NV,0.9999762773513794,True,NV,0.9547823667526244,True,NV,0.7200995683670044,True,NV,0.9828376770019532,True,NV,0.7946977019309998,True
ISIC_0056359,NV,BKL,0.6964503526687622,False,NV,0.7852830290794373,True,NV,0.8513486981391907,True,MEL,0.5229483246803284,False,NV,0.9857327342033386,True,NV,0.6277634501457214,True
ISIC_0056531,MEL,BKL,0.9979773163795472,False,BKL,0.9577590227127076,False,AK,0.8206272721290588,False,BKL,0.9912958145141602,False,BKL,0.950928509235382,False,BKL,0.7301196455955505,False
ISIC_0056575,NV,MEL,0.5926664471626282,False,NV,0.9913470149040222,True,NV,0.9923845529556274,True,NV,0.9241417050361632,True,MEL,0.951129138469696,False,MEL,0.6272229552268982,False
ISIC_0056579,NV,NV,0.9999945163726808,True,NV,1.0,True,NV,0.9994946718215942,True,NV,0.9880385994911194,True,NV,0.9999912977218628,True,NV,0.9985288381576538,True
ISIC_0056629,SCC,BCC,0.918717086315155,False,NV,0.9974096417427064,False,BCC,0.9979937076568604,False,AK,0.9857643246650696,False,VASC,0.9978179931640624,False,BCC,0.5528889298439026,False
ISIC_0056631,BCC,BCC,0.9806302189826964,True,BCC,0.9944533705711364,True,BKL,0.99875009059906,False,BCC,0.931771993637085,True,BKL,0.4814612865447998,False,NV,0.5839098691940308,False
ISIC_0056665,SCC,BKL,0.8956630229949951,False,BKL,0.6994363069534302,False,BKL,0.9986892342567444,False,AK,0.4317984879016876,False,BKL,0.9980410933494568,False,SCC,0.9312602281570436,True
ISIC_0056720,NV,NV,0.995817005634308,True,NV,0.9999992847442628,True,NV,0.9999077320098876,True,NV,0.9947391152381896,True,NV,0.9999850988388062,True,NV,0.9961665272712708,True
ISIC_0056728,MEL,NV,0.8213010430335999,False,MEL,0.8412894606590271,True,MEL,0.9999860525131226,True,MEL,0.9880383014678956,True,MEL,0.98717600107193,True,MEL,0.6172264218330383,True
ISIC_0056732,BKL,BKL,0.999889612197876,True,BKL,0.9999593496322632,True,BKL,0.9751039743423462,True,BKL,0.9982501864433287,True,BKL,0.9998843669891356,True,BKL,0.9979419112205504,True
ISIC_0056769,BKL,BKL,0.9999635219573976,True,BKL,0.9999579191207886,True,BKL,0.9867231249809264,True,BKL,0.9996128678321838,True,BKL,0.9999717473983764,True,BKL,0.9581711292266846,True
ISIC_0056788,MEL,MEL,0.9999897480010986,True,MEL,0.9998548030853271,True,MEL,0.9999452829360962,True,MEL,0.9999666213989258,True,MEL,0.9999881982803344,True,MEL,0.9992119073867798,True
ISIC_0056916,BCC,SCC,0.7369047999382019,False,BCC,0.9850990772247314,True,BCC,0.9913029670715332,True,BCC,0.9680242538452148,True,BCC,0.9999688863754272,True,BCC,0.986579954624176,True
ISIC_0056918,BCC,AK,0.9996678829193116,False,BCC,0.9999339580535888,True,AK,0.8665759563446045,False,BCC,0.836967408657074,True,BCC,0.9999089241027832,True,BCC,0.3776911497116089,True
ISIC_0056956,SCC,BCC,0.8142317533493042,False,MEL,0.9982106685638428,False,BCC,0.5620419979095459,False,BKL,0.6488659381866455,False,VASC,0.7029542326927185,False,MEL,0.2862882614135742,False
ISIC_0056967,MEL,MEL,0.6367539763450623,True,NV,0.5195024609565735,False,MEL,0.9882381558418274,True,MEL,0.7489298582077026,True,MEL,0.999459445476532,True,MEL,0.9632784128189088,True
ISIC_0057055,NV,NV,0.739398181438446,True,NV,0.9994264841079712,True,BCC,0.4117362797260284,False,NV,0.9537630081176758,True,BCC,0.9990491271018982,False,MEL,0.4675128757953644,False
ISIC_0057058,BCC,BCC,0.7288294434547424,True,BCC,0.9983219504356384,True,AK,0.6694523096084595,False,BCC,0.950706660747528,True,BCC,0.8654993176460266,True,BCC,0.7248122096061707,True
ISIC_0057088,BCC,BCC,0.9988752007484436,True,BCC,0.996113419532776,True,BCC,0.9983964562416076,True,BCC,0.7372692227363586,True,BCC,0.9984947443008424,True,BCC,0.9128973484039308,True
ISIC_0057127,BKL,BKL,0.9992746710777284,True,BKL,0.9999650716781616,True,BKL,0.9874179363250732,True,BKL,0.985206425189972,True,BKL,0.999924898147583,True,BKL,0.9709610342979432,True
ISIC_0057145,AK,AK,0.5266596078872681,True,AK,0.9910724759101868,True,AK,0.7993098497390747,True,AK,0.5443519353866577,True,AK,0.9826825857162476,True,AK,0.966012477874756,True
ISIC_0057168,BCC,BCC,0.6871142387390137,True,BCC,0.9999265670776368,True,BCC,0.9550430178642272,True,BCC,0.9918959736824036,True,BCC,0.999270498752594,True,BCC,0.5549328327178955,True
ISIC_0057169,MEL,MEL,0.4720452129840851,True,NV,0.9393792748451232,False,NV,0.8449230194091797,False,BCC,0.5198001861572266,False,NV,0.6860255599021912,False,BCC,0.8949081897735596,False
ISIC_0057242,BCC,VASC,0.9595500230789183,False,BKL,0.6847853064537048,False,VASC,0.6215570569038391,False,VASC,0.9253740310668944,False,BKL,0.5840773582458496,False,VASC,0.9847205877304076,False
ISIC_0057286,MEL,MEL,0.9999996423721312,True,MEL,0.9999890327453612,True,MEL,0.9998458623886108,True,MEL,0.9999932050704956,True,MEL,0.9999908208847046,True,MEL,0.9999996423721312,True
ISIC_0057354,NV,NV,0.9999822378158568,True,NV,0.9970601201057434,True,NV,0.9925030469894408,True,NV,0.5312020778656006,True,NV,0.9971621632575988,True,NV,0.997422218322754,True
ISIC_0057359,BCC,BCC,0.9970909357070924,True,BCC,0.9567017555236816,True,BCC,0.998872935771942,True,BCC,0.926620066165924,True,BCC,0.99981290102005,True,BCC,0.9218451380729676,True
ISIC_0057369,MEL,MEL,0.9999669790267944,True,MEL,0.999848246574402,True,MEL,0.997323751449585,True,BCC,0.8351982831954956,False,BCC,0.9959957599639891,False,MEL,0.9794065356254578,True
ISIC_0057395,MEL,MEL,0.964571475982666,True,NV,0.990886688232422,False,NV,0.8656703233718872,False,NV,0.923961341381073,False,MEL,0.97723388671875,True,NV,0.9125582575798036,False
ISIC_0057396,NV,NV,0.9903472661972046,True,NV,0.9999321699142456,True,NV,0.9171955585479736,True,BKL,0.8353341817855835,False,BKL,0.9196392297744752,False,NV,0.9685437679290771,True
ISIC_0057475,NV,NV,0.9667874574661256,True,NV,0.9852675199508668,True,NV,0.986676037311554,True,NV,0.973242163658142,True,NV,0.9627934098243712,True,NV,0.455118864774704,True
ISIC_0057574,BCC,BCC,0.8925557732582092,True,BCC,0.8968043327331543,True,BCC,0.9556944370269777,True,BCC,0.997453510761261,True,BCC,0.9913243055343628,True,BCC,0.9809502959251404,True
ISIC_0057592,BCC,BCC,0.80751633644104,True,BCC,0.987906575202942,True,NV,0.7486615180969238,False,BCC,0.9510946273803712,True,NV,0.9570447206497192,False,BCC,0.5621973872184753,True
ISIC_0057672,MEL,MEL,0.9998493194580078,True,MEL,0.8542202711105347,True,SCC,0.4969887137413025,False,MEL,0.9911549091339112,True,MEL,0.9996071457862854,True,MEL,0.999992847442627,True
ISIC_0057675,SCC,SCC,0.9956520199775696,True,SCC,0.7983849048614502,True,SCC,0.7750318050384521,True,SCC,0.9989783763885498,True,SCC,0.4547587037086487,True,BCC,0.4369066655635834,False
ISIC_0057727,MEL,MEL,0.9999194145202636,True,MEL,0.9999760389328004,True,MEL,0.999992609024048,True,MEL,0.9999735355377196,True,MEL,0.9856936931610109,True,MEL,0.9991291165351868,True
ISIC_0057747,MEL,MEL,0.9966127276420592,True,MEL,0.9981226325035096,True,MEL,0.8352980613708496,True,MEL,0.999502182006836,True,MEL,0.999961256980896,True,MEL,0.961911916732788,True
ISIC_0057770,SCC,SCC,0.9760568141937256,True,AK,0.9627874493598938,False,SCC,0.7274962663650513,True,BCC,0.5041486620903015,False,BKL,0.5808758735656738,False,BKL,0.5916252136230469,False
ISIC_0057782,MEL,BKL,0.9847492575645448,False,BKL,0.9992315769195556,False,AK,0.7835415005683899,False,BKL,0.6946900486946106,False,AK,0.8276898860931396,False,BKL,0.933609664440155,False
ISIC_0057784,NV,NV,0.975776731967926,True,NV,0.9855227470397948,True,NV,0.9977570176124572,True,NV,0.9785397052764891,True,NV,0.8068493008613586,True,NV,0.9856597185134888,True
ISIC_0057801,BCC,BCC,0.970198392868042,True,BCC,0.9604451656341552,True,NV,0.7617414593696594,False,BCC,0.9986779093742372,True,BCC,0.9998809099197388,True,BCC,0.9589070677757264,True
ISIC_0057872,NV,NV,0.9999301433563232,True,NV,0.99384742975235,True,NV,0.9970617890357972,True,NV,0.9874683618545532,True,NV,0.9995203018188475,True,NV,0.9722684621810912,True
ISIC_0057887,NV,NV,0.9409926533699036,True,NV,0.9815034866333008,True,NV,0.9355350732803344,True,NV,0.861838161945343,True,NV,0.9977516531944276,True,NV,0.6145620346069336,True
ISIC_0057963,MEL,MEL,0.9999825954437256,True,MEL,0.9992997646331788,True,MEL,0.9988009929656982,True,MEL,0.9987063407897948,True,MEL,0.9999165534973145,True,MEL,0.9999995231628418,True
ISIC_0057999,MEL,NV,0.80616694688797,False,NV,0.9021878242492676,False,NV,0.884066641330719,False,NV,0.6560060381889343,False,MEL,0.5869885087013245,True,NV,0.7737190127372742,False
ISIC_0058000,MEL,MEL,0.974766194820404,True,BCC,0.9888262748718262,False,MEL,0.9994969367980956,True,BCC,0.9996169805526732,False,BCC,0.999134600162506,False,BCC,0.9748430252075196,False
ISIC_0058026,SCC,BKL,0.4899893701076507,False,MEL,0.5992660522460938,False,AK,0.5460917949676514,False,NV,0.6604557037353516,False,BCC,0.7138950824737549,False,NV,0.4163053631782532,False
ISIC_0058056,BKL,MEL,0.9979761242866516,False,MEL,0.9909418225288392,False,BCC,0.434352308511734,False,MEL,0.560936689376831,False,BKL,0.6964446306228638,True,MEL,0.996082365512848,False
ISIC_0058085,NV,NV,0.9800689220428468,True,DF,0.6617051959037781,False,NV,0.9681394696235656,True,NV,0.9499057531356812,True,NV,0.9102336764335632,True,NV,0.9971169233322144,True
ISIC_0058090,NV,NV,0.9971644282341005,True,NV,0.9953048229217528,True,NV,0.9975958466529846,True,NV,0.9520860314369202,True,NV,0.999883770942688,True,NV,0.9521840214729308,True
ISIC_0058132,NV,BCC,0.6985711455345154,False,NV,0.9999337196350098,True,NV,0.6984518766403198,True,NV,0.8301464319229126,True,NV,0.9997809529304504,True,NV,0.9523786306381226,True
ISIC_0058156,NV,BCC,0.9710099101066588,False,BCC,0.8854331970214844,False,BKL,0.7049039602279663,False,BCC,0.9798490405082704,False,NV,0.968360722064972,True,BCC,0.8493086695671082,False
ISIC_0058188,BCC,BCC,0.9997699856758118,True,BCC,0.999515175819397,True,BCC,0.9998061060905457,True,BCC,0.9986602067947388,True,BCC,0.999981164932251,True,BCC,0.9993233680725098,True
ISIC_0058210,NV,NV,0.9121674299240112,True,NV,0.9919657707214355,True,NV,0.9991318583488464,True,NV,0.997826874256134,True,NV,0.9932478666305542,True,NV,0.9404374361038208,True
ISIC_0058220,BCC,BCC,0.5025492310523987,True,NV,0.8744625449180603,False,BCC,0.7464383244514465,True,NV,0.9566569328308104,False,BCC,0.9964955449104308,True,NV,0.3925327956676483,False
ISIC_0058240,BCC,AK,0.8024953007698059,False,BCC,0.9999825954437256,True,BCC,0.9836163520812988,True,BCC,0.9998243451118468,True,BCC,0.999925136566162,True,BCC,0.963836908340454,True
ISIC_0058249,MEL,MEL,0.9990505576133728,True,MEL,0.9966633915901184,True,MEL,0.9925722479820251,True,MEL,0.999846339225769,True,MEL,0.9999854564666748,True,MEL,0.9997302889823914,True
ISIC_0058310,BCC,AK,0.6320499181747437,False,BCC,0.9265026450157166,True,BCC,0.9586182832717896,True,BCC,0.9450667500495912,True,BCC,0.6649773120880127,True,NV,0.5272176861763,False
ISIC_0058320,AK,SCC,0.9999924898147584,False,SCC,0.9780972599983216,False,SCC,0.8490947484970093,False,MEL,0.4522847235202789,False,SCC,0.9972426891326904,False,SCC,0.7321843504905701,False
ISIC_0058338,NV,MEL,0.9187881350517272,False,NV,0.6752338409423828,True,MEL,0.7905974984169006,False,NV,0.6434155702590942,True,NV,0.7356093525886536,True,NV,0.767788827419281,True
ISIC_0058376,MEL,BKL,0.9566624760627748,False,MEL,0.503275454044342,True,BKL,0.9149178266525269,False,NV,0.4746279120445251,False,BKL,0.9792692065238952,False,BKL,0.9950662851333618,False
ISIC_0058380,MEL,VASC,0.6390788555145264,False,BCC,0.9690732359886168,False,VASC,0.8933668732643127,False,BCC,0.4886932373046875,False,BCC,0.5720152258872986,False,VASC,0.9657422304153442,False
ISIC_0058393,BCC,BCC,0.9997777342796326,True,BCC,0.998540997505188,True,BCC,0.9984920024871826,True,BCC,0.998190939426422,True,BCC,0.9968124032020568,True,BCC,0.8317475914955139,True
ISIC_0058443,AK,AK,0.5227037072181702,True,AK,0.6379728317260742,True,BKL,0.6528276205062866,False,AK,0.5828343629837036,True,AK,0.9945971965789796,True,AK,0.9770259261131288,True
ISIC_0058448,MEL,MEL,0.9997640252113342,True,MEL,0.9999288320541382,True,MEL,0.9999220371246338,True,MEL,0.9996840953826904,True,MEL,0.999745786190033,True,MEL,0.9999072551727296,True
ISIC_0058463,BCC,BCC,0.9903539419174194,True,AK,0.996691107749939,False,BCC,0.7136645317077637,True,BCC,0.9733567833900452,True,AK,0.982133448123932,False,BCC,0.6789020895957947,True
ISIC_0058472,BCC,SCC,0.558513879776001,False,SCC,0.9597703814506532,False,BCC,0.9996672868728638,True,BCC,0.7276172637939453,True,BCC,0.9994459748268129,True,BCC,0.9548459649086,True
ISIC_0058506,AK,SCC,0.7947859168052673,False,AK,0.9502200484275818,True,AK,0.9930938482284546,True,BKL,0.6983111500740051,False,BKL,0.9949710369110109,False,BKL,0.8626288175582886,False
ISIC_0058546,NV,NV,0.6610414385795593,True,NV,0.9819946885108948,True,NV,0.9802038669586182,True,NV,0.9711290597915648,True,MEL,0.5214120745658875,False,NV,0.7268551588058472,True
ISIC_0058586,NV,MEL,0.7477754950523376,False,NV,0.7680651545524597,True,BCC,0.8841313123703003,False,MEL,0.6728246212005615,False,BKL,0.949732780456543,False,AK,0.3339343965053558,False
ISIC_0058600,NV,DF,0.624718189239502,False,BKL,0.9747576117515564,False,NV,0.5117257237434387,True,BKL,0.6933774352073669,False,NV,0.5019391179084778,True,DF,0.9130664467811584,False
ISIC_0058651,BCC,BCC,0.981639802455902,True,BCC,0.9994863271713256,True,BCC,0.9663387537002563,True,SCC,0.3616153299808502,False,NV,0.4535542726516723,False,BCC,0.6572532057762146,True
ISIC_0058699,BCC,BCC,0.9889688491821288,True,BCC,0.9632701277732848,True,AK,0.4346227347850799,False,BCC,0.7600942850112915,True,BCC,0.9988334774971008,True,BCC,0.5675333738327026,True
ISIC_0058787,BCC,NV,0.788027822971344,False,NV,0.8610978722572327,False,BCC,0.4884923696517944,True,BCC,0.9121888279914856,True,BCC,0.4593771994113922,True,NV,0.4693948030471802,False
ISIC_0058803,NV,BKL,0.6727882027626038,False,NV,0.924187421798706,True,NV,0.9913329482078552,True,NV,0.8669654130935669,True,NV,0.9994385838508606,True,NV,0.9727527499198914,True
ISIC_0058832,BCC,BCC,0.9945861101150512,True,BCC,0.998953342437744,True,BCC,0.9783710241317748,True,BCC,0.9807012677192688,True,BCC,0.9976758360862732,True,BCC,0.971224308013916,True
ISIC_0058868,BCC,BCC,0.7942665219306946,True,BCC,0.9989763498306274,True,BCC,0.8602357506752014,True,BCC,0.9902631044387816,True,BCC,0.9990912675857544,True,AK,0.8489120602607727,False
ISIC_0058984,BCC,MEL,0.9950763583183287,False,MEL,0.6908345818519592,False,BCC,0.9115735292434692,True,MEL,0.8844069838523865,False,BCC,0.9915760159492492,True,BCC,0.7260991930961609,True
ISIC_0059046,MEL,MEL,0.9717616438865662,True,MEL,0.9523183703422546,True,NV,0.957590878009796,False,MEL,0.9441146850585938,True,MEL,0.9976688027381896,True,MEL,0.8263090252876282,True
ISIC_0059089,MEL,BKL,0.7600175738334656,False,MEL,0.9627788066864014,True,MEL,0.7225747108459473,True,BKL,0.6795265674591064,False,BKL,0.995538294315338,False,BKL,0.640795886516571,False
ISIC_0059108,AK,AK,0.8884109258651733,True,AK,0.9991000890731812,True,AK,0.6891441941261292,True,AK,0.92926025390625,True,BCC,0.8581885099411011,False,BCC,0.7572432160377502,False
ISIC_0059115,BCC,BCC,0.8522596955299377,True,BCC,0.9998937845230104,True,BCC,0.8348824381828308,True,BCC,0.992586076259613,True,BCC,0.9952180981636048,True,BCC,0.6568300724029541,True
ISIC_0059144,NV,NV,0.999356210231781,True,NV,1.0,True,NV,0.9968144297599792,True,NV,0.9390239715576172,True,NV,0.9999911785125732,True,NV,0.9883452653884888,True
ISIC_0059216,MEL,MEL,0.999988317489624,True,MEL,0.9993793964385986,True,MEL,0.9993948936462402,True,MEL,0.9999700784683228,True,MEL,0.999988317489624,True,MEL,0.9999969005584716,True
ISIC_0059229,MEL,MEL,0.4152133166790008,True,MEL,0.915217101573944,True,MEL,0.7308309078216553,True,BKL,0.6500487327575684,False,MEL,0.8944473266601562,True,MEL,0.8006152510643005,True
ISIC_0059250,AK,SCC,0.996695876121521,False,SCC,0.9301377534866332,False,SCC,0.9973932504653932,False,SCC,0.8043836355209351,False,BKL,0.947921335697174,False,BCC,0.6252111196517944,False
ISIC_0059254,BCC,BCC,0.9975290894508362,True,BCC,0.998763918876648,True,BCC,0.8931516408920288,True,BCC,0.3728066682815552,True,BCC,0.9912418127059937,True,BCC,0.951099693775177,True
ISIC_0059265,DF,BCC,0.903175175189972,False,BCC,0.9663248658180236,False,BCC,0.9951985478401184,False,BCC,0.7106796503067017,False,BCC,0.8287965655326843,False,BCC,0.9537494778633118,False
ISIC_0059299,NV,NV,0.7116765975952148,True,NV,0.9358310699462892,True,NV,0.8580779433250427,True,BCC,0.8330307602882385,False,NV,0.5377257466316223,True,BCC,0.7081494331359863,False
ISIC_0059301,MEL,MEL,0.9999996423721312,True,MEL,0.9997318387031556,True,MEL,0.999425768852234,True,MEL,0.6406241655349731,True,MEL,0.9944416880607604,True,MEL,0.9828273057937622,True
ISIC_0059353,MEL,MEL,0.9434758424758912,True,MEL,0.8722907304763794,True,MEL,0.5678644180297852,True,MEL,0.8992360234260559,True,MEL,0.9559738039970398,True,MEL,0.9013598561286926,True
ISIC_0059368,NV,NV,0.9819152355194092,True,NV,0.9989665746688844,True,NV,0.975947916507721,True,NV,0.9678683876991272,True,NV,0.9996904134750366,True,NV,0.97724449634552,True
ISIC_0059370,NV,NV,0.9978511333465576,True,NV,0.6477031707763672,True,NV,0.8575789928436279,True,NV,0.6989654898643494,True,NV,0.9743496775627136,True,NV,0.9755040407180786,True
ISIC_0059408,AK,AK,0.9079737663269044,True,AK,0.9998936653137208,True,AK,0.9994565844535828,True,AK,0.999441921710968,True,AK,0.9215119481086732,True,AK,0.9910094738006592,True
ISIC_0059421,MEL,NV,0.99992835521698,False,NV,0.9999959468841552,False,NV,0.999788463115692,False,NV,0.9990298748016356,False,NV,0.99998676776886,False,NV,0.999690055847168,False
ISIC_0059509,BCC,NV,0.5416427850723267,False,BCC,0.9997459053993224,True,BCC,0.9870266318321228,True,BCC,0.9926736950874328,True,BCC,0.9990841150283812,True,BCC,0.8472805619239807,True
ISIC_0059532,MEL,MEL,0.6777734160423279,True,MEL,0.998028576374054,True,NV,0.6573001742362976,False,MEL,0.9732729196548462,True,MEL,0.9998867511749268,True,NV,0.9340225458145142,False
ISIC_0059536,NV,NV,0.9943167567253112,True,NV,0.9712260961532592,True,NV,0.9970459342002868,True,NV,0.9981396198272704,True,NV,0.9989620447158812,True,NV,0.9826244711875916,True
ISIC_0059548,BCC,BCC,0.9993427395820618,True,BCC,0.9997677206993104,True,BCC,0.9998531341552734,True,BCC,0.999806582927704,True,BCC,0.999977707862854,True,BCC,0.99879789352417,True
ISIC_0059575,SCC,SCC,0.9997950196266174,True,SCC,0.9964034557342528,True,SCC,0.9999713897705078,True,SCC,0.939140558242798,True,SCC,0.4904456436634063,True,SCC,0.9860250353813172,True
ISIC_0059604,NV,NV,0.9309142827987672,True,NV,0.9962701797485352,True,NV,0.9953157901763916,True,NV,0.5892170667648315,True,NV,0.6212401390075684,True,NV,0.8659880757331848,True
ISIC_0059613,BKL,BKL,0.8932480812072754,True,BKL,0.9978881478309632,True,BKL,0.9985417127609252,True,BKL,0.96668940782547,True,BKL,0.6310197710990906,True,BKL,0.9947840571403505,True
ISIC_0059616,BKL,BKL,0.6333428025245667,True,MEL,0.9980151653289796,False,MEL,0.9419599175453186,False,MEL,0.6398866176605225,False,MEL,0.8350658416748047,False,MEL,0.9137089848518372,False
ISIC_0059617,BCC,AK,0.9643224477767944,False,MEL,0.5275907516479492,False,BCC,0.6880127787590027,True,MEL,0.4043111503124237,False,MEL,0.7537862658500671,False,MEL,0.6560450792312622,False
ISIC_0059659,NV,NV,0.9582239985466005,True,NV,0.9999051094055176,True,NV,0.4720872938632965,True,NV,0.4664149880409241,True,MEL,0.9998072981834412,False,MEL,0.8659428954124451,False
ISIC_0059681,NV,NV,0.9999722242355348,True,NV,0.996274471282959,True,NV,0.9970576763153076,True,BKL,0.5106490850448608,False,NV,0.854105532169342,True,NV,0.8932742476463318,True
ISIC_0059705,NV,NV,0.7129347324371338,True,NV,0.9962177872657776,True,NV,0.9922768473625184,True,NV,0.6647480726242065,True,NV,0.848355770111084,True,NV,0.4990201890468597,True
ISIC_0059730,BCC,BCC,0.9653019309043884,True,AK,0.9844092726707458,False,AK,0.9397879242897034,False,BCC,0.9160079956054688,True,BCC,0.7666246294975281,True,AK,0.6182885766029358,False
ISIC_0059772,NV,NV,0.5271646976470947,True,MEL,0.9966241121292114,False,MEL,0.7639809846878052,False,MEL,0.6781977415084839,False,NV,0.6675476431846619,True,MEL,0.4988533854484558,False
ISIC_0059805,NV,NV,0.978744089603424,True,NV,0.997789740562439,True,NV,0.9761295914649964,True,NV,0.8954159021377563,True,NV,0.9810933470726012,True,NV,0.9013789892196656,True
ISIC_0059810,MEL,MEL,0.993684470653534,True,MEL,0.9999138116836548,True,MEL,0.9982993006706238,True,MEL,0.943733274936676,True,MEL,0.9999361038208008,True,MEL,0.936365246772766,True
ISIC_0059811,BCC,BCC,0.999127209186554,True,BCC,0.9995125532150269,True,BCC,0.9834758043289183,True,BCC,0.9992959499359132,True,BCC,0.9941446185112,True,BCC,0.9919148683547974,True
ISIC_0059824,NV,NV,0.9287976622581482,True,NV,0.9964852333068848,True,NV,0.8567975759506226,True,NV,0.5324777364730835,True,NV,0.999705135822296,True,NV,0.5035707354545593,True
ISIC_0059870,NV,NV,0.5359277725219727,True,NV,0.9987788796424866,True,MEL,0.7166435718536377,False,NV,0.5012916326522827,True,NV,0.5564167499542236,True,MEL,0.6173357367515564,False
ISIC_0059882,BCC,NV,0.9201741814613342,False,NV,0.6752327680587769,False,BCC,0.8278254866600037,True,BKL,0.8489786982536316,False,BCC,0.5794379115104675,True,NV,0.5431442260742188,False
ISIC_0059944,NV,NV,0.9916884303092957,True,NV,0.9994947910308838,True,NV,0.8245114684104919,True,NV,0.9930281043052672,True,NV,0.9999712705612184,True,NV,0.938578486442566,True
ISIC_0059964,NV,NV,0.9973493814468384,True,NV,0.9942684173583984,True,NV,0.6898208856582642,True,NV,0.8161187767982483,True,NV,0.9659804701805116,True,NV,0.8596762418746948,True
ISIC_0060041,AK,BKL,0.4735033512115478,False,AK,0.995153784751892,True,BKL,0.43763467669487,False,BCC,0.7299817204475403,False,BKL,0.994683802127838,False,SCC,0.8479049801826477,False
ISIC_0060079,BCC,BCC,0.9996483325958252,True,BCC,0.9998273849487304,True,BCC,0.999994158744812,True,BCC,0.9753211140632628,True,BCC,0.9998466968536376,True,BCC,0.998363435268402,True
ISIC_0060097,NV,NV,0.5803511738777161,True,NV,0.5621044039726257,True,NV,0.9999680519104004,True,NV,0.9999876022338868,True,NV,0.8765578866004944,True,MEL,0.9088958501815796,False
ISIC_0060132,MEL,MEL,0.991135835647583,True,MEL,0.9973498582839966,True,MEL,0.9985564351081848,True,MEL,0.9938437938690186,True,MEL,0.9999269247055054,True,MEL,0.905461847782135,True
ISIC_0060171,NV,NV,0.8300337791442871,True,BCC,0.9760846495628356,False,NV,0.939127802848816,True,BCC,0.5517486333847046,False,NV,0.9759273529052734,True,NV,0.8023526072502136,True
ISIC_0060186,NV,MEL,0.9656578302383424,False,MEL,0.9697685837745668,False,NV,0.4618677198886871,True,MEL,0.7843448519706726,False,NV,0.6114552021026611,True,NV,0.4293719530105591,True
ISIC_0060209,BCC,BCC,0.9473040103912354,True,BCC,0.9946666955947876,True,BCC,0.9963653087615968,True,BCC,0.9983177185058594,True,MEL,0.5315403342247009,False,BCC,0.9638680219650269,True
ISIC_0060254,BCC,BCC,0.9998037219047546,True,BCC,0.999985933303833,True,BCC,0.99131178855896,True,BCC,0.9999982118606568,True,BCC,0.9990591406822203,True,BCC,0.7101909518241882,True
ISIC_0060274,BCC,BCC,0.982488453388214,True,BCC,0.7610290050506592,True,BCC,0.9413077235221864,True,BCC,0.9996441602706908,True,BCC,0.9381291270256042,True,BCC,0.7403653860092163,True
ISIC_0060276,NV,NV,0.7930750846862793,True,NV,0.9903889298439026,True,NV,0.8859350681304932,True,NV,0.8981726169586182,True,NV,0.999940037727356,True,NV,0.9495559334754944,True
ISIC_0060279,NV,NV,0.926581084728241,True,MEL,0.8624407649040222,False,NV,0.7547762393951416,True,NV,0.8284826278686523,True,MEL,0.556995689868927,False,NV,0.7648410201072693,True
ISIC_0060319,MEL,MEL,0.7302340269088745,True,MEL,0.9717769622802734,True,MEL,0.8945038318634033,True,MEL,0.9849342107772828,True,MEL,0.9990522265434264,True,MEL,0.9568493366241456,True
ISIC_0060325,NV,NV,0.9957318902015686,True,BKL,0.5279643535614014,False,NV,0.6813463568687439,True,NV,0.8878169655799866,True,BKL,0.870474636554718,False,NV,0.4745815098285675,True
ISIC_0060331,SCC,SCC,0.9457352161407472,True,BCC,0.8555700182914734,False,BCC,0.6368420720100403,False,BCC,0.8820130228996277,False,AK,0.9402292966842652,False,AK,0.3892124891281128,False
ISIC_0060353,SCC,BKL,0.9189760088920592,False,BKL,0.9914985299110411,False,BKL,0.9007032513618469,False,BKL,0.9786821007728576,False,BCC,0.7318264842033386,False,BKL,0.9191103577613832,False
ISIC_0060376,MEL,MEL,0.9980872273445128,True,MEL,0.9999085664749146,True,MEL,0.9999576807022096,True,MEL,0.9944327473640442,True,MEL,0.9998924732208252,True,MEL,0.9998441934585572,True
ISIC_0060403,MEL,NV,0.9281692504882812,False,NV,0.9900093674659728,False,NV,0.8155450224876404,False,BCC,0.9286588430404664,False,NV,0.8033989071846008,False,BCC,0.757314145565033,False
ISIC_0060480,AK,NV,0.6728348731994629,False,BKL,0.9886285066604614,False,BKL,0.5263994932174683,False,NV,0.7916205525398254,False,NV,0.7395545840263367,False,BKL,0.5900188088417053,False
ISIC_0060629,MEL,MEL,0.999968409538269,True,MEL,0.9831666350364684,True,MEL,0.9999836683273317,True,MEL,0.9999918937683104,True,MEL,0.9999775886535645,True,MEL,0.999828577041626,True
ISIC_0060668,NV,NV,0.6336092352867126,True,MEL,0.9849200248718262,False,NV,0.5399895310401917,True,NV,0.5653865933418274,True,MEL,0.8416997790336609,False,NV,0.5025153756141663,True
ISIC_0060684,BCC,BCC,0.9964989423751832,True,BCC,0.9999724626541138,True,BCC,0.9995908141136168,True,BCC,0.9945313930511476,True,BCC,0.9999651908874512,True,BCC,0.9670268893241882,True
ISIC_0060703,MEL,MEL,0.9974797368049622,True,MEL,0.9987332224845886,True,MEL,0.9965555667877196,True,BCC,0.9634335041046144,False,BCC,0.9379623532295228,False,MEL,0.590802788734436,True
ISIC_0060817,MEL,MEL,0.9930825233459472,True,MEL,0.9973408579826356,True,MEL,0.9986248016357422,True,MEL,0.9330779910087584,True,MEL,0.9989064931869508,True,MEL,0.9794173836708068,True
ISIC_0060835,NV,NV,0.9960882663726808,True,NV,0.999997854232788,True,NV,0.9949565529823304,True,NV,0.9511414170265198,True,NV,0.9999442100524902,True,NV,0.9876735806465148,True
ISIC_0060842,BCC,BCC,0.998311161994934,True,BCC,0.9999827146530152,True,BCC,0.9995213747024536,True,BCC,0.9993072748184204,True,BCC,0.9999312162399292,True,BCC,0.9944657683372498,True
ISIC_0060875,BKL,BKL,0.9960850477218628,True,BKL,0.9938242435455322,True,BKL,0.700987696647644,True,BKL,0.9984436631202698,True,BKL,0.9242836236953736,True,BKL,0.9923740029335022,True
ISIC_0060927,BCC,SCC,0.4396556913852691,False,AK,0.9970460534095764,False,AK,0.6478203535079956,False,BCC,0.4774984717369079,True,BCC,0.9961155652999878,True,AK,0.5049286484718323,False
ISIC_0060947,BCC,BKL,0.9615314602851868,False,AK,0.5752080082893372,False,BKL,0.5026260018348694,False,BKL,0.8181588649749756,False,BKL,0.9739586114883424,False,AK,0.999548614025116,False
ISIC_0060992,NV,NV,0.9991503953933716,True,NV,1.0,True,NV,0.9996330738067628,True,NV,0.9766677618026732,True,NV,0.9999891519546508,True,NV,0.993893027305603,True
ISIC_0061044,AK,BKL,0.9842295050621032,False,SCC,0.9999359846115112,False,SCC,0.990627646446228,False,SCC,0.9454644918441772,False,SCC,0.7737411260604858,False,AK,0.6690199971199036,True
ISIC_0061114,BKL,BKL,0.9990729093551636,True,BKL,0.9887162446975708,True,NV,0.5212417840957642,False,BKL,0.8702020049095154,True,BKL,0.5728859305381775,True,BKL,0.9933316111564636,True
ISIC_0061163,MEL,BCC,0.937351644039154,False,MEL,0.9126306772232056,True,MEL,0.5227206349372864,True,MEL,0.6187705993652344,True,MEL,0.9957389831542968,True,BCC,0.4708305895328522,False
ISIC_0061169,NV,MEL,0.8651170134544373,False,NV,0.7511063814163208,True,MEL,0.5808088183403015,False,NV,0.900863230228424,True,MEL,0.9517270922660828,False,MEL,0.5335449576377869,False
ISIC_0061180,NV,NV,0.9396415948867798,True,NV,0.9999920129776,True,NV,0.9977198243141174,True,NV,0.9985210299491882,True,NV,0.9955175518989564,True,NV,0.8689325451850891,True
ISIC_0061183,MEL,BCC,0.5565013885498047,False,MEL,0.9989437460899352,True,MEL,0.9912590384483336,True,BCC,0.5052411556243896,False,MEL,0.9963766932487488,True,MEL,0.9169899225234984,True
ISIC_0061234,BCC,VASC,0.9754536747932434,False,VASC,0.9862200021743774,False,BKL,0.5592349767684937,False,VASC,0.6944423317909241,False,VASC,0.9443877339363098,False,VASC,0.8434765338897705,False
ISIC_0061244,MEL,NV,0.5663976073265076,False,NV,0.9787840247154236,False,NV,0.8461361527442932,False,NV,0.7403051853179932,False,NV,0.9997522234916688,False,MEL,0.6093991994857788,True
ISIC_0061266,NV,NV,0.7885700464248657,True,NV,0.999832034111023,True,NV,0.999996304512024,True,NV,0.9995716214179992,True,NV,0.9939363598823548,True,NV,0.7100922465324402,True
ISIC_0061294,AK,SCC,0.6163284778594971,False,AK,0.8749865293502808,True,AK,0.4351045489311218,True,BCC,0.5062375068664551,False,AK,0.9701139330863952,True,AK,0.9710956811904908,True
ISIC_0061322,SCC,BCC,0.4682605266571045,False,MEL,0.6468564867973328,False,BKL,0.4576571881771087,False,AK,0.6717597842216492,False,MEL,0.90025395154953,False,AK,0.74802166223526,False
ISIC_0061352,NV,BCC,0.7640767693519592,False,BCC,0.9949116110801696,False,BCC,0.9882296323776244,False,BCC,0.5212650895118713,False,BCC,0.9841227531433104,False,DF,0.4735068678855896,False
ISIC_0061395,NV,MEL,0.9851127862930298,False,MEL,0.9651874303817748,False,NV,0.8227545022964478,True,NV,0.8802661299705505,True,NV,0.725372314453125,True,NV,0.7184090614318848,True
ISIC_0061402,BCC,BCC,0.9964985847473145,True,BCC,0.9988314509391784,True,BCC,0.9992988109588624,True,BCC,0.9973958730697632,True,BCC,0.9999778270721436,True,BCC,0.993727207183838,True
ISIC_0061429,NV,NV,0.6799723505973816,True,NV,0.9755188822746276,True,NV,0.9996826648712158,True,NV,0.8621929287910461,True,NV,0.6042255163192749,True,NV,0.9512596130371094,True
ISIC_0061497,BCC,DF,0.8301304578781128,False,AK,0.7632750272750854,False,NV,0.4203979074954986,False,BCC,0.4010608196258545,True,BCC,0.9976736903190612,True,VASC,0.3867296278476715,False
ISIC_0061574,NV,NV,0.8913394808769226,True,NV,0.987905740737915,True,NV,0.9426918029785156,True,NV,0.7844830751419067,True,NV,0.9979588985443116,True,NV,0.899151623249054,True
ISIC_0061595,MEL,MEL,0.856183648109436,True,MEL,0.9977213740348816,True,BKL,0.488918125629425,False,NV,0.7041267156600952,False,MEL,0.9999723434448242,True,MEL,0.9663037061691284,True
ISIC_0061636,MEL,MEL,0.7717940807342529,True,MEL,0.9999231100082396,True,NV,0.839469313621521,False,MEL,0.9934187531471252,True,MEL,0.999182403087616,True,MEL,0.6131314635276794,True
ISIC_0061646,BKL,MEL,0.9923530220985411,False,MEL,0.996550679206848,False,MEL,0.9978837370872498,False,MEL,0.9575412273406982,False,MEL,0.9989367127418518,False,MEL,0.7554260492324829,False
ISIC_0061651,NV,MEL,0.9257627725601196,False,NV,0.94795423746109,True,NV,0.5054971575737,True,MEL,0.5551283955574036,False,MEL,0.7463644742965698,False,NV,0.6351935267448425,True
ISIC_0061679,BKL,BCC,0.9459731578826904,False,BKL,0.9707988500595092,True,BCC,0.621429443359375,False,BCC,0.5612292885780334,False,BCC,0.9890003204345704,False,MEL,0.580491304397583,False
ISIC_0061705,MEL,NV,0.988852083683014,False,NV,1.0,False,NV,0.9999451637268066,False,NV,0.9936518669128418,False,NV,0.9998295307159424,False,NV,0.9910039901733398,False
ISIC_0061710,MEL,NV,0.718748927116394,False,MEL,0.9611294269561768,True,BKL,0.8547415733337402,False,MEL,0.4881944358348846,True,MEL,0.9997099041938782,True,MEL,0.9886435866355896,True
ISIC_0061716,NV,NV,0.9908550977706908,True,NV,0.9999910593032836,True,NV,0.8567719459533691,True,NV,0.9900875687599182,True,NV,0.9986481070518494,True,NV,0.925794243812561,True
ISIC_0061756,MEL,MEL,0.9999662637710572,True,MEL,0.9987579584121704,True,MEL,0.7675073146820068,True,MEL,0.9088193774223328,True,MEL,0.9993072748184204,True,MEL,0.9989803433418274,True
ISIC_0061761,MEL,MEL,0.9950822591781616,True,MEL,0.9566425085067748,True,MEL,0.9951242804527284,True,MEL,0.8646357655525208,True,MEL,0.7080156803131104,True,BCC,0.5595640540122986,False
ISIC_0061807,NV,NV,0.9994277358055116,True,NV,0.9999632835388184,True,NV,0.950021505355835,True,NV,0.9723852276802064,True,NV,0.9948545694351196,True,NV,0.8779177069664001,True
ISIC_0061830,SCC,BKL,0.5515995025634766,False,BKL,0.7028056979179382,False,AK,0.3038085401058197,False,BKL,0.8620111346244812,False,NV,0.8853007555007935,False,BCC,0.7182295918464661,False
ISIC_0061847,NV,NV,0.9376168847084044,True,NV,0.9535886645317078,True,NV,0.9836114048957824,True,NV,0.8558428883552551,True,NV,0.9109857082366944,True,MEL,0.5723451972007751,False
ISIC_0061909,BCC,BCC,0.9979963898658752,True,BCC,0.998678982257843,True,BCC,0.9960618615150452,True,BKL,0.4891091287136078,False,BCC,0.9998761415481568,True,BCC,0.9801167845726012,True
ISIC_0061913,NV,NV,0.5706341862678528,True,MEL,0.5798705220222473,False,SCC,0.8644863963127136,False,MEL,0.8291584849357605,False,NV,0.8065862059593201,True,MEL,0.650505006313324,False
ISIC_0061959,DF,BCC,0.8340251445770264,False,BCC,0.7796405553817749,False,DF,0.9998804330825806,True,BCC,0.5919023156166077,False,DF,0.8042849898338318,True,BCC,0.4409166276454925,False
ISIC_0061996,NV,MEL,0.5756615400314331,False,NV,0.9989946484565736,True,NV,0.8865486979484558,True,NV,0.9669947624206544,True,NV,0.9972521662712096,True,NV,0.9798462986946106,True
ISIC_0061997,MEL,MEL,0.9986143112182616,True,MEL,0.9997552037239076,True,MEL,0.9231876134872437,True,MEL,0.9952602982521056,True,MEL,0.8814452886581421,True,MEL,0.995391607284546,True
ISIC_0062036,AK,AK,0.9863218069076538,True,AK,0.9987381100654602,True,AK,0.9898131489753724,True,BKL,0.4423412978649139,False,BKL,0.694804310798645,False,AK,0.7968151569366455,True
ISIC_0062049,NV,DF,0.9988759160041808,False,NV,0.9323490262031556,True,DF,0.996494472026825,False,NV,0.7091796398162842,True,NV,0.99607914686203,True,DF,0.9203259348869324,False
ISIC_0062063,MEL,MEL,0.98994117975235,True,MEL,0.9997959733009338,True,MEL,0.9826061725616456,True,MEL,0.9688367247581482,True,MEL,0.99992036819458,True,MEL,0.9930811524391174,True
ISIC_0062087,MEL,MEL,0.8971207141876221,True,MEL,0.8896561861038208,True,BKL,0.885229766368866,False,BKL,0.9822539687156676,False,AK,0.6723230481147766,False,MEL,0.9930400848388672,True
ISIC_0062098,MEL,MEL,0.9915952086448668,True,BKL,0.7138786315917969,False,MEL,0.7237138748168945,True,NV,0.4297636449337005,False,MEL,0.7808372974395752,True,AK,0.8461517691612244,False
ISIC_0062120,NV,MEL,0.6534802317619324,False,BCC,0.7892318964004517,False,BCC,0.8376582860946655,False,MEL,0.6514226794242859,False,NV,0.955525279045105,True,AK,0.6929967403411865,False
ISIC_0062128,NV,MEL,0.743778645992279,False,NV,0.9977214932441713,True,NV,0.9125791192054749,True,NV,0.871509850025177,True,NV,0.9717803597450256,True,NV,0.5934485793113708,True
ISIC_0062137,NV,NV,0.9997692704200744,True,NV,0.9973324537277222,True,NV,0.9946880340576172,True,BKL,0.6584700345993042,False,BKL,0.5163522362709045,False,NV,0.9544445872306824,True
ISIC_0062142,NV,MEL,0.8945039510726929,False,NV,0.9679789543151855,True,MEL,0.6381133198738098,False,MEL,0.6538771390914917,False,MEL,0.9948329925537108,False,MEL,0.6973040103912354,False
ISIC_0062197,NV,NV,0.7062050104141235,True,NV,0.9996188879013062,True,NV,0.9129613041877748,True,NV,0.9295693039894104,True,NV,0.7243559956550598,True,NV,0.7153737545013428,True
ISIC_0062221,NV,NV,0.9614895582199096,True,NV,0.8433207273483276,True,NV,0.9883472323417664,True,NV,0.9711031913757324,True,NV,0.9932996034622192,True,NV,0.715344250202179,True
ISIC_0062236,BCC,BCC,0.6925728917121887,True,BCC,0.7338472008705139,True,BCC,0.9579977989196776,True,BCC,0.9919156432151794,True,BCC,0.999958038330078,True,BCC,0.989674150943756,True
ISIC_0062240,BCC,BCC,0.6570002436637878,True,BCC,0.999211311340332,True,BCC,0.9998273849487304,True,BCC,0.9998151659965516,True,BCC,0.9999220371246338,True,BCC,0.8517009615898132,True
ISIC_0062331,NV,DF,0.955069661140442,False,DF,0.8464604020118713,False,NV,0.9982940554618835,True,NV,0.9786396026611328,True,NV,0.9990153312683104,True,NV,0.9982433319091796,True
ISIC_0062404,NV,NV,0.7925947308540344,True,NV,0.9580841064453124,True,NV,0.9557358026504515,True,NV,0.5427085161209106,True,MEL,0.6656727194786072,False,NV,0.7543269991874695,True
ISIC_0062430,NV,NV,0.9730224013328552,True,MEL,0.8834103941917419,False,NV,0.9772725105285645,True,NV,0.6561523079872131,True,NV,0.9606897234916688,True,MEL,0.5613755583763123,False
ISIC_0062451,BCC,BCC,0.9772595167160034,True,BCC,0.9998973608016968,True,BCC,0.9987469911575316,True,BCC,0.9969989061355592,True,BKL,0.4860884845256805,False,BCC,0.9967857599258424,True
ISIC_0062548,NV,NV,0.9559755325317384,True,NV,0.9991135001182556,True,NV,0.999478280544281,True,NV,0.9991605281829834,True,NV,0.9896933436393738,True,NV,0.9408119916915894,True
ISIC_0062559,MEL,MEL,0.9527535438537598,True,MEL,0.8754780888557434,True,MEL,0.6627436876296997,True,MEL,0.98635071516037,True,NV,0.9998617172241212,False,MEL,0.4999538064002991,True
ISIC_0062561,BKL,MEL,0.999842643737793,False,MEL,0.9998633861541748,False,MEL,0.9449867010116576,False,MEL,0.5773653984069824,False,MEL,0.9986697435379028,False,MEL,0.8494786024093628,False
ISIC_0062615,BCC,BCC,0.8222448229789734,True,BCC,0.996862530708313,True,BCC,0.990220308303833,True,BCC,0.906714916229248,True,BCC,0.6381009817123413,True,BCC,0.9634908437728882,True
ISIC_0062677,NV,NV,0.9696043729782104,True,NV,0.9999991655349731,True,NV,0.9999991655349731,True,NV,0.9912254214286804,True,NV,0.919341206550598,True,NV,0.985538363456726,True
ISIC_0062679,NV,MEL,0.7620863914489746,False,NV,0.999641180038452,True,NV,0.9285589456558228,True,NV,0.9634586572647096,True,NV,0.9999749660491944,True,NV,0.9843830466270448,True
ISIC_0062682,BCC,BCC,0.890483558177948,True,BCC,0.5100595951080322,True,AK,0.4911321699619293,False,DF,0.9595908522605896,False,BCC,0.8886666297912598,True,DF,0.9584825038909912,False
ISIC_0062688,MEL,BCC,0.6742843985557556,False,BCC,0.9978277087211608,False,BKL,0.5737893581390381,False,BKL,0.8138123750686646,False,AK,0.601309597492218,False,BKL,0.990035116672516,False
ISIC_0062715,NV,MEL,0.5783419609069824,False,NV,0.9658326506614684,True,NV,0.9241042137145996,True,NV,0.5143977403640747,True,NV,0.9865858554840088,True,NV,0.7116327285766602,True
ISIC_0062750,NV,MEL,0.9728689193725586,False,MEL,0.9462311863899232,False,NV,0.8279595375061035,True,NV,0.8412051796913147,True,NV,0.8413798213005066,True,NV,0.7404998540878296,True
ISIC_0062843,BCC,BCC,0.9985894560813904,True,BCC,0.9999351501464844,True,BCC,0.9981797933578492,True,BCC,0.9948295950889589,True,BCC,0.9999730587005616,True,BCC,0.9848331809043884,True
ISIC_0062892,NV,NV,0.8790884017944336,True,NV,0.997771143913269,True,NV,0.9330933094024658,True,NV,0.9798038005828856,True,NV,0.9975658655166626,True,MEL,0.5211935639381409,False
ISIC_0062983,MEL,MEL,0.9736325740814208,True,MEL,0.9843767881393432,True,NV,0.6047133803367615,False,MEL,0.9022898077964784,True,MEL,0.9997439980506896,True,MEL,0.7071927189826965,True
ISIC_0063001,BKL,BKL,0.8825509548187256,True,BKL,0.9972912669181824,True,BKL,0.9567036032676696,True,BKL,0.9160750508308412,True,BKL,0.99965238571167,True,BKL,0.9328901767730712,True
ISIC_0063040,NV,NV,0.922956645488739,True,NV,0.9864087104797364,True,NV,0.9928425550460817,True,NV,0.7155696153640747,True,NV,0.9912176132202148,True,NV,0.6973243355751038,True
ISIC_0063097,BCC,BCC,0.9970436692237854,True,BCC,0.9998929500579834,True,BCC,0.9998986721038818,True,BCC,0.9997407793998718,True,BCC,0.9996095299720764,True,BCC,0.995101034641266,True
ISIC_0063109,MEL,MEL,0.9987379908561708,True,MEL,0.9893306493759156,True,BKL,0.5692859292030334,False,MEL,0.999980092048645,True,MEL,0.999416708946228,True,MEL,0.9946634769439696,True
ISIC_0063212,NV,NV,0.9994407296180724,True,NV,0.9998714923858644,True,NV,0.996393620967865,True,NV,0.924124002456665,True,NV,0.9952504634857178,True,NV,0.9011251330375672,True
ISIC_0063269,BCC,NV,0.8729904294013977,False,BCC,0.4146393537521362,True,BKL,0.4063728153705597,False,BCC,0.8648210763931274,True,BCC,0.5837952494621277,True,NV,0.9053086638450624,False
ISIC_0063373,MEL,MEL,0.9998447895050048,True,MEL,0.9547973275184632,True,MEL,0.9970036149024964,True,MEL,0.8830121755599976,True,MEL,0.9082605242729188,True,BCC,0.675178587436676,False
ISIC_0063377,NV,MEL,0.9759464263916016,False,NV,0.7592251896858215,True,NV,0.8333213925361633,True,NV,0.9863631129264832,True,MEL,0.8718147873878479,False,NV,0.902151584625244,True
ISIC_0063492,MEL,BCC,0.537929892539978,False,MEL,0.6812228560447693,True,MEL,0.8871554136276245,True,MEL,0.5156124234199524,True,MEL,0.5675985217094421,True,MEL,0.8287643194198608,True
ISIC_0063495,NV,BKL,0.6673856377601624,False,NV,0.9444734454154968,True,NV,0.5005676746368408,True,NV,0.7536001801490784,True,NV,0.9864450097084044,True,BKL,0.7710820436477661,False
ISIC_0063518,NV,NV,0.9965493679046632,True,NV,0.9982761144638062,True,NV,0.6452171206474304,True,NV,0.6685309410095215,True,NV,0.985772430896759,True,NV,0.7556785345077515,True
ISIC_0063542,BKL,MEL,0.9543058276176452,False,MEL,0.8710901737213135,False,MEL,0.5217257142066956,False,MEL,0.9841522574424744,False,MEL,0.9949777722358704,False,MEL,0.5101935863494873,False
ISIC_0063603,NV,NV,0.9829652905464172,True,NV,0.7706802487373352,True,NV,0.9968134760856628,True,NV,0.6040350794792175,True,NV,0.9932330250740052,True,NV,0.7671831846237183,True
ISIC_0063607,NV,NV,0.7359700798988342,True,NV,0.9996166229248048,True,NV,0.7707654237747192,True,NV,0.7965410351753235,True,NV,0.9896984696388244,True,NV,0.9913143515586852,True
ISIC_0063680,MEL,AK,0.7179048657417297,False,BKL,0.9882287979125975,False,AK,0.9919852018356324,False,BKL,0.6135280132293701,False,BKL,0.9917566776275636,False,BKL,0.8804003000259399,False
ISIC_0063802,BCC,NV,0.6607954502105713,False,BCC,0.8179651498794556,True,NV,0.8211806416511536,False,BCC,0.5527562499046326,True,BCC,0.9991751313209534,True,NV,0.6544201374053955,False
ISIC_0063834,NV,MEL,0.9159674048423768,False,BCC,0.9004026055335999,False,AK,0.6046431064605713,False,MEL,0.8601693511009216,False,SCC,0.5535556077957153,False,MEL,0.6471354961395264,False
ISIC_0063897,MEL,MEL,0.737321674823761,True,MEL,0.9993990659713744,True,MEL,0.999324917793274,True,MEL,0.994209885597229,True,MEL,0.999968647956848,True,MEL,0.9999903440475464,True
ISIC_0063946,MEL,NV,0.6826702952384949,False,MEL,0.9039834141731262,True,NV,0.7290477752685547,False,MEL,0.7778810858726501,True,NV,0.8514043092727661,False,BCC,0.7988714575767517,False
ISIC_0063948,NV,NV,0.999669909477234,True,NV,0.9999310970306396,True,NV,0.9969255328178406,True,NV,0.8018721342086792,True,NV,0.9998663663864136,True,NV,0.9997960925102234,True
ISIC_0064028,NV,NV,0.5654159784317017,True,NV,0.998969554901123,True,NV,0.9772113561630248,True,NV,0.6958205699920654,True,MEL,0.6523536443710327,False,NV,0.6197699308395386,True
ISIC_0064080,MEL,NV,0.6433684229850769,False,MEL,0.9580302834510804,True,MEL,0.982545018196106,True,BCC,0.6746074557304382,False,MEL,0.9993959665298462,True,MEL,0.9313678741455078,True
ISIC_0064090,SCC,SCC,0.9999990463256836,True,SCC,0.999824583530426,True,SCC,0.9991031885147096,True,SCC,0.9999895095825196,True,SCC,0.9538158178329468,True,SCC,0.9130229949951172,True
ISIC_0064128,BCC,BCC,0.99983012676239,True,BCC,0.999974012374878,True,BCC,0.9993329644203186,True,BCC,0.9980536699295044,True,BCC,0.9999165534973145,True,BCC,0.99628084897995,True
ISIC_0064179,BCC,BCC,0.9950516819953918,True,BCC,0.99964702129364,True,BCC,0.965695321559906,True,BCC,0.9149965643882751,True,BCC,0.9944753050804138,True,BCC,0.9730087518692015,True
ISIC_0064219,NV,MEL,0.7893722057342529,False,MEL,0.6275104284286499,False,NV,0.5398877263069153,True,NV,0.5696222186088562,True,MEL,0.5076510906219482,False,MEL,0.6107166409492493,False
ISIC_0064267,SCC,SCC,0.5835689902305603,True,BCC,0.9997091889381408,False,BCC,0.9630741477012634,False,BCC,0.9366722106933594,False,BCC,0.999610722064972,False,AK,0.8315607905387878,False
ISIC_0064322,AK,BKL,0.9691164493560792,False,SCC,0.9998144507408142,False,SCC,0.9917339086532592,False,SCC,0.7958393096923828,False,BCC,0.4953999817371368,False,AK,0.7139539122581482,True
ISIC_0064339,MEL,MEL,0.9736325740814208,True,MEL,0.9843767881393432,True,NV,0.6047133803367615,False,MEL,0.9022898077964784,True,MEL,0.9997439980506896,True,MEL,0.7071927189826965,True
ISIC_0064349,MEL,MEL,0.978415310382843,True,MEL,0.9996469020843506,True,MEL,0.9718710780143738,True,MEL,0.9979935884475708,True,MEL,0.9999003410339355,True,MEL,0.9999990463256836,True
ISIC_0064378,BKL,BKL,0.9999957084655762,True,BKL,0.9999643564224244,True,BKL,0.9999945163726808,True,BKL,1.0,True,BKL,0.9917237162590028,True,BKL,0.9958078861236572,True
ISIC_0064386,SCC,SCC,0.98073810338974,True,BKL,0.7708380222320557,False,BCC,0.40386563539505,False,BKL,0.4245772063732147,False,BKL,0.5860269665718079,False,BKL,0.413622111082077,False
ISIC_0064398,BKL,BKL,0.9999498128890992,True,BKL,0.9974318146705629,True,BKL,0.9852818846702576,True,BKL,0.9819153547286988,True,BKL,0.9997404217720032,True,BKL,0.9934102892875672,True
ISIC_0064413,DF,DF,0.7654681205749512,True,NV,0.4914767146110534,False,NV,0.9455259442329408,False,MEL,0.458759069442749,False,MEL,0.9757983088493348,False,NV,0.5773333311080933,False
ISIC_0064414,NV,MEL,0.9482877254486084,False,MEL,0.9925650358200072,False,NV,0.5697267055511475,True,NV,0.8907252550125122,True,MEL,0.585963785648346,False,MEL,0.5229145288467407,False
ISIC_0064502,DF,DF,0.8826420307159424,True,AK,0.9769033789634703,False,MEL,0.6785673499107361,False,NV,0.4765301048755646,False,MEL,0.997642457485199,False,MEL,0.4266940057277679,False
ISIC_0064561,NV,NV,0.9203836917877196,True,NV,0.999997615814209,True,NV,0.9998557567596436,True,NV,0.9758061170578004,True,NV,0.998383641242981,True,NV,0.9597256779670716,True
ISIC_0064648,NV,NV,0.8641855716705322,True,BKL,0.5837540030479431,False,NV,0.979816198348999,True,BKL,0.5159472823143005,False,BKL,0.9837818145751952,False,NV,0.912739098072052,True
ISIC_0064676,MEL,AK,0.5408705472946167,False,MEL,0.9568780064582824,True,BCC,0.6767345666885376,False,BCC,0.8883361220359802,False,BCC,0.999903440475464,False,BCC,0.946816086769104,False
ISIC_0064688,NV,BCC,0.969754695892334,False,AK,0.9645609259605408,False,BCC,0.9617003202438354,False,BCC,0.8818897008895874,False,BCC,0.9993072748184204,False,BCC,0.5518074035644531,False
ISIC_0064694,MEL,MEL,0.7307657599449158,True,MEL,0.9971113204956056,True,NV,0.8595426082611084,False,MEL,0.5859302282333374,True,MEL,0.9799326062202454,True,MEL,0.9739165306091307,True
ISIC_0064754,BCC,BCC,0.6460499167442322,True,AK,0.9995514750480652,False,BCC,0.7791129350662231,True,AK,0.8721429109573364,False,BKL,0.5736232399940491,False,AK,0.6647253632545471,False
ISIC_0064800,MEL,BCC,0.7590790390968323,False,BCC,0.9943453073501588,False,AK,0.8603538274765015,False,MEL,0.728460431098938,True,BCC,0.9999758005142212,False,BCC,0.9474189877510072,False
ISIC_0064821,MEL,MEL,0.999321699142456,True,MEL,0.999667763710022,True,MEL,0.9999953508377076,True,MEL,0.9999276399612428,True,MEL,0.9999774694442748,True,MEL,0.9999949932098388,True
ISIC_0064832,BCC,BCC,0.9998061060905457,True,BCC,0.9579709768295288,True,BCC,0.9783970713615416,True,BCC,0.9843150973320008,True,BCC,0.9999645948410034,True,AK,0.9155765771865844,False
ISIC_0064930,DF,DF,0.7123063802719116,True,NV,0.7201414704322815,False,NV,0.6703720092773438,False,NV,0.4227499961853027,False,MEL,0.9853991270065308,False,MEL,0.5630897879600525,False
ISIC_0064943,MEL,MEL,0.997849464416504,True,BCC,0.5410258769989014,False,BCC,0.6125466227531433,False,SCC,0.8024855256080627,False,MEL,0.996908724308014,True,MEL,0.9992507100105286,True
ISIC_0064986,MEL,MEL,0.8859105110168457,True,MEL,0.9995532631874084,True,MEL,0.6130168437957764,True,MEL,0.9921971559524536,True,MEL,0.991823136806488,True,MEL,0.9999905824661256,True
ISIC_0065077,BCC,BKL,0.9893835186958312,False,BCC,0.993665874004364,True,BCC,0.7826927900314331,True,NV,0.4824927449226379,False,BCC,0.9992708563804626,True,NV,0.3883757889270782,False
ISIC_0065203,AK,BKL,0.949221670627594,False,BKL,0.9664245843887328,False,BCC,0.9339695572853088,False,AK,0.8507274389266968,True,BKL,0.8926063179969788,False,MEL,0.4454798400402069,False
ISIC_0065204,NV,NV,0.9119109511375428,True,NV,0.976709246635437,True,BCC,0.5866836905479431,False,BCC,0.5368471145629883,False,MEL,0.9976754784584044,False,MEL,0.9148916602134703,False
ISIC_0065211,BKL,BKL,0.9990680813789368,True,BKL,0.8135296106338501,True,NV,0.6073854565620422,False,BKL,0.9975762963294984,True,NV,0.8491355180740356,False,BKL,0.9870387315750122,True
ISIC_0065227,BCC,BCC,0.8981103301048279,True,NV,0.4194726049900055,False,BCC,0.5735082030296326,True,DF,0.95500910282135,False,BCC,0.9995531439781188,True,BCC,0.983737289905548,True
ISIC_0065261,NV,MEL,0.736362636089325,False,NV,0.8820093870162964,True,NV,0.8810389637947083,True,NV,0.8475841283798218,True,NV,0.7794459462165833,True,NV,0.8790407180786133,True
ISIC_0065293,BCC,BCC,0.9919821619987488,True,BCC,0.996600329875946,True,BCC,0.9977389574050904,True,BCC,0.9926088452339172,True,BCC,0.9999418258666992,True,BCC,0.9836348295211792,True
ISIC_0065300,BKL,BKL,0.9792711734771729,True,BKL,0.9997627139091492,True,BKL,0.9890138506889344,True,BKL,0.5434107780456543,True,BKL,0.9842910766601562,True,BKL,0.9937153458595276,True
ISIC_0065313,MEL,BCC,0.8796606063842773,False,NV,0.8503454923629761,False,BCC,0.7749863266944885,False,BCC,0.9902751445770264,False,BCC,0.8101253509521484,False,BCC,0.7978639006614685,False
ISIC_0065325,NV,NV,0.7745380401611328,True,NV,0.999995231628418,True,NV,0.9751902222633362,True,NV,0.9751999974250792,True,NV,0.9996602535247804,True,NV,0.9078696966171264,True
ISIC_0065343,SCC,MEL,0.7345899343490601,False,SCC,0.8443638682365417,True,AK,0.4090263247489929,False,SCC,0.9804350137710572,True,BCC,0.9824073314666748,False,BKL,0.3409652411937713,False
ISIC_0065358,NV,NV,0.9826077818870544,True,NV,0.999362289905548,True,NV,0.9863801598548888,True,NV,0.9916463494300842,True,NV,0.9796818494796752,True,NV,0.9730897545814514,True
ISIC_0065380,NV,NV,0.9991067051887512,True,NV,0.9991152882575988,True,NV,0.934612512588501,True,NV,0.97037672996521,True,NV,0.8309904932975769,True,NV,0.8730780482292175,True
ISIC_0065417,MEL,NV,0.9550977349281312,False,NV,0.9930837154388428,False,MEL,0.9688525199890136,True,MEL,0.8747719526290894,True,NV,0.9331218004226683,False,NV,0.9741878509521484,False
ISIC_0065422,BCC,BCC,0.9479544162750244,True,BCC,0.9931898713111876,True,BCC,0.596537172794342,True,NV,0.9006622433662415,False,BCC,0.9968830943107604,True,NV,0.4946746826171875,False
ISIC_0065491,SCC,BCC,0.7572010159492493,False,NV,0.9775108695030212,False,BCC,0.989981472492218,False,SCC,0.7337601780891418,True,MEL,0.7809443473815918,False,BCC,0.9816716313362122,False
ISIC_0065518,MEL,MEL,0.9947079420089722,True,MEL,0.9983962178230286,True,MEL,0.960196316242218,True,MEL,0.954977571964264,True,MEL,0.999548614025116,True,MEL,0.971977710723877,True
ISIC_0065521,MEL,BCC,0.6422989964485168,False,AK,0.9074756503105164,False,AK,0.9877567291259766,False,BCC,0.5776805877685547,False,BCC,0.9968222379684448,False,BCC,0.8298981785774231,False
ISIC_0065550,MEL,MEL,0.9953017234802246,True,MEL,0.9998492002487184,True,MEL,0.9968775510787964,True,MEL,0.995996594429016,True,MEL,0.9999539852142334,True,MEL,0.9952994585037231,True
ISIC_0065552,AK,MEL,0.8483112454414368,False,MEL,0.9847190380096436,False,MEL,0.9085385203361512,False,MEL,0.7796593904495239,False,BKL,0.6489388942718506,False,MEL,0.4302757978439331,False
ISIC_0065598,MEL,MEL,0.6950752139091492,True,MEL,0.9679155945777892,True,MEL,0.6685078740119934,True,MEL,0.7717296481132507,True,MEL,0.8410485982894897,True,MEL,0.9257239699363708,True
ISIC_0065629,BKL,BKL,0.9998972415924072,True,BKL,0.999556601047516,True,BKL,0.9997684359550476,True,BKL,0.9973130822181702,True,BKL,0.8439863324165344,True,BKL,0.9993404746055604,True
ISIC_0065689,NV,BKL,0.9309468865394592,False,NV,0.598311722278595,True,BKL,0.5840244293212891,False,NV,0.8348783254623413,True,NV,0.7136045694351196,True,NV,0.5695686340332031,True
ISIC_0065713,NV,BKL,0.9304960370063782,False,NV,0.8005452156066895,True,NV,0.517395555973053,True,NV,0.7939426302909851,True,MEL,0.9028363227844238,False,NV,0.6629135608673096,True
ISIC_0065724,AK,BCC,0.3356006741523742,False,AK,0.9490581154823304,True,AK,0.7367101907730103,True,AK,0.5616455078125,True,AK,0.99901282787323,True,AK,0.959867775440216,True
ISIC_0065728,MEL,MEL,0.9998977184295654,True,MEL,0.999925971031189,True,MEL,0.9988766312599182,True,MEL,1.0,True,MEL,0.9999887943267822,True,MEL,0.999966025352478,True
ISIC_0065742,MEL,MEL,0.9047824144363404,True,AK,0.6943377256393433,False,NV,0.5024785995483398,False,MEL,0.4777938723564148,True,MEL,0.4937905669212341,True,NV,0.7366775870323181,False
ISIC_0065813,MEL,BKL,0.4911541938781738,False,MEL,0.9993255138397216,True,MEL,0.999997615814209,True,MEL,0.9999722242355348,True,MEL,0.999984622001648,True,MEL,0.9999613761901855,True
ISIC_0065826,BCC,AK,0.9853217005729676,False,AK,0.9990442395210266,False,AK,0.9996931552886964,False,AK,0.9387537837028505,False,AK,0.9985930323600768,False,AK,0.9984309077262878,False
ISIC_0065845,NV,NV,0.9998505115509032,True,NV,0.9999749660491944,True,NV,0.9863552451133728,True,NV,0.9745815992355348,True,NV,0.9997161030769348,True,NV,0.9442135095596312,True
ISIC_0065874,BCC,BCC,0.9725902080535888,True,BCC,0.9959261417388916,True,BCC,0.9255570769309998,True,NV,0.9077906012535096,False,NV,0.8963459730148315,False,NV,0.5129846334457397,False
ISIC_0065883,MEL,MEL,0.999996781349182,True,MEL,0.9999154806137084,True,MEL,0.9942154288291932,True,MEL,0.9401806592941284,True,MEL,0.9996310472488404,True,MEL,0.9966108202934264,True
ISIC_0065893,BCC,BCC,0.987792432308197,True,BCC,0.9988872408866882,True,BCC,0.9987478256225586,True,BCC,0.999525785446167,True,BCC,0.9683508276939392,True,BCC,0.4441954493522644,True
ISIC_0065918,MEL,MEL,0.972198724746704,True,NV,0.5416921377182007,False,MEL,0.8896408081054688,True,MEL,0.4785221517086029,True,MEL,0.9853386878967284,True,MEL,0.8779521584510803,True
ISIC_0065944,MEL,BCC,0.6711198687553406,False,MEL,0.8831669092178345,True,BCC,0.9960370659828186,False,BCC,0.9980654120445251,False,BCC,0.8727113604545593,False,BCC,0.6595547199249268,False
ISIC_0065966,BKL,SCC,0.8508304357528687,False,BCC,0.9732383489608764,False,AK,0.449358582496643,False,BCC,0.6222981214523315,False,AK,0.9876720905303956,False,AK,0.6853377223014832,False
ISIC_0066002,DF,DF,0.9998382329940796,True,DF,0.999731719493866,True,DF,0.999652624130249,True,DF,0.9987493753433228,True,DF,0.9509257078170776,True,DF,0.4123951494693756,True
ISIC_0066040,BCC,BCC,0.9867114424705504,True,BCC,0.9999420642852784,True,BCC,0.9985910058021544,True,BCC,0.999891757965088,True,BCC,0.9998644590377808,True,BCC,0.9977474808692932,True
ISIC_0066042,NV,MEL,0.9871786832809448,False,MEL,0.6859492659568787,False,MEL,0.5563900470733643,False,NV,0.9241417050361632,True,MEL,0.8739036321640015,False,NV,0.938980758190155,True
ISIC_0066064,NV,NV,0.9151204228401184,True,NV,0.9975025057792664,True,NV,0.6724727749824524,True,NV,0.859836757183075,True,NV,0.9906829595565796,True,NV,0.9473729729652404,True
ISIC_0066072,BKL,BKL,0.7747495770454407,True,MEL,0.9383025765419006,False,MEL,0.9707509875297546,False,MEL,0.9685052037239076,False,BKL,0.9624990224838256,True,MEL,0.6768229603767395,False
ISIC_0066087,NV,NV,0.988744854927063,True,NV,0.9993013143539428,True,NV,0.9888544082641602,True,NV,0.9176202416419984,True,NV,0.996491014957428,True,NV,0.9270367622375488,True
ISIC_0066121,BCC,BCC,0.999562680721283,True,BCC,0.9989676475524902,True,BCC,0.5961837768554688,True,BCC,0.9644759893417358,True,BCC,0.6495282649993896,True,BCC,0.9926141500473022,True
ISIC_0066213,MEL,MEL,0.7882775664329529,True,MEL,0.9172180891036988,True,BKL,0.5788642764091492,False,MEL,0.7693357467651367,True,AK,0.4801060557365417,False,MEL,0.9930908679962158,True
ISIC_0066224,BCC,BCC,0.997977077960968,True,BCC,0.999948024749756,True,BCC,0.9996410608291626,True,BCC,0.9999111890792848,True,BCC,0.9999912977218628,True,BCC,0.998405396938324,True
ISIC_0066255,NV,NV,0.8730432987213135,True,NV,0.9994882345199584,True,NV,0.992771327495575,True,NV,0.7278958559036255,True,NV,0.9998946189880372,True,NV,0.9055768251419068,True
ISIC_0066256,BKL,MEL,0.998687207698822,False,MEL,0.9994712471961976,False,MEL,0.9546277523040771,False,BKL,0.5256437063217163,True,MEL,0.9918951392173768,False,MEL,0.627799928188324,False
ISIC_0066279,NV,MEL,0.9872475862503052,False,MEL,0.998090922832489,False,MEL,0.8490089178085327,False,MEL,0.6125483512878418,False,MEL,0.8818634748458862,False,NV,0.6265143752098083,True
ISIC_0066310,BCC,BKL,0.4968985319137573,False,BCC,0.986743688583374,True,BCC,0.5096169710159302,True,VASC,0.684153139591217,False,BCC,0.9935961961746216,True,NV,0.7175830602645874,False
ISIC_0066315,AK,BCC,0.6550119519233704,False,BKL,0.9625023007392884,False,BKL,0.9054129719734192,False,BKL,0.609334409236908,False,NV,0.845855176448822,False,BKL,0.4526802003383636,False
ISIC_0066364,NV,MEL,0.7987473607063293,False,MEL,0.9516319632530212,False,MEL,0.7449108958244324,False,MEL,0.6255812644958496,False,NV,0.6630063056945801,True,NV,0.9103044271469116,True
ISIC_0066379,MEL,NV,0.9993994235992432,False,NV,0.999895453453064,False,NV,0.9999979734420776,False,NV,0.9945302605628968,False,NV,0.9997654557228088,False,NV,0.9992838501930236,False
ISIC_0066413,DF,DF,0.5940228700637817,True,DF,0.9546127319335938,True,DF,0.994163453578949,True,NV,0.8817987442016602,False,NV,0.6155470013618469,False,NV,0.742664635181427,False
ISIC_0066421,MEL,MEL,0.9962406158447266,True,MEL,0.9984484910964966,True,MEL,0.9995821118354796,True,MEL,0.9996559619903564,True,MEL,0.9999607801437378,True,MEL,0.9992917776107788,True
ISIC_0066424,NV,NV,0.973858654499054,True,NV,0.9997954964637756,True,NV,0.9956941604614258,True,NV,0.998923361301422,True,MEL,0.7330739498138428,False,MEL,0.8800826668739319,False
ISIC_0066491,SCC,SCC,0.9999957084655762,True,SCC,0.999897837638855,True,SCC,0.9995880722999572,True,SCC,0.9999966621398926,True,SCC,0.9385805726051332,True,SCC,0.9572470784187316,True
ISIC_0066508,NV,MEL,0.9417127966880798,False,NV,0.9426681995391846,True,MEL,0.4998112320899963,False,NV,0.6048887372016907,True,MEL,0.8390006422996521,False,MEL,0.6462937593460083,False
ISIC_0066604,NV,NV,0.9889352917671204,True,NV,0.9999009370803832,True,NV,0.998934805393219,True,NV,0.9593111276626588,True,NV,0.9982883334159852,True,NV,0.9174562692642212,True
ISIC_0066639,BCC,BCC,0.9260385036468506,True,BCC,0.959312915802002,True,BCC,0.9936041235923768,True,BCC,0.968696355819702,True,BCC,0.9555456042289734,True,BCC,0.9642702341079712,True
ISIC_0066656,SCC,BKL,0.400673896074295,False,BKL,0.9376713633537292,False,SCC,0.8204330801963806,True,SCC,0.3367151319980621,True,SCC,0.9872559309005736,True,BCC,0.4734844267368316,False
ISIC_0066661,NV,NV,0.5525397062301636,True,NV,0.8050162196159363,True,NV,0.8493222594261169,True,NV,0.7167655229568481,True,MEL,0.6857798099517822,False,NV,0.5496668219566345,True
ISIC_0066672,NV,MEL,0.6901199221611023,False,NV,0.6808775663375854,True,MEL,0.6057952642440796,False,NV,0.8509284853935242,True,NV,0.9999206066131592,True,NV,0.859283447265625,True
ISIC_0066698,BCC,BCC,0.9988120794296264,True,AK,0.8406326770782471,False,BCC,0.9956295490264891,True,BCC,0.9214367270469666,True,BCC,0.998838484287262,True,BCC,0.9847738742828368,True
ISIC_0066733,MEL,NV,0.8623548150062561,False,NV,0.9395838379859924,False,NV,0.8203722238540649,False,NV,0.629377007484436,False,NV,0.9254747629165648,False,MEL,0.59824538230896,True
ISIC_0066801,SCC,BCC,0.7147183418273926,False,MEL,0.8826490044593811,False,BKL,0.4860135912895202,False,BCC,0.8265004754066467,False,MEL,0.9873598217964172,False,BCC,0.4827988743782043,False
ISIC_0066823,BCC,BCC,0.927679717540741,True,BCC,0.996264398097992,True,SCC,0.5431292653083801,False,BCC,0.593241274356842,True,BCC,0.7472834587097168,True,SCC,0.5264432430267334,False
ISIC_0067000,BCC,BCC,0.9983565211296082,True,BCC,0.99590802192688,True,BCC,0.9987033605575562,True,BCC,0.9943019151687622,True,BCC,0.9999245405197144,True,BCC,0.9300400614738464,True
ISIC_0067020,BCC,BKL,0.927011251449585,False,BKL,0.9960502982139589,False,BKL,0.9475846886634828,False,BKL,0.9316617846488952,False,BKL,0.984652817249298,False,BKL,0.3929419815540313,False
ISIC_0067039,BKL,MEL,0.9998020529747008,False,MEL,0.9998878240585328,False,MEL,0.9018163084983826,False,MEL,0.679149329662323,False,MEL,0.9999657869338988,False,MEL,0.8524113297462463,False
ISIC_0067068,NV,NV,0.9177854657173156,True,BCC,0.6924170851707458,False,NV,0.4082292318344116,True,NV,0.9566181898117064,True,BCC,0.9663286209106444,False,VASC,0.4665408432483673,False
ISIC_0067078,AK,AK,0.54473876953125,True,AK,0.9968973398208618,True,AK,0.4960511028766632,True,AK,0.948028564453125,True,AK,0.9969320297241212,True,AK,0.9363015294075012,True
ISIC_0067079,BCC,BCC,0.9905672669410706,True,BCC,0.9989631175994872,True,BCC,0.98317551612854,True,BCC,0.8932691216468811,True,BCC,0.9990746974945068,True,BCC,0.9395256042480468,True
ISIC_0067080,BCC,BCC,0.9587996602058412,True,BCC,0.930177628993988,True,BKL,0.8964678049087524,False,BCC,0.9045064449310304,True,BCC,0.974947452545166,True,BCC,0.967054843902588,True
ISIC_0067100,AK,AK,0.8787199854850769,True,AK,0.9997366070747375,True,AK,0.9971356391906738,True,AK,0.9951602816581726,True,AK,0.8837389945983887,True,AK,0.6209202408790588,True
ISIC_0067117,BKL,BKL,0.9996963739395142,True,BKL,0.9996464252471924,True,BKL,0.9962329268455504,True,BKL,0.9992092847824096,True,BKL,0.9998406171798706,True,BKL,0.9641082882881165,True
ISIC_0067126,MEL,BKL,0.5905889868736267,False,MEL,0.9976196885108948,True,MEL,0.999987006187439,True,MEL,0.999994158744812,True,MEL,0.9999886751174928,True,MEL,0.9999945163726808,True
ISIC_0067155,NV,NV,0.9999614953994752,True,NV,0.9983530044555664,True,NV,0.9817723035812378,True,NV,0.987824559211731,True,NV,0.999954104423523,True,NV,0.994779109954834,True
ISIC_0067218,AK,AK,0.4201141893863678,True,BKL,0.9813443422317504,False,BKL,0.8904370665550232,False,BKL,0.6099902391433716,False,BKL,0.993115484714508,False,BKL,0.5443556904792786,False
ISIC_0067226,NV,NV,0.9906186461448668,True,NV,0.942717671394348,True,NV,0.9721140265464784,True,BCC,0.6157848834991455,False,NV,0.9285799860954284,True,NV,0.7548584938049316,True
ISIC_0067266,AK,AK,0.9869385957717896,True,AK,0.9995680451393129,True,AK,0.91131192445755,True,BKL,0.3601918220520019,False,AK,0.9739283919334412,True,AK,0.8868630528450012,True
ISIC_0067284,MEL,AK,0.9701825976371764,False,AK,0.8954249024391174,False,AK,0.8999936580657959,False,AK,0.994252860546112,False,BCC,0.6755300164222717,False,BCC,0.7874782681465149,False
ISIC_0067297,AK,AK,0.9191724061965942,True,AK,0.9403968453407288,True,AK,0.9998200535774232,True,MEL,0.4824413955211639,False,BCC,0.4455904960632324,False,AK,0.8761416673660278,True
ISIC_0067337,BCC,BCC,0.9597952961921692,True,BCC,0.9487643241882324,True,SCC,0.4077921211719513,False,AK,0.9463725090026855,False,BCC,0.9340347647666932,True,AK,0.9886296987533568,False
ISIC_0067492,BCC,NV,0.6745586395263672,False,BCC,0.9978299736976624,True,BCC,0.958807110786438,True,BCC,0.8890902996063232,True,BCC,0.9996742010116576,True,BCC,0.8581337928771973,True
ISIC_0067512,MEL,BCC,0.6163038611412048,False,BCC,0.7018847465515137,False,BCC,0.8921823501586914,False,BKL,0.5050162076950073,False,MEL,0.8550220131874084,True,BCC,0.7849694490432739,False
ISIC_0067526,NV,DF,0.9946700930595398,False,NV,0.9879217743873596,True,DF,0.9815534353256226,False,DF,0.9877238273620604,False,NV,0.976081132888794,True,DF,0.9904524087905884,False
ISIC_0067609,NV,MEL,0.987946093082428,False,NV,0.9990302324295044,True,NV,0.905972421169281,True,NV,0.8740531802177429,True,NV,0.5279491543769836,True,NV,0.9173667430877686,True
ISIC_0067613,NV,MEL,0.9859647750854492,False,NV,0.9976305961608888,True,NV,0.965320348739624,True,MEL,0.9261853694915771,False,MEL,0.8060580492019653,False,NV,0.5153542160987854,True
ISIC_0067645,NV,NV,0.9950082302093506,True,NV,0.9999995231628418,True,NV,0.9765911102294922,True,NV,0.9615322351455688,True,NV,0.9985049962997437,True,NV,0.9610108733177184,True
ISIC_0067649,NV,NV,0.9914212822914124,True,NV,0.9916917085647584,True,NV,0.6808480620384216,True,NV,0.9316630363464355,True,NV,0.838089644908905,True,NV,0.9768948554992676,True
ISIC_0067694,MEL,BKL,0.8703640699386597,False,MEL,0.9967396855354308,True,MEL,0.9986200332641602,True,MEL,0.9999364614486694,True,MEL,0.9999381303787231,True,MEL,0.9998964071273804,True
ISIC_0067703,NV,MEL,0.747328519821167,False,NV,0.9954257607460022,True,NV,0.9136644005775452,True,NV,0.5097612738609314,True,NV,0.9549899697303772,True,NV,0.7704169750213623,True
ISIC_0067770,BCC,BCC,0.9983254075050354,True,BCC,0.9996054768562316,True,BCC,0.9976179003715516,True,BCC,0.9621815085411072,True,BCC,0.9956747889518738,True,BCC,0.8160932064056396,True
ISIC_0067771,NV,NV,0.720171332359314,True,NV,0.9780933856964112,True,NV,0.9591541886329652,True,NV,0.9818706512451172,True,NV,0.9386536478996276,True,NV,0.97564697265625,True
ISIC_0067784,BCC,AK,0.857960045337677,False,BCC,0.8833787441253662,True,AK,0.9998565912246704,False,BCC,0.6446552872657776,True,BCC,0.9929353594779968,True,AK,0.9918529391288756,False
ISIC_0067794,NV,NV,0.9954869151115416,True,NV,0.997606873512268,True,NV,0.9994639754295348,True,NV,0.9916293025016784,True,NV,0.9974363446235656,True,NV,0.9650272130966188,True
ISIC_0067797,NV,NV,0.9999617338180542,True,NV,0.8927421569824219,True,NV,0.5160539150238037,True,BCC,0.956887423992157,False,MEL,0.5962860584259033,False,NV,0.6801084876060486,True
ISIC_0067812,BCC,BCC,0.8167017102241516,True,BCC,0.9996366500854492,True,BCC,0.5361471772193909,True,BCC,0.8008104562759399,True,BCC,0.9997301697731018,True,AK,0.5296074151992798,False
ISIC_0067821,MEL,MEL,0.9463024735450744,True,MEL,0.9979448914527892,True,MEL,0.9998347759246826,True,MEL,0.999990701675415,True,MEL,0.9999819993972778,True,MEL,0.9999685287475586,True
ISIC_0067896,MEL,BCC,0.9419238567352296,False,MEL,0.9891336560249328,True,BCC,0.9788262844085692,False,MEL,0.5934056043624878,True,BCC,0.9992700219154358,False,BCC,0.9064172506332396,False
ISIC_0067937,NV,NV,0.995581328868866,True,MEL,0.9868994951248168,False,MEL,0.819313645362854,False,MEL,0.8232471942901611,False,MEL,0.5438129305839539,False,MEL,0.9515706300735474,False
ISIC_0067965,NV,NV,0.935525357723236,True,NV,0.9966591596603394,True,NV,0.9988333582878112,True,NV,0.9636382460594176,True,NV,0.5077961683273315,True,NV,0.9691566228866576,True
ISIC_0068086,AK,BKL,0.9847320318222046,False,BKL,0.9987984895706176,False,NV,0.5382652878761292,False,BKL,0.9868130683898926,False,BKL,0.95052969455719,False,BKL,0.8594602346420288,False
ISIC_0068098,NV,NV,0.9994311928749084,True,NV,0.9999539852142334,True,NV,0.9830635190010072,True,NV,0.9997708201408386,True,NV,0.9999852180480956,True,NV,0.9938236474990844,True
ISIC_0068115,MEL,MEL,0.999975323677063,True,MEL,0.9991094470024108,True,MEL,0.8358091115951538,True,MEL,0.999826967716217,True,MEL,0.999971866607666,True,MEL,0.9996408224105836,True
ISIC_0068119,MEL,MEL,0.9997380375862122,True,MEL,0.9370954632759094,True,MEL,0.9198731184005736,True,MEL,0.9993261098861694,True,MEL,0.9952242374420166,True,MEL,0.9792923927307128,True
ISIC_0068138,BCC,BCC,0.9785773754119872,True,BCC,0.8331056833267212,True,BCC,0.760701596736908,True,AK,0.744321882724762,False,BCC,0.997825801372528,True,BCC,0.5979933142662048,True
ISIC_0068181,BKL,BKL,0.9804588556289672,True,BKL,0.9998859167099,True,BKL,0.9982409477233888,True,BKL,0.9988330006599426,True,BKL,0.9966692328453064,True,BKL,0.997230589389801,True
ISIC_0068228,NV,BCC,0.9674937129020692,False,BCC,0.9673629999160768,False,BKL,0.9781454801559448,False,BCC,0.9914299845695496,False,MEL,0.663594663143158,False,BCC,0.5579380989074707,False
ISIC_0068251,NV,MEL,0.987978219985962,False,MEL,0.8773962259292603,False,MEL,0.8198699951171875,False,MEL,0.7876653075218201,False,MEL,0.8277655243873596,False,MEL,0.6155019998550415,False
ISIC_0068293,NV,NV,0.9511165022850036,True,MEL,0.9538098573684692,False,NV,0.8427246809005737,True,MEL,0.6068214178085327,False,BKL,0.5250250101089478,False,MEL,0.9311009645462036,False
ISIC_0068302,BCC,BCC,0.9962008595466614,True,BCC,0.9992632269859314,True,BCC,0.9664611220359802,True,BCC,0.9888179302215576,True,BCC,0.9978033900260924,True,BCC,0.9499039053916932,True
ISIC_0068309,MEL,MEL,0.9910858273506165,True,MEL,0.99698406457901,True,MEL,0.9995160102844238,True,MEL,0.997107207775116,True,MEL,0.9998592138290404,True,MEL,0.9469807147979736,True
ISIC_0068310,MEL,MEL,0.940341591835022,True,BCC,0.9515172839164734,False,BCC,0.9541520476341248,False,MEL,0.4210757911205292,True,BKL,0.9642264246940612,False,AK,0.8279854655265808,False
ISIC_0068343,MEL,NV,0.8213010430335999,False,MEL,0.8412894606590271,True,MEL,0.9999860525131226,True,MEL,0.9880383014678956,True,MEL,0.98717600107193,True,MEL,0.6172264218330383,True
ISIC_0068379,NV,NV,0.9960745573043824,True,MEL,0.9836355447769164,False,MEL,0.866379976272583,False,MEL,0.8250757455825806,False,MEL,0.9976825714111328,False,MEL,0.9869835376739502,False
ISIC_0068399,BCC,BCC,0.933596968650818,True,BCC,0.999186098575592,True,BCC,0.7110637426376343,True,NV,0.913156270980835,False,BCC,0.6865617036819458,True,BCC,0.4837522804737091,True
ISIC_0068484,VASC,VASC,0.9999303817749025,True,VASC,0.9999955892562866,True,VASC,0.9994183778762816,True,VASC,0.9986466765403748,True,VASC,0.9999496936798096,True,MEL,0.3595958650112152,False
ISIC_0068489,BCC,BCC,0.7870185971260071,True,BCC,0.8553709983825684,True,BKL,0.4607422947883606,False,MEL,0.4204179644584656,False,BCC,0.9998947381973268,True,BCC,0.4439305663108825,True
ISIC_0068511,NV,NV,0.8220816254615784,True,NV,0.9999544620513916,True,NV,0.9982467889785768,True,NV,0.9076566100120544,True,NV,0.9998502731323242,True,NV,0.9616640210151672,True
ISIC_0068538,NV,NV,0.8186141848564148,True,NV,0.9640771746635436,True,NV,0.6038951277732849,True,NV,0.9168630242347716,True,MEL,0.980899214744568,False,NV,0.8087559938430786,True
ISIC_0068586,MEL,MEL,0.9637766480445862,True,MEL,0.9987550973892212,True,MEL,0.99253511428833,True,MEL,0.96510511636734,True,MEL,0.9998612403869628,True,MEL,0.8216725587844849,True
ISIC_0068721,MEL,MEL,0.6816586256027222,True,NV,0.6750366687774658,False,NV,0.9959843158721924,False,NV,0.7410568594932556,False,MEL,0.952588438987732,True,NV,0.6648201942443848,False
ISIC_0068793,BCC,BCC,0.991260826587677,True,BCC,0.9999377727508544,True,BCC,0.9999161958694458,True,BCC,0.995153546333313,True,BCC,0.9999710321426392,True,BCC,0.9553407430648804,True
ISIC_0068855,NV,NV,0.750881552696228,True,NV,0.9810216426849364,True,BCC,0.8027925491333008,False,BCC,0.9887423515319824,False,MEL,0.9646368026733398,False,MEL,0.7308375239372253,False
ISIC_0068862,BCC,BCC,0.9977193474769592,True,BCC,0.9974583983421326,True,BCC,0.9990432858467102,True,BCC,0.9768434762954712,True,BCC,0.8775066137313843,True,SCC,0.695899486541748,False
ISIC_0068869,BCC,MEL,0.9424237608909608,False,BCC,0.9880829453468324,True,BCC,0.99905925989151,True,BCC,0.9947739243507384,True,BCC,0.999956488609314,True,BCC,0.9975185394287108,True
ISIC_0068982,NV,NV,0.9966468214988708,True,NV,0.9999903440475464,True,NV,0.9896016716957092,True,NV,0.9674063920974731,True,NV,0.998353123664856,True,NV,0.9718252420425416,True
ISIC_0069003,MEL,BCC,0.9056503176689148,False,MEL,0.958833396434784,True,NV,0.6427153944969177,False,MEL,0.6255781054496765,True,NV,0.7332667112350464,False,BCC,0.5755990743637085,False
ISIC_0069043,AK,BKL,0.9948793649673462,False,BKL,0.9931572079658508,False,BKL,0.7619120478630066,False,BKL,0.9191468954086304,False,NV,0.4857693016529083,False,BKL,0.90586256980896,False
ISIC_0069068,MEL,AK,0.467337965965271,False,MEL,0.727082371711731,True,BKL,0.8338186740875244,False,BKL,0.8352818489074707,False,BKL,0.9987744688987732,False,MEL,0.5315943956375122,True
ISIC_0069127,NV,NV,0.9913075566291808,True,NV,0.999492049217224,True,NV,0.984605073928833,True,NV,0.9792704582214355,True,NV,0.9837377071380616,True,NV,0.9544708728790284,True
ISIC_0069160,NV,BKL,0.6901296973228455,False,DF,0.5057164430618286,False,NV,0.980385422706604,True,NV,0.988078773021698,True,NV,0.998558223247528,True,NV,0.9983950257301332,True
ISIC_0069184,BCC,BCC,0.9839369058609008,True,BKL,0.7820917367935181,False,AK,0.9715216755867004,False,BCC,0.792992889881134,True,AK,0.985363245010376,False,BCC,0.3913085162639618,True
ISIC_0069198,BKL,BKL,0.9479741454124452,True,BKL,0.8920837640762329,True,BKL,0.9147201776504515,True,BKL,0.97896546125412,True,BKL,0.9854640364646912,True,BKL,0.7289451956748962,True
ISIC_0069213,NV,NV,0.5110288858413696,True,NV,0.967452347278595,True,NV,0.8616886734962463,True,NV,0.9003939032554626,True,MEL,0.8189610838890076,False,NV,0.581886887550354,True
ISIC_0069282,AK,BKL,0.9783888459205629,False,BCC,0.9256479740142822,False,SCC,0.998271107673645,False,BKL,0.897578239440918,False,BCC,0.9995161294937134,False,BCC,0.5593230724334717,False
ISIC_0069334,NV,MEL,0.5660175681114197,False,NV,0.9763104915618896,True,NV,0.9822759628295898,True,NV,0.8210282921791077,True,NV,0.9494335651397704,True,NV,0.7736534476280212,True
ISIC_0069363,NV,NV,0.722897469997406,True,NV,0.99497652053833,True,BKL,0.8327014446258545,False,NV,0.9927774667739868,True,NV,0.9999310970306396,True,NV,0.8807371258735657,True
ISIC_0069365,MEL,NV,0.7677087783813477,False,NV,0.5585933923721313,False,BCC,0.5083648562431335,False,MEL,0.6135897636413574,True,MEL,0.9575412273406982,True,MEL,0.79132080078125,True
ISIC_0069570,NV,NV,0.6833780407905579,True,NV,0.9672974944114684,True,NV,0.9915649890899658,True,NV,0.9257619976997375,True,NV,0.884545087814331,True,NV,0.703982412815094,True
ISIC_0069610,NV,MEL,0.5254935026168823,False,BCC,0.7690116763114929,False,BCC,0.6927709579467773,False,BCC,0.5795501470565796,False,MEL,0.5827667117118835,False,MEL,0.3775087893009186,False
ISIC_0069617,MEL,NV,0.7883151173591614,False,NV,0.900776982307434,False,NV,0.870740532875061,False,BCC,0.8166083693504333,False,MEL,0.517848551273346,True,BCC,0.5746437311172485,False
ISIC_0069642,BKL,BKL,0.9989192485809326,True,BKL,0.9999555349349976,True,BKL,0.9992334842681884,True,BKL,0.9960063099861144,True,BKL,0.9932751655578612,True,BKL,0.9995700716972352,True
ISIC_0069663,BKL,BCC,0.911475419998169,False,AK,0.9949041604995728,False,BCC,0.5867984294891357,False,AK,0.8411737084388733,False,BCC,0.9800991415977478,False,AK,0.7687317728996277,False
ISIC_0069678,NV,MEL,0.7340458631515503,False,MEL,0.7901085615158081,False,MEL,0.5363866090774536,False,NV,0.7930406332015991,True,NV,0.92044335603714,True,NV,0.631829559803009,True
ISIC_0069687,NV,NV,0.8740641474723816,True,BCC,0.9334786534309388,False,NV,0.8809833526611328,True,NV,0.8811846375465393,True,NV,0.8096908926963806,True,NV,0.6447596549987793,True
ISIC_0069700,NV,NV,0.5115529894828796,True,NV,0.9996961355209352,True,NV,0.7661923766136169,True,MEL,0.7373045086860657,False,NV,0.9992788434028624,True,NV,0.672633945941925,True
ISIC_0069719,AK,AK,0.9786643981933594,True,AK,0.981917917728424,True,AK,0.9974185228347778,True,BCC,0.3478343486785888,False,BCC,0.5086632370948792,False,AK,0.4748182296752929,True
ISIC_0069724,BCC,BCC,0.6677570939064026,True,AK,0.7986781597137451,False,BCC,0.8868606090545654,True,SCC,0.7757874131202698,False,BCC,0.996859073638916,True,SCC,0.8280120491981506,False
ISIC_0069763,BKL,NV,0.7708049416542053,False,BKL,0.9568249583244324,True,BKL,0.933233082294464,True,BKL,0.7617818713188171,True,NV,0.9993317723274232,False,NV,0.7500717043876648,False
ISIC_0069793,NV,NV,0.9833110570907592,True,NV,0.9966756105422974,True,NV,0.8342713117599487,True,NV,0.9775451421737672,True,NV,0.9907055497169496,True,NV,0.845427930355072,True
ISIC_0069816,NV,NV,0.9884155988693236,True,NV,0.5273112654685974,True,NV,0.990767538547516,True,NV,0.9869001507759094,True,NV,0.999530792236328,True,NV,0.8852955102920532,True
ISIC_0069839,NV,NV,0.974496603012085,True,NV,0.9432747960090636,True,NV,0.8371763229370117,True,NV,0.74657142162323,True,NV,0.8741168975830078,True,NV,0.6364772319793701,True
ISIC_0069843,BCC,BCC,0.9971664547920228,True,BCC,0.9998841285705566,True,BCC,0.5785475969314575,True,AK,0.514403760433197,False,AK,0.8328988552093506,False,BCC,0.9932576417922974,True
ISIC_0069856,BCC,SCC,0.6069921255111694,False,BCC,0.9982592463493348,True,BCC,0.9997422099113464,True,BCC,0.9977559447288512,True,BCC,0.9999678134918212,True,BCC,0.9876078963279724,True
ISIC_0069906,AK,BKL,0.9934593439102172,False,BKL,0.9986512064933776,False,BKL,0.9788987040519714,False,BKL,0.9590179920196532,False,BKL,0.999875783920288,False,BKL,0.9870506525039672,False
ISIC_0069921,NV,NV,0.6885344982147217,True,NV,0.9998798370361328,True,NV,0.9561312794685364,True,MEL,0.6951660513877869,False,NV,0.9497967958450316,True,NV,0.5459946393966675,True
ISIC_0069949,SCC,SCC,0.94373220205307,True,BCC,0.9977765679359436,False,BCC,0.6214357018470764,False,BCC,0.9072113633155824,False,BCC,0.985622227191925,False,AK,0.7447414398193359,False
ISIC_0069956,BCC,BCC,0.5407882928848267,True,NV,0.5155974626541138,False,AK,0.9338122010231018,False,SCC,0.5905798077583313,False,AK,0.5581604838371277,False,BCC,0.4852300584316253,True
ISIC_0070012,MEL,MEL,0.98036926984787,True,MEL,0.9999945163726808,True,MEL,0.9999741315841676,True,MEL,0.9982004165649414,True,MEL,0.999698281288147,True,MEL,0.9999783039093018,True
ISIC_0070035,SCC,BKL,0.7611026763916016,False,BKL,0.7282395958900452,False,SCC,0.9338693022727966,True,BCC,0.50187087059021,False,SCC,0.7526723146438599,True,BCC,0.700014591217041,False
ISIC_0070042,NV,NV,0.999338924884796,True,NV,0.9999111890792848,True,NV,0.9481552243232728,True,NV,0.6237673163414001,True,NV,0.880877673625946,True,NV,0.8832513093948364,True
ISIC_0070096,BCC,SCC,0.5471237897872925,False,BCC,0.9721412658691406,True,AK,0.7816187739372253,False,BCC,0.855028510093689,True,AK,0.9417227506637572,False,BCC,0.8835219740867615,True
ISIC_0070104,NV,NV,0.7689977884292603,True,NV,0.9984394907951356,True,NV,0.9657882452011108,True,NV,0.6333533525466919,True,NV,0.9962425231933594,True,NV,0.9619598984718324,True
ISIC_0070131,BCC,BCC,0.9994401335716248,True,BCC,0.999321460723877,True,BCC,0.9938177466392516,True,BCC,0.997619330883026,True,BCC,0.9997828602790833,True,BCC,0.9752206206321716,True
ISIC_0070165,BCC,BCC,0.9999512434005736,True,BCC,0.999990701675415,True,BCC,0.9983785152435304,True,BCC,0.9998855590820312,True,BCC,0.9929996728897096,True,BCC,0.8786437511444092,True
ISIC_0070170,MEL,BKL,0.7294745445251465,False,MEL,0.999987244606018,True,MEL,0.9985318183898926,True,MEL,0.998884618282318,True,MEL,0.706285834312439,True,MEL,0.9999709129333496,True
ISIC_0070187,BKL,BKL,0.9265323281288148,True,BKL,0.6268318891525269,True,MEL,0.8367576003074646,False,MEL,0.9981016516685486,False,MEL,0.9986842274665833,False,MEL,0.9798991680145264,False
ISIC_0070198,MEL,MEL,0.803876519203186,True,MEL,0.9899930357933044,True,MEL,0.9971951246261596,True,MEL,0.9997673630714417,True,MEL,0.999983549118042,True,MEL,0.9999990463256836,True
ISIC_0070245,BKL,BKL,0.9992485642433168,True,BKL,0.9998196959495544,True,BKL,0.969261348247528,True,BKL,0.9995183944702148,True,BKL,0.9998015761375428,True,BKL,0.9367856383323668,True
ISIC_0070252,NV,MEL,0.8616539835929871,False,NV,0.9945580959320068,True,MEL,0.658221960067749,False,MEL,0.5924332141876221,False,NV,0.9926744103431702,True,NV,0.4999731183052063,True
ISIC_0070266,BCC,BCC,0.9917429089546204,True,BCC,0.999902844429016,True,BCC,0.9979552030563354,True,BCC,0.9566746950149536,True,BCC,0.984435498714447,True,BCC,0.9261316657066344,True
ISIC_0070285,MEL,MEL,0.7409594655036926,True,MEL,0.9878031611442566,True,NV,0.6743679046630859,False,MEL,0.8895184397697449,True,NV,0.899196982383728,False,NV,0.8455178737640381,False
ISIC_0070312,BCC,BCC,0.9991254210472108,True,BCC,0.9627706408500672,True,BCC,0.95240718126297,True,BCC,0.4001353979110718,True,BCC,0.9856052994728088,True,BCC,0.6798951029777527,True
ISIC_0070315,BCC,BCC,0.934138000011444,True,BCC,0.9998779296875,True,BCC,0.6440847516059875,True,BCC,0.7711767554283142,True,BCC,0.9997195601463318,True,BCC,0.6759119629859924,True
ISIC_0070322,NV,NV,0.9942718744277954,True,BCC,0.988579034805298,False,MEL,0.5322871208190918,False,BCC,0.9537051320075988,False,NV,0.8551735877990723,True,NV,0.5477455854415894,True
ISIC_0070376,BCC,BCC,0.9494032263755798,True,BCC,0.9969124794006348,True,BCC,0.9977415800094604,True,BCC,0.9765118360519408,True,BCC,0.9999885559082032,True,BCC,0.9943751096725464,True
ISIC_0070438,NV,NV,0.9997022747993468,True,NV,0.9999417066574096,True,NV,0.793378472328186,True,NV,0.9977171421051024,True,NV,0.9442321062088012,True,NV,0.9856036901474,True
ISIC_0070467,BKL,BCC,0.94742351770401,False,MEL,0.957747519016266,False,MEL,0.6616687774658203,False,MEL,0.8766645193099976,False,MEL,0.7229998707771301,False,BKL,0.5320826172828674,True
ISIC_0070472,BCC,BCC,0.8481910824775696,True,BCC,0.9991006851196288,True,BCC,0.9998394250869752,True,BCC,0.9975593090057372,True,BCC,0.9999576807022096,True,BCC,0.974599838256836,True
ISIC_0070487,BCC,BCC,0.9980340600013732,True,BCC,0.9108293652534484,True,BCC,0.9579110145568848,True,BCC,0.9988393187522888,True,BCC,0.9995238780975342,True,BCC,0.819310188293457,True
ISIC_0070492,BCC,BCC,0.9171692728996276,True,BCC,0.9998682737350464,True,BCC,0.9940727353096008,True,BCC,0.9342361092567444,True,BCC,0.9999821186065674,True,BCC,0.9725103974342346,True
ISIC_0070597,NV,MEL,0.6513592004776001,False,NV,0.604856014251709,True,NV,0.8522130250930786,True,NV,0.8478135466575623,True,NV,0.9980587363243104,True,NV,0.7228087782859802,True
ISIC_0070620,BCC,BCC,0.8558362126350403,True,BCC,0.997657060623169,True,BCC,0.9881373047828674,True,BCC,0.7914459109306335,True,BCC,0.9964890480041504,True,BCC,0.9756017327308656,True
ISIC_0070680,DF,MEL,0.6887343525886536,False,NV,0.4802102744579315,False,NV,0.811050534248352,False,DF,0.6057948470115662,True,NV,0.8693221211433411,False,NV,0.5918900966644287,False
ISIC_0070684,BCC,BCC,0.9945172667503356,True,AK,0.9817306995391846,False,BCC,0.4532857239246368,True,MEL,0.5186291337013245,False,BCC,0.9999260902404784,True,SCC,0.6755514144897461,False
ISIC_0070691,AK,BCC,0.5958646535873413,False,BCC,0.823863685131073,False,BCC,0.9987913966178894,False,BCC,0.999357044696808,False,AK,0.5488728284835815,True,BCC,0.9411251544952391,False
ISIC_0070751,BCC,BCC,0.8954176902770996,True,BCC,0.99223655462265,True,AK,0.5201926827430725,False,BCC,0.9885135293006896,True,AK,0.7511323094367981,False,BCC,0.8902105689048767,True
ISIC_0070752,MEL,NV,0.9243937730789183,False,NV,1.0,False,NV,0.9556276202201844,False,NV,0.65835040807724,False,NV,0.999508023262024,False,NV,0.8055871725082397,False
ISIC_0070775,BKL,BKL,0.9993882179260254,True,BKL,0.9998502731323242,True,BKL,0.8651243448257446,True,MEL,0.8319593667984009,False,BKL,0.9809289574623108,True,BKL,0.9999394416809082,True
ISIC_0070884,NV,NV,0.9576637744903564,True,NV,0.9603861570358276,True,NV,0.8616271615028381,True,NV,0.9455147981643676,True,NV,0.9999263286590576,True,NV,0.9089356660842896,True
ISIC_0070893,NV,NV,0.6967185735702515,True,MEL,0.9980251789093018,False,MEL,0.5763950347900391,False,MEL,0.9407208561897278,False,MEL,0.9995135068893432,False,MEL,0.9916935563087464,False
ISIC_0070903,NV,NV,0.8424364924430847,True,BCC,0.6401444673538208,False,BCC,0.8732895255088806,False,BCC,0.5365771055221558,False,MEL,0.8645225763320923,False,MEL,0.4945492744445801,False
ISIC_0070968,MEL,MEL,0.9281783103942872,True,MEL,0.9798346161842346,True,NV,0.7758613228797913,False,MEL,0.9151149392127992,True,MEL,0.9948214292526244,True,MEL,0.7607308626174927,True
ISIC_0071003,BCC,BCC,0.9990240335464478,True,BCC,0.9873945713043212,True,NV,0.47293421626091,False,BCC,0.8567951321601868,True,BCC,0.9998668432235718,True,BCC,0.8169613480567932,True
ISIC_0071044,VASC,VASC,0.999907612800598,True,VASC,0.9999842643737792,True,VASC,0.9806817770004272,True,VASC,0.8030388951301575,True,VASC,0.9987372756004332,True,VASC,0.7934355139732361,True
ISIC_0071068,NV,NV,0.9808602333068848,True,BCC,0.981933057308197,False,BCC,0.9580733776092528,False,BCC,0.7548595666885376,False,BCC,0.8749148845672607,False,BCC,0.6564745306968689,False
ISIC_0071101,MEL,MEL,0.9958770275115968,True,NV,0.9529233574867249,False,MEL,0.999176561832428,True,NV,0.7511165738105774,False,NV,0.9796720147132874,False,NV,0.9487556219100952,False
ISIC_0071121,NV,BCC,0.9505094289779664,False,NV,0.5916584730148315,True,BCC,0.961862087249756,False,BCC,0.8764017224311829,False,BCC,0.947054386138916,False,NV,0.8941851258277893,True
ISIC_0071138,MEL,BCC,0.5676223039627075,False,AK,0.7946999669075012,False,AK,0.7400704026222229,False,AK,0.9333075284957886,False,BCC,0.7762962579727173,False,BCC,0.7570110559463501,False
ISIC_0071140,BKL,BKL,0.9760807752609252,True,BKL,0.6085808873176575,True,BKL,0.9743086099624634,True,BKL,0.9417057037353516,True,BKL,0.9963668584823608,True,NV,0.5704071521759033,False
ISIC_0071153,NV,MEL,0.5755048394203186,False,NV,0.9925057291984558,True,NV,0.9969363212585448,True,NV,0.9407749772071838,True,NV,0.7588587403297424,True,NV,0.648522675037384,True
ISIC_0071213,AK,BKL,0.7321632504463196,False,BKL,0.9172905087471008,False,BKL,0.9439014792442322,False,NV,0.530156135559082,False,BKL,0.999380111694336,False,MEL,0.997113823890686,False
ISIC_0071292,NV,BCC,0.9681375622749328,False,BCC,0.9999390840530396,False,BCC,0.9906529188156128,False,BCC,0.6160070896148682,False,BCC,0.9976032376289368,False,BCC,0.9018192291259766,False
ISIC_0071314,MEL,BCC,0.9831776022911072,False,NV,0.9237208962440492,False,MEL,0.504339873790741,True,BCC,0.6347984671592712,False,BCC,0.9977636337280272,False,BCC,0.9736961126327516,False
ISIC_0071347,BCC,BCC,0.946811854839325,True,NV,0.6841220259666443,False,BCC,0.8214241862297058,True,NV,0.5177279114723206,False,BCC,0.5925933718681335,True,BKL,0.5419053435325623,False
ISIC_0071384,BCC,BCC,0.9060069918632508,True,BCC,0.8136435747146606,True,BCC,0.9768030643463136,True,BCC,0.7073970437049866,True,NV,0.5009148120880127,False,BCC,0.926872730255127,True
ISIC_0071385,BCC,NV,0.7184954881668091,False,NV,0.7577934265136719,False,BKL,0.9620608687400818,False,BCC,0.7655287384986877,True,NV,0.9577507972717284,False,NV,0.5227870941162109,False
ISIC_0071497,NV,NV,0.9949737787246704,True,NV,0.9996200799942015,True,NV,0.9877637028694152,True,NV,0.9932208061218262,True,NV,0.9937537312507628,True,NV,0.951220154762268,True
ISIC_0071516,NV,BCC,0.8314550518989563,False,AK,0.5874847769737244,False,BCC,0.9168400764465332,False,BCC,0.8369021415710449,False,BCC,0.999297261238098,False,BCC,0.945978045463562,False
ISIC_0071586,MEL,MEL,0.999406099319458,True,MEL,0.9990542531013488,True,MEL,0.988482654094696,True,MEL,0.9960164427757264,True,MEL,0.9999589920043944,True,MEL,0.9876723885536194,True
ISIC_0071618,NV,BKL,0.5396673679351807,False,MEL,0.5042851567268372,False,AK,0.9089563488960266,False,BKL,0.5826858878135681,False,MEL,0.9741823077201844,False,AK,0.919992983341217,False
ISIC_0071651,MEL,BCC,0.9910481572151184,False,BCC,0.9974159002304076,False,AK,0.8339739441871643,False,BCC,0.9881315231323242,False,BCC,0.9998778104782104,False,BCC,0.810739278793335,False
ISIC_0071726,MEL,MEL,0.9948176741600036,True,MEL,0.9895646572113036,True,MEL,0.977577030658722,True,MEL,0.984339714050293,True,MEL,0.999901294708252,True,MEL,0.9905313849449158,True
ISIC_0071787,VASC,VASC,0.9472741484642028,True,VASC,0.9998735189437866,True,VASC,0.9827285408973694,True,VASC,0.9986959099769592,True,VASC,0.998425841331482,True,DF,0.4905699491500854,False
ISIC_0071797,MEL,MEL,0.9999997615814208,True,MEL,0.9999908208847046,True,MEL,0.9494900703430176,True,MEL,0.9999966621398926,True,MEL,0.9999735355377196,True,MEL,0.9999058246612548,True
ISIC_0071841,NV,BCC,0.6858798861503601,False,BCC,0.8416019082069397,False,NV,0.5107046365737915,True,BCC,0.9507620930671692,False,BCC,0.8092222809791565,False,NV,0.5349398851394653,True
ISIC_0071842,NV,NV,0.99997878074646,True,NV,1.0,True,NV,0.9999995231628418,True,NV,0.999901533126831,True,NV,0.9999890327453612,True,NV,0.9998093247413636,True
ISIC_0071946,AK,AK,0.90852552652359,True,AK,0.999624252319336,True,AK,0.998939335346222,True,AK,0.9942856431007384,True,AK,0.6009460687637329,True,AK,0.9391928911209106,True
ISIC_0071953,AK,SCC,0.9999651908874512,False,SCC,0.9923837780952454,False,SCC,0.9917925596237184,False,SCC,0.5156028270721436,False,SCC,0.9120035767555236,False,AK,0.7117798328399658,True
ISIC_0071959,MEL,MEL,0.9999051094055176,True,MEL,0.9999749660491944,True,MEL,0.9999675750732422,True,MEL,0.999293327331543,True,MEL,0.9937892556190492,True,MEL,0.999492645263672,True
ISIC_0071990,NV,NV,0.9996241331100464,True,NV,0.999707281589508,True,NV,0.9998125433921814,True,NV,0.9993637204170228,True,NV,0.9989309906959534,True,NV,0.9996347427368164,True
ISIC_0072011,NV,BCC,0.831404983997345,False,NV,0.9806102514266968,True,BCC,0.8833951354026794,False,BCC,0.6947935223579407,False,BCC,0.9842065572738647,False,MEL,0.8804120421409607,False
ISIC_0072021,MEL,MEL,0.9652589559555054,True,MEL,0.9922296404838562,True,BKL,0.5234525203704834,False,MEL,0.9318493008613586,True,NV,0.6858324408531189,False,MEL,0.8435717821121216,True
ISIC_0072045,DF,BCC,0.9986220598220824,False,BCC,0.992587149143219,False,AK,0.9034060835838318,False,BCC,0.987250030040741,False,BCC,0.9984294772148132,False,BCC,0.9974225759506226,False
ISIC_0072060,BCC,BCC,0.9998094439506532,True,BCC,0.9232462644577026,True,BCC,0.998497724533081,True,BCC,0.9426954984664916,True,BCC,0.9971374273300172,True,BCC,0.9891015887260436,True
ISIC_0072081,NV,MEL,0.9719381928443908,False,NV,0.9686193466186525,True,MEL,0.6214836239814758,False,MEL,0.9064931869506836,False,MEL,0.9220999479293824,False,NV,0.5983962416648865,True
ISIC_0072087,MEL,MEL,0.9997639060020448,True,MEL,0.999784529209137,True,BCC,0.3719493448734283,False,MEL,0.8362540006637573,True,MEL,0.9968691468238832,True,MEL,0.981599509716034,True
ISIC_0072100,NV,NV,0.9650892615318298,True,NV,0.977470874786377,True,MEL,0.4279329180717468,False,BCC,0.9763224124908448,False,MEL,0.7294998168945312,False,MEL,0.8781818151473999,False
ISIC_0072203,NV,NV,0.5046555399894714,True,NV,0.8919939398765564,True,NV,0.962599277496338,True,NV,0.6200458407402039,True,NV,0.7956534624099731,True,NV,0.841910719871521,True
ISIC_0072265,AK,BCC,0.8703859448432922,False,BCC,0.9995498061180116,False,BCC,0.8587960600852966,False,BCC,0.9981985688209534,False,BCC,0.9963996410369872,False,BCC,0.622231125831604,False
ISIC_0072271,MEL,NV,0.6418379545211792,False,NV,0.9995417594909668,False,MEL,0.5012751817703247,True,NV,0.5436998605728149,False,NV,0.9725760221481324,False,NV,0.7350857853889465,False
ISIC_0072294,MEL,NV,0.997999370098114,False,NV,0.9672039151191713,False,NV,0.8947207927703857,False,NV,0.992479681968689,False,NV,0.9990314245224,False,NV,0.9753469228744508,False
ISIC_0072363,MEL,MEL,0.9999985694885254,True,MEL,0.9999006986618042,True,MEL,0.9985659718513488,True,MEL,0.9986140727996826,True,MEL,0.9999805688858032,True,MEL,0.9864751696586608,True
ISIC_0072367,NV,NV,0.7806574702262878,True,NV,0.9996008276939392,True,NV,0.9963070154190063,True,NV,0.9933909177780152,True,NV,0.99946266412735,True,NV,0.9623492360115052,True
ISIC_0072453,BCC,BCC,0.6917492747306824,True,BCC,0.9997691512107848,True,BCC,0.9388548731803894,True,BCC,0.9838855266571044,True,BCC,0.9906435608863832,True,BCC,0.5355793833732605,True
ISIC_0072455,BCC,BCC,0.9253817796707152,True,BCC,0.387522429227829,True,BKL,0.598304808139801,False,BKL,0.625935435295105,False,BKL,0.9401965141296388,False,BCC,0.9923669695854188,True
ISIC_0072461,BCC,NV,0.7846810221672058,False,NV,0.9961613416671752,False,NV,0.7212973833084106,False,DF,0.9053745269775392,False,BCC,0.6411374807357788,True,NV,0.60537189245224,False
ISIC_0072492,BCC,BCC,0.9645498394966124,True,BCC,0.9959738850593568,True,BCC,0.9981050491333008,True,BCC,0.9964524507522584,True,BCC,0.9992538094520568,True,BCC,0.981618106365204,True
ISIC_0072505,BCC,BKL,0.9644173383712769,False,BKL,0.9569941759109496,False,AK,0.9773706197738647,False,BKL,0.7362060546875,False,BKL,0.7345776557922363,False,AK,0.9778544902801514,False
ISIC_0072531,MEL,BCC,0.9948055148124696,False,BCC,0.9872509241104126,False,AK,0.7482075095176697,False,BCC,0.7591862082481384,False,BCC,0.997036337852478,False,BCC,0.9426209330558776,False
ISIC_0072553,NV,MEL,0.6474871635437012,False,NV,0.9975810050964355,True,NV,0.8595503568649292,True,NV,0.9476682543754578,True,NV,0.7234053611755371,True,NV,0.7802148461341858,True
ISIC_0072579,NV,NV,0.7488259673118591,True,NV,0.968969225883484,True,NV,0.9588286876678468,True,NV,0.9983355402946472,True,NV,0.9571897387504578,True,NV,0.816184401512146,True
ISIC_0072583,BCC,BCC,0.9964812994003296,True,BCC,0.5116401314735413,True,BCC,0.9957915544509888,True,BCC,0.9993628859519958,True,MEL,0.6615841388702393,False,BCC,0.8944205045700073,True
ISIC_0072585,MEL,MEL,0.9358715415000916,True,MEL,0.998802900314331,True,MEL,0.6051725745201111,True,MEL,0.7579785585403442,True,MEL,0.7995954751968384,True,MEL,0.5611203908920288,True
ISIC_0072614,BKL,BKL,0.998158037662506,True,NV,0.7085211873054504,False,MEL,0.9445003271102904,False,BKL,0.9302034378051758,True,BKL,0.8150193095207214,True,BKL,0.9997764229774476,True
ISIC_0072627,NV,MEL,0.6792337894439697,False,NV,0.6188717484474182,True,MEL,0.8020508885383606,False,MEL,0.8873987793922424,False,MEL,0.9863199591636658,False,MEL,0.8006867170333862,False
ISIC_0072641,MEL,NV,0.7924666404724121,False,MEL,0.9990643858909608,True,BCC,0.983050525188446,False,NV,0.6277318000793457,False,MEL,0.5074286460876465,True,MEL,0.827058732509613,True
ISIC_0072687,NV,NV,0.732196033000946,True,NV,0.9990897178649902,True,NV,0.9897987842559814,True,NV,0.9311566948890686,True,NV,0.9949159622192384,True,NV,0.8886964321136475,True
ISIC_0072697,BCC,VASC,0.999748170375824,False,VASC,0.994749128818512,False,BCC,0.2868266403675079,True,VASC,0.8557277917861938,False,VASC,0.9990769624710084,False,VASC,0.9940232634544371,False
ISIC_0072752,BKL,BKL,0.5706354975700378,True,MEL,0.984639286994934,False,MEL,0.4957796633243561,False,MEL,0.9456200003623962,False,MEL,0.5601479411125183,False,MEL,0.957345187664032,False
ISIC_0072820,MEL,MEL,0.999847650527954,True,MEL,0.9998748302459716,True,MEL,0.9994238615036012,True,MEL,0.9999606609344482,True,MEL,0.9999666213989258,True,MEL,0.9916946291923524,True
ISIC_0072834,BKL,BKL,0.9894320964813232,True,NV,0.7976825833320618,False,BKL,0.7903546094894409,True,BKL,0.8714829087257385,True,BKL,0.9763985276222228,True,BKL,0.992599368095398,True
ISIC_0072848,NV,NV,0.8785297274589539,True,MEL,0.8025496006011963,False,NV,0.7136860489845276,True,NV,0.8124462962150574,True,NV,0.6265509128570557,True,NV,0.763123631477356,True
ISIC_0072857,BCC,BCC,0.9643124341964722,True,BCC,0.81913822889328,True,BCC,0.9986857771873474,True,BCC,0.9998990297317504,True,BCC,0.9999709129333496,True,SCC,0.7095230221748352,False
ISIC_0072917,MEL,NV,0.9974217414855956,False,NV,0.9998761415481568,False,NV,0.9871159195899964,False,NV,0.966379165649414,False,NV,0.9306007027626038,False,NV,0.8671911358833313,False
ISIC_0072928,BKL,BKL,0.9908149838447572,True,NV,0.7699936032295227,False,BCC,0.5851268172264099,False,BKL,0.9934234619140624,True,BKL,0.5427758693695068,True,BKL,0.9925485253334044,True
ISIC_0073018,MEL,NV,0.718748927116394,False,MEL,0.9611294269561768,True,BKL,0.8547415733337402,False,MEL,0.4881944358348846,True,MEL,0.9997099041938782,True,MEL,0.9886435866355896,True
ISIC_0073020,NV,MEL,0.7253695130348206,False,MEL,0.6504528522491455,False,MEL,0.76973557472229,False,MEL,0.6639341115951538,False,MEL,0.6605515480041504,False,NV,0.8602118492126465,True
ISIC_0073033,BCC,BCC,0.9565446972846984,True,BCC,0.6344232559204102,True,BCC,0.9893468022346495,True,BCC,0.9964305758476256,True,BCC,0.9998971223831176,True,BCC,0.9701831340789796,True
ISIC_0073071,BCC,BCC,0.996061146259308,True,BCC,0.9689902663230896,True,BCC,0.9591010808944702,True,BCC,0.9948764443397522,True,NV,0.9986544847488404,False,NV,0.7687451839447021,False
ISIC_0073081,BCC,BCC,0.997926950454712,True,BCC,0.9982112646102904,True,BCC,0.9988711476325988,True,BCC,0.99378502368927,True,BCC,0.5132239460945129,True,BCC,0.9462198615074158,True
ISIC_0073086,NV,NV,0.8596342206001282,True,NV,0.5671927332878113,True,NV,0.6090073585510254,True,NV,0.6624195575714111,True,NV,0.9998020529747008,True,NV,0.5689637064933777,True
ISIC_0073091,BCC,BCC,0.8092272281646729,True,BCC,0.9964073300361632,True,BCC,0.999509572982788,True,BCC,0.9918368458747864,True,BCC,0.9999797344207764,True,BCC,0.9853528141975404,True
ISIC_0073171,NV,NV,0.8918095827102661,True,MEL,0.6038985848426819,False,NV,0.8981773257255554,True,NV,0.958792507648468,True,MEL,0.7888961434364319,False,NV,0.7954456806182861,True
ISIC_0073200,BCC,BCC,0.9984948635101318,True,BCC,0.9912646412849426,True,BCC,0.9865188002586364,True,BCC,0.9984337687492372,True,BCC,0.9906815886497498,True,BCC,0.944182813167572,True
ISIC_0073220,NV,MEL,0.5156188011169434,False,NV,0.9412016868591307,True,NV,0.9811667799949646,True,NV,0.9755767583847046,True,NV,0.935033917427063,True,NV,0.9233482480049132,True
ISIC_0073238,MEL,NV,0.5947714447975159,False,NV,0.6560369729995728,False,BCC,0.6170711517333984,False,MEL,0.6092944741249084,True,BCC,0.9885269403457642,False,MEL,0.966211199760437,True
