image_id,true_class,predicted_class,true_index,predicted_index,confidence,entropy,top2_margin,correct
ISIC_0000036_downsampled,MEL,MEL,4,4,0.9998729228973388,0.0006964623345274256,0.9998183805582811,1
ISIC_0000043_downsampled,MEL,NV,4,5,0.9992581009864808,0.0030343002000007774,0.9985642150859351,0
ISIC_0000071,NV,NV,5,5,0.9999420642852784,0.0003311264992468312,0.9999152852142289,1
ISIC_0000086_downsampled,NV,MEL,5,4,0.766974687576294,0.26121544594893087,0.5339725613594055,0
ISIC_0000101_downsampled,NV,NV,5,5,0.9999918937683104,5.020113300955352e-05,0.9999842098059161,1
ISIC_0000102_downsampled,NV,NV,5,5,0.7620537877082825,0.26915788490643017,0.5259805470705032,1
ISIC_0000104_downsampled,NV,NV,5,5,0.9979110360145568,0.0074909988140484385,0.995973293785937,1
ISIC_0000112_downsampled,NV,NV,5,5,0.9838885068893432,0.03975589326378222,0.9677979703992604,1
ISIC_0000118_downsampled,NV,NV,5,5,0.93785560131073,0.11215877251908277,0.8757552132010461,1
ISIC_0000146_downsampled,MEL,NV,4,5,0.6061595678329468,0.4276016541450331,0.30725869536399847,0
ISIC_0000184_downsampled,NV,NV,5,5,0.9926042556762696,0.02291390976142223,0.9867821605876089,1
ISIC_0000225,NV,NV,5,5,0.999243140220642,0.0029856434597218175,0.9984877356910146,1
ISIC_0000265,NV,NV,5,5,0.9996711015701294,0.0014558204017015145,0.9993523537123111,1
ISIC_0000268,NV,NV,5,5,0.999996304512024,2.418109502323419e-05,0.9999927415756248,1
ISIC_0000275,NV,NV,5,5,0.9726201891899108,0.06103167555568498,0.945456838235259,1
ISIC_0000285,MEL,NV,4,5,0.8878645300865173,0.16932050854030417,0.7758636474609375,0
ISIC_0000293,MEL,MEL,4,4,0.999861478805542,0.000748260969508207,0.9997957531595603,1
ISIC_0000336,NV,NV,5,5,0.980371117591858,0.04694468341344266,0.9608799293637277,1
ISIC_0000351,NV,NV,5,5,0.9856033325195312,0.036255006559679705,0.9712110590189695,1
ISIC_0000407_downsampled,NV,NV,5,5,0.8450917601585388,0.24381334378688246,0.7189884632825853,1
ISIC_0000418_downsampled,NV,MEL,5,4,0.6687712073326111,0.3061176160157181,0.3377054631710053,0
ISIC_0000433_downsampled,NV,NV,5,5,0.9999160766601562,0.0004464060773356989,0.9998623251376557,1
ISIC_0000442_downsampled,NV,NV,5,5,0.7577480673789978,0.26656077782263315,0.5155572444200516,1
ISIC_0000498,NV,NV,5,5,0.9528900980949402,0.1112422680549236,0.9175310507416726,1
ISIC_0000506,NV,NV,5,5,0.9972206354141236,0.009201978583524636,0.9944414449855686,1
ISIC_0000510,NV,NV,5,5,0.9999957084655762,2.9390476082400284e-05,0.9999928995696337,1
ISIC_0000523,NV,SCC,5,6,0.5645197033882141,0.3466962168120324,0.1350557506084442,0
ISIC_0001184_downsampled,NV,NV,5,5,0.9999996423721312,2.866178980416915e-06,0.999999266473253,1
ISIC_0001960_downsampled,NV,NV,5,5,0.9999632835388184,0.00021124358046955115,0.9999358353543357,1
ISIC_0002287_downsampled,NV,NV,5,5,1.0,1.1126238263823511e-07,0.9999999952170251,1
ISIC_0002871_downsampled,NV,NV,5,5,0.970998764038086,0.06375475863246007,0.9421880561858418,1
ISIC_0003728_downsampled,NV,NV,5,5,1.0,6.879099701736473e-08,0.999999995074826,1
ISIC_0006326_downsampled,NV,NV,5,5,1.0,1.4427561522106328e-09,0.9999999998757336,1
ISIC_0007528_downsampled,NV,NV,5,5,1.0,4.79088526836976e-07,0.9999999513623159,1
ISIC_0008294_downsampled,NV,NV,5,5,1.0,1.3550738732140707e-07,0.999999996134187,1
ISIC_0009297_downsampled,NV,NV,5,5,1.0,4.1386079723433465e-10,0.9999999999775017,1
ISIC_0009943,NV,NV,5,5,0.999942183494568,0.00029921803756047445,0.9998843458233752,1
ISIC_0010038,NV,NV,5,5,0.9995343685150146,0.0019710087106818703,0.9990787365240976,1
ISIC_0010319,MEL,NV,4,5,0.5057949423789978,0.4871743581851645,0.1779510378837586,0
ISIC_0010342,NV,NV,5,5,0.9901334047317504,0.027542820368694113,0.9805956175550817,1
ISIC_0010351,NV,MEL,5,4,0.4676997661590576,0.5023253810693249,0.1347528994083405,0
ISIC_0010364,MEL,NV,4,5,0.7146126627922058,0.28768478396700364,0.42924684286117554,0
ISIC_0010370,NV,NV,5,5,0.9999986886978148,1.0096497383037451e-05,0.9999978636411696,1
ISIC_0010456,NV,NV,5,5,0.9999151229858398,0.00042375769267041417,0.9998303119500633,1
ISIC_0010459,NV,NV,5,5,0.999997854232788,1.4985880248602043e-05,0.9999957246245684,1
ISIC_0010466,MEL,NV,4,5,0.9378426671028136,0.13168335025409386,0.8936351537704467,0
ISIC_0010565,NV,NV,5,5,0.9884738326072692,0.0324486617362692,0.978238459676504,1
ISIC_0010575,NV,NV,5,5,0.9996486902236938,0.0015152763310829138,0.9992979376111181,1
ISIC_0010587,MEL,NV,4,5,0.9714146852493286,0.06259934670111822,0.942871741950512,0
ISIC_0010863,MEL,NV,4,5,0.9932628273963928,0.019490196282283694,0.9865440810099244,0
ISIC_0011107,NV,MEL,5,4,0.8385539054870605,0.2131946038420791,0.6772578805685043,0
ISIC_0011139,MEL,NV,4,5,0.9168127179145812,0.1622552342996596,0.8555099517107009,0
ISIC_0011143,NV,NV,5,5,0.9999678134918212,0.0001757108812348986,0.9999356211556004,1
ISIC_0011159,NV,NV,5,5,0.8805882930755615,0.18219037126883378,0.7637186720967293,1
ISIC_0011161,MEL,SCC,4,6,0.9998021721839904,0.0009997413608814607,0.9996699201146839,0
ISIC_0011229,NV,NV,5,5,0.9996871948242188,0.0015968746589533353,0.999599369140924,1
ISIC_0011305,MEL,NV,4,5,0.9979230761528016,0.007706943217727419,0.9962736908346417,0
ISIC_0011339,NV,NV,5,5,0.9999994039535522,4.52641768921281e-06,0.9999987991486137,1
ISIC_0011361,NV,NV,5,5,0.9999903440475464,5.8599694741240014e-05,0.9999807156227689,1
ISIC_0012118_downsampled,NV,NV,5,5,0.985503077507019,0.0409178612224236,0.9758979901671411,1
ISIC_0012179_downsampled,NV,NV,5,5,0.9927480816841124,0.02287836536677044,0.9866068353876472,1
ISIC_0012203_downsampled,NV,NV,5,5,0.9993127584457396,0.0027886084202173545,0.998646069841925,1
ISIC_0012313_downsampled,NV,NV,5,5,0.6757156848907471,0.3434560601876553,0.3746950924396515,1
ISIC_0012384_downsampled,NV,BKL,5,2,0.7828015685081482,0.2539147728606437,0.5662729144096375,0
ISIC_0012406_downsampled,NV,NV,5,5,0.8232659101486206,0.2246522985255644,0.6466077119112015,1
ISIC_0012455_downsampled,BKL,BKL,2,2,0.9992308616638184,0.0032860726623163594,0.9987132053938694,1
ISIC_0012494_downsampled,NV,MEL,5,4,0.9255868792533876,0.1549232245862893,0.8836285062134268,0
ISIC_0012543_downsampled,BKL,BKL,2,2,0.9987457990646362,0.004821954982137481,0.9975718109635636,1
ISIC_0012657_downsampled,NV,NV,5,5,0.8543409705162048,0.19993294403834583,0.7087502926588058,1
ISIC_0012666_downsampled,BKL,NV,2,5,0.8024320602416992,0.25141212299557403,0.6103428900241852,0
ISIC_0012684_downsampled,NV,NV,5,5,0.9999860525131226,8.212173122278661e-05,0.9999721251433584,1
ISIC_0012715_downsampled,MEL,MEL,4,4,0.9989763498306274,0.003940010503227635,0.997975868638605,1
ISIC_0012735_downsampled,NV,NV,5,5,0.6591731905937195,0.30939288092123984,0.31853190064430237,1
ISIC_0012876_downsampled,NV,NV,5,5,0.9793591499328612,0.048936074202473874,0.9589137509465218,1
ISIC_0012879_downsampled,NV,BKL,5,2,0.5732001662254333,0.33565071217588804,0.14889466762542725,0
ISIC_0012902_downsampled,BKL,MEL,2,4,0.9966805577278136,0.011638927975474458,0.994224467081949,0
ISIC_0012903_downsampled,NV,NV,5,5,0.9999407529830932,0.00030617701543881297,0.9998816593470109,1
ISIC_0012932_downsampled,BKL,BKL,2,2,0.8184675574302673,0.24594676202667873,0.6462359875440599,1
ISIC_0012956_downsampled,NV,NV,5,5,0.9971444010734558,0.009945137977551234,0.9946484714746476,1
ISIC_0012976_downsampled,NV,NV,5,5,0.999935269355774,0.0003403618824236304,0.999875245463045,1
ISIC_0012987_downsampled,NV,BKL,5,2,0.8922757506370544,0.16651329545383492,0.7852915227413177,0
ISIC_0013000_downsampled,NV,NV,5,5,0.9940840601921082,0.017726885200715088,0.9882760178297758,1
ISIC_0013027_downsampled,NV,NV,5,5,1.0,2.2555754865183462e-08,0.9999999979787126,1
ISIC_0013106_downsampled,NV,NV,5,5,0.8744319081306458,0.18472279111422998,0.749925695359707,1
ISIC_0013132_downsampled,NV,NV,5,5,0.9855508804321288,0.03634767211180646,0.9711030460894107,1
ISIC_0013160_downsampled,BKL,BKL,2,2,0.9986528158187866,0.005274335396450731,0.9975326928542927,1
ISIC_0013177_downsampled,BKL,BKL,2,2,0.9988232254981996,0.004627030647975584,0.997756300144829,1
ISIC_0013227_downsampled,NV,BKL,5,2,0.8955869078636169,0.16494466240719025,0.7927219793200493,0
ISIC_0013302_downsampled,NV,NV,5,5,0.9616491794586182,0.09105642905563754,0.9401531442999841,1
ISIC_0013316_downsampled,BKL,BKL,2,2,0.9998812675476074,0.0006324431125347146,0.9997984441870358,1
ISIC_0013334_downsampled,MEL,NV,4,5,0.68574458360672,0.30398322211686435,0.37301182746887207,0
ISIC_0013335_downsampled,BKL,BKL,2,2,0.9982278943061828,0.006810215728271576,0.9969239984638989,1
ISIC_0013393_downsampled,BKL,NV,2,5,0.9915594458580016,0.0237435265427397,0.9832447124645113,0
ISIC_0013394_downsampled,NV,NV,5,5,0.9996650218963624,0.001454459834199501,0.9993309790443166,1
ISIC_0013424_downsampled,NV,NV,5,5,0.6023068428039551,0.36811910423395916,0.2224366962909699,1
ISIC_0013530_downsampled,MEL,MEL,4,4,0.934377133846283,0.11654551808250814,0.868773564696312,1
ISIC_0013615_downsampled,MEL,MEL,4,4,0.9981486797332764,0.006566234442019002,0.9963207795517519,1
ISIC_0013767_downsampled,MEL,MEL,4,4,0.9834782481193542,0.04085467025859517,0.9670771956443788,1
ISIC_0013772_downsampled,NV,NV,5,5,0.982519507408142,0.048211759550846014,0.9732743073254823,1
ISIC_0013836_downsampled,NV,NV,5,5,0.9999945163726808,3.740368692809966e-05,0.9999908937988949,1
ISIC_0013984_downsampled,MEL,MEL,4,4,0.9603318572044371,0.08158585247854566,0.921156022697687,1
ISIC_0014032_downsampled,BKL,BKL,2,2,0.981006681919098,0.04889460351536996,0.9645828157663348,1
ISIC_0014129_downsampled,MEL,MEL,4,4,0.9792266488075256,0.049021333631979566,0.9585834033787252,1
ISIC_0014149_downsampled,NV,NV,5,5,0.9910853505134584,0.024844007221366492,0.9822730859741571,1
ISIC_0014158_downsampled,NV,NV,5,5,0.8322065472602844,0.21773418595039332,0.6644492745399475,1
ISIC_0014212_downsampled,BKL,BKL,2,2,0.9996569156646729,0.001565544013262548,0.9993703576910775,1
ISIC_0014253_downsampled,NV,NV,5,5,0.9289571046829224,0.14676859967763545,0.8884592093527317,1
ISIC_0014316_downsampled,MEL,MEL,4,4,0.5563724040985107,0.3305426281713152,0.11279365420341492,1
ISIC_0014328_downsampled,NV,NV,5,5,0.805323600769043,0.28978854221074807,0.658089280128479,1
ISIC_0014410_downsampled,BKL,BKL,2,2,0.999631404876709,0.0016047152738690328,0.9992730412632228,1
ISIC_0014441_downsampled,NV,NV,5,5,0.5134386420249939,0.3350285462568246,0.027324676513671875,1
ISIC_0014506_downsampled,MEL,MEL,4,4,0.9992803931236268,0.003355081520902184,0.9989554855565076,1
ISIC_0014537_downsampled,BKL,BKL,2,2,0.9999054670333862,0.000518735413736798,0.9998563106892107,1
ISIC_0014548_downsampled,MEL,MEL,4,4,0.9747614860534668,0.05721347157020921,0.9496823437511921,1
ISIC_0014641_downsampled,BKL,BKL,2,2,0.999959111213684,0.00025183181623801245,0.999947810739286,1
ISIC_0014652_downsampled,BKL,BKL,2,2,0.9999771118164062,0.00014270658446763863,0.999965441025779,1
ISIC_0014653_downsampled,BKL,BKL,2,2,0.9997705817222596,0.0011180227643364615,0.9995907556585736,1
ISIC_0014657_downsampled,NV,NV,5,5,0.9950377345085144,0.016059490124327273,0.9905365384183825,1
ISIC_0014715_downsampled,NV,NV,5,5,0.9990792274475098,0.0035764392477304844,0.9981717368355022,1
ISIC_0014724_downsampled,NV,NV,5,5,0.8246219158172607,0.22491543443272105,0.6497342735528946,1
ISIC_0014743_downsampled,NV,NV,5,5,0.999127209186554,0.003376331790466591,0.9982544421218337,1
ISIC_0014773_downsampled,NV,NV,5,5,1.0,3.86412243028595e-07,0.9999999523496044,1
ISIC_0014806_downsampled,BKL,NV,2,5,0.6781847476959229,0.302965592323833,0.35657912492752075,0
ISIC_0014908_downsampled,NV,NV,5,5,0.9957919120788574,0.013125549678575222,0.9915931555442512,1
ISIC_0014910_downsampled,NV,NV,5,5,0.9971867203712464,0.009304169520107404,0.994374865666032,1
ISIC_0014920_downsampled,MEL,NV,4,5,0.9173015356063844,0.13721388438422222,0.8346042931079866,0
ISIC_0014927_downsampled,NV,NV,5,5,0.9999853372573853,8.622892964450394e-05,0.9999709397025072,1
ISIC_0014938_downsampled,NV,NV,5,5,0.9999114274978638,0.000447609069609966,0.9998257844854379,1
ISIC_0014940_downsampled,NV,NV,5,5,0.999948501586914,0.00026905946766945165,0.9998970593733246,1
ISIC_0014949_downsampled,NV,NV,5,5,1.0,9.651710034043892e-09,0.9999999990414745,1
ISIC_0014998_downsampled,NV,NV,5,5,0.9996801614761353,0.001405212917819875,0.9993645083741286,1
ISIC_0015019_downsampled,NV,NV,5,5,0.7784876823425293,0.2552437452017703,0.5571829378604889,1
ISIC_0015113_downsampled,BKL,BKL,2,2,0.9983698725700378,0.006487003674966022,0.9973327035550028,1
ISIC_0015118_downsampled,NV,NV,5,5,0.999271810054779,0.002951137316377401,0.9985711051267573,1
ISIC_0015125_downsampled,NV,NV,5,5,0.9991028308868408,0.003459638586455417,0.9982058918103576,1
ISIC_0015130_downsampled,NV,NV,5,5,0.9886159300804138,0.030107757462067786,0.9772847751155496,1
ISIC_0015264_downsampled,NV,NV,5,5,1.0,3.7337256653957366e-08,0.9999999967762945,1
ISIC_0015330_downsampled,NV,NV,5,5,0.998995006084442,0.0038296552023229674,0.9979925502557307,1
ISIC_0015357_downsampled,NV,NV,5,5,0.999997854232788,1.601605966270202e-05,0.999996733103444,1
ISIC_0015404_downsampled,NV,NV,5,5,0.9995044469833374,0.0021441433700644763,0.9990585128834937,1
ISIC_0015938_downsampled,NV,NV,5,5,0.999995231628418,3.2365232111753875e-05,0.9999927467285943,1
ISIC_0015952_downsampled,NV,NV,5,5,0.9783247113227844,0.05645788033251125,0.9626957941800356,1
ISIC_0015966_downsampled,NV,NV,5,5,0.9999960660934448,2.6769820726473783e-05,0.9999936251601866,1
ISIC_0015967_downsampled,NV,NV,5,5,0.996892273426056,0.011234299492720302,0.9946489399299027,1
ISIC_0016043_downsampled,NV,NV,5,5,0.571000337600708,0.37035461486769916,0.15811452269554138,1
ISIC_0016045_downsampled,NV,NV,5,5,0.8122552037239075,0.23235516167787743,0.6245315670967102,1
ISIC_0016052_downsampled,NV,NV,5,5,0.9490182995796204,0.11162581037794302,0.9093859046697617,1
ISIC_0024341,NV,NV,5,5,0.999998927116394,8.09358532699158e-06,0.9999985638488056,1
ISIC_0024373,NV,NV,5,5,0.9998569488525392,0.0007678245409654016,0.9997875968110749,1
ISIC_0024376,NV,NV,5,5,0.9999996423721312,2.8847384610674735e-06,0.9999993702970754,1
ISIC_0024384,NV,NV,5,5,0.9999994039535522,4.828339453527985e-06,0.9999990901849287,1
ISIC_0024400,MEL,MEL,4,4,0.7694227695465088,0.26149915572584354,0.5393008291721344,1
ISIC_0024403,BCC,BCC,1,1,0.9997866749763488,0.0010689220350259122,0.9996329717250773,1
ISIC_0024422,BKL,NV,2,5,0.6451901197433472,0.38500055092176017,0.34161204099655157,0
ISIC_0024444,NV,NV,5,5,0.99997878074646,0.00013779453175525436,0.9999737953899057,1
ISIC_0024453,BKL,BKL,2,2,0.997739315032959,0.008030693771126737,0.9956197834108025,1
ISIC_0024459,MEL,BKL,4,2,0.934016227722168,0.12195204671297527,0.8704556226730347,0
ISIC_0024466,NV,BKL,5,2,0.992097020149231,0.022763399616699313,0.9844179940409958,0
ISIC_0024477,BKL,BKL,2,2,0.4047060906887054,0.5698888122244385,0.09288832545280451,1
ISIC_0024501,NV,NV,5,5,0.9999972581863404,1.8662056536091955e-05,0.9999946425593863,1
ISIC_0024543,NV,NV,5,5,0.999974250793457,0.00015445566128986777,0.9999566365568171,1
ISIC_0024576,NV,NV,5,5,0.9999996423721312,3.0602306792712707e-06,0.9999992347360375,1
ISIC_0024580,NV,NV,5,5,0.9999972581863404,1.9219105103382035e-05,0.9999956709533536,1
ISIC_0024589,NV,NV,5,5,0.9999998807907104,1.118035030538952e-06,0.9999997415566497,1
ISIC_0024658,NV,NV,5,5,0.9999942779541016,3.964086585387698e-05,0.9999920308430319,1
ISIC_0024718,NV,NV,5,5,0.9999747276306152,0.0001444397817591213,0.9999515175459237,1
ISIC_0024730,NV,NV,5,5,0.8615358471870422,0.19341837178259258,0.7230744361877441,1
ISIC_0024742,NV,NV,5,5,0.999995231628418,3.3060841470918415e-05,0.9999924944925169,1
ISIC_0024748,BKL,NV,2,5,0.9978412389755248,0.00768361648716588,0.9958382176700978,0
ISIC_0024751,NV,NV,5,5,0.9950661659240724,0.015265985616455315,0.9902557767927648,1
ISIC_0024785,NV,NV,5,5,1.0,1.0971055560693207e-10,0.9999999999976723,1
ISIC_0024834,NV,NV,5,5,0.9999774694442748,0.0001290251933340237,0.9999559615989709,1
ISIC_0024845,DF,DF,3,3,0.9998512268066406,0.0007312847369674643,0.9997178088378861,1
ISIC_0024847,NV,NV,5,5,0.9999997615814208,1.4782109076511902e-06,0.9999995792752542,1
ISIC_0024864,MEL,MEL,4,4,0.899403989315033,0.15728715840850055,0.7988870665431023,1
ISIC_0024873,NV,NV,5,5,0.999992609024048,5.049595640994365e-05,0.999989035647559,1
ISIC_0024889,NV,NV,5,5,0.9999955892562866,2.9854186294030955e-05,0.9999920721279523,1
ISIC_0024906,NV,NV,5,5,0.9799805283546448,0.047453744772479545,0.9600350689142942,1
ISIC_0024951,MEL,MEL,4,4,0.9383269548416138,0.13328712187321315,0.8973406106233598,1
ISIC_0024969,NV,NV,5,5,0.9894981384277344,0.028091349959580732,0.9790091821923853,1
ISIC_0025023,NV,NV,5,5,0.9999964237213136,2.5422920339821638e-05,0.9999938195655887,1
ISIC_0025041,NV,NV,5,5,0.9994327425956726,0.0024049296791978643,0.9989235064131208,1
ISIC_0025045,NV,NV,5,5,0.9999990463256836,7.176549894238635e-06,0.9999984703431437,1
ISIC_0025058,NV,NV,5,5,0.9999892711639404,6.89090597814285e-05,0.9999814509592397,1
ISIC_0025073,NV,NV,5,5,0.7862765192985535,0.2537869012019011,0.5738248080015182,1
ISIC_0025077,NV,NV,5,5,0.9998762607574464,0.000606611436463558,0.9997568960388891,1
ISIC_0025086,BKL,BKL,2,2,0.991795003414154,0.024379653377719863,0.9845834220759572,1
ISIC_0025091,NV,NV,5,5,0.99999737739563,1.7491307394946705e-05,0.9999951879349284,1
ISIC_0025100,NV,NV,5,5,0.9998257756233216,0.0009206475342694618,0.999749535265437,1
ISIC_0025103,BKL,BKL,2,2,0.9998356103897096,0.0008464893362489301,0.9997176555043554,1
ISIC_0025130,SCC,SCC,6,6,0.984696626663208,0.04709937543041104,0.978404148016125,1
ISIC_0025138,NV,NV,5,5,1.0,2.81807338727391e-07,0.9999999660122505,1
ISIC_0025148,NV,NV,5,5,0.8927090764045715,0.16491045897079634,0.7856728881597519,1
ISIC_0025151,NV,NV,5,5,1.0,9.301398665684614e-11,0.9999999999999535,1
ISIC_0025195,MEL,MEL,4,4,0.9671434760093688,0.08139402386365567,0.9460666328668594,1
ISIC_0025219,MEL,MEL,4,4,0.9987589120864868,0.004628555894269856,0.9975285670952873,1
ISIC_0025248,MEL,MEL,4,4,0.9398090839385986,0.1290629918736517,0.9022119864821434,1
ISIC_0025251,NV,NV,5,5,0.9999994039535522,4.289344861930213e-06,0.9999988467811818,1
ISIC_0025275,BKL,NV,2,5,0.6605064272880554,0.41845415640538963,0.391018807888031,0
ISIC_0025277,MEL,MEL,4,4,0.9998748302459716,0.0006462083948780323,0.9997778970646322,1
ISIC_0025289,NV,VASC,5,7,0.7710139751434326,0.2919628208559904,0.5618708282709122,0
ISIC_0025300,NV,NV,5,5,0.9932501316070556,0.019573786427369674,0.9865314713679254,1
ISIC_0025357,NV,NV,5,5,0.9999713897705078,0.00015780143254720685,0.9999427572111017,1
ISIC_0025359,NV,NV,5,5,0.999879002571106,0.0005845128254826882,0.9997584661323344,1
ISIC_0025362,BCC,BCC,1,1,0.9923049807548524,0.02509045749239753,0.9874608637765051,1
ISIC_0025364,NV,NV,5,5,0.9999791383743286,0.00013061671626142933,0.9999701374645156,1
ISIC_0025379,NV,NV,5,5,0.9996660947799684,0.0014917963363183363,0.9993493653892076,1
ISIC_0025415,NV,NV,5,5,0.9999942779541016,3.8036776605342344e-05,0.999990683571923,1
ISIC_0025417,BCC,BCC,1,1,0.9686940908432008,0.06714925237685077,0.9374335967004301,1
ISIC_0025478,NV,NV,5,5,0.9997928738594056,0.0009852283538929229,0.9996084643498764,1
ISIC_0025480,NV,NV,5,5,0.9999998807907104,1.1731962051853335e-06,0.9999997464977639,1
ISIC_0025544,NV,NV,5,5,0.9999971389770508,1.9442321905990102e-05,0.9999943803682072,1
ISIC_0025574,NV,NV,5,5,0.9999862909317015,8.169859810906384e-05,0.9999728315478932,1
ISIC_0025585,NV,NV,5,5,1.0,3.216518012877958e-07,0.9999999616744262,1
ISIC_0025602,NV,NV,5,5,0.9999805688858032,0.00011409592797126141,0.9999624441388733,1
ISIC_0025673,NV,NV,5,5,0.9997259974479676,0.0012193942837269742,0.9994544059445617,1
ISIC_0025699,BKL,MEL,2,4,0.5119104981422424,0.4766149116062021,0.16688492894172674,0
ISIC_0025710,BKL,BKL,2,2,0.9974931478500366,0.00947144086076237,0.996125346980989,1
ISIC_0025721,NV,NV,5,5,1.0,8.467259191434796e-10,0.9999999999567178,1
ISIC_0025791,MEL,NV,4,5,0.996870219707489,0.012215303217618621,0.9956559153506533,0
ISIC_0025888,NV,NV,5,5,0.9999997615814208,1.8698449977392587e-06,0.9999995531778153,1
ISIC_0025902,NV,NV,5,5,0.9988369345664978,0.004965729955917169,0.9981255049351603,1
ISIC_0025916,NV,NV,5,5,0.9878318905830384,0.031971688319063496,0.9757795063778759,1
ISIC_0025925,NV,NV,5,5,0.9999985694885254,1.030682977295424e-05,0.9999974042667645,1
ISIC_0025930,NV,NV,5,5,0.9999921321868896,5.029423472052071e-05,0.9999848864035812,1
ISIC_0025931,NV,NV,5,5,0.9999593496322632,0.00021759007433807002,0.9999186550558079,1
ISIC_0025935,NV,NV,5,5,0.9999991655349731,6.177687572752431e-06,0.9999987387532201,1
ISIC_0025951,NV,NV,5,5,0.9999837875366212,0.00010360478604295613,0.9999753731117381,1
ISIC_0025956,NV,MEL,5,4,0.900820791721344,0.15575232856208437,0.8017063587903976,0
ISIC_0025976,NV,NV,5,5,0.9999995231628418,4.10043998156325e-06,0.9999993279585624,1
ISIC_0025986,BKL,MEL,2,4,0.9295352101325988,0.12453214978791402,0.8597905486822127,0
ISIC_0026001,NV,NV,5,5,1.0,9.301398665684614e-11,0.9999999999999888,1
ISIC_0026006,NV,NV,5,5,0.9998973608016968,0.0005239481614505033,0.9998045109168743,1
ISIC_0026037,NV,MEL,5,4,0.5388522744178772,0.332983781421922,0.07794749736785889,0
ISIC_0026064,NV,NV,5,5,0.999408721923828,0.002679918742542766,0.9991122014180291,1
ISIC_0026081,MEL,MEL,4,4,0.9893758296966552,0.028358259426234447,0.9787645451724528,1
ISIC_0026097,NV,MEL,5,4,0.8582252860069275,0.19640979292610497,0.7164723873138428,0
ISIC_0026123,NV,NV,5,5,0.9548552632331848,0.09022945477581117,0.910370197147131,1
ISIC_0026144,NV,NV,5,5,1.0,3.362891682199886e-07,0.9999999627081948,1
ISIC_0026146,NV,NV,5,5,0.9999865293502808,8.587239902776655e-05,0.9999786632106407,1
ISIC_0026161,NV,NV,5,5,1.0,3.27892966591201e-08,0.9999999982643347,1
ISIC_0026171,AK,BKL,0,2,0.9991751313209534,0.0033911539533222038,0.9984557746211068,0
ISIC_0026199,NV,NV,5,5,0.9999754428863524,0.0001418371878805061,0.9999532089696003,1
ISIC_0026210,NV,NV,5,5,0.9998829364776612,0.0006190801535551088,0.9998119119482,1
ISIC_0026213,BCC,BCC,1,1,0.9999969005584716,2.160874134729285e-05,0.9999945085148737,1
ISIC_0026224,NV,NV,5,5,1.0,1.1729830444986908e-10,0.9999999999970575,1
ISIC_0026232,NV,NV,5,5,0.9960541725158693,0.012398634449387793,0.9921087673865261,1
ISIC_0026245,BKL,NV,2,5,0.5702797770500183,0.36865360382171974,0.16112405061721802,0
ISIC_0026272,NV,NV,5,5,0.9999957084655762,3.131485231547686e-05,0.9999943666522313,1
ISIC_0026273,BKL,DF,2,3,0.904188632965088,0.20207445177166558,0.8419932872056963,0
ISIC_0026274,NV,NV,5,5,0.9999985694885254,1.0705723475458658e-05,0.9999973083523628,1
ISIC_0026280,BKL,BKL,2,2,0.9999116659164428,0.0004911619402592416,0.9998640681660617,1
ISIC_0026330,NV,MEL,5,4,0.9324472546577454,0.12187439752283895,0.8659482076764108,0
ISIC_0026338,NV,NV,5,5,0.9999966621398926,2.1799574209219638e-05,0.9999933346241505,1
ISIC_0026341,NV,NV,5,5,0.9978232383728028,0.00747437238105265,0.995649018790573,1
ISIC_0026344,NV,NV,5,5,0.9999939203262328,4.1133407160332096e-05,0.9999900224711381,1
ISIC_0026357,NV,NV,5,5,1.0,7.993697535714522e-08,0.999999992334403,1
ISIC_0026393,VASC,VASC,7,7,0.9999966621398926,2.2572690770257262e-05,0.9999940908351164,1
ISIC_0026414,NV,MEL,5,4,0.8685972094535828,0.23304412626747978,0.7953219339251518,0
ISIC_0026442,BCC,BCC,1,1,0.9999947547912598,3.577291194405847e-05,0.9999917836598797,1
ISIC_0026458,MEL,MEL,4,4,0.9988693594932556,0.004254235146057152,0.9977446086704731,1
ISIC_0026468,AK,AK,0,0,0.9542346596717834,0.09324071174433345,0.9098652489483356,1
ISIC_0026489,MEL,MEL,4,4,0.9996129870414734,0.0017041944324048585,0.9992532274918631,1
ISIC_0026493,BKL,MEL,2,4,0.5910276770591736,0.3298067410436087,0.1832308471202851,0
ISIC_0026495,NV,NV,5,5,0.999993085861206,4.5785028909839586e-05,0.9999882016318224,1
ISIC_0026501,NV,NV,5,5,0.9999979734420776,1.493579306328522e-05,0.9999968718477703,1
ISIC_0026510,NV,NV,5,5,1.0,1.6447242219654306e-09,0.9999999998564105,1
ISIC_0026528,BCC,DF,1,3,0.7695747017860413,0.31715101328990897,0.5703814327716827,0
ISIC_0026543,NV,NV,5,5,0.999948024749756,0.000303882916135435,0.9999165480476223,1
ISIC_0026550,NV,NV,5,5,0.9999903440475464,6.190827132983721e-05,0.9999840572604626,1
ISIC_0026579,NV,NV,5,5,0.9999997615814208,1.7891619963760248e-06,0.999999567233047,1
ISIC_0026602,NV,NV,5,5,1.0,2.54824694587261e-07,0.9999999705788714,1
ISIC_0026606,BKL,MEL,2,4,0.6626557111740112,0.30838459673122387,0.3255238234996796,0
ISIC_0026630,NV,NV,5,5,0.9999841451644896,9.889363416557528e-05,0.9999728884649811,1
ISIC_0026637,BKL,NV,2,5,0.9960346817970276,0.013774268958609535,0.9931510358583183,0
ISIC_0026651,NV,NV,5,5,0.997454822063446,0.010141431112495651,0.9963387708412483,1
ISIC_0026678,NV,NV,5,5,0.9999979734420776,1.381268753944849e-05,0.999996103223225,1
ISIC_0026738,MEL,MEL,4,4,0.5750836133956909,0.3398345070283045,0.1543434858322144,1
ISIC_0026767,NV,NV,5,5,0.999979853630066,0.00011613402601696528,0.9999601361396345,1
ISIC_0026776,NV,NV,5,5,0.9999895095825196,6.526623366084875e-05,0.9999800766117916,1
ISIC_0026823,MEL,MEL,4,4,0.991309642791748,0.027127062509916505,0.9852694193832576,1
ISIC_0026830,NV,NV,5,5,0.99997878074646,0.00012255029685736546,0.9999587038164464,1
ISIC_0026843,BKL,BKL,2,2,0.7015314698219299,0.3952886364513555,0.5206581205129623,1
ISIC_0026856,NV,NV,5,5,1.0,2.7463592133450787e-09,0.9999999998369736,1
ISIC_0026864,NV,NV,5,5,0.9999988079071044,1.0021732624745285e-05,0.9999983065065975,1
ISIC_0026905,AK,BKL,0,2,0.9997199177742004,0.0013939680125092631,0.9995524326513987,0
ISIC_0026912,BKL,BKL,2,2,0.999445140361786,0.0023853346152918394,0.998948180000298,1
ISIC_0026952,BCC,BCC,1,1,0.9955452680587769,0.014270226176891831,0.9913311223499478,1
ISIC_0026971,NV,NV,5,5,1.0,4.174116129183791e-08,0.9999999970417615,1
ISIC_0026983,NV,NV,5,5,0.9999939203262328,3.8438035985643204e-05,0.9999878358607929,1
ISIC_0027042,BKL,BKL,2,2,0.9983047246932985,0.006566338353816272,0.9971081104595215,1
ISIC_0027093,BCC,BCC,1,1,0.7883490920066833,0.31181596381080295,0.6146636754274368,1
ISIC_0027127,NV,NV,5,5,0.9639556407928468,0.07575012340112987,0.9282906204462053,1
ISIC_0027133,NV,NV,5,5,0.9905142784118652,0.025788197252271498,0.9810285642743112,1
ISIC_0027135,BCC,BCC,1,1,0.9999226331710817,0.0004262219912030071,0.9998661157223979,1
ISIC_0027155,MEL,NV,4,5,0.9010019302368164,0.17692536094187283,0.8141969814896584,0
ISIC_0027164,NV,NV,5,5,0.9999977350234984,1.6504483459191314e-05,0.9999963329261162,1
ISIC_0027179,MEL,NV,4,5,0.9172470569610596,0.14240634938926228,0.8363123685121536,0
ISIC_0027226,NV,NV,5,5,0.920261800289154,0.13477192522465242,0.8407870382070541,1
ISIC_0027252,NV,NV,5,5,0.9999673366546632,0.00018753308269190054,0.9999395614177048,1
ISIC_0027261,MEL,BCC,4,1,0.5630491971969604,0.3562641325783198,0.13720646500587463,0
ISIC_0027322,NV,NV,5,5,0.9999994039535522,4.4476497464134e-06,0.9999988085252767,1
ISIC_0027332,BKL,NV,2,5,0.6434439420700073,0.322268359187388,0.28948578238487244,0
ISIC_0027392,BKL,AK,2,0,0.9706531763076782,0.06603625928304577,0.9421326089650394,0
ISIC_0027402,MEL,NV,4,5,0.9986854195594788,0.0056101095802740565,0.9981679826742038,0
ISIC_0027408,NV,NV,5,5,0.9992539286613464,0.003200478620160805,0.9988684782001657,1
ISIC_0027467,NV,NV,5,5,0.9998587369918824,0.0006944273011051434,0.9997280262905407,1
ISIC_0027473,BCC,BCC,1,1,0.9938904047012328,0.019317622607774664,0.988519889768213,1
ISIC_0027487,MEL,MEL,4,4,0.7460905313491821,0.2728015431718362,0.49224600195884705,1
ISIC_0027518,NV,NV,5,5,0.9950900077819824,0.01492902724982636,0.9901846246793866,1
ISIC_0027535,NV,MEL,5,4,0.8926845192909241,0.17888918456997752,0.7921360954642297,0
ISIC_0027554,NV,NV,5,5,0.9999957084655762,2.9409296976407657e-05,0.9999935933699362,1
ISIC_0027563,VASC,VASC,7,7,0.9998860359191896,0.0005695167798911378,0.9997804899467156,1
ISIC_0027569,NV,NV,5,5,0.9990053772926332,0.003802833378577888,0.9980165233137087,1
ISIC_0027576,NV,NV,5,5,0.9999414682388306,0.00030254632248137065,0.9998829488431511,1
ISIC_0027607,NV,MEL,5,4,0.8883810043334961,0.17227414588092957,0.7780524045228959,0
ISIC_0027615,AK,BKL,0,2,0.989633560180664,0.030765935696177284,0.9808256067335605,0
ISIC_0027619,NV,NV,5,5,0.9983515739440918,0.005872094846192763,0.996703090844676,1
ISIC_0027669,MEL,MEL,4,4,0.9694068431854248,0.06593278957041679,0.938848027959466,1
ISIC_0027693,MEL,MEL,4,4,0.5194225907325745,0.33391779154261775,0.039035260677337646,1
ISIC_0027696,NV,NV,5,5,0.999992609024048,4.986247764425036e-05,0.999988213695815,1
ISIC_0027697,NV,NV,5,5,0.9844533801078796,0.039754796920980794,0.9693290404975414,1
ISIC_0027752,NV,NV,5,5,0.998401939868927,0.005717238932374717,0.9968040946405381,1
ISIC_0027767,SCC,NV,6,5,0.3772165179252624,0.6341943255764391,0.010533034801483099,0
ISIC_0027784,NV,NV,5,5,0.9810201525688172,0.04523459681403037,0.9620421510189774,1
ISIC_0027811,BKL,BKL,2,2,0.9993224143981934,0.0028191825195084965,0.9987003791611643,1
ISIC_0027819,BCC,NV,1,5,0.6562737822532654,0.3292406916949214,0.31977006793022156,0
ISIC_0027824,NV,NV,5,5,1.0,5.819129845320639e-08,0.9999999957707875,1
ISIC_0027831,BKL,BKL,2,2,0.9995144605636596,0.002132256171860602,0.9990885272563901,1
ISIC_0027848,NV,NV,5,5,0.9865877032279968,0.034847555878578115,0.9734189612790942,1
ISIC_0027902,NV,NV,5,5,0.8470689058303833,0.2074813373432258,0.6946034133434296,1
ISIC_0027911,NV,BKL,5,2,0.6366630792617798,0.3941299853454652,0.3323797285556794,0
ISIC_0027923,NV,NV,5,5,1.0,1.5285983866586202e-07,0.9999999887481623,1
ISIC_0027949,NV,MEL,5,4,0.6959261894226074,0.3397415930360044,0.41309419274330145,0
ISIC_0027959,NV,NV,5,5,0.9353455305099488,0.11522362425629727,0.8706921115517617,1
ISIC_0027965,NV,NV,5,5,0.998418927192688,0.005671605796177184,0.9968396705808119,1
ISIC_0028035,BCC,BCC,1,1,0.995345413684845,0.014290208903504242,0.9906998984515668,1
ISIC_0028036,NV,NV,5,5,0.9967010617256165,0.010697474001837164,0.9934152716305108,1
ISIC_0028041,MEL,MEL,4,4,0.8431487083435059,0.23669188345854505,0.7033409476280212,1
ISIC_0028075,MEL,MEL,4,4,0.998453974723816,0.005965252743148354,0.997173759271391,1
ISIC_0028111,NV,NV,5,5,0.9999994039535522,5.411975579142229e-06,0.9999991397338874,1
ISIC_0028118,NV,NV,5,5,0.7255246043205261,0.2962117146963948,0.45547282695770264,1
ISIC_0028132,SCC,BCC,6,1,0.9998279809951782,0.0008259439986316404,0.9996675227303058,0
ISIC_0028161,NV,NV,5,5,0.9998375177383424,0.0007758112919018576,0.9996808515134036,1
ISIC_0028179,NV,MEL,5,4,0.8067100048065186,0.28420006412863913,0.6509318500757217,0
ISIC_0028191,NV,NV,5,5,1.0,1.621139462859957e-10,0.999999999993343,1
ISIC_0028192,NV,NV,5,5,0.9999997615814208,1.8642980593512982e-06,0.9999995799860101,1
ISIC_0028195,NV,NV,5,5,0.8417267203330994,0.266595752415207,0.7574020773172379,1
ISIC_0028216,NV,SCC,5,6,0.9911051392555236,0.027569477716301992,0.984479094389826,0
ISIC_0028241,NV,NV,5,5,0.9997677206993104,0.001047689337183209,0.9995358598098393,1
ISIC_0028244,NV,NV,5,5,0.9999964237213136,2.396274626907366e-05,0.9999930831829716,1
ISIC_0028247,NV,NV,5,5,0.9041728377342224,0.17954639765794847,0.8263159766793251,1
ISIC_0028252,NV,NV,5,5,0.999995231628418,3.045855910764987e-05,0.9999905115096226,1
ISIC_0028317,MEL,MEL,4,4,0.996557116508484,0.012691360709005436,0.9945527620147915,1
ISIC_0028415,MEL,NV,4,5,0.7819729447364807,0.25234307582368454,0.5639770030975342,0
ISIC_0028416,NV,NV,5,5,0.9967141151428224,0.010613306501309972,0.9934282819740475,1
ISIC_0028455,NV,NV,5,5,0.9999699592590332,0.0001682567615960071,0.9999415218062495,1
ISIC_0028462,NV,NV,5,5,1.0,3.261070292386796e-07,0.9999999634116215,1
ISIC_0028505,MEL,NV,4,5,0.4963350296020508,0.46142270960867515,0.0676309764385224,0
ISIC_0028546,NV,NV,5,5,0.999998927116394,7.646072354065064e-06,0.9999978728826591,1
ISIC_0028550,BKL,MEL,2,4,0.607989490032196,0.3949253163199547,0.24706339836120605,0
ISIC_0028555,BKL,BKL,2,2,0.8369907140731812,0.2143645769598273,0.6740975975990295,1
ISIC_0028582,MEL,MEL,4,4,0.7898147106170654,0.24769417067960448,0.5797155350446701,1
ISIC_0028595,NV,NV,5,5,0.9998362064361572,0.0007720152261115495,0.9996746461984003,1
ISIC_0028653,BCC,BKL,1,2,0.8731142282485962,0.25478126513854116,0.7977111786603928,0
ISIC_0028655,MEL,MEL,4,4,0.697465181350708,0.2957194134106657,0.3951364159584046,1
ISIC_0028658,NV,NV,5,5,0.9445846676826476,0.10300563831743291,0.8891720212996005,1
ISIC_0028671,BCC,BCC,1,1,0.999837040901184,0.0008368789137053819,0.9997234522161306,1
ISIC_0028711,NV,NV,5,5,0.9998952150344848,0.0005198737850234467,0.9997933142658438,1
ISIC_0028756,NV,NV,5,5,0.9999990463256836,6.88680408617555e-06,0.9999980836184932,1
ISIC_0028764,MEL,MEL,4,4,0.8958439826965332,0.16587311394180268,0.7937502562999726,1
ISIC_0028767,NV,MEL,5,4,0.9981075525283812,0.006628391462176606,0.996218019281514,0
ISIC_0028779,NV,NV,5,5,0.9999991655349731,5.935935009545085e-06,0.999998455159016,1
ISIC_0028796,NV,NV,5,5,1.0,5.051603520134438e-09,0.9999999995454525,1
ISIC_0028805,NV,NV,5,5,0.9999994039535522,4.596731268386836e-06,0.9999988367621313,1
ISIC_0028839,NV,NV,5,5,0.999990940093994,5.499040527135857e-05,0.9999818773367223,1
ISIC_0028845,NV,NV,5,5,0.9999924898147584,5.113286818804198e-05,0.9999883121149652,1
ISIC_0028849,NV,NV,5,5,0.6339234709739685,0.3224945569552753,0.2698918282985687,1
ISIC_0028881,BKL,BKL,2,2,0.961984634399414,0.08428150859225869,0.927622091025114,1
ISIC_0028935,NV,NV,5,5,0.9998658895492554,0.0006930401125462588,0.999763016909128,1
ISIC_0028947,NV,NV,5,5,0.9994356036186218,0.002323918367271343,0.9988779516424984,1
ISIC_0028957,NV,NV,5,5,0.9999958276748656,3.021564167622524e-05,0.9999944405610676,1
ISIC_0028958,BKL,BKL,2,2,0.9983141422271729,0.006076911219050784,0.9966560339089483,1
ISIC_0028965,MEL,MEL,4,4,0.9986633062362672,0.0051609760740838105,0.997468597837724,1
ISIC_0028971,NV,NV,5,5,0.9753587245941162,0.05621535040686335,0.9509410951286555,1
ISIC_0028988,NV,NV,5,5,0.9929742813110352,0.020378128604777904,0.9860442727804185,1
ISIC_0028990,AK,BKL,0,2,0.9972503781318665,0.011317627656762164,0.9964541030931287,0
ISIC_0028999,NV,NV,5,5,0.9396909475326538,0.10956659175412346,0.8793834000825882,1
ISIC_0029012,BKL,NV,2,5,0.5194418430328369,0.352048566223851,0.04648464918136602,0
ISIC_0029017,MEL,NV,4,5,0.950075626373291,0.09599540412247552,0.9003100879490377,0
ISIC_0029021,MEL,NV,4,5,0.7661181688308716,0.34178093703812246,0.632465735077858,0
ISIC_0029080,BKL,BKL,2,2,0.7983871102333069,0.25310154806806306,0.6011994034051896,1
ISIC_0029088,NV,NV,5,5,0.9584757089614868,0.08332166111336631,0.9170161150395871,1
ISIC_0029101,BKL,BKL,2,2,0.9998089671134948,0.0009873044916386643,0.9997237499992478,1
ISIC_0029112,NV,NV,5,5,0.99997878074646,0.00012618169352724315,0.9999612007995893,1
ISIC_0029150,NV,NV,5,5,0.9999656677246094,0.00020078180847610955,0.9999405105227197,1
ISIC_0029161,BKL,BKL,2,2,0.999517560005188,0.002295992448574797,0.9992430925485679,1
ISIC_0029216,MEL,MEL,4,4,0.8411219716072083,0.22151611028938667,0.6870421022176743,1
ISIC_0029301,BKL,MEL,2,4,0.9890974760055542,0.03580925558876777,0.9826671434566379,0
ISIC_0029311,BKL,BKL,2,2,0.9982896447181702,0.006699262465746048,0.9970718286931516,1
ISIC_0029323,BCC,SCC,1,6,0.9348500967025756,0.11678926728418491,0.8699780106544494,0
ISIC_0029362,SCC,BCC,6,1,0.9706517457962036,0.06421282673088814,0.9414548743516207,0
ISIC_0029376,NV,NV,5,5,0.999996781349182,2.3550094893239784e-05,0.999995396940676,1
ISIC_0029385,NV,NV,5,5,0.9995177984237672,0.002202689709322708,0.9992737117572689,1
ISIC_0029420,BKL,BKL,2,2,0.9909874796867372,0.026697026230600315,0.9834359604865314,1
ISIC_0029436,NV,NV,5,5,0.9190614223480223,0.13517212400314674,0.8381248787045479,1
ISIC_0029442,NV,NV,5,5,1.0,9.301398665684614e-11,0.999999999999945,1
ISIC_0029561,NV,NV,5,5,0.9999998807907104,1.3092085716064514e-06,0.9999997766110127,1
ISIC_0029568,BKL,NV,2,5,0.5229649543762207,0.43195885366302106,0.1164740920066834,0
ISIC_0029584,NV,NV,5,5,1.0,1.0314278137132187e-07,0.9999999940358544,1
ISIC_0029592,NV,NV,5,5,0.9972583055496216,0.009114503029333415,0.9945220991503447,1
ISIC_0029599,NV,NV,5,5,0.999831199645996,0.0007903602626211237,0.9996635322313522,1
ISIC_0029617,BKL,NV,2,5,0.8035476207733154,0.2647348447563433,0.6189213991165161,0
ISIC_0029628,NV,NV,5,5,0.9999997615814208,1.8642903257347113e-06,0.9999996218024306,1
ISIC_0029641,NV,NV,5,5,0.9595872163772584,0.09759255153867287,0.9327092207968236,1
ISIC_0029683,BKL,BKL,2,2,0.9999730587005616,0.00016308274369514312,0.9999606716019117,1
ISIC_0029700,NV,NV,5,5,1.0,2.735333840374632e-07,0.9999999669935384,1
ISIC_0029732,NV,NV,5,5,0.9998996257781982,0.0005165482989934183,0.9998106808270677,1
ISIC_0029739,NV,NV,5,5,1.0,2.9282046696037844e-09,0.999999999731215,1
ISIC_0029774,NV,NV,5,5,0.9999827146530152,0.00011083526521111826,0.9999730863019068,1
ISIC_0029799,NV,NV,5,5,0.991510272026062,0.023740256014182285,0.9830815000459552,1
ISIC_0029806,NV,NV,5,5,1.0,1.4705589359099409e-10,0.9999999999946038,1
ISIC_0029810,BKL,BKL,2,2,0.5101454854011536,0.3434481354935256,0.023361235857009888,1
ISIC_0029854,NV,NV,5,5,0.9984001517295836,0.005835096370762216,0.9968393233139067,1
ISIC_0029873,NV,NV,5,5,1.0,4.19274048845039e-07,0.9999999850645942,1
ISIC_0029906,NV,NV,5,5,0.999945878982544,0.0003218704484542994,0.9999278915165632,1
ISIC_0029915,AK,DF,0,3,0.8426308035850525,0.32454098302323015,0.7963072769343854,0
ISIC_0029928,NV,NV,5,5,1.0,5.6442460725498924e-08,0.9999999937982698,1
ISIC_0029944,NV,NV,5,5,1.0,1.7447928602639504e-10,0.9999999999923004,1
ISIC_0030000,NV,NV,5,5,0.9997242093086244,0.0012246623642194437,0.9994499530585019,1
ISIC_0030005,BKL,BKL,2,2,0.9121857285499572,0.1874983039456006,0.8560508303344249,1
ISIC_0030031,MEL,NV,4,5,0.630119264125824,0.3446262469046777,0.27108812332153326,0
ISIC_0030075,NV,NV,5,5,0.9999949932098388,3.182276352768673e-05,0.9999899980257395,1
ISIC_0030091,NV,NV,5,5,0.9123708009719848,0.1811808998159064,0.8666126169264315,1
ISIC_0030097,NV,NV,5,5,0.999983549118042,9.770532838124727e-05,0.9999680726268707,1
ISIC_0030106,MEL,MEL,4,4,0.7613967061042786,0.28125106963909646,0.5296369493007661,1
ISIC_0030112,NV,NV,5,5,0.999982476234436,0.00010639915834364514,0.9999693298905186,1
ISIC_0030136,NV,NV,5,5,0.9999947547912598,3.576893781829088e-05,0.999991174420984,1
ISIC_0030138,BCC,BCC,1,1,0.9973541498184204,0.00898287511927229,0.994763313094154,1
ISIC_0030168,NV,NV,5,5,0.9081451892852784,0.14823386470724467,0.8164531514048579,1
ISIC_0030173,BKL,BKL,2,2,0.9978725910186768,0.007438358321401232,0.9957856407854706,1
ISIC_0030191,SCC,SCC,6,6,0.9826196432113647,0.04695031205262234,0.9678731793537736,1
ISIC_0030240,BKL,BKL,2,2,0.9989990592002868,0.004174631775001433,0.9983505570562555,1
ISIC_0030260,NV,MEL,5,4,0.9969978332519532,0.010635344039024403,0.9945216912310573,0
ISIC_0030269,NV,NV,5,5,0.9999998807907104,6.645372824897319e-07,0.9999998337873599,1
ISIC_0030270,NV,NV,5,5,0.9999995231628418,4.239933226838791e-06,0.9999992301264911,1
ISIC_0030322,NV,NV,5,5,0.9975243210792542,0.008437265295772333,0.9950900399126112,1
ISIC_0030351,NV,NV,5,5,0.9999382495880128,0.0003206115228653573,0.9998774586347282,1
ISIC_0030354,NV,NV,5,5,0.975567102432251,0.06572631597468562,0.958699380978942,1
ISIC_0030366,MEL,NV,4,5,0.5607081055641174,0.33757080559126207,0.12402820587158203,0
ISIC_0030381,NV,NV,5,5,0.9999837875366212,9.932067142106362e-05,0.999970142908751,1
ISIC_0030391,MEL,NV,4,5,0.6369836330413818,0.3154396145145747,0.27404132485389715,0
ISIC_0030422,NV,NV,5,5,0.6701835989952087,0.32124038972031227,0.34736743569374084,1
ISIC_0030424,NV,NV,5,5,0.9998412132263184,0.0007569546436143904,0.9996867492009187,1
ISIC_0030436,BKL,SCC,2,6,0.9762567281723022,0.06248945040156629,0.9611406819894911,0
ISIC_0030460,NV,MEL,5,4,0.9070132374763488,0.14985826234294053,0.8143560066819191,0
ISIC_0030475,NV,NV,5,5,1.0,1.0613366801803753e-07,0.9999999974942744,1
ISIC_0030477,NV,NV,5,5,1.0,4.4471628816747076e-07,0.9999999686278045,1
ISIC_0030490,NV,NV,5,5,0.99999737739563,1.77041100263324e-05,0.9999947140838686,1
ISIC_0030515,NV,NV,5,5,1.0,1.9707977766992288e-10,0.9999999999903801,1
ISIC_0030522,BKL,BKL,2,2,0.5202433466911316,0.33486421038640846,0.04097267985343939,1
ISIC_0030543,NV,NV,5,5,0.9999961853027344,2.693192912983827e-05,0.9999935735070267,1
ISIC_0030559,NV,NV,5,5,0.9996113181114196,0.0018264702191143941,0.9994114849978358,1
ISIC_0030584,NV,NV,5,5,0.9999998807907104,1.3887687924485086e-06,0.999999782347814,1
ISIC_0030589,NV,BKL,5,2,0.9867515563964844,0.03556756226783019,0.9744749013334513,0
ISIC_0030598,NV,BKL,5,2,0.6948942542076111,0.39619737505608976,0.5019290894269943,0
ISIC_0030636,BKL,BKL,2,2,0.986491084098816,0.039619841907829925,0.9770623324438932,1
ISIC_0030655,AK,BKL,0,2,0.6180191040039062,0.34799255882429375,0.24753868579864508,0
ISIC_0030679,NV,NV,5,5,0.9998883008956908,0.0005428973777153151,0.9997766039377893,1
ISIC_0030682,NV,NV,5,5,0.9995367527008056,0.0019381867772761362,0.9990748474956489,1
ISIC_0030691,NV,NV,5,5,1.0,4.77993898272346e-10,0.999999999965627,1
ISIC_0030704,NV,NV,5,5,0.9650464057922364,0.07493846549859973,0.9308427534997464,1
ISIC_0030722,VASC,VASC,7,7,1.0,7.125193829331104e-07,0.9999999495727607,1
ISIC_0030744,BKL,BKL,2,2,0.9993208646774292,0.0031457882154278193,0.9989609467447736,1
ISIC_0030765,NV,NV,5,5,0.999750554561615,0.0011209230801067726,0.9995027781696991,1
ISIC_0030790,NV,NV,5,5,0.7455836534500122,0.3193565748913631,0.5221556574106216,1
ISIC_0030823,NV,NV,5,5,1.0,1.5713693183168005e-08,0.9999999983971216,1
ISIC_0030856,NV,NV,5,5,0.9975801706314088,0.00826053914646569,0.9951881715096536,1
ISIC_0030926,BKL,BKL,2,2,0.9928212761878968,0.023277529793814696,0.9881920642219485,1
ISIC_0030938,NV,NV,5,5,0.999990701675415,6.334355081389063e-05,0.99998721448992,1
ISIC_0030965,BKL,BKL,2,2,0.7922983169555664,0.25450212991240057,0.5876235216856003,1
ISIC_0030984,NV,NV,5,5,0.9999784231185912,0.00012242693218922248,0.9999570200161542,1
ISIC_0031000,BKL,AK,2,0,0.9399186968803406,0.11559232934999883,0.8826951645314693,0
ISIC_0031013,MEL,MEL,4,4,0.9995772242546082,0.0019467437044515398,0.9993344010144939,1
ISIC_0031014,NV,NV,5,5,0.995036780834198,0.01567983220367669,0.9903836268931628,1
ISIC_0031089,NV,NV,5,5,1.0,1.0271585282406122e-10,0.9999999999982335,1
ISIC_0031097,NV,NV,5,5,0.9999996423721312,3.0721409637078708e-06,0.9999992323405137,1
ISIC_0031114,NV,NV,5,5,0.9999911785125732,5.634598821122731e-05,0.9999837780919734,1
ISIC_0031123,DF,MEL,3,4,0.6553584933280945,0.44059501684917346,0.4358408898115159,0
ISIC_0031128,NV,NV,5,5,0.9922717809677124,0.02178770479589247,0.9845462678931653,1
ISIC_0031167,NV,NV,5,5,0.9999998807907104,1.3725078211980876e-06,0.9999998258382305,1
ISIC_0031171,BCC,BCC,1,1,0.8435810804367065,0.21883165916592845,0.6917433738708496,1
ISIC_0031201,VASC,VASC,7,7,0.9999996423721312,3.1023074246112594e-06,0.9999994144892382,1
ISIC_0031205,NV,NV,5,5,0.9999831914901732,9.687367580782597e-05,0.9999664247025065,1
ISIC_0031260,NV,NV,5,5,0.9999933242797852,4.648743855180813e-05,0.999991286240629,1
ISIC_0031278,NV,NV,5,5,0.9967707395553588,0.012265095064712267,0.9953713454306125,1
ISIC_0031316,NV,NV,5,5,0.9999990463256836,6.8388317584804945e-06,0.999998553661726,1
ISIC_0031399,NV,NV,5,5,0.9976442456245422,0.009311873936292158,0.9962456753710285,1
ISIC_0031418,NV,NV,5,5,0.9998791217803956,0.0005954376500581911,0.9997632030062961,1
ISIC_0031419,NV,NV,5,5,0.9999990463256836,6.8554481892600915e-06,0.9999980901770869,1
ISIC_0031422,NV,NV,5,5,0.9972842931747437,0.009045280554453791,0.9945746071171016,1
ISIC_0031436,BKL,BKL,2,2,0.999174416065216,0.0032971403734642075,0.9983828133554198,1
ISIC_0031440,NV,NV,5,5,0.945476531982422,0.10301615983628208,0.8912964127957823,1
ISIC_0031455,NV,NV,5,5,0.9989012479782104,0.004358685245069341,0.9979419814189896,1
ISIC_0031468,BKL,BKL,2,2,0.9995985627174376,0.0019491458985563055,0.99937381860218,1
ISIC_0031515,NV,BKL,5,2,0.5263880491256714,0.44084628167807116,0.11322137713432318,0
ISIC_0031520,BCC,BCC,1,1,0.9076286554336548,0.19315106343606447,0.8593378327786922,1
ISIC_0031543,MEL,BKL,4,2,0.8401217460632324,0.25314250449447595,0.7159783467650415,0
ISIC_0031544,NV,NV,5,5,0.9650088548660278,0.07397664945750529,0.9303357079625131,1
ISIC_0031567,NV,MEL,5,4,0.9925931096076964,0.0219284623446886,0.9855977804400026,0
ISIC_0031593,BKL,NV,2,5,0.9101296663284302,0.20155770561626174,0.8670500479638577,0
ISIC_0031613,NV,NV,5,5,0.999982476234436,0.00010419115179997405,0.9999668717100576,1
ISIC_0031661,NV,NV,5,5,0.999997615814209,1.6747644410600437e-05,0.999996081915242,1
ISIC_0031675,NV,NV,5,5,0.9999850988388062,8.859591148222901e-05,0.9999708272744101,1
ISIC_0031692,SCC,SCC,6,6,0.9448539614677428,0.12439187997852356,0.9148941040039062,1
ISIC_0031693,NV,NV,5,5,0.9998218417167664,0.0008788133316311406,0.9996680579934036,1
ISIC_0031709,MEL,NV,4,5,0.7693437337875366,0.28287434843369785,0.5484921187162399,0
ISIC_0031712,BCC,SCC,1,6,0.5052026510238647,0.391328817435708,0.033381342887878473,0
ISIC_0031716,BKL,MEL,2,4,0.959535539150238,0.10100799186075046,0.9335367232561113,0
ISIC_0031741,MEL,MEL,4,4,0.996249258518219,0.011952832769607102,0.9925203826278449,1
ISIC_0031742,NV,MEL,5,4,0.929908812046051,0.12327056255272668,0.8601361215114595,0
ISIC_0031768,NV,NV,5,5,0.9999996423721312,2.4625180807635147e-06,0.9999993473257404,1
ISIC_0031774,NV,NV,5,5,1.0,3.005128088602624e-08,0.9999999979826566,1
ISIC_0031795,MEL,MEL,4,4,0.9848335385322572,0.03793044660433587,0.9697033595293761,1
ISIC_0031813,NV,NV,5,5,0.9989641904830932,0.004273471958541151,0.9982588964048773,1
ISIC_0031816,NV,NV,5,5,1.0,1.3859022751700173e-07,0.9999999931084425,1
ISIC_0031850,NV,NV,5,5,0.9999964237213136,2.4815228724228236e-05,0.9999939868805542,1
ISIC_0031851,BKL,SCC,2,6,0.9420761466026306,0.10724890598814432,0.8843842148780823,0
ISIC_0031854,NV,NV,5,5,0.9999785423278807,0.00012518140829920654,0.999959928820317,1
ISIC_0031870,NV,NV,5,5,1.0,5.054568928177588e-10,0.9999999999641178,1
ISIC_0031898,NV,NV,5,5,0.9999998807907104,6.447016150395761e-07,0.9999998064095124,1
ISIC_0031910,NV,NV,5,5,0.9999998807907104,1.101177744114096e-06,0.9999998346964887,1
ISIC_0031913,NV,MEL,5,4,0.9874983429908752,0.03288913292646884,0.9752123970538379,0
ISIC_0031920,NV,NV,5,5,1.0,7.707609348745313e-09,0.9999999992483791,1
ISIC_0031946,NV,NV,5,5,1.0,1.3512724487067837e-09,0.9999999998857438,1
ISIC_0031963,NV,NV,5,5,0.9993959665298462,0.002500370205873399,0.9988144219387323,1
ISIC_0031965,NV,NV,5,5,0.9915528893470764,0.02526415435061302,0.9843006986193359,1
ISIC_0031969,NV,NV,5,5,0.999746024608612,0.0011358227255291531,0.9994928684609475,1
ISIC_0031991,NV,NV,5,5,0.8801143765449524,0.20011799838352373,0.7770328000187874,1
ISIC_0031994,NV,NV,5,5,1.0,4.5235680881284014e-08,0.9999999952831238,1
ISIC_0031995,NV,NV,5,5,0.9999960660934448,2.795771325242736e-05,0.9999935420598831,1
ISIC_0032071,NV,NV,5,5,0.9999901056289672,6.518001845128115e-05,0.9999835970716048,1
ISIC_0032084,NV,NV,5,5,0.9999991655349731,6.500078733100288e-06,0.9999987972666418,1
ISIC_0032124,BKL,BKL,2,2,0.999963641166687,0.0002218771267911082,0.9999443619253725,1
ISIC_0032156,BKL,MEL,2,4,0.82471764087677,0.2669421307037068,0.6805610209703447,0
ISIC_0032165,NV,NV,5,5,0.9999924898147584,4.846303659888075e-05,0.9999859237850616,1
ISIC_0032173,SCC,SCC,6,6,0.9999325275421144,0.0003679351930495019,0.9998768925543119,1
ISIC_0032185,BCC,BCC,1,1,0.9996083378791808,0.001738108821184566,0.9992455812753178,1
ISIC_0032186,NV,MEL,5,4,0.945107102394104,0.10374641128138078,0.8907361775636673,0
ISIC_0032200,BKL,BKL,2,2,0.3811186254024505,0.6108062243890032,0.07157379388809199,1
ISIC_0032206,AK,SCC,0,6,0.6369491815567017,0.5405651596068,0.467679262161255,0
ISIC_0032213,NV,NV,5,5,0.9998377561569214,0.0008027907240725533,0.9996949182241224,1
ISIC_0032241,NV,NV,5,5,0.9999030828475952,0.0005445025994151983,0.9998554157318722,1
ISIC_0032266,NV,NV,5,5,0.999998927116394,8.276432597041132e-06,0.9999978114468604,1
ISIC_0032283,BKL,BKL,2,2,0.9990088939666748,0.004266965654195781,0.9983373447321356,1
ISIC_0032287,MEL,NV,4,5,0.9970372915267944,0.011081151681598574,0.9955158159136772,0
ISIC_0032289,NV,NV,5,5,0.9999946355819702,3.751382349037865e-05,0.9999913080730494,1
ISIC_0032423,NV,MEL,5,4,0.7145666480064392,0.28801958946631706,0.4292192161083222,0
ISIC_0032431,NV,NV,5,5,1.0,3.8027870574276645e-07,0.9999999805965025,1
ISIC_0032451,NV,NV,5,5,1.0,3.5762224106165396e-10,0.9999999999906396,1
ISIC_0032465,NV,NV,5,5,0.9999996423721312,2.8090191242180746e-06,0.9999992828540484,1
ISIC_0032494,NV,NV,5,5,0.9999096393585204,0.00048059057026409607,0.9998424175137187,1
ISIC_0032506,NV,NV,5,5,0.9999997615814208,2.384225818577859e-06,0.9999996086627617,1
ISIC_0032508,BKL,BKL,2,2,0.9427139163017272,0.10624938282383187,0.8856555074453353,1
ISIC_0032536,BCC,BCC,1,1,0.9959775805473328,0.013894975340274281,0.9926764925476164,1
ISIC_0032579,NV,NV,5,5,0.9979444146156312,0.007164248637424747,0.9959096398670229,1
ISIC_0032600,NV,MEL,5,4,0.5302289724349976,0.3325410924749943,0.06047213077545166,0
ISIC_0032605,NV,NV,5,5,0.9996681213378906,0.0015090182333685122,0.9993750508874655,1
ISIC_0032624,MEL,NV,4,5,0.9999077320098876,0.00047342168988444316,0.9998225480740074,0
ISIC_0032634,NV,NV,5,5,0.997355580329895,0.009706534950522391,0.9955057974439115,1
ISIC_0032692,VASC,VASC,7,7,0.9999961853027344,2.6272918948667122e-05,0.9999933598990083,1
ISIC_0032757,BKL,NV,2,5,0.98099285364151,0.045587943900582455,0.9620893672108651,0
ISIC_0032759,NV,NV,5,5,0.9999818801879884,0.00011008095330035462,0.9999670673050788,1
ISIC_0032760,NV,NV,5,5,0.9999815225601196,0.00010755925258793691,0.9999636395441485,1
ISIC_0032770,NV,NV,5,5,0.999964714050293,0.0002077985147496486,0.9999404614900413,1
ISIC_0032779,NV,NV,5,5,0.999748170375824,0.0011343195541954805,0.99949942479725,1
ISIC_0032783,NV,NV,5,5,0.9964332580566406,0.011384202471881008,0.992867525201291,1
ISIC_0032791,NV,NV,5,5,0.9688489437103271,0.06674869875520921,0.9377053435891868,1
ISIC_0032821,NV,NV,5,5,0.9999877214431764,7.262512254673549e-05,0.9999754545433462,1
ISIC_0032830,NV,NV,5,5,0.9998213648796082,0.0008308425610148761,0.9996439283131623,1
ISIC_0032839,VASC,VASC,7,7,0.9998375177383424,0.0007842549419245717,0.9996880987455372,1
ISIC_0032853,NV,NV,5,5,0.9980504512786864,0.007329123974439504,0.9965746483067051,1
ISIC_0032880,NV,NV,5,5,0.999768316745758,0.001093558002600471,0.9995584382268133,1
ISIC_0032892,MEL,MEL,4,4,0.9999866485595704,8.748792113443304e-05,0.9999795836115483,1
ISIC_0032896,NV,NV,5,5,0.999930500984192,0.00036084040160291306,0.9998638659671998,1
ISIC_0032932,VASC,VASC,7,7,0.9999812841415404,0.00011176543388285072,0.9999657015250704,1
ISIC_0032962,NV,NV,5,5,0.9996750354766846,0.001567604112162283,0.999466249733814,1
ISIC_0032983,BKL,BKL,2,2,0.8108993768692017,0.23409742689543336,0.6220192164182663,1
ISIC_0032986,NV,NV,5,5,0.9939898252487184,0.01769066761242548,0.9879862694069744,1
ISIC_0033029,MEL,MEL,4,4,0.969440460205078,0.06989604625483242,0.9406759906560183,1
ISIC_0033036,NV,NV,5,5,0.997086465358734,0.009585303013057359,0.9941742911469191,1
ISIC_0033089,MEL,MEL,4,4,0.9989495873451232,0.004195095615493957,0.9980033007450401,1
ISIC_0033097,NV,NV,5,5,0.9991621971130372,0.0034414202865059333,0.9984379155212083,1
ISIC_0033100,NV,BKL,5,2,0.5184028744697571,0.334338669947451,0.0370821356773377,0
ISIC_0033104,NV,NV,5,5,0.9513872861862184,0.09397620606811251,0.9028972312808039,1
ISIC_0033109,NV,NV,5,5,0.9958998560905457,0.012897391916342265,0.9918298409320414,1
ISIC_0033148,NV,NV,5,5,0.997884213924408,0.0072993784783335364,0.995772638823837,1
ISIC_0033189,NV,NV,5,5,0.9998217225074768,0.0008828588880398225,0.9996931058703922,1
ISIC_0033191,NV,NV,5,5,0.996903121471405,0.01012869876198284,0.9938157815486194,1
ISIC_0033226,MEL,NV,4,5,0.5728159546852112,0.33310725756047577,0.1471352875232697,0
ISIC_0033233,NV,NV,5,5,0.9995670914649964,0.002051332086035142,0.9993678395840109,1
ISIC_0033277,NV,NV,5,5,0.9999423027038574,0.00032327453745510887,0.9999035244327388,1
ISIC_0033292,NV,NV,5,5,0.9981934428215028,0.006712992052643493,0.9965896789217369,1
ISIC_0033339,NV,NV,5,5,0.6016579866409302,0.33080363791372225,0.20553669333457947,1
ISIC_0033379,BKL,BKL,2,2,0.9980664849281312,0.007432122449940363,0.9970371974632145,1
ISIC_0033384,NV,NV,5,5,0.9995984435081482,0.0017040210237618013,0.9991971085546539,1
ISIC_0033417,NV,NV,5,5,0.9995574355125428,0.0019158392807198626,0.999141757230973,1
ISIC_0033438,BKL,BKL,2,2,0.9987554550170898,0.00468478070539014,0.9975441888673231,1
ISIC_0033462,NV,NV,5,5,0.9990399479866028,0.004086811166754344,0.9983354608993977,1
ISIC_0033483,BCC,MEL,1,4,0.4094088971614837,0.5967284597758732,0.11653169989585871,0
ISIC_0033507,BKL,BKL,2,2,0.9541386961936952,0.09358457443276647,0.9102048873901368,1
ISIC_0033543,NV,NV,5,5,0.9998749494552612,0.0006608055800464002,0.9998076478368603,1
ISIC_0033562,MEL,MEL,4,4,0.995926022529602,0.01315371834692052,0.9920194619335234,1
ISIC_0033567,NV,NV,5,5,0.984879195690155,0.03910450185046007,0.970412981696427,1
ISIC_0033586,MEL,NV,4,5,0.5202760100364685,0.3448756481627525,0.04470521211624151,0
ISIC_0033608,VASC,VASC,7,7,0.9999991655349731,5.665882962542053e-06,0.9999987290588308,1
ISIC_0033610,NV,NV,5,5,0.7902569770812988,0.24987851933846536,0.5812682956457138,1
ISIC_0033611,MEL,MEL,4,4,0.9779480695724488,0.05374005331085365,0.9572914708405734,1
ISIC_0033613,BKL,BKL,2,2,0.998986542224884,0.004354079590890103,0.998369818669744,1
ISIC_0033622,NV,NV,5,5,0.99985671043396,0.0007278226012566501,0.9997509870227078,1
ISIC_0033647,NV,NV,5,5,1.0,3.9551491987471015e-07,0.9999999568251567,1
ISIC_0033694,NV,NV,5,5,0.922119438648224,0.13533054925644772,0.8456844687461855,1
ISIC_0033706,NV,NV,5,5,0.9990198612213136,0.003988593876438317,0.9982353068771774,1
ISIC_0033716,BKL,MEL,2,4,0.7361292243003845,0.2790169233245179,0.4726269543170929,0
ISIC_0033751,NV,NV,5,5,1.0,2.0360625583077378e-07,0.999999983724317,1
ISIC_0033791,BKL,BKL,2,2,0.9861783981323242,0.03819616525748153,0.974470735527575,1
ISIC_0033829,BKL,BKL,2,2,0.9999390840530396,0.00034264572389681823,0.9998984597841627,1
ISIC_0033897,NV,NV,5,5,0.9982271790504456,0.00689592443354442,0.9971556711243466,1
ISIC_0033950,NV,NV,5,5,0.9993108510971068,0.0027485959320871665,0.9986230008071288,1
ISIC_0033969,VASC,VASC,7,7,0.9999996423721312,2.9926431840090894e-06,0.9999993070597951,1
ISIC_0033977,MEL,NV,4,5,0.4864136874675751,0.4586842503058937,0.043528974056243896,0
ISIC_0034002,MEL,NV,4,5,0.8641552925109863,0.21713443943420782,0.7394185215234758,0
ISIC_0034011,BKL,BKL,2,2,0.7741752862930298,0.308431489085843,0.5881249755620956,1
ISIC_0034013,NV,MEL,5,4,0.9483025074005128,0.09805467274666134,0.8966511040925981,0
ISIC_0034014,NV,NV,5,5,0.988407552242279,0.03257809413007068,0.9778891494497658,1
ISIC_0034024,BKL,BKL,2,2,0.9991936087608336,0.0033921081934974525,0.9985878385487013,1
ISIC_0034128,NV,NV,5,5,0.999674916267395,0.0014570618821834855,0.9993671785632614,1
ISIC_0034139,NV,NV,5,5,0.9991300702095032,0.0033687706874574734,0.998260703345295,1
ISIC_0034148,NV,NV,5,5,0.9094573259353638,0.14777937169038602,0.8194088563323022,1
ISIC_0034166,NV,NV,5,5,0.9999998807907104,1.1949659988619838e-06,0.9999997400529139,1
ISIC_0034184,NV,NV,5,5,0.9994413256645204,0.002509356341067993,0.9990844270796517,1
ISIC_0034185,NV,NV,5,5,1.0,1.1170359873071614e-08,0.9999999988826485,1
ISIC_0034201,BKL,BKL,2,2,0.9927505254745485,0.020711626841911298,0.9855178836733105,1
ISIC_0034241,NV,NV,5,5,0.992340087890625,0.024100203469608932,0.9862223113887013,1
ISIC_0034252,BKL,BKL,2,2,0.9997485280036926,0.001213074772777706,0.9995694506797008,1
ISIC_0034260,NV,NV,5,5,0.999891996383667,0.0005655554460284048,0.9998301604573498,1
ISIC_0053470,MEL,MEL,4,4,0.9995003938674928,0.0023266193728185697,0.9991886075877121,1
ISIC_0053532,NV,MEL,5,4,0.489383339881897,0.621728958242114,0.28196291625499725,0
ISIC_0053551,NV,NV,5,5,0.9838977456092834,0.03990806131033709,0.9678697884082794,1
ISIC_0053582,MEL,MEL,4,4,0.9999321699142456,0.0003885955194834279,0.9998979694391892,1
ISIC_0053588,NV,NV,5,5,0.9852076768875122,0.03728033804085344,0.9704800145700574,1
ISIC_0053599,BCC,BCC,1,1,0.992321789264679,0.0242873646171341,0.9869282403960824,1
ISIC_0053660,MEL,BKL,4,2,0.9886528849601746,0.03270447447312705,0.9791479408740997,0
ISIC_0053710,NV,BCC,5,1,0.9788024425506592,0.05003397079623508,0.9578022230416536,0
ISIC_0053725,MEL,BKL,4,2,0.9825376868247986,0.04434857340731213,0.9660238064825535,0
ISIC_0053739,NV,NV,5,5,1.0,9.301398665684614e-11,0.9999999999995928,1
ISIC_0053758,NV,BCC,5,1,0.8865794539451599,0.18042067261513553,0.7777573615312577,0
ISIC_0053791,MEL,NV,4,5,0.8235905170440674,0.2303191508445397,0.6496025770902634,0
ISIC_0053812,MEL,NV,4,5,0.9529233574867249,0.09129685040152181,0.9058493003249168,0
ISIC_0053813,BCC,BCC,1,1,0.9427009224891664,0.10563324456618822,0.8854199908673764,1
ISIC_0053863,BCC,VASC,1,7,0.9290847778320312,0.1558908365781532,0.8801088482141496,0
ISIC_0053871,NV,NV,5,5,0.9995594620704652,0.001999945296904105,0.9992978080408649,1
ISIC_0053957,BCC,BCC,1,1,0.9993929862976074,0.0027219926211051134,0.999094800790772,1
ISIC_0053992,NV,NV,5,5,0.9999545812606812,0.0002468089538165605,0.9999129218340386,1
ISIC_0054006,MEL,BCC,4,1,0.5932603478431702,0.35596091965095605,0.20113918185234075,0
ISIC_0054039,NV,MEL,5,4,0.965063750743866,0.09299905495382994,0.9445494972169399,0
ISIC_0054060,BCC,AK,1,0,0.9728512167930604,0.06891525179735893,0.9543952569365504,0
ISIC_0054110,MEL,MEL,4,4,0.9897429347038268,0.027610103139802902,0.9795144172385334,1
ISIC_0054163,SCC,BCC,6,1,0.9725907444953918,0.07432815589197221,0.960572705604136,0
ISIC_0054197,NV,NV,5,5,0.9995192289352416,0.0021150324164999072,0.9990992824605199,1
ISIC_0054234,BKL,MEL,2,4,0.9870362877845764,0.03617418810837202,0.9762413026764989,0
ISIC_0054258,NV,NV,5,5,0.9953741431236268,0.014632725702183266,0.9909064653329553,1
ISIC_0054302,MEL,BCC,4,1,0.928492546081543,0.12702814448346028,0.8581424430012704,0
ISIC_0054304,NV,BCC,5,1,0.9920557141304016,0.02341705823798937,0.9845548840239644,0
ISIC_0054329,MEL,MEL,4,4,0.9858576059341432,0.04230043881728665,0.9774686973541977,1
ISIC_0054341,MEL,MEL,4,4,0.9997156262397766,0.0014146388381805434,0.99956907935848,1
ISIC_0054370,BCC,BKL,1,2,0.9991455078125,0.0036727642009994213,0.9985775770619512,0
ISIC_0054381,NV,MEL,5,4,0.7394104599952698,0.2759729890551833,0.47883710265159607,0
ISIC_0054442,NV,NV,5,5,0.9908660054206848,0.025351642908136837,0.9818643601611257,1
ISIC_0054446,NV,MEL,5,4,0.8270193934440613,0.26253854199120175,0.6833049803972244,0
ISIC_0054451,BCC,AK,1,0,0.9987567663192748,0.004676568561001401,0.9975407577585428,0
ISIC_0054464,MEL,MEL,4,4,0.9981366395950316,0.007767841888695346,0.997326710843481,1
ISIC_0054483,NV,BCC,5,1,0.6591663956642151,0.3094613946043892,0.3185286223888398,0
ISIC_0054587,NV,NV,5,5,0.995750904083252,0.013602235870632284,0.9916735417209567,1
ISIC_0054600,NV,MEL,5,4,0.7987800240516663,0.3492807289916206,0.7055893167853355,0
ISIC_0054615,BCC,BCC,1,1,0.9574217796325684,0.10059016824750082,0.9257923550903797,1
ISIC_0054622,NV,NV,5,5,0.9986391663551332,0.005323555675101854,0.9974415666656571,1
ISIC_0054674,BCC,BCC,1,1,0.9998884201049804,0.0005983274264538388,0.9998288079223129,1
ISIC_0054687,AK,AK,0,0,0.988114297389984,0.03601198941144263,0.9800282958894967,1
ISIC_0054711,NV,NV,5,5,0.9999901056289672,6.0988372063605524e-05,0.9999804111612319,1
ISIC_0054722,BCC,BCC,1,1,0.9725542068481444,0.07784176369667722,0.9576709279790521,1
ISIC_0054732,NV,NV,5,5,0.993582546710968,0.018869080071345332,0.9872317342087628,1
ISIC_0054767,MEL,NV,4,5,0.9951521158218384,0.014787918576483594,0.9903130400925875,0
ISIC_0054799,BCC,BCC,1,1,0.534919261932373,0.4901502026306562,0.25794827938079834,1
ISIC_0054845,BCC,BCC,1,1,0.9954586029052734,0.014069577612713347,0.9909466993995011,1
ISIC_0054865,NV,MEL,5,4,0.8696170449256897,0.1866488606237584,0.7393462359905243,0
ISIC_0054878,AK,BKL,0,2,0.9487211108207704,0.10824768588811315,0.9045218266546727,0
ISIC_0054879,BKL,BKL,2,2,0.99989914894104,0.0005180656534867796,0.999808005799423,1
ISIC_0054904,MEL,MEL,4,4,0.9098111391067504,0.17337614385576106,0.8365022167563437,1
ISIC_0055010,BCC,BCC,1,1,0.9999831914901732,0.00010676919735046752,0.9999760432879156,1
ISIC_0055022,MEL,MEL,4,4,0.5732932090759277,0.4637257048138549,0.30036470293998724,1
ISIC_0055053,NV,NV,5,5,0.9991605281829834,0.0033295240609874832,0.9983533236663789,1
ISIC_0055059,BCC,BCC,1,1,0.9602907299995422,0.08240159324687339,0.9214214235544206,1
ISIC_0055090,NV,NV,5,5,0.9997617602348328,0.0011285434819344156,0.9995597261586227,1
ISIC_0055131,SCC,AK,6,0,0.5721861720085144,0.4158012703093562,0.1917717158794403,0
ISIC_0055159,AK,SCC,0,6,0.983157217502594,0.05009216342792945,0.9741291403770447,0
ISIC_0055187,NV,BCC,5,1,0.9926481246948242,0.023558893524119585,0.9887847229838372,0
ISIC_0055245,BCC,BCC,1,1,0.9997231364250184,0.0012393151107913988,0.9994510147371332,1
ISIC_0055275,BCC,BCC,1,1,0.9993839263916016,0.0027223124111939584,0.9989083613618278,1
ISIC_0055290,NV,NV,5,5,0.9573519825935364,0.08511735063514181,0.9147930443286896,1
ISIC_0055361,MEL,MEL,4,4,0.9880440831184388,0.036804996914232904,0.9801882635802033,1
ISIC_0055400,AK,BKL,0,2,0.9882203340530396,0.03133719481038328,0.9766251109540462,0
ISIC_0055414,NV,MEL,5,4,0.9992154836654664,0.0033553849348732802,0.9986438964260743,0
ISIC_0055418,BCC,BKL,1,2,0.6452835202217102,0.44985955971096453,0.3820068836212158,0
ISIC_0055455,BCC,MEL,1,4,0.5756816864013672,0.4866334234439067,0.26633545756340027,0
ISIC_0055463,NV,MEL,5,4,0.5033076405525208,0.34691420502563647,0.011659145355224665,0
ISIC_0055472,BKL,BCC,2,1,0.9986525177955629,0.005362032411423195,0.9975763577967883,0
ISIC_0055473,BKL,BKL,2,2,0.582103967666626,0.3279714546754769,0.1644648015499115,1
ISIC_0055527,MEL,MEL,4,4,0.9996217489242554,0.0017566755614827183,0.9993272576539312,1
ISIC_0055643,MEL,NV,4,5,0.9930837154388428,0.019952809573669943,0.9861934348009527,0
ISIC_0055727,NV,NV,5,5,0.9999988079071044,8.600223398289755e-06,0.9999975873608945,1
ISIC_0055815,SCC,NV,6,5,0.852776825428009,0.2066772911823688,0.7074526846408844,0
ISIC_0055856,NV,NV,5,5,0.999984860420227,8.86149760227835e-05,0.9999697424209444,1
ISIC_0055894,BKL,NV,2,5,0.6238389015197754,0.32554709051449865,0.24986973404884338,0
ISIC_0055913,BCC,BKL,1,2,0.9982908368110656,0.006804789079865051,0.9971230993978679,0
ISIC_0056017,MEL,MEL,4,4,0.5300939083099365,0.33361983614915625,0.06045675277709961,1
ISIC_0056022,NV,MEL,5,4,0.9173879027366638,0.13803759185819872,0.8350053057074547,0
ISIC_0056035,NV,NV,5,5,0.9852663278579712,0.03825271718854285,0.9711020309478045,1
ISIC_0056055,NV,NV,5,5,0.9990032315254213,0.00380658267622024,0.9980105095310139,1
ISIC_0056189,BCC,NV,1,5,0.6122961044311523,0.3479516490075228,0.23507142066955566,0
ISIC_0056190,MEL,MEL,4,4,0.998955011367798,0.004080389189127568,0.9979603963438423,1
ISIC_0056209,MEL,MEL,4,4,0.999808132648468,0.0010247817337081459,0.9997307686280692,1
ISIC_0056214,MEL,MEL,4,4,0.9985963702201844,0.0058927422615511,0.9978747926652434,1
ISIC_0056255,BCC,BCC,1,1,0.9999289512634276,0.000387073524588706,0.9998861589956504,1
ISIC_0056269,MEL,BCC,4,1,0.6296347379684448,0.4773719593156655,0.44959336519241333,0
ISIC_0056288,NV,NV,5,5,0.9998557567596436,0.0006829979181378392,0.9997114969009999,1
ISIC_0056317,BCC,BCC,1,1,0.999830722808838,0.0008437231445043792,0.999688598982175,1
ISIC_0056330,MEL,MEL,4,4,0.8864492774009705,0.17158207148917176,0.7733087986707687,1
ISIC_0056340,NV,NV,5,5,0.9999762773513794,0.00013623612397470314,0.9999543238991464,1
ISIC_0056359,NV,NV,5,5,0.7852830290794373,0.2555382562215839,0.5722692757844925,1
ISIC_0056531,MEL,BKL,4,2,0.9577590227127076,0.10728502182961668,0.9340844675898553,0
ISIC_0056575,NV,NV,5,5,0.9913470149040222,0.023948636311011486,0.9827029136940837,1
ISIC_0056579,NV,NV,5,5,1.0,2.626658359424108e-07,0.9999999683817435,1
ISIC_0056629,SCC,NV,6,5,0.9974096417427064,0.00988098330003227,0.995797719806433,0
ISIC_0056631,BCC,BCC,1,1,0.9944533705711364,0.01806326490962216,0.9901524297893046,1
ISIC_0056665,SCC,BKL,6,2,0.6994363069534302,0.39428013907667997,0.4990444481372834,0
ISIC_0056720,NV,NV,5,5,0.9999992847442628,5.004766609275024e-06,0.9999986087167373,1
ISIC_0056728,MEL,MEL,4,4,0.8412894606590271,0.2104970055171281,0.6825971752405167,1
ISIC_0056732,BKL,BKL,2,2,0.9999593496322632,0.00023212459492360094,0.9999262490164256,1
ISIC_0056769,BKL,BKL,2,2,0.9999579191207886,0.00024398914517950908,0.9999338495854317,1
ISIC_0056788,MEL,MEL,4,4,0.9998548030853271,0.00079520923575743,0.9997900336311432,1
ISIC_0056916,BCC,BCC,1,1,0.9850990772247314,0.03774712557547314,0.9703730391338469,1
ISIC_0056918,BCC,BCC,1,1,0.9999339580535888,0.00035362022850822966,0.9998768225887033,1
ISIC_0056956,SCC,MEL,6,4,0.9982106685638428,0.006424289199043557,0.996466365759261,0
ISIC_0056967,MEL,NV,4,5,0.5195024609565735,0.33316995148405865,0.03904125094413757,0
ISIC_0057055,NV,NV,5,5,0.9994264841079712,0.002535134623314178,0.9990258055622689,1
ISIC_0057058,BCC,BCC,1,1,0.9983219504356384,0.006332887679251843,0.99684430367779,1
ISIC_0057088,BCC,BCC,1,1,0.996113419532776,0.01291450833504277,0.9925557863898576,1
ISIC_0057127,BKL,BKL,2,2,0.9999650716781616,0.00019610325951577507,0.9999329863385356,1
ISIC_0057145,AK,AK,0,0,0.9910724759101868,0.02714335975107632,0.983680831734091,1
ISIC_0057168,BCC,BCC,1,1,0.9999265670776368,0.0004096925846368942,0.999880892555666,1
ISIC_0057169,MEL,NV,4,5,0.9393792748451232,0.12970717307700558,0.9011329524219036,0
ISIC_0057242,BCC,BKL,1,2,0.6847853064537048,0.3839162030977952,0.4091857075691223,0
ISIC_0057286,MEL,MEL,4,4,0.9999890327453612,7.228476836956172e-05,0.9999831642330718,1
ISIC_0057354,NV,NV,5,5,0.9970601201057434,0.009691314449927688,0.9941309094429017,1
ISIC_0057359,BCC,BCC,1,1,0.9567017555236816,0.08782855845000558,0.9140885733067989,1
ISIC_0057369,MEL,MEL,4,4,0.999848246574402,0.0008125064836924519,0.9997718554368477,1
ISIC_0057395,MEL,NV,4,5,0.990886688232422,0.025037885643919195,0.9817965151742102,0
ISIC_0057396,NV,NV,5,5,0.9999321699142456,0.00035849971603667296,0.9998714683133585,1
ISIC_0057475,NV,NV,5,5,0.9852675199508668,0.03863598522219024,0.9714583205059172,1
ISIC_0057574,BCC,BCC,1,1,0.8968043327331543,0.1884365508930566,0.8132254630327225,1
ISIC_0057592,BCC,BCC,1,1,0.987906575202942,0.034932788894339435,0.9774854993447663,1
ISIC_0057672,MEL,MEL,4,4,0.8542202711105347,0.24039169287096654,0.7372514009475709,1
ISIC_0057675,SCC,SCC,6,6,0.7983849048614502,0.36479208449785816,0.6884728372097015,1
ISIC_0057727,MEL,MEL,4,4,0.9999760389328004,0.000150412465846224,0.9999636880347681,1
ISIC_0057747,MEL,MEL,4,4,0.9981226325035096,0.006802942002829078,0.9963388649048285,1
ISIC_0057770,SCC,AK,6,0,0.9627874493598938,0.09844743896632038,0.9465897101908923,0
ISIC_0057782,MEL,BKL,4,2,0.9992315769195556,0.003397630096170169,0.9987538735440465,0
ISIC_0057784,NV,NV,5,5,0.9855227470397948,0.03652292928812223,0.9710753252729774,1
ISIC_0057801,BCC,BCC,1,1,0.9604451656341552,0.09487342627324453,0.9394733775407076,1
ISIC_0057872,NV,NV,5,5,0.99384742975235,0.018042884146164426,0.9877023836597801,1
ISIC_0057887,NV,NV,5,5,0.9815034866333008,0.04439987983319384,0.9630282875150443,1
ISIC_0057963,MEL,MEL,4,4,0.9992997646331788,0.0031354831041601272,0.9989550758036786,1
ISIC_0057999,MEL,NV,4,5,0.9021878242492676,0.15441103170239884,0.8044619411230087,0
ISIC_0058000,MEL,BCC,4,1,0.9888262748718262,0.03394746943407279,0.9819117235019804,0
ISIC_0058026,SCC,MEL,6,4,0.5992660522460938,0.506571682402759,0.36527663469314575,0
ISIC_0058056,BKL,MEL,2,4,0.9909418225288392,0.025363658290837327,0.9820617279037835,0
ISIC_0058085,NV,DF,5,3,0.6617051959037781,0.32220280268310664,0.3289789259433747,0
ISIC_0058090,NV,NV,5,5,0.9953048229217528,0.015642993995552884,0.991687039611861,1
ISIC_0058132,NV,NV,5,5,0.9999337196350098,0.0003405516496224279,0.999868053397222,1
ISIC_0058156,NV,BCC,5,1,0.8854331970214844,0.1734406557063823,0.7715360671281815,0
ISIC_0058188,BCC,BCC,1,1,0.999515175819397,0.002351917805778158,0.9992681221629027,1
ISIC_0058210,NV,NV,5,5,0.9919657707214355,0.02250187267409357,0.9839349845424294,1
ISIC_0058220,BCC,NV,1,5,0.8744625449180603,0.19436081116042406,0.7556537166237832,0
ISIC_0058240,BCC,BCC,1,1,0.9999825954437256,0.00010143351418429673,0.9999655479878129,1
ISIC_0058249,MEL,MEL,4,4,0.9966633915901184,0.011343137700701169,0.9936276134103537,1
ISIC_0058310,BCC,BCC,1,1,0.9265026450157166,0.13838827924912198,0.8581968247890472,1
ISIC_0058320,AK,SCC,0,6,0.9780972599983216,0.06260450495784156,0.965874681249261,0
ISIC_0058338,NV,NV,5,5,0.6752338409423828,0.3062331876363799,0.35125312209129333,1
ISIC_0058376,MEL,MEL,4,4,0.503275454044342,0.3440553208620325,0.009734183549881037,1
ISIC_0058380,MEL,BCC,4,1,0.9690732359886168,0.06960454573582524,0.9395802449434996,0
ISIC_0058393,BCC,BCC,1,1,0.998540997505188,0.005659620608309175,0.9972817504312844,1
ISIC_0058443,AK,AK,0,0,0.6379728317260742,0.42448266051186007,0.3920123875141144,1
ISIC_0058448,MEL,MEL,4,4,0.9999288320541382,0.00038720106047234555,0.9998718083697895,1
ISIC_0058463,BCC,AK,1,0,0.996691107749939,0.010896833989725678,0.9934562912676483,0
ISIC_0058472,BCC,SCC,1,6,0.9597703814506532,0.0816966097036988,0.91968896612525,0
ISIC_0058506,AK,AK,0,0,0.9502200484275818,0.10692495589850018,0.9077299199998379,1
ISIC_0058546,NV,NV,5,5,0.9819946885108948,0.043441995775175136,0.964008828625083,1
ISIC_0058586,NV,NV,5,5,0.7680651545524597,0.276894997097116,0.5436706244945526,1
ISIC_0058600,NV,BKL,5,2,0.9747576117515564,0.05782791238759855,0.9499222896993161,0
ISIC_0058651,BCC,BCC,1,1,0.9994863271713256,0.0022966655776726257,0.9990924143930897,1
ISIC_0058699,BCC,BCC,1,1,0.9632701277732848,0.0810896047869209,0.928861666470766,1
ISIC_0058787,BCC,NV,1,5,0.8610978722572327,0.19576211638022756,0.7227068543434143,0
ISIC_0058803,NV,NV,5,5,0.924187421798706,0.16933451032529986,0.8912555091083051,1
ISIC_0058832,BCC,BCC,1,1,0.998953342437744,0.0045340023833546385,0.9984799510857555,1
ISIC_0058868,BCC,BCC,1,1,0.9989763498306274,0.004335310982624591,0.9984283989761026,1
ISIC_0058984,BCC,MEL,1,4,0.6908345818519592,0.38221730635053064,0.43419671058654785,0
ISIC_0059046,MEL,MEL,4,4,0.9523183703422546,0.09250318545002649,0.9047196581959726,1
ISIC_0059089,MEL,MEL,4,4,0.9627788066864014,0.08042396392434546,0.9270876906812192,1
ISIC_0059108,AK,AK,0,0,0.9991000890731812,0.0037524810461641244,0.9984546803752893,1
ISIC_0059115,BCC,BCC,1,1,0.9998937845230104,0.0005835888862347917,0.999844820398721,1
ISIC_0059144,NV,NV,5,5,1.0,1.4265445105248141e-10,0.9999999999949701,1
ISIC_0059216,MEL,MEL,4,4,0.9993793964385986,0.0029348776470530893,0.9990896825620439,1
ISIC_0059229,MEL,MEL,4,4,0.915217101573944,0.18579263066810794,0.8722862377762793,1
ISIC_0059250,AK,SCC,0,6,0.9301377534866332,0.1561433528388376,0.8844131119549274,0
ISIC_0059254,BCC,BCC,1,1,0.998763918876648,0.004819622413256924,0.9976588831050321,1
ISIC_0059265,DF,BCC,3,1,0.9663248658180236,0.07223581621048791,0.9331296347081661,0
ISIC_0059299,NV,NV,5,5,0.9358310699462892,0.11848733502274128,0.8731343001127245,1
ISIC_0059301,MEL,MEL,4,4,0.9997318387031556,0.001301274003522837,0.9995253602828599,1
ISIC_0059353,MEL,MEL,4,4,0.8722907304763794,0.18402369849303493,0.7446464002132416,1
ISIC_0059368,NV,NV,5,5,0.9989665746688844,0.004413178480009932,0.9982715350924993,1
ISIC_0059370,NV,NV,5,5,0.6477031707763672,0.31277271150287245,0.295553058385849,1
ISIC_0059408,AK,AK,0,0,0.9998936653137208,0.0005545817053976102,0.9998145371937427,1
ISIC_0059421,MEL,NV,4,5,0.9999959468841552,2.8334778674619857e-05,0.9999933171739029,0
ISIC_0059509,BCC,BCC,1,1,0.9997459053993224,0.0012814145051066631,0.9995927702548215,1
ISIC_0059532,MEL,MEL,4,4,0.998028576374054,0.007250988264299624,0.9962257138686256,1
ISIC_0059536,NV,NV,5,5,0.9712260961532592,0.06279063897495657,0.9424648731946945,1
ISIC_0059548,BCC,BCC,1,1,0.9997677206993104,0.0011303883226710574,0.9995816879381894,1
ISIC_0059575,SCC,SCC,6,6,0.9964034557342528,0.01309939684449889,0.9939420458395033,1
ISIC_0059604,NV,NV,5,5,0.9962701797485352,0.013360390782755418,0.9943923950195312,1
ISIC_0059613,BKL,BKL,2,2,0.9978881478309632,0.007896984616701045,0.9961697654798628,1
ISIC_0059616,BKL,MEL,2,4,0.9980151653289796,0.0071899176317665745,0.9962017326615752,0
ISIC_0059617,BCC,MEL,1,4,0.5275907516479492,0.5591596613172657,0.2617827951908112,0
ISIC_0059659,NV,NV,5,5,0.9999051094055176,0.0005405217925030187,0.9998705404977954,1
ISIC_0059681,NV,NV,5,5,0.996274471282959,0.012488089961662367,0.9929772329051048,1
ISIC_0059705,NV,NV,5,5,0.9962177872657776,0.013735322215957423,0.9942757616518065,1
ISIC_0059730,BCC,AK,1,0,0.9844092726707458,0.039018189082035,0.9689269633963704,0
ISIC_0059772,NV,MEL,5,4,0.9966241121292114,0.010883524968343451,0.993254085769877,0
ISIC_0059805,NV,NV,5,5,0.997789740562439,0.0083079240341164,0.995990826515481,1
ISIC_0059810,MEL,MEL,4,4,0.9999138116836548,0.0004371061036646169,0.9998306817506091,1
ISIC_0059811,BCC,BCC,1,1,0.9995125532150269,0.002230979384904665,0.9991782349825371,1
ISIC_0059824,NV,NV,5,5,0.9964852333068848,0.011489961696888604,0.9930692920461298,1
ISIC_0059870,NV,NV,5,5,0.9987788796424866,0.004818536998678348,0.9977316148579121,1
ISIC_0059882,BCC,NV,1,5,0.6752327680587769,0.3254981487955806,0.35937502980232244,0
ISIC_0059944,NV,NV,5,5,0.9994947910308838,0.0021332866209845002,0.9990126259799582,1
ISIC_0059964,NV,NV,5,5,0.9942684173583984,0.016982020456577915,0.9885381781496109,1
ISIC_0060041,AK,AK,0,0,0.995153784751892,0.01686548114550766,0.9921137113124132,1
ISIC_0060079,BCC,BCC,1,1,0.9998273849487304,0.0009162383947296137,0.9997718508020624,1
ISIC_0060097,NV,NV,5,5,0.5621044039726257,0.3415585964605296,0.12774375081062322,1
ISIC_0060132,MEL,MEL,4,4,0.9973498582839966,0.009931906744558874,0.9959711910923944,1
ISIC_0060171,NV,BCC,5,1,0.9760846495628356,0.054485784539693584,0.952214904129505,0
ISIC_0060186,NV,MEL,5,4,0.9697685837745668,0.06594938961401581,0.9397896472364665,0
ISIC_0060209,BCC,BCC,1,1,0.9946666955947876,0.01657801422707719,0.98958795145154,1
ISIC_0060254,BCC,BCC,1,1,0.999985933303833,9.248998633844321e-05,0.9999814425527802,1
ISIC_0060274,BCC,BCC,1,1,0.7610290050506592,0.3427190556858627,0.6171955764293671,1
ISIC_0060276,NV,NV,5,5,0.9903889298439026,0.02658619504795023,0.9809598280116916,1
ISIC_0060279,NV,MEL,5,4,0.8624407649040222,0.19274701165936187,0.72491255402565,0
ISIC_0060319,MEL,MEL,4,4,0.9717769622802734,0.06278556329031529,0.9438848178833723,1
ISIC_0060325,NV,BKL,5,2,0.5279643535614014,0.33525028143974656,0.056545257568359375,0
ISIC_0060331,SCC,BCC,6,1,0.8555700182914734,0.2335730345801217,0.7356381118297577,0
ISIC_0060353,SCC,BKL,6,2,0.9914985299110411,0.02472476652560977,0.9834871906787156,0
ISIC_0060376,MEL,MEL,4,4,0.9999085664749146,0.0004962181936882754,0.9998584159729944,1
ISIC_0060403,MEL,NV,4,5,0.9900093674659728,0.028498956935280692,0.9809449641034007,0
ISIC_0060480,AK,BKL,0,2,0.9886285066604614,0.03148998119146913,0.9781896257773042,0
ISIC_0060629,MEL,MEL,4,4,0.9831666350364684,0.041978427122220933,0.9666421841830015,1
ISIC_0060668,NV,MEL,5,4,0.9849200248718262,0.037649482348634404,0.9698475087061524,0
ISIC_0060684,BCC,BCC,1,1,0.9999724626541138,0.00016726268990009376,0.9999546146918874,1
ISIC_0060703,MEL,MEL,4,4,0.9987332224845886,0.005417540155103812,0.9981114021502435,1
ISIC_0060817,MEL,MEL,4,4,0.9973408579826356,0.00991393748551242,0.9954023307655008,1
ISIC_0060835,NV,NV,5,5,0.999997854232788,1.4929694226642915e-05,0.9999964174830892,1
ISIC_0060842,BCC,BCC,1,1,0.9999827146530152,0.00011103780630999074,0.9999770820077175,1
ISIC_0060875,BKL,BKL,2,2,0.9938242435455322,0.018234400271862853,0.9877032982185483,1
ISIC_0060927,BCC,AK,1,0,0.9970460534095764,0.010495059327797616,0.9945332512725145,0
ISIC_0060947,BCC,AK,1,0,0.5752080082893372,0.34462604674508784,0.15601751208305364,0
ISIC_0060992,NV,NV,5,5,1.0,2.369696031093093e-10,0.9999999999869534,1
ISIC_0061044,AK,SCC,0,6,0.9999359846115112,0.0003707831405893986,0.9999033023232187,0
ISIC_0061114,BKL,BKL,2,2,0.9887162446975708,0.02995180178960051,0.9774940684437752,1
ISIC_0061163,MEL,MEL,4,4,0.9126306772232056,0.16853649572665289,0.8408681452274323,1
ISIC_0061169,NV,NV,5,5,0.7511063814163208,0.3481374085565987,0.5691842734813691,1
ISIC_0061180,NV,NV,5,5,0.9999920129776,5.12852935317445e-05,0.9999860279708627,1
ISIC_0061183,MEL,MEL,4,4,0.9989437460899352,0.004003696230507321,0.9978911813814192,1
ISIC_0061234,BCC,VASC,1,7,0.9862200021743774,0.041855827115752454,0.9780623400583863,0
ISIC_0061244,MEL,NV,4,5,0.9787840247154236,0.04971223734645249,0.9576607905328274,0
ISIC_0061266,NV,NV,5,5,0.999832034111023,0.0008372951225695583,0.9996965838654432,1
ISIC_0061294,AK,AK,0,0,0.8749865293502808,0.23503062703273037,0.7939174026250839,1
ISIC_0061322,SCC,MEL,6,4,0.6468564867973328,0.43194499098610245,0.3724247217178345,0
ISIC_0061352,NV,BCC,5,1,0.9949116110801696,0.015519105668378832,0.9898711494170128,0
ISIC_0061395,NV,MEL,5,4,0.9651874303817748,0.07316921228044967,0.930507868528366,0
ISIC_0061402,BCC,BCC,1,1,0.9988314509391784,0.00440659420649612,0.9976800711592658,1
ISIC_0061429,NV,NV,5,5,0.9755188822746276,0.05707847634990758,0.9517095200717449,1
ISIC_0061497,BCC,AK,1,0,0.7632750272750854,0.3958668075460517,0.6284173429012299,0
ISIC_0061574,NV,NV,5,5,0.987905740737915,0.03161066247818108,0.9758524550125003,1
ISIC_0061595,MEL,MEL,4,4,0.9977213740348816,0.007778665330795261,0.99544748920016,1
ISIC_0061636,MEL,MEL,4,4,0.9999231100082396,0.0004433284266236111,0.9998974702393751,1
ISIC_0061646,BKL,MEL,2,4,0.996550679206848,0.01246405256985097,0.994097305694595,0
ISIC_0061651,NV,NV,5,5,0.94795423746109,0.10863447827988272,0.9030075073242186,1
ISIC_0061679,BKL,BKL,2,2,0.9707988500595092,0.06719542381256109,0.9433667715638876,1
ISIC_0061705,MEL,NV,4,5,1.0,1.1834884348308642e-07,0.9999999867291418,0
ISIC_0061710,MEL,MEL,4,4,0.9611294269561768,0.08098938259744999,0.9230530671775341,1
ISIC_0061716,NV,NV,5,5,0.9999910593032836,5.908149208722567e-05,0.999985615881087,1
ISIC_0061756,MEL,MEL,4,4,0.9987579584121704,0.004693284037635156,0.9975537657737732,1
ISIC_0061761,MEL,MEL,4,4,0.9566425085067748,0.09089927390510179,0.9155842401087284,1
ISIC_0061807,NV,NV,5,5,0.9999632835388184,0.00019820560647287798,0.9999265189071593,1
ISIC_0061830,SCC,BKL,6,2,0.7028056979179382,0.30848178569509765,0.41097488999366766,0
ISIC_0061847,NV,NV,5,5,0.9535886645317078,0.09046182221712004,0.9072120673954488,1
ISIC_0061909,BCC,BCC,1,1,0.998678982257843,0.0052947416078331574,0.997776273812633,1
ISIC_0061913,NV,MEL,5,4,0.5798705220222473,0.5500077556176296,0.375120609998703,0
ISIC_0061959,DF,BCC,3,1,0.7796405553817749,0.31504901517647693,0.5940976589918137,0
ISIC_0061996,NV,NV,5,5,0.9989946484565736,0.003979929840302416,0.9980611691134983,1
ISIC_0061997,MEL,MEL,4,4,0.9997552037239076,0.0012684541798167839,0.999643739545718,1
ISIC_0062036,AK,AK,0,0,0.9987381100654602,0.005194665476195072,0.9979129189159722,1
ISIC_0062049,NV,NV,5,5,0.9323490262031556,0.14154721926681188,0.8943147249519826,1
ISIC_0062063,MEL,MEL,4,4,0.9997959733009338,0.0009842498682974294,0.9996179337467767,1
ISIC_0062087,MEL,MEL,4,4,0.8896561861038208,0.1879367436881859,0.7898395359516144,1
ISIC_0062098,MEL,BKL,4,2,0.7138786315917969,0.39455269745409216,0.5221156924962997,0
ISIC_0062120,NV,BCC,5,1,0.7892318964004517,0.2505252391940134,0.5792877525091171,0
ISIC_0062128,NV,NV,5,5,0.9977214932441713,0.00778059298919009,0.9954476081766189,1
ISIC_0062137,NV,NV,5,5,0.9973324537277222,0.009470138679015676,0.9950100933201612,1
ISIC_0062142,NV,NV,5,5,0.9679789543151855,0.06923946012737468,0.9363733232021333,1
ISIC_0062197,NV,NV,5,5,0.9996188879013062,0.001664356344808964,0.9992516720958521,1
ISIC_0062221,NV,NV,5,5,0.8433207273483276,0.20911086363829945,0.6867115199565887,1
ISIC_0062236,BCC,BCC,1,1,0.7338472008705139,0.28329994163066846,0.4691015183925629,1
ISIC_0062240,BCC,BCC,1,1,0.999211311340332,0.0033472701254459152,0.9986388885881752,1
ISIC_0062331,NV,DF,5,3,0.8464604020118713,0.20993501092597552,0.6941044330596924,0
ISIC_0062404,NV,NV,5,5,0.9580841064453124,0.08562953790820588,0.9168030247092246,1
ISIC_0062430,NV,MEL,5,4,0.8834103941917419,0.1753156982994941,0.7675321698188783,0
ISIC_0062451,BCC,BCC,1,1,0.9998973608016968,0.0005492287925532732,0.9998312626776169,1
ISIC_0062548,NV,NV,5,5,0.9991135001182556,0.0034227173307176347,0.9982270011678338,1
ISIC_0062559,MEL,MEL,4,4,0.8754780888557434,0.1821370542964155,0.7513088881969452,1
ISIC_0062561,BKL,MEL,2,4,0.9998633861541748,0.0007266025783638214,0.9997794856317341,0
ISIC_0062615,BCC,BCC,1,1,0.996862530708313,0.011437738334619797,0.9949173496570439,1
ISIC_0062677,NV,NV,5,5,0.9999991655349731,6.806898574775278e-06,0.9999986017949709,1
ISIC_0062679,NV,NV,5,5,0.999641180038452,0.0015620548465569222,0.9992890573048497,1
ISIC_0062682,BCC,BCC,1,1,0.5100595951080322,0.34422448542069567,0.0233573317527771,1
ISIC_0062688,MEL,BCC,4,1,0.9978277087211608,0.008224754060757664,0.9961244661826639,0
ISIC_0062715,NV,NV,5,5,0.9658326506614684,0.0719148197887212,0.931734587997198,1
ISIC_0062750,NV,MEL,5,4,0.9462311863899232,0.1014228483108407,0.8926395401358607,0
ISIC_0062843,BCC,BCC,1,1,0.9999351501464844,0.0003460744187014988,0.9998769161611563,1
ISIC_0062892,NV,NV,5,5,0.997771143913269,0.0076541705463944116,0.9955541572999209,1
ISIC_0062983,MEL,MEL,4,4,0.9843767881393432,0.038781003972981246,0.9687735671177505,1
ISIC_0063001,BKL,BKL,2,2,0.9972912669181824,0.009169109448159631,0.9946546517312527,1
ISIC_0063040,NV,NV,5,5,0.9864087104797364,0.034903288980798884,0.9729037750512364,1
ISIC_0063097,BCC,BCC,1,1,0.9998929500579834,0.0005705096564111953,0.9998364618732012,1
ISIC_0063109,MEL,MEL,4,4,0.9893306493759156,0.031825032515630604,0.9818723057396711,1
ISIC_0063212,NV,NV,5,5,0.9998714923858644,0.0006305203589371116,0.9997506032013918,1
ISIC_0063269,BCC,BCC,1,1,0.4146393537521362,0.5180315389547491,0.07223141193389887,1
ISIC_0063373,MEL,MEL,4,4,0.9547973275184632,0.0889936411103031,0.909702628850937,1
ISIC_0063377,NV,NV,5,5,0.7592251896858215,0.2654442896033937,0.5184506475925447,1
ISIC_0063492,MEL,MEL,4,4,0.6812228560447693,0.41913905929026335,0.45393137633800507,1
ISIC_0063495,NV,NV,5,5,0.9444734454154968,0.11483306860985235,0.8950013518333435,1
ISIC_0063518,NV,NV,5,5,0.9982761144638062,0.006234531324386942,0.9966050650691615,1
ISIC_0063542,BKL,MEL,2,4,0.8710901737213135,0.1880244937096246,0.7431226223707199,0
ISIC_0063603,NV,NV,5,5,0.7706802487373352,0.2613590755309846,0.5419759601354599,1
ISIC_0063607,NV,NV,5,5,0.9996166229248048,0.001640659249958332,0.9992351524997504,1
ISIC_0063680,MEL,BKL,4,2,0.9882287979125975,0.031642119187650634,0.9767909273505211,0
ISIC_0063802,BCC,BCC,1,1,0.8179651498794556,0.2290580101870387,0.6361639946699142,1
ISIC_0063834,NV,BCC,5,1,0.9004026055335999,0.1648719267549292,0.8047565445303917,0
ISIC_0063897,MEL,MEL,4,4,0.9993990659713744,0.002557626181895216,0.9988530204282142,1
ISIC_0063946,MEL,MEL,4,4,0.9039834141731262,0.15336394676352263,0.8083313554525376,1
ISIC_0063948,NV,NV,5,5,0.9999310970306396,0.00035622355813149335,0.9998645920059062,1
ISIC_0064028,NV,NV,5,5,0.998969554901123,0.00435086166746302,0.9982031197287142,1
ISIC_0064080,MEL,MEL,4,4,0.9580302834510804,0.08503171536286357,0.9165089428424836,1
ISIC_0064090,SCC,SCC,6,6,0.999824583530426,0.0009145329280813933,0.9997184886160541,1
ISIC_0064128,BCC,BCC,1,1,0.999974012374878,0.00016149489193779563,0.9999630058036929,1
ISIC_0064179,BCC,BCC,1,1,0.99964702129364,0.0016038982280513437,0.9993326092371716,1
ISIC_0064219,NV,MEL,5,4,0.6275104284286499,0.32019132428180913,0.2557227909564972,0
ISIC_0064267,SCC,BCC,6,1,0.9997091889381408,0.0014695831929130605,0.9996060558260068,0
ISIC_0064322,AK,SCC,0,6,0.9998144507408142,0.000954201853785135,0.9996880953985965,0
ISIC_0064339,MEL,MEL,4,4,0.9843767881393432,0.038781003972981246,0.9687735671177505,1
ISIC_0064349,MEL,MEL,4,4,0.9996469020843506,0.001745235644695122,0.9994719908718253,1
ISIC_0064378,BKL,BKL,2,2,0.9999643564224244,0.00021026325363620435,0.9999394072146971,1
ISIC_0064386,SCC,BKL,6,2,0.7708380222320557,0.30161083669113725,0.5605137944221497,0
ISIC_0064398,BKL,BKL,2,2,0.9974318146705629,0.008646783949212606,0.9948759593535217,1
ISIC_0064413,DF,NV,3,5,0.4914767146110534,0.4571452574556288,0.05005854368209833,0
ISIC_0064414,NV,MEL,5,4,0.9925650358200072,0.021304683086845598,0.9852055087685584,0
ISIC_0064502,DF,AK,3,0,0.9769033789634703,0.056685610491069925,0.9554468616843222,0
ISIC_0064561,NV,NV,5,5,0.999997615814209,1.6415836520435875e-05,0.9999951837257868,1
ISIC_0064648,NV,BKL,5,2,0.5837540030479431,0.3293712940333119,0.16819030046463013,0
ISIC_0064676,MEL,MEL,4,4,0.9568780064582824,0.08635139855696826,0.9140065088868141,1
ISIC_0064688,NV,AK,5,0,0.9645609259605408,0.08120133519729258,0.9328198842704297,0
ISIC_0064694,MEL,MEL,4,4,0.9971113204956056,0.009647322631650987,0.9942665358539673,1
ISIC_0064754,BCC,AK,1,0,0.9995514750480652,0.002045958769020654,0.9991967956593726,0
ISIC_0064800,MEL,BCC,4,1,0.9943453073501588,0.018556216353449596,0.9902095822617413,0
ISIC_0064821,MEL,MEL,4,4,0.999667763710022,0.0016109681922592267,0.9994757042295532,1
ISIC_0064832,BCC,BCC,1,1,0.9579709768295288,0.09483872397544825,0.9213307909667492,1
ISIC_0064930,DF,NV,3,5,0.7201414704322815,0.3226508027133275,0.459323525428772,0
ISIC_0064943,MEL,BCC,4,1,0.5410258769989014,0.4846975957836488,0.283458948135376,0
ISIC_0064986,MEL,MEL,4,4,0.9995532631874084,0.0020089166894525132,0.9991733967908658,1
ISIC_0065077,BCC,BCC,1,1,0.993665874004364,0.020797288494185516,0.9900926393456757,1
ISIC_0065203,AK,BKL,0,2,0.9664245843887328,0.08562604257451549,0.9420170374214649,0
ISIC_0065204,NV,NV,5,5,0.976709246635437,0.053690264600227564,0.9535590913146735,1
ISIC_0065211,BKL,BKL,2,2,0.8135296106338501,0.2336104797650167,0.6277019083499908,1
ISIC_0065227,BCC,NV,1,5,0.4194726049900055,0.5836588168058751,0.022711604833602905,0
ISIC_0065261,NV,NV,5,5,0.8820093870162964,0.1745976451444036,0.7640330493450165,1
ISIC_0065293,BCC,BCC,1,1,0.996600329875946,0.011649385496179023,0.9935319591313602,1
ISIC_0065300,BKL,BKL,2,2,0.9997627139091492,0.0011757825557887783,0.9996313118754188,1
ISIC_0065313,MEL,NV,4,5,0.8503454923629761,0.24526163614496013,0.7379296123981477,0
ISIC_0065325,NV,NV,5,5,0.999995231628418,3.1058618433253257e-05,0.9999904558703747,1
ISIC_0065343,SCC,SCC,6,6,0.8443638682365417,0.25659568268148086,0.7227217182517053,1
ISIC_0065358,NV,NV,5,5,0.999362289905548,0.002592496566210023,0.9987347384449093,1
ISIC_0065380,NV,NV,5,5,0.9991152882575988,0.003423386442280693,0.9982322438154368,1
ISIC_0065417,MEL,NV,4,5,0.9930837154388428,0.019952809573669943,0.9861934348009527,0
ISIC_0065422,BCC,BCC,1,1,0.9931898713111876,0.02014269423883079,0.9866144163534044,1
ISIC_0065491,SCC,NV,6,5,0.9775108695030212,0.06012202901657487,0.9658720586448908,0
ISIC_0065518,MEL,MEL,4,4,0.9983962178230286,0.005795609813055403,0.9968108162283897,1
ISIC_0065521,MEL,AK,4,0,0.9074756503105164,0.15674279622046183,0.8183226287364961,0
ISIC_0065550,MEL,MEL,4,4,0.9998492002487184,0.0007905696748877706,0.9997571448038799,1
ISIC_0065552,AK,MEL,0,4,0.9847190380096436,0.03932187628739424,0.9699699021875858,0
ISIC_0065598,MEL,MEL,4,4,0.9679155945777892,0.06866813763503499,0.935939498245716,1
ISIC_0065629,BKL,BKL,2,2,0.999556601047516,0.002057331591901075,0.9993327903066531,1
ISIC_0065689,NV,NV,5,5,0.598311722278595,0.32398237366039684,0.19662421941757208,1
ISIC_0065713,NV,NV,5,5,0.8005452156066895,0.2557259682454049,0.6077815443277359,1
ISIC_0065724,AK,AK,0,0,0.9490581154823304,0.1000926102085878,0.8992486819624902,1
ISIC_0065728,MEL,MEL,4,4,0.999925971031189,0.00039995239365394394,0.9998678795782325,1
ISIC_0065742,MEL,AK,4,0,0.6943377256393433,0.38267959906181487,0.45012572407722473,0
ISIC_0065813,MEL,MEL,4,4,0.9993255138397216,0.003156907842259583,0.9990510991192423,1
ISIC_0065826,BCC,AK,1,0,0.9990442395210266,0.0036667434131275297,0.99809137172997,0
ISIC_0065845,NV,NV,5,5,0.9999749660491944,0.00014971694265749857,0.9999557148112218,1
ISIC_0065874,BCC,BCC,1,1,0.9959261417388916,0.013006193055328822,0.991965803783387,1
ISIC_0065883,MEL,MEL,4,4,0.9999154806137084,0.00045868764169162865,0.9998515399638562,1
ISIC_0065893,BCC,BCC,1,1,0.9988872408866882,0.0048502416761653485,0.998299571336247,1
ISIC_0065918,MEL,NV,4,5,0.5416921377182007,0.35717602699009215,0.0943643748760224,0
ISIC_0065944,MEL,MEL,4,4,0.8831669092178345,0.1773975246456617,0.7677722573280334,1
ISIC_0065966,BKL,BCC,2,1,0.9732383489608764,0.06982021618980974,0.9584316145628691,0
ISIC_0066002,DF,DF,3,3,0.999731719493866,0.0013928689824520728,0.9996353517126408,1
ISIC_0066040,BCC,BCC,1,1,0.9999420642852784,0.00033239767856365823,0.999908606758254,1
ISIC_0066042,NV,MEL,5,4,0.6859492659568787,0.2992665449904232,0.37189880013465887,0
ISIC_0066064,NV,NV,5,5,0.9975025057792664,0.008452881119883633,0.9950202668551357,1
ISIC_0066072,BKL,MEL,2,4,0.9383025765419006,0.11161575543701892,0.8766560964286327,0
ISIC_0066087,NV,NV,5,5,0.9993013143539428,0.0028228051568933935,0.9986188235343434,1
ISIC_0066121,BCC,BCC,1,1,0.9989676475524902,0.004115011090465898,0.9980341934715399,1
ISIC_0066213,MEL,MEL,4,4,0.9172180891036988,0.15692184744031523,0.8466278314590455,1
ISIC_0066224,BCC,BCC,1,1,0.999948024749756,0.00029787223578913515,0.9999159820363276,1
ISIC_0066255,NV,NV,5,5,0.9994882345199584,0.0021162799812350737,0.9989779744064435,1
ISIC_0066256,BKL,MEL,2,4,0.9994712471961976,0.0022769351385162596,0.9989923782704865,0
ISIC_0066279,NV,MEL,5,4,0.998090922832489,0.006819562378574226,0.996237967396155,0
ISIC_0066310,BCC,BCC,1,1,0.986743688583374,0.03562233819524545,0.9742249958217144,1
ISIC_0066315,AK,BKL,0,2,0.9625023007392884,0.09220134315283432,0.941279346123338,0
ISIC_0066364,NV,MEL,5,4,0.9516319632530212,0.10710543513946894,0.9117348752915859,0
ISIC_0066379,MEL,NV,4,5,0.999895453453064,0.0005117252209143389,0.9997909322119085,0
ISIC_0066413,DF,DF,3,3,0.9546127319335938,0.10656689463462005,0.9231683686375618,1
ISIC_0066421,MEL,MEL,4,4,0.9984484910964966,0.006284590697389081,0.9973772689700127,1
ISIC_0066424,NV,NV,5,5,0.9997954964637756,0.0009509317234699169,0.9995973633922405,1
ISIC_0066491,SCC,SCC,6,6,0.999897837638855,0.00053209387220541,0.9998127792350715,1
ISIC_0066508,NV,NV,5,5,0.9426681995391846,0.10581075293124768,0.885389257222414,1
ISIC_0066604,NV,NV,5,5,0.9999009370803832,0.0005295354206549929,0.9998328403598861,1
ISIC_0066639,BCC,BCC,1,1,0.959312915802002,0.08234719657159685,0.9187783598899841,1
ISIC_0066656,SCC,BKL,6,2,0.9376713633537292,0.13931110266191468,0.9033159762620926,0
ISIC_0066661,NV,NV,5,5,0.8050162196159363,0.23728830793350186,0.6100368648767471,1
ISIC_0066672,NV,NV,5,5,0.6808775663375854,0.3011521725921271,0.36175665259361267,1
ISIC_0066698,BCC,AK,1,0,0.8406326770782471,0.26005658037040635,0.7333399280905724,0
ISIC_0066733,MEL,NV,4,5,0.9395838379859924,0.11286388843109438,0.8804494850337505,0
ISIC_0066801,SCC,MEL,6,4,0.8826490044593811,0.2400541952645638,0.8272604532539845,0
ISIC_0066823,BCC,BCC,1,1,0.996264398097992,0.014062367222419369,0.9943617046810689,1
ISIC_0067000,BCC,BCC,1,1,0.99590802192688,0.013587511252277834,0.9922238511499019,1
ISIC_0067020,BCC,BKL,1,2,0.9960502982139589,0.013795940355967488,0.9930370564106854,0
ISIC_0067039,BKL,MEL,2,4,0.9998878240585328,0.0005932545020243642,0.9998115324124229,0
ISIC_0067068,NV,BCC,5,1,0.6924170851707458,0.30439405017078225,0.38754996657371527,0
ISIC_0067078,AK,AK,0,0,0.9968973398208618,0.011088311028927189,0.9948447528295219,1
ISIC_0067079,BCC,BCC,1,1,0.9989631175994872,0.0045055507008078,0.9983044267282821,1
ISIC_0067080,BCC,BCC,1,1,0.930177628993988,0.12429658460019863,0.8611978739500046,1
ISIC_0067100,AK,AK,0,0,0.9997366070747375,0.0011981014538272469,0.9994856685225386,1
ISIC_0067117,BKL,BKL,2,2,0.9996464252471924,0.001551803851194688,0.9993041330599227,1
ISIC_0067126,MEL,MEL,4,4,0.9976196885108948,0.008983410737628445,0.9962230292148889,1
ISIC_0067155,NV,NV,5,5,0.9983530044555664,0.006305298624061007,0.9969081319868565,1
ISIC_0067218,AK,BKL,0,2,0.9813443422317504,0.05151336656798439,0.968759687617421,0
ISIC_0067226,NV,NV,5,5,0.942717671394348,0.1063105632792954,0.8856590390205382,1
ISIC_0067266,AK,AK,0,0,0.9995680451393129,0.002088736367559514,0.999405539405416,1
ISIC_0067284,MEL,AK,4,0,0.8954249024391174,0.1640380899025707,0.7917719483375549,0
ISIC_0067297,AK,AK,0,0,0.9403968453407288,0.12065074003537744,0.8891760408878326,1
ISIC_0067337,BCC,BCC,1,1,0.9487643241882324,0.10961972330254365,0.9037791825830938,1
ISIC_0067492,BCC,BCC,1,1,0.9978299736976624,0.00806220914724608,0.99598111724481,1
ISIC_0067512,MEL,BCC,4,1,0.7018847465515137,0.42350743019162407,0.510374516248703,0
ISIC_0067526,NV,NV,5,5,0.9879217743873596,0.0338910398800154,0.9771381868049503,1
ISIC_0067609,NV,NV,5,5,0.9990302324295044,0.0037019606841982283,0.9980604805168696,1
ISIC_0067613,NV,NV,5,5,0.9976305961608888,0.008535899067455147,0.9956358049530538,1
ISIC_0067645,NV,NV,5,5,0.9999995231628418,3.8107505458217546e-06,0.9999990088680306,1
ISIC_0067649,NV,NV,5,5,0.9916917085647584,0.023210396248937438,0.9834082880988719,1
ISIC_0067694,MEL,MEL,4,4,0.9967396855354308,0.011670739941591885,0.9941529722418635,1
ISIC_0067703,NV,NV,5,5,0.9954257607460022,0.014048080940211045,0.9908518982119859,1
ISIC_0067770,BCC,BCC,1,1,0.9996054768562316,0.001752014164694178,0.9992432522994931,1
ISIC_0067771,NV,NV,5,5,0.9780933856964112,0.050829800485520035,0.9562297686934472,1
ISIC_0067784,BCC,BCC,1,1,0.8833787441253662,0.17430085962851533,0.767051137983799,1
ISIC_0067794,NV,NV,5,5,0.997606873512268,0.008151170559842042,0.9952287855558096,1
ISIC_0067797,NV,NV,5,5,0.8927421569824219,0.17420757722634042,0.7898026481270791,1
ISIC_0067812,BCC,BCC,1,1,0.9996366500854492,0.0017113178674134201,0.9993657450831961,1
ISIC_0067821,MEL,MEL,4,4,0.9979448914527892,0.008529873946716456,0.9971740847104228,1
ISIC_0067896,MEL,MEL,4,4,0.9891336560249328,0.029073333174967426,0.9783368408679961,1
ISIC_0067937,NV,MEL,5,4,0.9868994951248168,0.03424464224040953,0.9740317417308688,0
ISIC_0067965,NV,NV,5,5,0.9966591596603394,0.0120913398729956,0.9945604496169835,1
ISIC_0068086,AK,BKL,0,2,0.9987984895706176,0.004727365959255096,0.9977295049466192,0
ISIC_0068098,NV,NV,5,5,0.9999539852142334,0.0002561433706795763,0.9999165301196626,1
ISIC_0068115,MEL,MEL,4,4,0.9991094470024108,0.0035661909338387805,0.9982750334893353,1
ISIC_0068119,MEL,MEL,4,4,0.9370954632759094,0.14038205772580703,0.8970329351723194,1
ISIC_0068138,BCC,BCC,1,1,0.8331056833267212,0.29285429564459514,0.7242520302534103,1
ISIC_0068181,BKL,BKL,2,2,0.9998859167099,0.0005978081592565299,0.9998152292901069,1
ISIC_0068228,NV,BCC,5,1,0.9673629999160768,0.06969079559137159,0.9349018931388857,0
ISIC_0068251,NV,MEL,5,4,0.8773962259292603,0.17931198518069594,0.7548842653632164,0
ISIC_0068293,NV,MEL,5,4,0.9538098573684692,0.09064761478179809,0.9077834971249105,0
ISIC_0068302,BCC,BCC,1,1,0.9992632269859314,0.0032825781704459074,0.998751834849827,1
ISIC_0068309,MEL,MEL,4,4,0.99698406457901,0.011494464147165687,0.9951254660263658,1
ISIC_0068310,MEL,BCC,4,1,0.9515172839164734,0.10693696242254763,0.9156181141734124,0
ISIC_0068343,MEL,MEL,4,4,0.8412894606590271,0.2104970055171281,0.6825971752405167,1
ISIC_0068379,NV,MEL,5,4,0.9836355447769164,0.04027791686010635,0.9672958217561244,0
ISIC_0068399,BCC,BCC,1,1,0.999186098575592,0.0033041585357229766,0.9984351501916535,1
ISIC_0068484,VASC,VASC,7,7,0.9999955892562866,2.9158737073031032e-05,0.9999919631391094,1
ISIC_0068489,BCC,BCC,1,1,0.8553709983825684,0.20626297602147628,0.7132592946290971,1
ISIC_0068511,NV,NV,5,5,0.9999544620513916,0.00026023310530143637,0.9999254358353937,1
ISIC_0068538,NV,NV,5,5,0.9640771746635436,0.07930897615486966,0.9308944083750247,1
ISIC_0068586,MEL,MEL,4,4,0.9987550973892212,0.00462998014894838,0.9975175268482417,1
ISIC_0068721,MEL,NV,4,5,0.6750366687774658,0.3568504640466812,0.3847070038318634,0
ISIC_0068793,BCC,BCC,1,1,0.9999377727508544,0.0003519679337246995,0.9998958794458302,1
ISIC_0068855,NV,NV,5,5,0.9810216426849364,0.049945265913369445,0.9645814783871173,1
ISIC_0068862,BCC,BCC,1,1,0.9974583983421326,0.009447117102246496,0.99558112595696,1
ISIC_0068869,BCC,BCC,1,1,0.9880829453468324,0.03603344225332373,0.980060124769807,1
ISIC_0068982,NV,NV,5,5,0.9999903440475464,6.153221639234277e-05,0.9999829255439181,1
ISIC_0069003,MEL,MEL,4,4,0.958833396434784,0.09638248791207857,0.9318450577557088,1
ISIC_0069043,AK,BKL,0,2,0.9931572079658508,0.021977160271966615,0.9883183911442758,0
ISIC_0069068,MEL,MEL,4,4,0.727082371711731,0.33039679113258635,0.47922141849994665,1
ISIC_0069127,NV,NV,5,5,0.999492049217224,0.0022895738454215267,0.9991776858805678,1
ISIC_0069160,NV,DF,5,3,0.5057164430618286,0.33452615243426237,0.011714905500411987,0
ISIC_0069184,BCC,BKL,1,2,0.7820917367935181,0.29618309236039725,0.5870331078767776,0
ISIC_0069198,BKL,BKL,2,2,0.8920837640762329,0.1650262820236325,0.7842836380004883,1
ISIC_0069213,NV,NV,5,5,0.967452347278595,0.07379653510801445,0.9377197399735452,1
ISIC_0069282,AK,BCC,0,1,0.9256479740142822,0.15773083977758443,0.8759151101112366,0
ISIC_0069334,NV,NV,5,5,0.9763104915618896,0.05389460169052509,0.9526210203766824,1
ISIC_0069363,NV,NV,5,5,0.99497652053833,0.015831406817821615,0.9903145520947872,1
ISIC_0069365,MEL,NV,4,5,0.5585933923721313,0.4739082223126764,0.29162225127220154,0
ISIC_0069570,NV,NV,5,5,0.9672974944114684,0.0702295886954451,0.9349019192159175,1
ISIC_0069610,NV,BCC,5,1,0.7690116763114929,0.32694434421148094,0.6000822186470032,0
ISIC_0069617,MEL,NV,4,5,0.900776982307434,0.15896683289014826,0.8028220310807228,0
ISIC_0069642,BKL,BKL,2,2,0.9999555349349976,0.00025486488626042127,0.9999240887191263,1
ISIC_0069663,BKL,AK,2,0,0.9949041604995728,0.017719117215547257,0.9918648498132826,0
ISIC_0069678,NV,MEL,5,4,0.7901085615158081,0.24911371612159322,0.5807506144046783,0
ISIC_0069687,NV,BCC,5,1,0.9334786534309388,0.11973885877145929,0.8676816448569299,0
ISIC_0069700,NV,NV,5,5,0.9996961355209352,0.001377611347145597,0.9994116575398949,1
ISIC_0069719,AK,AK,0,0,0.981917917728424,0.04948301010260649,0.9671819843351841,1
ISIC_0069724,BCC,AK,1,0,0.7986781597137451,0.24708275851435524,0.5990933328866959,0
ISIC_0069763,BKL,BKL,2,2,0.9568249583244324,0.09302067242186665,0.9179443567991257,1
ISIC_0069793,NV,NV,5,5,0.9966756105422974,0.011607789212404464,0.9938734185416251,1
ISIC_0069816,NV,NV,5,5,0.5273112654685974,0.3326791850689246,0.05463254451751709,1
ISIC_0069839,NV,NV,5,5,0.9432747960090636,0.10824440306752606,0.8878308087587357,1
ISIC_0069843,BCC,BCC,1,1,0.9998841285705566,0.0006291109303741847,0.9998142648182693,1
ISIC_0069856,BCC,BCC,1,1,0.9982592463493348,0.006295819894087217,0.9965685277711601,1
ISIC_0069906,AK,BKL,0,2,0.9986512064933776,0.005484833270530898,0.9977516032522544,0
ISIC_0069921,NV,NV,5,5,0.9998798370361328,0.0006172523330752552,0.9997935250430601,1
ISIC_0069949,SCC,BCC,6,1,0.9977765679359436,0.007930211224801594,0.9957221704535187,0
ISIC_0069956,BCC,NV,1,5,0.5155974626541138,0.6239262830877733,0.2635780572891236,0
ISIC_0070012,MEL,MEL,4,4,0.9999945163726808,3.653084170159622e-05,0.9999896082294982,1
ISIC_0070035,SCC,BKL,6,2,0.7282395958900452,0.3012385152607364,0.46345639228820806,0
ISIC_0070042,NV,NV,5,5,0.9999111890792848,0.0004799235795778249,0.9998467314799201,1
ISIC_0070096,BCC,BCC,1,1,0.9721412658691406,0.08157622679742126,0.9625312881544233,1
ISIC_0070104,NV,NV,5,5,0.9984394907951356,0.005830022109723578,0.9969930814113469,1
ISIC_0070131,BCC,BCC,1,1,0.999321460723877,0.0030051200474219,0.9988431308884175,1
ISIC_0070165,BCC,BCC,1,1,0.999990701675415,6.1534432890695e-05,0.9999847523690732,1
ISIC_0070170,MEL,MEL,4,4,0.999987244606018,8.277373133364904e-05,0.9999796871920806,1
ISIC_0070187,BKL,BKL,2,2,0.6268318891525269,0.3190753800760773,0.25399267673492437,1
ISIC_0070198,MEL,MEL,4,4,0.9899930357933044,0.02751310784771879,0.9801730792969465,1
ISIC_0070245,BKL,BKL,2,2,0.9998196959495544,0.0009517058042818576,0.9997306929435581,1
ISIC_0070252,NV,NV,5,5,0.9945580959320068,0.01797866449701152,0.9908789191395044,1
ISIC_0070266,BCC,BCC,1,1,0.999902844429016,0.0005452560742805417,0.9998681402976216,1
ISIC_0070285,MEL,MEL,4,4,0.9878031611442566,0.031789286292658744,0.9756328547373415,1
ISIC_0070312,BCC,BCC,1,1,0.9627706408500672,0.0994365084062678,0.9497524397447706,1
ISIC_0070315,BCC,BCC,1,1,0.9998779296875,0.0006570143276500545,0.9998123111872701,1
ISIC_0070322,NV,BCC,5,1,0.988579034805298,0.0314253310762292,0.9777671769261361,0
ISIC_0070376,BCC,BCC,1,1,0.9969124794006348,0.01041244612176914,0.9939607318956406,1
ISIC_0070438,NV,NV,5,5,0.9999417066574096,0.0003431640444242263,0.9999222196274785,1
ISIC_0070467,BKL,MEL,2,4,0.957747519016266,0.08629881312843381,0.9162384346127512,0
ISIC_0070472,BCC,BCC,1,1,0.9991006851196288,0.0035197630574957902,0.9982210962334647,1
ISIC_0070487,BCC,BCC,1,1,0.9108293652534484,0.15838464904110575,0.8296722620725631,1
ISIC_0070492,BCC,BCC,1,1,0.9998682737350464,0.0007096022270216857,0.9997978115570731,1
ISIC_0070597,NV,NV,5,5,0.604856014251709,0.3227704239412381,0.2097282111644745,1
ISIC_0070620,BCC,BCC,1,1,0.997657060623169,0.009265940312843422,0.9966327068395914,1
ISIC_0070680,DF,NV,3,5,0.4802102744579315,0.4548270012653483,0.04211902618408203,0
ISIC_0070684,BCC,AK,1,0,0.9817306995391846,0.044852996980956204,0.9637847598642112,0
ISIC_0070691,AK,BCC,0,1,0.823863685131073,0.24128515096752934,0.6564856171607972,0
ISIC_0070751,BCC,BCC,1,1,0.99223655462265,0.02267174873299859,0.984850668348372,1
ISIC_0070752,MEL,NV,4,5,1.0,1.4983082216845516e-08,0.9999999993014619,0
ISIC_0070775,BKL,BKL,2,2,0.9998502731323242,0.0007633053118673924,0.9997305101496751,1
ISIC_0070884,NV,NV,5,5,0.9603861570358276,0.09173592539265274,0.9322223253548145,1
ISIC_0070893,NV,MEL,5,4,0.9980251789093018,0.0070287798853895895,0.9961097930790856,0
ISIC_0070903,NV,BCC,5,1,0.6401444673538208,0.3173289949555744,0.2810559868812561,0
ISIC_0070968,MEL,MEL,4,4,0.9798346161842346,0.04925396113281869,0.960354095324874,1
ISIC_0071003,BCC,BCC,1,1,0.9873945713043212,0.036122179832834826,0.9764683721587061,1
ISIC_0071044,VASC,VASC,7,7,0.9999842643737792,9.217396582341972e-05,0.99996905754233,1
ISIC_0071068,NV,BCC,5,1,0.981933057308197,0.04393640179263394,0.9640184417366983,0
ISIC_0071101,MEL,NV,4,5,0.9529233574867249,0.09129685040152181,0.9058493003249168,0
ISIC_0071121,NV,NV,5,5,0.5916584730148315,0.3257519606774953,0.18342640995979315,1
ISIC_0071138,MEL,AK,4,0,0.7946999669075012,0.24840318731102395,0.5906041413545609,0
ISIC_0071140,BKL,BKL,2,2,0.6085808873176575,0.3220279797288342,0.21718341112136846,1
ISIC_0071153,NV,NV,5,5,0.9925057291984558,0.021451042479746173,0.9850744237191976,1
ISIC_0071213,AK,BKL,0,2,0.9172905087471008,0.1521402621763141,0.8438824638724327,0
ISIC_0071292,NV,BCC,5,1,0.9999390840530396,0.0003227129531292068,0.9998816125334997,0
ISIC_0071314,MEL,NV,4,5,0.9237208962440492,0.1577252213199979,0.8850695416331293,0
ISIC_0071347,BCC,NV,1,5,0.6841220259666443,0.37580887279126496,0.4269820153713227,0
ISIC_0071384,BCC,BCC,1,1,0.8136435747146606,0.3083088834697463,0.7170354351401329,1
ISIC_0071385,BCC,NV,1,5,0.7577934265136719,0.34600575344293294,0.6128832697868347,0
ISIC_0071497,NV,NV,5,5,0.9996200799942015,0.0016374199606301618,0.9992459865461568,1
ISIC_0071516,NV,AK,5,0,0.5874847769737244,0.4461215475632618,0.24680992960929876,0
ISIC_0071586,MEL,MEL,4,4,0.9990542531013488,0.0037357882849577834,0.9981564813642761,1
ISIC_0071618,NV,MEL,5,4,0.5042851567268372,0.4400066640095605,0.08046308159828186,0
ISIC_0071651,MEL,BCC,4,1,0.9974159002304076,0.009919456533504635,0.9957000075373797,0
ISIC_0071726,MEL,MEL,4,4,0.9895646572113036,0.03278527968868021,0.9834460918791592,1
ISIC_0071787,VASC,VASC,7,7,0.9998735189437866,0.0006523805915667914,0.9998049737405381,1
ISIC_0071797,MEL,MEL,4,4,0.9999908208847046,6.0925449141397946e-05,0.9999862860418034,1
ISIC_0071841,NV,BCC,5,1,0.8416019082069397,0.21556486388653226,0.6850063353776932,0
ISIC_0071842,NV,NV,5,5,1.0,9.301398665684614e-11,0.9999999999999781,1
ISIC_0071946,AK,AK,0,0,0.999624252319336,0.0016846269644301643,0.9992944368568717,1
ISIC_0071953,AK,SCC,0,6,0.9923837780952454,0.02709890474401562,0.9898637253791095,0
ISIC_0071959,MEL,MEL,4,4,0.9999749660491944,0.0001548167052996925,0.9999609433016304,1
ISIC_0071990,NV,NV,5,5,0.999707281589508,0.001332230993662626,0.9994344990700482,1
ISIC_0072011,NV,NV,5,5,0.9806102514266968,0.047791040899146854,0.9620796199887992,1
ISIC_0072021,MEL,MEL,4,4,0.9922296404838562,0.022632015890394378,0.9847421343438328,1
ISIC_0072045,DF,BCC,3,1,0.992587149143219,0.02210050339300246,0.9856462995521725,0
ISIC_0072060,BCC,BCC,1,1,0.9232462644577026,0.15962049074545742,0.8686606176197529,1
ISIC_0072081,NV,NV,5,5,0.9686193466186525,0.06709115993239594,0.937238920480013,1
ISIC_0072087,MEL,MEL,4,4,0.999784529209137,0.0010362199944920505,0.9996000311803074,1
ISIC_0072100,NV,NV,5,5,0.977470874786377,0.05728945369514138,0.9579231459647417,1
ISIC_0072203,NV,NV,5,5,0.8919939398765564,0.16550191530700073,0.7842046692967415,1
ISIC_0072265,AK,BCC,0,1,0.9995498061180116,0.002040772442583348,0.9991883084585426,0
ISIC_0072271,MEL,NV,4,5,0.9995417594909668,0.0020337741606242968,0.9991424020554405,0
ISIC_0072294,MEL,NV,4,5,0.9672039151191713,0.06995623841239736,0.9345574192702771,0
ISIC_0072363,MEL,MEL,4,4,0.9999006986618042,0.000546279796135965,0.9998535639861075,1
ISIC_0072367,NV,NV,5,5,0.9996008276939392,0.0017440559781410079,0.9992245431349148,1
ISIC_0072453,BCC,BCC,1,1,0.9997691512107848,0.0011589828252947534,0.9996123785385861,1
ISIC_0072455,BCC,BCC,1,1,0.387522429227829,0.6316590277785253,0.11299610137939459,1
ISIC_0072461,BCC,NV,1,5,0.9961613416671752,0.013910963591119098,0.9938360380474478,0
ISIC_0072492,BCC,BCC,1,1,0.9959738850593568,0.013294396085954849,0.9922496781218799,1
ISIC_0072505,BCC,BKL,1,2,0.9569941759109496,0.09254806618264036,0.9176483042538165,0
ISIC_0072531,MEL,BCC,4,1,0.9872509241104126,0.03326583576807249,0.974652192555368,0
ISIC_0072553,NV,NV,5,5,0.9975810050964355,0.008344563690951254,0.9952214846853168,1
ISIC_0072579,NV,NV,5,5,0.968969225883484,0.06653429835454154,0.9379431921988727,1
ISIC_0072583,BCC,BCC,1,1,0.5116401314735413,0.39455829097776407,0.058352053165435847,1
ISIC_0072585,MEL,MEL,4,4,0.998802900314331,0.0046497380267132545,0.9976999775972217,1
ISIC_0072614,BKL,NV,2,5,0.7085211873054504,0.39879682433685804,0.5051296055316925,0
ISIC_0072627,NV,NV,5,5,0.6188717484474182,0.3238972666266563,0.23908236622810364,1
ISIC_0072641,MEL,MEL,4,4,0.9990643858909608,0.003788873164814684,0.9982509287656286,1
ISIC_0072687,NV,NV,5,5,0.9990897178649902,0.0035390281540345248,0.9981910369824618,1
ISIC_0072697,BCC,VASC,1,7,0.994749128818512,0.01971211354696286,0.993162949103862,0
ISIC_0072752,BKL,MEL,2,4,0.984639286994934,0.04376440594031777,0.9728926802054046,0
ISIC_0072820,MEL,MEL,4,4,0.9998748302459716,0.000698715003118194,0.9998343373081297,1
ISIC_0072834,BKL,NV,2,5,0.7976825833320618,0.2680652999639799,0.6093232482671738,0
ISIC_0072848,NV,MEL,5,4,0.8025496006011963,0.2389758501257144,0.6051066070795059,0
ISIC_0072857,BCC,BCC,1,1,0.81913822889328,0.2304439361269984,0.639197438955307,1
ISIC_0072917,MEL,NV,4,5,0.9998761415481568,0.0006013994926397682,0.9997540654585465,0
ISIC_0072928,BKL,NV,2,5,0.7699936032295227,0.3454924402633667,0.598184809088707,0
ISIC_0073018,MEL,MEL,4,4,0.9611294269561768,0.08098938259744999,0.9230530671775341,1
ISIC_0073020,NV,MEL,5,4,0.6504528522491455,0.3113466571257106,0.3009278774261475,0
ISIC_0073033,BCC,BCC,1,1,0.6344232559204102,0.43565036570548293,0.34396311640739446,1
ISIC_0073071,BCC,BCC,1,1,0.9689902663230896,0.07293461654881059,0.9425551798194647,1
ISIC_0073081,BCC,BCC,1,1,0.9982112646102904,0.0068946062195338964,0.9967149049043655,1
ISIC_0073086,NV,NV,5,5,0.5671927332878113,0.3631088853081785,0.14897102117538458,1
ISIC_0073091,BCC,BCC,1,1,0.9964073300361632,0.012733847958638167,0.9946214033989235,1
ISIC_0073171,NV,MEL,5,4,0.6038985848426819,0.3231688793815999,0.2078522145748139,0
ISIC_0073200,BCC,BCC,1,1,0.9912646412849426,0.024302676693605935,0.9825874287635088,1
ISIC_0073220,NV,NV,5,5,0.9412016868591307,0.10765952879335226,0.8824264854192734,1
ISIC_0073238,MEL,NV,4,5,0.6560369729995728,0.431753686567551,0.45121224224567413,0
