image_id,true_class,predicted_class,true_index,predicted_index,confidence,entropy,top2_margin,correct
ISIC_0000036_downsampled,MEL,MEL,4,4,0.9918708801269532,0.023589533321849026,0.9842085838317872,1
ISIC_0000043_downsampled,MEL,NV,4,5,0.9688560962677002,0.0666994223297381,0.9377122670412064,0
ISIC_0000071,NV,NV,5,5,0.978955626487732,0.05592801433525862,0.9663770617917181,1
ISIC_0000086_downsampled,NV,NV,5,5,0.7855075001716614,0.25074286544094965,0.5711807012557983,1
ISIC_0000101_downsampled,NV,NV,5,5,0.7898245453834534,0.247607148544466,0.5797227621078491,1
ISIC_0000102_downsampled,NV,NV,5,5,0.9990639090538024,0.0036213101379471897,0.9981385340797714,1
ISIC_0000104_downsampled,NV,NV,5,5,0.9996080994606018,0.001787719976002411,0.9993397160724272,1
ISIC_0000112_downsampled,NV,NV,5,5,0.9321072101593018,0.12111269944412623,0.8648488298058511,1
ISIC_0000118_downsampled,NV,MEL,5,4,0.7496308088302612,0.27158524246970167,0.4995148479938507,0
ISIC_0000146_downsampled,MEL,MEL,4,4,0.4762621819972992,0.49627682609662793,0.13721990585327148,1
ISIC_0000184_downsampled,NV,NV,5,5,0.7129897475242615,0.32782365455586154,0.4491540789604187,1
ISIC_0000225,NV,NV,5,5,0.9967525005340576,0.010895832593814622,0.9936701457481832,1
ISIC_0000265,NV,NV,5,5,0.9966501593589784,0.01103346394505703,0.9934028156567367,1
ISIC_0000268,NV,NV,5,5,0.9981168508529664,0.006713638690597783,0.99627916503232,1
ISIC_0000275,NV,NV,5,5,0.950577199459076,0.0947279913448483,0.9011728651821614,1
ISIC_0000285,MEL,MEL,4,4,0.8373953700065613,0.21561385117918944,0.6753756403923035,1
ISIC_0000293,MEL,MEL,4,4,0.9989637136459352,0.0039306807759574985,0.9979294687509539,1
ISIC_0000336,NV,NV,5,5,0.9685974717140198,0.07568678121542916,0.9451410099864007,1
ISIC_0000351,NV,NV,5,5,0.7453871369361877,0.2729166899126635,0.49078932404518133,1
ISIC_0000407_downsampled,NV,NV,5,5,0.7797132134437561,0.2826798650060324,0.5751175731420517,1
ISIC_0000418_downsampled,NV,NV,5,5,0.9746530652046204,0.05737686984566012,0.9494785629212856,1
ISIC_0000433_downsampled,NV,NV,5,5,0.9544639587402344,0.0891053970955464,0.9089426212012769,1
ISIC_0000442_downsampled,NV,NV,5,5,0.9027941823005676,0.1540652332872824,0.8057636395096779,1
ISIC_0000498,NV,NV,5,5,0.9682241678237916,0.07727754306148243,0.9463474135845901,1
ISIC_0000506,NV,NV,5,5,0.7468287944793701,0.2723863148929369,0.49372372031211853,1
ISIC_0000510,NV,NV,5,5,0.991628885269165,0.024249294031725894,0.9837714657187462,1
ISIC_0000523,NV,NV,5,5,0.515317440032959,0.3413375430016541,0.03310883045196539,1
ISIC_0001184_downsampled,NV,NV,5,5,0.9827010035514832,0.048004264610254255,0.9716487536206841,1
ISIC_0001960_downsampled,NV,NV,5,5,0.9999966621398926,2.3516972309462236e-05,0.9999948494640876,1
ISIC_0002287_downsampled,NV,NV,5,5,0.9982752799987792,0.006204546858900401,0.9965944119030609,1
ISIC_0002871_downsampled,NV,NV,5,5,0.999118983745575,0.0037158322057103564,0.9984149567317219,1
ISIC_0003728_downsampled,NV,NV,5,5,0.999969720840454,0.00016717303940415586,0.9999395378908956,1
ISIC_0006326_downsampled,NV,NV,5,5,0.9987275004386902,0.004694354588618395,0.997455658391118,1
ISIC_0007528_downsampled,NV,NV,5,5,0.9995821118354796,0.0017729176841042313,0.9991672343749086,1
ISIC_0008294_downsampled,NV,NV,5,5,0.9997711777687072,0.0010586694066302706,0.9995564788259798,1
ISIC_0009297_downsampled,NV,NV,5,5,0.9999878406524658,7.442960642249177e-05,0.9999769595051475,1
ISIC_0009943,NV,NV,5,5,0.9990900754928588,0.0035040859107086167,0.9981808008742518,1
ISIC_0010038,NV,NV,5,5,0.9993470311164856,0.0026301205838756008,0.9986976691870951,1
ISIC_0010319,MEL,BKL,4,2,0.9978100657463074,0.007525279526917635,0.9956273650750519,0
ISIC_0010342,NV,NV,5,5,0.9678747057914734,0.07073062188278512,0.9366559013724328,1
ISIC_0010351,NV,MEL,5,4,0.575678288936615,0.3449585335122247,0.1577806472778321,0
ISIC_0010364,MEL,MEL,4,4,0.6645380854606628,0.30682525196741595,0.32907950878143316,1
ISIC_0010370,NV,NV,5,5,0.9999438524246216,0.0003139540516925441,0.9999055866501294,1
ISIC_0010456,NV,NV,5,5,0.9996596574783324,0.0014919682072754043,0.9993288626719731,1
ISIC_0010459,NV,NV,5,5,0.9999339580535888,0.0003722070957517664,0.9999086661682667,1
ISIC_0010466,MEL,MEL,4,4,0.768506646156311,0.2649989998798694,0.5386587232351303,1
ISIC_0010565,NV,NV,5,5,0.9811514019966124,0.05176299948460865,0.9670531470328568,1
ISIC_0010575,NV,NV,5,5,0.959276020526886,0.08199741379789988,0.918584380298853,1
ISIC_0010587,MEL,NV,4,5,0.9994543194770812,0.002324197566398995,0.9989541289396584,0
ISIC_0010863,MEL,MEL,4,4,0.6046810150146484,0.3267409977134987,0.21043831110000616,1
ISIC_0011107,NV,NV,5,5,0.9711560606956482,0.06298054017205709,0.942340686917305,1
ISIC_0011139,MEL,NV,4,5,0.6352030038833618,0.33520650391102047,0.27888640761375433,0
ISIC_0011143,NV,NV,5,5,0.999800741672516,0.0009656560882204621,0.9996491974161473,1
ISIC_0011159,NV,MEL,5,4,0.9308451414108276,0.12138509389806196,0.8618158847093582,0
ISIC_0011161,MEL,SCC,4,6,0.9985573887825012,0.005844570462068934,0.9976931744604373,0
ISIC_0011229,NV,NV,5,5,0.9607900381088256,0.08161064382750832,0.9223160445690155,1
ISIC_0011305,MEL,NV,4,5,0.452970415353775,0.512540910853325,0.13239303231239324,0
ISIC_0011339,NV,NV,5,5,0.9910593628883362,0.026598741319622827,0.983718172647059,1
ISIC_0011361,NV,NV,5,5,0.9999898672103882,6.378586616261826e-05,0.9999826944858796,1
ISIC_0012118_downsampled,NV,NV,5,5,0.9313015937805176,0.12332530303158881,0.8638383299112321,1
ISIC_0012179_downsampled,NV,NV,5,5,0.8372945785522461,0.21389183163578615,0.6746602803468705,1
ISIC_0012203_downsampled,NV,NV,5,5,0.9935958981513976,0.019237628694046025,0.9874942610040306,1
ISIC_0012313_downsampled,NV,NV,5,5,0.8178950548171997,0.24076214494323633,0.6417024433612823,1
ISIC_0012384_downsampled,NV,BKL,5,2,0.9338176250457764,0.11843522564361832,0.8679967224597932,0
ISIC_0012406_downsampled,NV,NV,5,5,0.9485204815864564,0.09762655756584017,0.8970586247742178,1
ISIC_0012455_downsampled,BKL,MEL,2,4,0.9371163249015808,0.12375216695196482,0.8814937770366669,0
ISIC_0012494_downsampled,NV,NV,5,5,0.7589859962463379,0.296871333794517,0.5363761186599731,1
ISIC_0012543_downsampled,BKL,BKL,2,2,0.99995756149292,0.00023070290273105704,0.9999171836716415,1
ISIC_0012657_downsampled,NV,NV,5,5,0.96842223405838,0.07461809752949397,0.9425136465579271,1
ISIC_0012666_downsampled,BKL,NV,2,5,0.7627532482147217,0.2664749235629295,0.5264633148908615,0
ISIC_0012684_downsampled,NV,NV,5,5,0.99457585811615,0.016528047445390295,0.9892952824011447,1
ISIC_0012715_downsampled,MEL,MEL,4,4,0.8029170036315918,0.28453738370664955,0.6429495960474014,1
ISIC_0012735_downsampled,NV,NV,5,5,0.7576695680618286,0.26970851747870095,0.5164479613304138,1
ISIC_0012876_downsampled,NV,NV,5,5,0.8782858848571777,0.19788437348196009,0.7685700058937073,1
ISIC_0012879_downsampled,NV,NV,5,5,0.92374187707901,0.1530435602603377,0.8731325529515744,1
ISIC_0012902_downsampled,BKL,BKL,2,2,0.4724831879138946,0.453916744481503,0.04228237271308899,1
ISIC_0012903_downsampled,NV,BKL,5,2,0.9753212332725524,0.062405281490948324,0.9569624047726392,0
ISIC_0012932_downsampled,BKL,MEL,2,4,0.8774996399879456,0.21955452995049804,0.81242635846138,0
ISIC_0012956_downsampled,NV,NV,5,5,0.9994567036628724,0.002302760527628306,0.9989607072784568,1
ISIC_0012976_downsampled,NV,NV,5,5,0.9468493461608888,0.11759372512859709,0.9199367854744198,1
ISIC_0012987_downsampled,NV,NV,5,5,0.9723179340362548,0.06653214694969269,0.9488173164427279,1
ISIC_0013000_downsampled,NV,NV,5,5,0.950263500213623,0.0953350799945467,0.900585237890482,1
ISIC_0013027_downsampled,NV,NV,5,5,0.9798249006271362,0.04867601222258004,0.9601917881518603,1
ISIC_0013106_downsampled,NV,NV,5,5,0.9981991648674012,0.006594697963217275,0.9965541495475919,1
ISIC_0013132_downsampled,NV,NV,5,5,0.9976823329925536,0.007901510702601342,0.9953727300744503,1
ISIC_0013160_downsampled,BKL,BKL,2,2,0.9927567839622498,0.021875542690851076,0.9862480699084699,1
ISIC_0013177_downsampled,BKL,BKL,2,2,0.9957045912742616,0.014590061478869716,0.9922375748865307,1
ISIC_0013227_downsampled,NV,BKL,5,2,0.8233432769775391,0.22637652970286656,0.6473572701215744,0
ISIC_0013302_downsampled,NV,NV,5,5,0.9503682851791382,0.10021343191653545,0.9036034792661667,1
ISIC_0013316_downsampled,BKL,BKL,2,2,0.9999550580978394,0.00023971452227447652,0.9999109709315235,1
ISIC_0013334_downsampled,MEL,MEL,4,4,0.8458017706871033,0.20737546412306881,0.6917698234319688,1
ISIC_0013335_downsampled,BKL,NV,2,5,0.7895013093948364,0.316125300648753,0.6660393849015236,0
ISIC_0013393_downsampled,BKL,NV,2,5,0.8645126223564148,0.22957784236260934,0.7670422270894051,0
ISIC_0013394_downsampled,NV,NV,5,5,0.9992076754570008,0.0033538852528473043,0.9987122867023575,1
ISIC_0013424_downsampled,NV,NV,5,5,0.8228546380996704,0.2984089983682606,0.7016776353120804,1
ISIC_0013530_downsampled,MEL,MEL,4,4,0.9481859803199768,0.09994570832195813,0.8971426077187062,1
ISIC_0013615_downsampled,MEL,MEL,4,4,0.9927339553833008,0.020791728978912266,0.9855014341883361,1
ISIC_0013767_downsampled,MEL,MEL,4,4,0.8353055119514465,0.21593045258491933,0.6708241254091263,1
ISIC_0013772_downsampled,NV,BKL,5,2,0.5588017106056213,0.37743904904168973,0.1435355246067047,0
ISIC_0013836_downsampled,NV,NV,5,5,0.9987032413482666,0.004985753943468922,0.9975209621479735,1
ISIC_0013984_downsampled,MEL,MEL,4,4,0.9086084961891174,0.1470829043083796,0.8172273337841034,1
ISIC_0014032_downsampled,BKL,BKL,2,2,0.9983270764350892,0.0063090196781867254,0.9968832993181425,1
ISIC_0014129_downsampled,MEL,MEL,4,4,0.8762069940567017,0.18662281250502877,0.7552864626049995,1
ISIC_0014149_downsampled,NV,NV,5,5,0.8338238596916199,0.21651726604212884,0.6676988005638123,1
ISIC_0014158_downsampled,NV,NV,5,5,0.9420809149742126,0.10709213288544395,0.8843886889517307,1
ISIC_0014212_downsampled,BKL,BKL,2,2,0.9988144636154176,0.00445221290665136,0.9976449721725659,1
ISIC_0014253_downsampled,NV,NV,5,5,0.9612817764282228,0.08939319492472175,0.9324794821441175,1
ISIC_0014316_downsampled,MEL,MEL,4,4,0.9671410322189332,0.06982804539322858,0.9343688935041429,1
ISIC_0014328_downsampled,NV,BKL,5,2,0.6662781834602356,0.37937473182770604,0.389074057340622,0
ISIC_0014410_downsampled,BKL,BKL,2,2,0.9713936448097228,0.07193554173800745,0.9541661720722913,1
ISIC_0014441_downsampled,NV,MEL,5,4,0.8653593063354492,0.20221043719981313,0.7369861006736756,0
ISIC_0014506_downsampled,MEL,MEL,4,4,0.996985137462616,0.010718260620797983,0.9946737654972821,1
ISIC_0014537_downsampled,BKL,BKL,2,2,0.9998785257339478,0.000642114159461793,0.9998183879033604,1
ISIC_0014548_downsampled,MEL,MEL,4,4,0.605600118637085,0.32380508450915196,0.21152862906455994,1
ISIC_0014641_downsampled,BKL,BKL,2,2,0.9999912977218628,5.278057885540799e-05,0.9999827395668035,1
ISIC_0014652_downsampled,BKL,MEL,2,4,0.6790910363197327,0.3490696908596428,0.3875874876976014,0
ISIC_0014653_downsampled,BKL,BKL,2,2,1.0,6.188741199548651e-08,0.9999999963399213,1
ISIC_0014657_downsampled,NV,NV,5,5,0.9948425889015198,0.01701697625516572,0.9910833544563503,1
ISIC_0014715_downsampled,NV,NV,5,5,0.8421428799629211,0.26140984447414056,0.7502056509256363,1
ISIC_0014724_downsampled,NV,NV,5,5,0.6596091985702515,0.3177662332987601,0.3227137625217438,1
ISIC_0014743_downsampled,NV,NV,5,5,0.9899647831916808,0.02708396795748302,0.979951431043446,1
ISIC_0014773_downsampled,NV,NV,5,5,0.9997233748435974,0.0012254215385544334,0.9994475071434863,1
ISIC_0014806_downsampled,BKL,NV,2,5,0.9813609719276428,0.04590192994317757,0.9633515775203705,0
ISIC_0014908_downsampled,NV,NV,5,5,0.5926322937011719,0.32533190588628774,0.18532246351242065,1
ISIC_0014910_downsampled,NV,NV,5,5,0.9536179304122924,0.09029503244978214,0.9072399102151394,1
ISIC_0014920_downsampled,MEL,NV,4,5,0.8140204548835754,0.23118198659035272,0.6280806362628937,0
ISIC_0014927_downsampled,NV,NV,5,5,0.9993675351142884,0.002555575995583519,0.9987387534347364,1
ISIC_0014938_downsampled,NV,NV,5,5,0.5319893956184387,0.34468452286702006,0.0679799616336823,1
ISIC_0014940_downsampled,NV,NV,5,5,0.9986836314201356,0.004929855757610808,0.9974143267609181,1
ISIC_0014949_downsampled,NV,NV,5,5,0.999969244003296,0.00017261614841260282,0.9999405274993479,1
ISIC_0014998_downsampled,NV,NV,5,5,0.9999592304229736,0.00023633857831862853,0.9999356321641244,1
ISIC_0015019_downsampled,NV,NV,5,5,0.9336018562316896,0.11907452951119923,0.8677961602807047,1
ISIC_0015113_downsampled,BKL,BKL,2,2,0.8701025247573853,0.21167102927092837,0.7590484395623207,1
ISIC_0015118_downsampled,NV,NV,5,5,0.9888418912887572,0.02945876863807152,0.9776838608086108,1
ISIC_0015125_downsampled,NV,NV,5,5,0.725644052028656,0.2825853289127375,0.4512944221496582,1
ISIC_0015130_downsampled,NV,NV,5,5,0.6984289288520813,0.2944291843784977,0.3968626856803894,1
ISIC_0015264_downsampled,NV,NV,5,5,0.7199040651321411,0.28973132553318726,0.4412700235843659,1
ISIC_0015330_downsampled,NV,NV,5,5,0.9995772242546082,0.001833314449958818,0.9991823126620147,1
ISIC_0015357_downsampled,NV,NV,5,5,0.850257396697998,0.20395862340517346,0.700763151049614,1
ISIC_0015404_downsampled,NV,NV,5,5,0.9998041987419128,0.0009961386641765403,0.9997015081025893,1
ISIC_0015938_downsampled,NV,NV,5,5,0.9993624091148376,0.0025972427744426273,0.9987397411605343,1
ISIC_0015952_downsampled,NV,NV,5,5,0.9988898634910583,0.004502920952659072,0.9981420644908212,1
ISIC_0015966_downsampled,NV,NV,5,5,0.9769405126571656,0.05305133485731895,0.9539650734513999,1
ISIC_0015967_downsampled,NV,NV,5,5,0.9980188608169556,0.006893272352853213,0.9960407558828592,1
ISIC_0016043_downsampled,NV,NV,5,5,0.8515418171882629,0.22758831253136924,0.720186248421669,1
ISIC_0016045_downsampled,NV,NV,5,5,0.9800761342048644,0.04880783422727603,0.9610793273895978,1
ISIC_0016052_downsampled,NV,MEL,5,4,0.7199283242225647,0.30877768973921593,0.4514356553554535,0
ISIC_0024341,NV,NV,5,5,0.9999986886978148,9.347344986118096e-06,0.9999974158071153,1
ISIC_0024373,NV,NV,5,5,0.9995272159576416,0.0020207056125647405,0.9990768954739906,1
ISIC_0024376,NV,NV,5,5,0.9998648166656494,0.0006694167096369155,0.9997428611095529,1
ISIC_0024384,NV,NV,5,5,0.99999737739563,1.883915140142116e-05,0.9999959406466133,1
ISIC_0024400,MEL,BKL,4,2,0.9996989965438844,0.0013251485946239009,0.999400136555778,0
ISIC_0024403,BCC,BCC,1,1,0.9970847964286804,0.010601270411760235,0.9949790299870074,1
ISIC_0024422,BKL,BKL,2,2,0.991692066192627,0.023973577056866792,0.9837415190413594,1
ISIC_0024444,NV,NV,5,5,0.9999868869781494,7.754653967005962e-05,0.9999737393736723,1
ISIC_0024453,BKL,BKL,2,2,0.995417594909668,0.01445080743152706,0.9910060851834714,1
ISIC_0024459,MEL,BKL,4,2,0.6886484026908875,0.3156199466904573,0.38484784960746765,0
ISIC_0024466,NV,BKL,5,2,0.9063009023666382,0.15810596001237975,0.8161257207393646,0
ISIC_0024477,BKL,BKL,2,2,0.9806463718414308,0.04737581318999112,0.9618599601089955,1
ISIC_0024501,NV,NV,5,5,0.9997803568840028,0.000996939899646996,0.9995612609636739,1
ISIC_0024543,NV,NV,5,5,0.9917586445808412,0.023104987779463352,0.9835631763562562,1
ISIC_0024576,NV,NV,5,5,0.9999933242797852,4.4349047010601444e-05,0.9999888640895733,1
ISIC_0024580,NV,NV,5,5,0.99905127286911,0.003636856388111072,0.9981039652484469,1
ISIC_0024589,NV,NV,5,5,0.9996538162231444,0.001606993997940206,0.9994597325712674,1
ISIC_0024658,NV,NV,5,5,0.9998629093170166,0.0007135707788381268,0.9997690369564225,1
ISIC_0024718,NV,NV,5,5,0.9999709129333496,0.00016631703690771853,0.9999452468837262,1
ISIC_0024730,NV,NV,5,5,0.861531138420105,0.19344919566143498,0.7230704873800278,1
ISIC_0024742,NV,NV,5,5,0.9992833733558656,0.0028541975249628715,0.9985709303873593,1
ISIC_0024748,BKL,NV,2,5,0.999338448047638,0.002664454950675087,0.9986833592993208,0
ISIC_0024751,NV,NV,5,5,0.9257648587226868,0.12719951432465665,0.85153379291296,1
ISIC_0024785,NV,NV,5,5,0.9996901750564576,0.0013602387469800513,0.9993825828714763,1
ISIC_0024834,NV,NV,5,5,0.9990496039390564,0.0036538016172463967,0.9981041462742724,1
ISIC_0024845,DF,DF,3,3,0.9999423027038574,0.0003112796287704975,0.9998942129059287,1
ISIC_0024847,NV,NV,5,5,0.999846339225769,0.0007318762409745696,0.9996969918574905,1
ISIC_0024864,MEL,MEL,4,4,0.9266454577445984,0.1490600336039414,0.8793241046369076,1
ISIC_0024873,NV,NV,5,5,0.999987244606018,7.908450658461722e-05,0.999977597387442,1
ISIC_0024889,NV,NV,5,5,0.999902844429016,0.0004949027450182089,0.9998149139646556,1
ISIC_0024906,NV,NV,5,5,0.8244607448577881,0.2532096810945542,0.6683341711759567,1
ISIC_0024951,MEL,MEL,4,4,0.9757927060127258,0.06320062214761529,0.9595595002174379,1
ISIC_0024969,NV,NV,5,5,0.9616621732711792,0.08870555797725707,0.9291791953146458,1
ISIC_0025023,NV,NV,5,5,0.9999254941940308,0.0003765627150379844,0.999851012507861,1
ISIC_0025041,NV,NV,5,5,0.9997462630271912,0.001163485662498668,0.9995100649248344,1
ISIC_0025045,NV,NV,5,5,0.9899846315383912,0.027039428425488562,0.9799906173720957,1
ISIC_0025058,NV,NV,5,5,0.999967098236084,0.00018058989213285868,0.9999346048825828,1
ISIC_0025073,NV,MEL,5,4,0.4483206272125244,0.4941296212238174,0.05881291627883911,0
ISIC_0025077,NV,NV,5,5,0.9592291116714478,0.08224063223217949,0.9185394644737245,1
ISIC_0025086,BKL,BKL,2,2,0.9157626032829284,0.15739043710788483,0.8452843651175499,1
ISIC_0025091,NV,NV,5,5,0.999987244606018,7.548153796458643e-05,0.9999744738643129,1
ISIC_0025100,NV,NV,5,5,0.9934425354003906,0.022087265901484486,0.9900717658456415,1
ISIC_0025103,BKL,BKL,2,2,0.9987781643867492,0.00500763909676393,0.9979259127867408,1
ISIC_0025130,SCC,AK,6,0,0.9290664792060852,0.13639368852653228,0.8657809421420098,0
ISIC_0025138,NV,NV,5,5,0.9925476908683776,0.021153550970507248,0.9851015424355863,1
ISIC_0025148,NV,BKL,5,2,0.796147882938385,0.30958169524168033,0.6586063951253891,0
ISIC_0025151,NV,NV,5,5,0.9999912977218628,5.32973018554084e-05,0.9999826330695214,1
ISIC_0025195,MEL,BKL,4,2,0.9999886751174928,7.044534633916307e-05,0.9999794516670591,0
ISIC_0025219,MEL,MEL,4,4,0.991384744644165,0.023842272610287898,0.9827740155160427,1
ISIC_0025248,MEL,MEL,4,4,0.428763598203659,0.5805851660247184,0.1622130274772644,1
ISIC_0025251,NV,NV,5,5,0.999439299106598,0.002472808042787224,0.9990927055478098,1
ISIC_0025275,BKL,BKL,2,2,0.5061290860176086,0.4439551224888407,0.09625327587127686,1
ISIC_0025277,MEL,MEL,4,4,0.6983404755592346,0.3099095002851049,0.4032214879989624,1
ISIC_0025289,NV,NV,5,5,0.8476520776748657,0.22982929102414962,0.7085993736982346,1
ISIC_0025300,NV,NV,5,5,0.98512864112854,0.03974654733249778,0.9719407940283419,1
ISIC_0025357,NV,NV,5,5,0.9999183416366576,0.00040966818660337703,0.9998368987871799,1
ISIC_0025359,NV,NV,5,5,0.9999136924743652,0.0004348208522476806,0.9998289229624788,1
ISIC_0025362,BCC,BCC,1,1,0.5102050304412842,0.5435324976347335,0.18810835480690008,1
ISIC_0025364,NV,NV,5,5,0.9219053983688354,0.13738378371479631,0.8462307974696159,1
ISIC_0025379,NV,NV,5,5,0.9999107122421264,0.0004673546333982312,0.9998435559318749,1
ISIC_0025415,NV,NV,5,5,0.9997320771217346,0.001190171177436717,0.9994646946433933,1
ISIC_0025417,BCC,BCC,1,1,0.7741870284080505,0.2587108042326171,0.548885777592659,1
ISIC_0025478,NV,NV,5,5,0.9893109798431396,0.03114645989393064,0.9806993622332811,1
ISIC_0025480,NV,NV,5,5,0.999991774559021,5.2016816493707936e-05,0.9999844209601179,1
ISIC_0025544,NV,NV,5,5,0.98698490858078,0.03346537160234018,0.9739897530525923,1
ISIC_0025574,NV,NV,5,5,0.9999877214431764,7.540528244733404e-05,0.9999767576327941,1
ISIC_0025585,NV,NV,5,5,0.9998937845230104,0.0005250953339629627,0.9997902791947127,1
ISIC_0025602,NV,NV,5,5,0.999983549118042,9.550390375822498e-05,0.999967403968185,1
ISIC_0025673,NV,NV,5,5,0.999925971031189,0.00039864683807380735,0.9998855155499768,1
ISIC_0025699,BKL,BKL,2,2,0.549236536026001,0.47715079643668384,0.27893316745758057,1
ISIC_0025710,BKL,BKL,2,2,0.960181474685669,0.09901945080488303,0.933168387040496,1
ISIC_0025721,NV,NV,5,5,0.9999419450759888,0.00030064864841625763,0.9998838810533925,1
ISIC_0025791,MEL,NV,4,5,0.9844485521316528,0.041624050388297876,0.9706979086622596,0
ISIC_0025888,NV,NV,5,5,0.9999736547470092,0.00015109455102009476,0.9999497312946913,1
ISIC_0025902,NV,NV,5,5,0.9389707446098328,0.11239373374040437,0.878591600805521,1
ISIC_0025916,NV,NV,5,5,0.999996781349182,2.249456125436504e-05,0.9999943037148568,1
ISIC_0025925,NV,NV,5,5,0.9640501141548156,0.07447673583530821,0.9281018488109112,1
ISIC_0025930,NV,NV,5,5,0.9988993406295776,0.004543930952988316,0.9983192192157732,1
ISIC_0025931,NV,NV,5,5,0.9991214871406556,0.0033987640303035135,0.998243596230168,1
ISIC_0025935,NV,NV,5,5,0.9999953508377076,3.087714873929976e-05,0.9999920233262857,1
ISIC_0025951,NV,NV,5,5,0.9996381998062134,0.0016731911140933533,0.9993535993562546,1
ISIC_0025956,NV,MEL,5,4,0.9689961075782776,0.0666091416736804,0.9380297549068928,0
ISIC_0025976,NV,NV,5,5,0.9998220801353456,0.0008323556359878476,0.9996469245816116,1
ISIC_0025986,BKL,NV,2,5,0.4354258179664612,0.4951184421368107,0.03973966836929327,0
ISIC_0026001,NV,NV,5,5,0.999040424823761,0.003672877249111981,0.9980819610063919,1
ISIC_0026006,NV,NV,5,5,0.9990084767341614,0.003842484542859681,0.9980434693861753,1
ISIC_0026037,NV,NV,5,5,0.92655611038208,0.13854061234573622,0.860023945569992,1
ISIC_0026064,NV,NV,5,5,0.9996700286865234,0.0015024139981678543,0.999394713959191,1
ISIC_0026081,MEL,MEL,4,4,0.7510164380073547,0.3106559522193913,0.5281475186347961,1
ISIC_0026097,NV,MEL,5,4,0.9845712184906006,0.0383325830132398,0.9691467322409154,0
ISIC_0026123,NV,NV,5,5,0.4723910093307495,0.6083487143845295,0.22975869476795202,1
ISIC_0026144,NV,NV,5,5,0.9999995231628418,4.0227736600599526e-06,0.9999993053967273,1
ISIC_0026146,NV,NV,5,5,0.9998764991760254,0.000617116456466914,0.9997658889988089,1
ISIC_0026161,NV,NV,5,5,0.9999839067459106,9.381999116280311e-05,0.9999680109303881,1
ISIC_0026171,AK,BKL,0,2,0.998418927192688,0.006566933235338859,0.9977126399171539,0
ISIC_0026199,NV,NV,5,5,0.9999492168426514,0.0002821399069133033,0.9999104619637365,1
ISIC_0026210,NV,NV,5,5,0.9837344884872437,0.04612086104350069,0.9713963642716409,1
ISIC_0026213,BCC,BCC,1,1,0.999954342842102,0.0002620478285352622,0.9999261133507389,1
ISIC_0026224,NV,NV,5,5,0.9999996423721312,2.3377287617164274e-06,0.9999993427891524,1
ISIC_0026232,NV,NV,5,5,0.9862563014030457,0.03507152949803239,0.9725675759837031,1
ISIC_0026245,BKL,BKL,2,2,0.482079416513443,0.5059818938768686,0.2153293788433075,1
ISIC_0026272,NV,NV,5,5,0.9997650980949402,0.0011745032166962399,0.9996306453103899,1
ISIC_0026273,BKL,BKL,2,2,0.4044079780578613,0.5757123809827969,0.10085415840148926,1
ISIC_0026274,NV,NV,5,5,0.9996334314346312,0.0015728219161654717,0.9992672845837659,1
ISIC_0026280,BKL,BKL,2,2,0.999777615070343,0.0010654646218693255,0.999604127064231,1
ISIC_0026330,NV,MEL,5,4,0.7395345568656921,0.27723362979136634,0.47942596673965454,0
ISIC_0026338,NV,NV,5,5,0.999527096748352,0.001968840547857565,0.9990542423329316,1
ISIC_0026341,NV,NV,5,5,0.9745153784751892,0.05891083293578694,0.9498312845826149,1
ISIC_0026344,NV,NV,5,5,0.9966546297073364,0.011550187041502558,0.9939120567869395,1
ISIC_0026357,NV,NV,5,5,0.9999905824661256,5.7266526416669584e-05,0.9999811402694833,1
ISIC_0026393,VASC,VASC,7,7,0.9999983310699464,1.1679731651456346e-05,0.9999970164906246,1
ISIC_0026414,NV,MEL,5,4,0.4548992216587066,0.6046360194204299,0.15349423885345453,0
ISIC_0026442,BCC,BCC,1,1,0.9999068975448608,0.0005167518610087887,0.9998624667350668,1
ISIC_0026458,MEL,MEL,4,4,0.9954171180725098,0.01485949134881637,0.9913570131175221,1
ISIC_0026468,AK,AK,0,0,0.9726515412330629,0.06431137909724534,0.9470598045736552,1
ISIC_0026489,MEL,MEL,4,4,0.9028177857398988,0.1590997403051574,0.8082174211740495,1
ISIC_0026493,BKL,BKL,2,2,0.9840223789215088,0.043963551616898494,0.9718986526131631,1
ISIC_0026495,NV,NV,5,5,0.9999383687973022,0.0003382401077833378,0.9998913472882123,1
ISIC_0026501,NV,NV,5,5,0.9979458451271056,0.007362894424457946,0.9960310790920629,1
ISIC_0026510,NV,NV,5,5,0.944294273853302,0.11955005510157345,0.9038845412433147,1
ISIC_0026528,BCC,VASC,1,7,0.5656090378761292,0.5323619475239059,0.29791188240051275,0
ISIC_0026543,NV,NV,5,5,0.9999772310256958,0.00013583635399615898,0.999963679441862,1
ISIC_0026550,NV,NV,5,5,0.9860454201698304,0.03566973644166454,0.9721982972696426,1
ISIC_0026579,NV,NV,5,5,0.9999886751174928,7.118136498871244e-05,0.9999819599661351,1
ISIC_0026602,NV,NV,5,5,0.999961256980896,0.00020789201772368067,0.9999225394640234,1
ISIC_0026606,BKL,MEL,2,4,0.6364428997039795,0.43358898441641536,0.4220084398984909,0
ISIC_0026630,NV,NV,5,5,0.9997937083244324,0.0009742872891442819,0.9996068057516823,1
ISIC_0026637,BKL,NV,2,5,0.8800624012947083,0.1914401071424349,0.7688286900520326,0
ISIC_0026651,NV,NV,5,5,0.9951274394989014,0.01616243373493073,0.9914908206555992,1
ISIC_0026678,NV,NV,5,5,0.9877381324768066,0.03355733887299067,0.9763949057087302,1
ISIC_0026738,MEL,BKL,4,2,0.7474929690361023,0.27713354696984105,0.4966247081756592,0
ISIC_0026767,NV,NV,5,5,0.9983856678009032,0.005904642006741666,0.9968400301877409,1
ISIC_0026776,NV,NV,5,5,0.9999951124191284,3.158976921279774e-05,0.9999903109419392,1
ISIC_0026823,MEL,MEL,4,4,0.9858853816986084,0.03757423265690458,0.9728793259710073,1
ISIC_0026830,NV,NV,5,5,0.8196569681167603,0.23804464442608655,0.6437731832265854,1
ISIC_0026843,BKL,NV,2,5,0.8908905982971191,0.20234649848302153,0.8184017613530159,0
ISIC_0026856,NV,NV,5,5,0.9999996423721312,2.6519559167483887e-06,0.999999440183103,1
ISIC_0026864,NV,NV,5,5,0.9999858140945436,8.930925832470101e-05,0.9999784173260197,1
ISIC_0026905,AK,BKL,0,2,0.9690178036689758,0.08245861686992878,0.9503085669130087,0
ISIC_0026912,BKL,BKL,2,2,0.9491447806358336,0.09910363059609979,0.8992334082722664,1
ISIC_0026952,BCC,BCC,1,1,0.9995660185813904,0.001981219916611119,0.9992696685367265,1
ISIC_0026971,NV,NV,5,5,0.998295247554779,0.006558149931791288,0.997122934437357,1
ISIC_0026983,NV,NV,5,5,0.98630952835083,0.03479456373656372,0.9726200643926859,1
ISIC_0027042,BKL,BKL,2,2,0.9979191422462464,0.00726382861790615,0.9958684607408943,1
ISIC_0027093,BCC,BCC,1,1,0.9787009358406068,0.0513581853774066,0.9581893123686315,1
ISIC_0027127,NV,NV,5,5,0.923599898815155,0.15917362364278784,0.8712900206446649,1
ISIC_0027133,NV,NV,5,5,0.9973669648170472,0.008834823827757595,0.9947506694588812,1
ISIC_0027135,BCC,BCC,1,1,0.9909610152244568,0.028528088602750086,0.9854903761297464,1
ISIC_0027155,MEL,NV,4,5,0.5160022974014282,0.4996784018177437,0.20057639479637152,0
ISIC_0027164,NV,NV,5,5,0.953965961933136,0.08976988133702336,0.9079320691525937,1
ISIC_0027179,MEL,MEL,4,4,0.718372642993927,0.2952675123592922,0.439719706773758,1
ISIC_0027226,NV,NV,5,5,0.9964364767074584,0.013179948649388203,0.9946961241075769,1
ISIC_0027252,NV,NV,5,5,0.9999959468841552,2.709702521297041e-05,0.9999926128652986,1
ISIC_0027261,MEL,BCC,4,1,0.9935989379882812,0.021977223185979642,0.9909695179667325,0
ISIC_0027322,NV,NV,5,5,0.9995284080505372,0.0021127075082813156,0.9992149338359015,1
ISIC_0027332,BKL,NV,2,5,0.9995101690292358,0.002254293318616148,0.9992084332043305,0
ISIC_0027392,BKL,BKL,2,2,0.99997079372406,0.00016317379833664735,0.9999423458302771,1
ISIC_0027402,MEL,NV,4,5,0.9787575602531432,0.058289764913502566,0.9675940414890646,0
ISIC_0027408,NV,NV,5,5,0.6116375923156738,0.32497664240315327,0.22437277436256414,1
ISIC_0027467,NV,NV,5,5,0.9959491491317748,0.012693088061812232,0.9919027113355696,1
ISIC_0027473,BCC,BCC,1,1,0.9987406134605408,0.004846786422312408,0.9975915848044679,1
ISIC_0027487,MEL,MEL,4,4,0.8959981799125671,0.1608858012933486,0.7920760959386827,1
ISIC_0027518,NV,NV,5,5,0.9976212382316588,0.008056219383535124,0.9952431160490959,1
ISIC_0027535,NV,BKL,5,2,0.7056005001068115,0.38658387668920935,0.5095666199922562,0
ISIC_0027554,NV,NV,5,5,0.8316269516944885,0.2194713431786584,0.6636587530374527,1
ISIC_0027563,VASC,VASC,7,7,0.9181385636329652,0.1397045549247888,0.8375985100865366,1
ISIC_0027569,NV,NV,5,5,0.9995976090431212,0.001771348139465648,0.9992343245830853,1
ISIC_0027576,NV,NV,5,5,0.997865617275238,0.007399582230793096,0.9957530505489558,1
ISIC_0027607,NV,MEL,5,4,0.995198667049408,0.01466310446368226,0.9904063940048219,0
ISIC_0027615,AK,BKL,0,2,0.5690035820007324,0.59384316794262,0.3511010408401489,0
ISIC_0027619,NV,NV,5,5,0.9890123605728148,0.029094704668420623,0.9780254252254962,1
ISIC_0027669,MEL,MEL,4,4,0.9504035711288452,0.09493309390670158,0.9008149318397045,1
ISIC_0027693,MEL,NV,4,5,0.6909697651863098,0.2974026028807609,0.38194897770881653,0
ISIC_0027696,NV,NV,5,5,0.9999747276306152,0.00014194062910292206,0.9999501169477298,1
ISIC_0027697,NV,NV,5,5,0.9643263220787048,0.07589737279991951,0.9293376803398132,1
ISIC_0027752,NV,NV,5,5,0.9950870871543884,0.015378779913857367,0.9904109202325344,1
ISIC_0027767,SCC,NV,6,5,0.8366654515266418,0.25422333957621895,0.6953345388174057,0
ISIC_0027784,NV,NV,5,5,0.544609010219574,0.33280696915229063,0.08957114815711975,1
ISIC_0027811,BKL,BKL,2,2,0.99970680475235,0.0014168133197114178,0.9995247816841586,1
ISIC_0027819,BCC,BCC,1,1,0.6990121603012085,0.2974195719847125,0.398957371711731,1
ISIC_0027824,NV,NV,5,5,0.9999994039535522,3.989781966843477e-06,0.9999991433216451,1
ISIC_0027831,BKL,BKL,2,2,0.9999107122421264,0.00045798577850581624,0.9998279369829105,1
ISIC_0027848,NV,NV,5,5,0.9906018972396852,0.02658319659231749,0.9816464846953752,1
ISIC_0027902,NV,NV,5,5,0.9973737001419068,0.010106542732321484,0.9961799518205228,1
ISIC_0027911,NV,NV,5,5,0.793918788433075,0.2789339613979536,0.6049778759479524,1
ISIC_0027923,NV,NV,5,5,0.9971585273742676,0.009449138548318171,0.9943412551656365,1
ISIC_0027949,NV,MEL,5,4,0.9042072296142578,0.1817356083469111,0.8307784274220467,0
ISIC_0027959,NV,MEL,5,4,0.5587513446807861,0.34438726429734773,0.12274461984634405,0
ISIC_0027965,NV,NV,5,5,0.9981300234794616,0.007078059634761652,0.9967749810311942,1
ISIC_0028035,BCC,BCC,1,1,0.9897158741950988,0.027793097514791674,0.9795075934380293,1
ISIC_0028036,NV,NV,5,5,0.949012577533722,0.11256460881149989,0.9110843539237977,1
ISIC_0028041,MEL,MEL,4,4,0.9593364596366882,0.0941657663275742,0.9315718729048968,1
ISIC_0028075,MEL,MEL,4,4,0.8846921920776367,0.20660533562662559,0.8054007291793823,1
ISIC_0028111,NV,NV,5,5,0.9973588585853576,0.00888649204140526,0.9947451378684491,1
ISIC_0028118,NV,NV,5,5,0.5154117941856384,0.37030170077649543,0.047953605651855524,1
ISIC_0028132,SCC,BCC,6,1,0.9952184557914734,0.015809083879156527,0.9913920455146582,0
ISIC_0028161,NV,NV,5,5,0.9980825185775756,0.007465060277709283,0.99683972785715,1
ISIC_0028179,NV,MEL,5,4,0.941792905330658,0.13573308873490575,0.9084541350603105,0
ISIC_0028191,NV,NV,5,5,0.9998254179954528,0.0008264210408719146,0.999659259294276,1
ISIC_0028192,NV,NV,5,5,0.997787356376648,0.007583368239471021,0.9955789770465344,1
ISIC_0028195,NV,NV,5,5,0.5033106207847595,0.4229364451111266,0.06688001751899725,1
ISIC_0028216,NV,SCC,5,6,0.8833274841308594,0.22468698191756925,0.8070982620120049,0
ISIC_0028241,NV,NV,5,5,0.995784342288971,0.013112871747998162,0.9915691842325033,1
ISIC_0028244,NV,NV,5,5,0.9999136924743652,0.00044028264132339387,0.9998315711491159,1
ISIC_0028247,NV,NV,5,5,0.8049986958503723,0.2962073082256289,0.6653838604688646,1
ISIC_0028252,NV,NV,5,5,0.9879921674728394,0.0312784362253352,0.9759848220273852,1
ISIC_0028317,MEL,BKL,4,2,0.5020073652267456,0.35623041339769007,0.013540804386138916,0
ISIC_0028415,MEL,MEL,4,4,0.9695590138435364,0.06707102260570003,0.9397034086287022,1
ISIC_0028416,NV,NV,5,5,0.9996192455291748,0.0016249897818710831,0.9992385184159503,1
ISIC_0028455,NV,NV,5,5,0.999298334121704,0.0029290949265701393,0.9986995585495606,1
ISIC_0028462,NV,NV,5,5,0.9999555349349976,0.00023895363590365813,0.999912542556558,1
ISIC_0028505,MEL,MEL,4,4,0.5741986632347107,0.36443411337185366,0.16523760557174688,1
ISIC_0028546,NV,NV,5,5,0.9965794682502748,0.01124638373627512,0.9932731580920519,1
ISIC_0028550,BKL,MEL,2,4,0.9523339867591858,0.10056190145983354,0.909163124859333,0
ISIC_0028555,BKL,BKL,2,2,0.998808979988098,0.004992564870858526,0.9980091205216012,1
ISIC_0028582,MEL,NV,4,5,0.902603268623352,0.1536026199471999,0.8052135482430458,0
ISIC_0028595,NV,NV,5,5,0.976769208908081,0.053329199732948154,0.9536176342517138,1
ISIC_0028653,BCC,BCC,1,1,0.9927814602851868,0.02345707993840903,0.9885044898837806,1
ISIC_0028655,MEL,BKL,4,2,0.6527858972549438,0.48861137443434927,0.4529060274362564,0
ISIC_0028658,NV,NV,5,5,0.6379328370094299,0.3148029744374571,0.2758667469024658,1
ISIC_0028671,BCC,BCC,1,1,0.9934102892875672,0.019159586426906475,0.9868462081067265,1
ISIC_0028711,NV,NV,5,5,0.996367335319519,0.011596905120190864,0.9927456898149103,1
ISIC_0028756,NV,NV,5,5,0.9908111095428468,0.025214014002549957,0.981650340370834,1
ISIC_0028764,MEL,MEL,4,4,0.844078540802002,0.22588511463832356,0.6971129179000854,1
ISIC_0028767,NV,MEL,5,4,0.9036137461662292,0.1691259728723669,0.8160028010606767,0
ISIC_0028779,NV,NV,5,5,0.996173083782196,0.012276264528015857,0.9924298995174469,1
ISIC_0028796,NV,NV,5,5,0.9999799728393556,0.00012102761387986863,0.9999688690395488,1
ISIC_0028805,NV,NV,5,5,0.9993911981582642,0.0026018512367513317,0.9988663317635655,1
ISIC_0028839,NV,NV,5,5,0.999955415725708,0.00023800533287034648,0.999911436043476,1
ISIC_0028845,NV,NV,5,5,0.999995231628418,3.288701383141332e-05,0.9999931082556941,1
ISIC_0028849,NV,NV,5,5,0.9585916996002196,0.09385008901790648,0.9264876917004584,1
ISIC_0028881,BKL,BKL,2,2,0.996908962726593,0.011806844306077416,0.9955811065156013,1
ISIC_0028935,NV,NV,5,5,0.6966601610183716,0.3023561213574748,0.39585766196250916,1
ISIC_0028947,NV,NV,5,5,0.9618348479270936,0.07858893298917724,0.9238791055977347,1
ISIC_0028957,NV,NV,5,5,0.999754011631012,0.0011419133434340733,0.999525971346884,1
ISIC_0028958,BKL,BKL,2,2,0.9729363918304444,0.0615077945123728,0.9466259144246579,1
ISIC_0028965,MEL,MEL,4,4,0.9995071887969972,0.0022427526858868753,0.9991676076606383,1
ISIC_0028971,NV,NV,5,5,0.9935799837112428,0.020481012033291036,0.9889063369482757,1
ISIC_0028988,NV,NV,5,5,0.992480993270874,0.023520601254090785,0.987154629547149,1
ISIC_0028990,AK,BKL,0,2,0.3161842226982116,0.7163491558150931,0.019591391086578314,0
ISIC_0028999,NV,MEL,5,4,0.7379018068313599,0.2767243295643161,0.47582054138183594,0
ISIC_0029012,BKL,BKL,2,2,0.7924549579620361,0.25214491106447495,0.5873394608497621,1
ISIC_0029017,MEL,NV,4,5,0.9457738399505616,0.10148204297158606,0.8915766812860967,0
ISIC_0029021,MEL,MEL,4,4,0.8115592002868652,0.2863588690395944,0.6637632846832275,1
ISIC_0029080,BKL,BKL,2,2,0.879370391368866,0.232303010686995,0.8020048066973686,1
ISIC_0029088,NV,NV,5,5,0.9993250370025636,0.002696255512461452,0.9986504814005459,1
ISIC_0029101,BKL,BKL,2,2,0.9972352385520936,0.009460403623934275,0.994581699371338,1
ISIC_0029112,NV,NV,5,5,0.9997207522392272,0.0013005687245932825,0.9994933310954365,1
ISIC_0029150,NV,NV,5,5,0.9999570846557616,0.00024565596262477113,0.9999332082807085,1
ISIC_0029161,BKL,BKL,2,2,0.9986405968666076,0.005015749626707639,0.9972954116528854,1
ISIC_0029216,MEL,MEL,4,4,0.98438823223114,0.042602961230333004,0.9719723872840405,1
ISIC_0029301,BKL,NV,2,5,0.6104278564453125,0.32173091891527206,0.2208976447582245,0
ISIC_0029311,BKL,BKL,2,2,0.9999402761459352,0.00035063835210832255,0.9999192878185569,1
ISIC_0029323,BCC,BCC,1,1,0.7894613146781921,0.2602382047254848,0.5831154137849808,1
ISIC_0029362,SCC,BCC,6,1,0.9621679186820984,0.0826035998184797,0.9268805533647538,0
ISIC_0029376,NV,NV,5,5,0.999974250793457,0.00014415440726798799,0.9999488340872631,1
ISIC_0029385,NV,NV,5,5,0.9663727283477784,0.07500397204809524,0.9351261816918851,1
ISIC_0029420,BKL,BKL,2,2,0.9999600648880004,0.00022723085650419356,0.9999395423164968,1
ISIC_0029436,NV,NV,5,5,0.9749167561531068,0.05636799545924252,0.949833618476987,1
ISIC_0029442,NV,NV,5,5,0.9789872765541076,0.04906820014756552,0.9579830914735794,1
ISIC_0029561,NV,NV,5,5,0.999986171722412,8.562561132817207e-05,0.9999792501885166,1
ISIC_0029568,BKL,BKL,2,2,0.9964244961738586,0.012448531600242804,0.9936879067681731,1
ISIC_0029584,NV,NV,5,5,0.9999998807907104,6.796890415137232e-07,0.9999998314353178,1
ISIC_0029592,NV,NV,5,5,0.9986538887023926,0.0050367857380512575,0.9973519815830515,1
ISIC_0029599,NV,NV,5,5,0.9994176626205444,0.0023726835934289596,0.9988372401567176,1
ISIC_0029617,BKL,NV,2,5,0.6717543601989746,0.39856803486303083,0.4296461045742035,0
ISIC_0029628,NV,NV,5,5,0.9999772310256958,0.0001370294890516687,0.9999613256095472,1
ISIC_0029641,NV,NV,5,5,0.5346984267234802,0.4688275268494533,0.1657676100730896,1
ISIC_0029683,BKL,BKL,2,2,0.7199825048446655,0.31350625009162053,0.4551157355308533,1
ISIC_0029700,NV,NV,5,5,0.9998891353607178,0.0005398793368364334,0.9997784967854386,1
ISIC_0029732,NV,NV,5,5,0.9999116659164428,0.0004596267816467431,0.9998339910598587,1
ISIC_0029739,NV,NV,5,5,0.9999899864196776,6.314134989464751e-05,0.9999834043569534,1
ISIC_0029774,NV,NV,5,5,0.9999890327453612,6.581286406106352e-05,0.9999781336391605,1
ISIC_0029799,NV,NV,5,5,0.9914922118186952,0.023961790955161523,0.9831128343939782,1
ISIC_0029806,NV,NV,5,5,0.999929666519165,0.0003591246194269376,0.999859816627577,1
ISIC_0029810,BKL,BKL,2,2,0.7044424414634705,0.3710462242357003,0.4498080909252167,1
ISIC_0029854,NV,NV,5,5,0.7378040552139282,0.2852848229744682,0.4788104593753815,1
ISIC_0029873,NV,NV,5,5,0.9981960654258728,0.006853973380177248,0.9968716785078869,1
ISIC_0029906,NV,NV,5,5,0.999715268611908,0.0013788261325576108,0.9995090580778196,1
ISIC_0029915,AK,DF,0,3,0.9771579504013062,0.06188850954979016,0.9618981108069421,0
ISIC_0029928,NV,NV,5,5,0.9998873472213744,0.0005508170407543302,0.9997762486964347,1
ISIC_0029944,NV,NV,5,5,0.9886257648468018,0.030222546255544745,0.9773606983944775,1
ISIC_0030000,NV,NV,5,5,0.9958146214485168,0.013396302046047909,0.991804134566337,1
ISIC_0030005,BKL,AK,2,0,0.7189513444900513,0.36648679538891876,0.5129683315753937,0
ISIC_0030031,MEL,MEL,4,4,0.5192435383796692,0.6119411759808501,0.2821540832519532,1
ISIC_0030075,NV,NV,5,5,0.9999756813049316,0.00013666193034640647,0.9999515171330131,1
ISIC_0030091,NV,NV,5,5,0.7207183837890625,0.39069979246316705,0.5681650638580323,1
ISIC_0030097,NV,NV,5,5,0.9999924898147584,4.6701096033210395e-05,0.9999852218825255,1
ISIC_0030106,MEL,MEL,4,4,0.9857327938079834,0.040738989210057,0.9764210544526578,1
ISIC_0030112,NV,NV,5,5,0.9999765157699584,0.00013182181187576866,0.9999530320492339,1
ISIC_0030136,NV,NV,5,5,0.9999668598175048,0.00018673593768539433,0.999937115864668,1
ISIC_0030138,BCC,BCC,1,1,0.9979857206344604,0.007243561919470863,0.9960857792757453,1
ISIC_0030168,NV,NV,5,5,0.9866148829460144,0.03563298745919753,0.973875854164362,1
ISIC_0030173,BKL,BKL,2,2,0.995125949382782,0.015732499052661376,0.990888824686408,1
ISIC_0030191,SCC,SCC,6,6,0.9552724957466124,0.09390901390648582,0.9141125567257403,1
ISIC_0030240,BKL,BKL,2,2,0.9977974891662598,0.008536543021334464,0.9962114903610201,1
ISIC_0030260,NV,MEL,5,4,0.3557611405849457,0.533894414350215,0.0006941556930541992,0
ISIC_0030269,NV,NV,5,5,0.9995015859603882,0.0022289755788010815,0.9992442234652118,1
ISIC_0030270,NV,NV,5,5,0.9997703433036804,0.0010921755162606474,0.999577559385216,1
ISIC_0030322,NV,NV,5,5,0.9975516200065612,0.0087767024713646,0.9954956790897995,1
ISIC_0030351,NV,NV,5,5,0.999789297580719,0.0010208848246010512,0.999641337810317,1
ISIC_0030354,NV,NV,5,5,0.9906490445137024,0.02881763534307867,0.9856031485833228,1
ISIC_0030366,MEL,NV,4,5,0.7000455260276794,0.2939637518635262,0.40013349056243896,0
ISIC_0030381,NV,NV,5,5,0.9998942613601683,0.0005310543566471855,0.9997973351710242,1
ISIC_0030391,MEL,NV,4,5,0.8518611192703247,0.2021657152193192,0.7038298547267914,0
ISIC_0030422,NV,NV,5,5,0.9808905124664308,0.052413601741196116,0.9708421854302288,1
ISIC_0030424,NV,NV,5,5,0.9999102354049684,0.0004714423639785814,0.9998359727396747,1
ISIC_0030436,BKL,BKL,2,2,0.8393139243125916,0.29171364956410467,0.7406744435429573,1
ISIC_0030460,NV,NV,5,5,0.8768030405044556,0.21784656382859413,0.796668715775013,1
ISIC_0030475,NV,NV,5,5,0.999996542930603,2.3683411700205188e-05,0.9999932893213099,1
ISIC_0030477,NV,NV,5,5,0.9998674392700196,0.0006762002778432541,0.9997892350729672,1
ISIC_0030490,NV,NV,5,5,0.9998542070388794,0.0006896626234839669,0.9997085317008896,1
ISIC_0030515,NV,NV,5,5,0.9999983310699464,1.1753618252007673e-05,0.9999966365102183,1
ISIC_0030522,BKL,NV,2,5,0.5554181933403015,0.3305459225182316,0.11086702346801763,0
ISIC_0030543,NV,NV,5,5,0.994682252407074,0.01656283103190076,0.9897016622126102,1
ISIC_0030559,NV,NV,5,5,0.9861733913421632,0.035474443582432916,0.9724858161062004,1
ISIC_0030584,NV,NV,5,5,0.9991936087608336,0.003175673320090116,0.9983957821386865,1
ISIC_0030589,NV,BCC,5,1,0.7822373509407043,0.345217518153902,0.6606260165572166,0
ISIC_0030598,NV,MEL,5,4,0.5450234413146973,0.4362387990881089,0.1697023510932923,0
ISIC_0030636,BKL,BKL,2,2,0.7093254327774048,0.3125199351240774,0.4277258217334748,1
ISIC_0030655,AK,BKL,0,2,0.998435914516449,0.005866640121187248,0.9970119347563013,0
ISIC_0030679,NV,NV,5,5,0.9999734163284302,0.00015429966840097025,0.9999515911968047,1
ISIC_0030682,NV,NV,5,5,0.9517225027084352,0.10648393137174055,0.9152145050466063,1
ISIC_0030691,NV,NV,5,5,0.9998542070388794,0.0007152652179660711,0.9997243557008915,1
ISIC_0030704,NV,NV,5,5,0.7904716730117798,0.24721791897267167,0.5810175091028214,1
ISIC_0030722,VASC,VASC,7,7,0.9999994039535522,4.811167005967201e-06,0.9999989829668721,1
ISIC_0030744,BKL,SCC,2,6,0.8315297961235046,0.2561548095510612,0.6844691336154938,0
ISIC_0030765,NV,NV,5,5,0.984660804271698,0.03815099802989801,0.9693250358104706,1
ISIC_0030790,NV,BKL,5,2,0.94981849193573,0.10988816409278686,0.9133479334414005,0
ISIC_0030823,NV,NV,5,5,0.9999924898147584,4.665886385307926e-05,0.9999850966078158,1
ISIC_0030856,NV,NV,5,5,0.7336897850036621,0.3512992827286829,0.5342819839715958,1
ISIC_0030926,BKL,BKL,2,2,0.9982459545135498,0.006814767169462033,0.9970195393543692,1
ISIC_0030938,NV,NV,5,5,0.9996046423912048,0.0017295632128259632,0.999236534233205,1
ISIC_0030965,BKL,BKL,2,2,0.9153620004653932,0.16320974229255425,0.845531038939953,1
ISIC_0030984,NV,NV,5,5,0.9999918937683104,4.9803251069388143e-05,0.9999837976765774,1
ISIC_0031000,BKL,BKL,2,2,0.9616543650627136,0.09449770995535553,0.937297521159053,1
ISIC_0031013,MEL,MEL,4,4,0.988830268383026,0.03200832242863842,0.9796161083504558,1
ISIC_0031014,NV,NV,5,5,0.6941840648651123,0.4066869578017706,0.5154670625925064,1
ISIC_0031089,NV,NV,5,5,0.9997374415397644,0.001193958269550253,0.9994888200599235,1
ISIC_0031097,NV,NV,5,5,0.988591969013214,0.030038935874872514,0.9771945029497145,1
ISIC_0031114,NV,NV,5,5,0.9987815022468568,0.005020370432816245,0.997897890454624,1
ISIC_0031123,DF,DF,3,3,0.5216180682182312,0.34710118345394325,0.04853102564811712,1
ISIC_0031128,NV,NV,5,5,0.92867910861969,0.14616150380714976,0.8828027099370958,1
ISIC_0031167,NV,NV,5,5,0.9999982118606568,1.2815184750065312e-05,0.9999967581744614,1
ISIC_0031171,BCC,BCC,1,1,0.9359182119369508,0.12444764448415689,0.8759919404983522,1
ISIC_0031201,VASC,VASC,7,7,0.9999998807907104,1.0725768921787065e-06,0.9999998038232363,1
ISIC_0031205,NV,NV,5,5,0.6344445943832397,0.3196770315449655,0.2701137065887452,1
ISIC_0031260,NV,NV,5,5,0.99979966878891,0.0009420747045685063,0.9996140837465647,1
ISIC_0031278,NV,MEL,5,4,0.7964357733726501,0.24839124707220267,0.5946715921163559,0
ISIC_0031316,NV,NV,5,5,0.999964952468872,0.00019800626685715785,0.999935295585601,1
ISIC_0031399,NV,NV,5,5,0.7334733605384827,0.3670986286469447,0.5212674736976624,1
ISIC_0031418,NV,NV,5,5,0.998494267463684,0.006067722811642742,0.9976410091621801,1
ISIC_0031419,NV,NV,5,5,0.9996198415756226,0.0016546823000000424,0.9992519075167365,1
ISIC_0031422,NV,NV,5,5,0.7113074064254761,0.29382488100124987,0.42391324043273926,1
ISIC_0031436,BKL,BKL,2,2,0.9939594268798828,0.01852947320080579,0.9882505144923927,1
ISIC_0031440,NV,NV,5,5,0.4525374174118042,0.5310424360661009,0.1712760329246521,1
ISIC_0031455,NV,NV,5,5,0.9982593655586244,0.006630118554030508,0.9967658537207172,1
ISIC_0031468,BKL,BKL,2,2,0.9476887583732604,0.12365728520320866,0.9176976475864648,1
ISIC_0031515,NV,NV,5,5,0.8115481734275818,0.24192345570395576,0.6265347898006439,1
ISIC_0031520,BCC,SCC,1,6,0.9018216729164124,0.17047603104400724,0.811355285346508,0
ISIC_0031543,MEL,BKL,4,2,0.6380569934844971,0.45814217490970266,0.4530957341194153,0
ISIC_0031544,NV,NV,5,5,0.9949970245361328,0.015325398505793496,0.9900536299683154,1
ISIC_0031567,NV,MEL,5,4,0.6132100224494934,0.3211278138417685,0.2264633178710938,0
ISIC_0031593,BKL,AK,2,0,0.7959137558937073,0.2870902348575885,0.6178003251552582,0
ISIC_0031613,NV,NV,5,5,0.9921785593032836,0.02374365732944942,0.9855752298608422,1
ISIC_0031661,NV,NV,5,5,0.9996145963668824,0.0017570708129150743,0.999296177615179,1
ISIC_0031675,NV,NV,5,5,0.9981854557991028,0.006383478011781302,0.996371713699773,1
ISIC_0031692,SCC,SCC,6,6,0.729761004447937,0.4071051730454651,0.55464106798172,1
ISIC_0031693,NV,NV,5,5,0.997740626335144,0.007866981611298849,0.9955516741611065,1
ISIC_0031709,MEL,SCC,4,6,0.5010647773742676,0.44932578990763944,0.09050700068473816,0
ISIC_0031712,BCC,BCC,1,1,0.9237018823623656,0.1647987728169048,0.887304287403822,1
ISIC_0031716,BKL,BKL,2,2,0.5971572399139404,0.5205109573777302,0.3400093913078308,1
ISIC_0031741,MEL,MEL,4,4,0.8204569816589355,0.22643917145421172,0.6409291476011276,1
ISIC_0031742,NV,MEL,5,4,0.5862878561019897,0.3278198984301629,0.17297634482383734,0
ISIC_0031768,NV,NV,5,5,0.999982476234436,0.00010667529557476747,0.9999709526091465,1
ISIC_0031774,NV,NV,5,5,0.9999966621398926,2.2603552033968695e-05,0.9999941845057947,1
ISIC_0031795,MEL,MEL,4,4,0.9844494462013244,0.038846832764591395,0.9689816180616616,1
ISIC_0031813,NV,NV,5,5,0.9055459499359132,0.15087799618819359,0.8112140670418742,1
ISIC_0031816,NV,NV,5,5,0.9999979734420776,1.4454891068075331e-05,0.9999960903949159,1
ISIC_0031850,NV,NV,5,5,0.9993755221366882,0.0025184910894325966,0.9987516286782921,1
ISIC_0031851,BKL,SCC,2,6,0.9248834848403932,0.13147028754691037,0.8510122150182726,0
ISIC_0031854,NV,NV,5,5,0.9999432563781738,0.0002980599403108204,0.9998881614665152,1
ISIC_0031870,NV,NV,5,5,0.9999326467514038,0.00034409920599011,0.9998654069349868,1
ISIC_0031898,NV,NV,5,5,0.9999933242797852,4.263100607071815e-05,0.9999868978075028,1
ISIC_0031910,NV,NV,5,5,0.9999557733535768,0.00023458968142035997,0.9999115568061826,1
ISIC_0031913,NV,MEL,5,4,0.6066102385520935,0.3859765707825684,0.25415709614753723,0
ISIC_0031920,NV,NV,5,5,0.9994587302207948,0.0023769383414517812,0.9990752659505235,1
ISIC_0031946,NV,NV,5,5,0.999853253364563,0.0006994221470700184,0.9997087118244963,1
ISIC_0031963,NV,NV,5,5,0.979878544807434,0.05317909752221084,0.9654787518084049,1
ISIC_0031965,NV,NV,5,5,0.993221402168274,0.021962728974694767,0.9886196278966966,1
ISIC_0031969,NV,NV,5,5,0.9600585103034972,0.08069614275045253,0.9201213680207729,1
ISIC_0031991,NV,BKL,5,2,0.9466649293899536,0.11272050133324432,0.9033299200236798,0
ISIC_0031994,NV,NV,5,5,0.9999979734420776,1.3587649573071476e-05,0.9999960974658961,1
ISIC_0031995,NV,NV,5,5,0.996648371219635,0.010799120778226728,0.9932979517616332,1
ISIC_0032071,NV,NV,5,5,0.9982598423957824,0.006488807145790408,0.9967174150515348,1
ISIC_0032084,NV,NV,5,5,0.9992756247520448,0.002962044043954962,0.9986076576169582,1
ISIC_0032124,BKL,BKL,2,2,0.9999876022338868,7.405423029104771e-05,0.9999752978428661,1
ISIC_0032156,BKL,BKL,2,2,0.9964879751205444,0.01181985843633261,0.9933241060934961,1
ISIC_0032165,NV,NV,5,5,0.9989878535270692,0.0038601085609639226,0.9979804980102928,1
ISIC_0032173,SCC,SCC,6,6,0.9991511106491088,0.003731219247987142,0.9986065317643805,1
ISIC_0032185,BCC,BCC,1,1,0.9870484471321106,0.033463266183308804,0.9741535913199187,1
ISIC_0032186,NV,MEL,5,4,0.7702615261077881,0.32682369346677254,0.6062633842229844,0
ISIC_0032200,BKL,MEL,2,4,0.6581805348396301,0.5076750088701882,0.48631612956523906,0
ISIC_0032206,AK,DF,0,3,0.547176718711853,0.5250867135525448,0.26967790722846985,0
ISIC_0032213,NV,NV,5,5,0.9996546506881714,0.0015026873911433653,0.9993133570533246,1
ISIC_0032241,NV,NV,5,5,0.999988317489624,7.085438054724093e-05,0.999977385746206,1
ISIC_0032266,NV,NV,5,5,0.9992243051528932,0.0032822475548735163,0.9986113754566761,1
ISIC_0032283,BKL,BKL,2,2,0.7824689745903015,0.37336366223276446,0.6891987249255181,1
ISIC_0032287,MEL,NV,4,5,0.9739491939544678,0.06445855235163629,0.9525157399475574,0
ISIC_0032289,NV,NV,5,5,0.9999831914901732,9.816750218060764e-05,0.9999666685198462,1
ISIC_0032423,NV,NV,5,5,0.4929831326007843,0.3706349223967044,0.0038364529609680176,1
ISIC_0032431,NV,NV,5,5,0.9999988079071044,8.526701956728793e-06,0.999998005104885,1
ISIC_0032451,NV,NV,5,5,0.999394416809082,0.0026660103106347682,0.9990713706065435,1
ISIC_0032465,NV,NV,5,5,0.9997054934501648,0.0014337628264482853,0.9995345405914123,1
ISIC_0032494,NV,NV,5,5,0.9980740547180176,0.006739744355077218,0.9961548300925642,1
ISIC_0032506,NV,NV,5,5,0.9999643564224244,0.0002040744495721472,0.9999360576439359,1
ISIC_0032508,BKL,BKL,2,2,0.8859148621559143,0.18140647122398454,0.7771743386983871,1
ISIC_0032536,BCC,BKL,1,2,0.9431546330451964,0.12667690726735797,0.9060358628630637,0
ISIC_0032579,NV,NV,5,5,0.9694050550460817,0.06978561284665678,0.9411428235471251,1
ISIC_0032600,NV,NV,5,5,0.9252011179924012,0.12799461968082887,0.8504334017634393,1
ISIC_0032605,NV,NV,5,5,0.8505754470825195,0.21568045466608607,0.7070350795984268,1
ISIC_0032624,MEL,MEL,4,4,0.8757880330085754,0.22099409751297763,0.802481085062027,1
ISIC_0032634,NV,BKL,5,2,0.8236174583435059,0.23834165204674795,0.654317006468773,0
ISIC_0032692,VASC,VASC,7,7,0.85451340675354,0.20090132724373816,0.7094610631465912,1
ISIC_0032757,BKL,BKL,2,2,0.5214966535568237,0.4375687671651841,0.12008637189865112,1
ISIC_0032759,NV,NV,5,5,0.9936099648475648,0.01876313832531536,0.9872775562107565,1
ISIC_0032760,NV,NV,5,5,0.9995997548103333,0.001725085898213549,0.9992107671278063,1
ISIC_0032770,NV,NV,5,5,0.8717135787010193,0.18597405954054047,0.743904322385788,1
ISIC_0032779,NV,NV,5,5,0.9936659932136536,0.019250310545656464,0.9877110975794494,1
ISIC_0032783,NV,NV,5,5,0.9964303374290466,0.011504180013272232,0.9929027135949582,1
ISIC_0032791,NV,NV,5,5,0.9049866199493408,0.1509977821297804,0.8099736049771309,1
ISIC_0032821,NV,NV,5,5,0.991319477558136,0.023983808425687494,0.9826417854055763,1
ISIC_0032830,NV,NV,5,5,0.8311388492584229,0.21839439730784532,0.6622827500104904,1
ISIC_0032839,VASC,VASC,7,7,0.999964714050293,0.0002043604603312272,0.9999412649813166,1
ISIC_0032853,NV,NV,5,5,0.750314474105835,0.32451880321587745,0.541959673166275,1
ISIC_0032880,NV,NV,5,5,0.5409236550331116,0.3317236295320487,0.08184769749641418,1
ISIC_0032892,MEL,MEL,4,4,0.9999585151672364,0.00022221851438549494,0.9999172352436291,1
ISIC_0032896,NV,NV,5,5,0.9999227523803712,0.0003974964180000763,0.9998492822705886,1
ISIC_0032932,VASC,VASC,7,7,0.9999936819076538,4.181416488185983e-05,0.9999893988619988,1
ISIC_0032962,NV,NV,5,5,0.9961355924606324,0.013156081798235738,0.9930984575767071,1
ISIC_0032983,BKL,BKL,2,2,0.8693832755088806,0.18767439606864994,0.7391474843025208,1
ISIC_0032986,NV,NV,5,5,0.9824894666671752,0.04241376344696848,0.9649799279868602,1
ISIC_0033029,MEL,NV,4,5,0.9909418225288392,0.028209527667691782,0.9843136332929137,0
ISIC_0033036,NV,NV,5,5,0.9892591834068298,0.02857872080698296,0.9785240823403001,1
ISIC_0033089,MEL,MEL,4,4,0.6173185110092163,0.43327918995661163,0.34231293201446533,1
ISIC_0033097,NV,NV,5,5,0.9910412430763244,0.026614663039103974,0.983347882516682,1
ISIC_0033100,NV,BKL,5,2,0.9957286715507508,0.013582265786337977,0.9915932547301055,0
ISIC_0033104,NV,NV,5,5,0.961808741092682,0.07803980145490758,0.9236309826374056,1
ISIC_0033109,NV,NV,5,5,0.9843350648880004,0.03879119066043615,0.9686714354902505,1
ISIC_0033148,NV,NV,5,5,0.9965355396270752,0.011107805940650146,0.9930724003352225,1
ISIC_0033189,NV,NV,5,5,0.87107914686203,0.18564933136177703,0.7423612177371979,1
ISIC_0033191,NV,NV,5,5,0.9999932050704956,4.626180239630218e-05,0.9999902047868545,1
ISIC_0033226,MEL,NV,4,5,0.8830896615982056,0.20362441222743274,0.7925232946872711,0
ISIC_0033233,NV,NV,5,5,0.9769535660743712,0.0632105920374154,0.9628055291250347,1
ISIC_0033277,NV,NV,5,5,0.9982448816299438,0.006877349054211501,0.9973236451623961,1
ISIC_0033292,NV,NV,5,5,0.9971187114715576,0.009507526441293023,0.9942417771089822,1
ISIC_0033339,NV,NV,5,5,0.973125696182251,0.07249087570601771,0.9563494101166726,1
ISIC_0033379,BKL,BKL,2,2,0.9887176752090454,0.03001377855120431,0.9775392338633538,1
ISIC_0033384,NV,NV,5,5,0.7245847582817078,0.2845777955289763,0.44956341385841375,1
ISIC_0033417,NV,NV,5,5,0.9912419319152832,0.026669961676424693,0.984637585002929,1
ISIC_0033438,BKL,BKL,2,2,0.937622845172882,0.11246364331717117,0.8752948716282843,1
ISIC_0033462,NV,NV,5,5,0.999698042869568,0.0014626666930164993,0.9995323509210722,1
ISIC_0033483,BCC,MEL,1,4,0.7769007682800293,0.3152487130019184,0.5849260836839676,0
ISIC_0033507,BKL,BKL,2,2,0.7434211373329163,0.32490328672236524,0.5236662775278091,1
ISIC_0033543,NV,NV,5,5,0.9999332427978516,0.00035302309674877945,0.9998719154973514,1
ISIC_0033562,MEL,MEL,4,4,0.7109290957450867,0.3811122397676528,0.49871654808521276,1
ISIC_0033567,NV,NV,5,5,0.9991996884346008,0.0032583157376936712,0.9984810162568465,1
ISIC_0033586,MEL,MEL,4,4,0.4429505467414856,0.470791298538759,0.006867289543151911,1
ISIC_0033608,VASC,VASC,7,7,0.9972320199012756,0.00921935474891729,0.994479806860909,1
ISIC_0033610,NV,BKL,5,2,0.5009421110153198,0.33367339711777055,0.0019529461860657293,0
ISIC_0033611,MEL,NV,4,5,0.7594905495643616,0.27192861149227304,0.52143794298172,0
ISIC_0033613,BKL,BKL,2,2,1.0,6.953361496172995e-07,0.9999999557581098,1
ISIC_0033622,NV,NV,5,5,0.9989604949951172,0.00405687139492974,0.9979752998333424,1
ISIC_0033647,NV,NV,5,5,0.998956561088562,0.0042949692817988655,0.9984045931487345,1
ISIC_0033694,NV,NV,5,5,0.9526164531707764,0.09431431519528775,0.9061965644359589,1
ISIC_0033706,NV,NV,5,5,0.9786640405654908,0.05627104401757835,0.9645395930856469,1
ISIC_0033716,BKL,NV,2,5,0.5320305824279785,0.4825640783301338,0.21987619996070862,0
ISIC_0033751,NV,NV,5,5,0.9997292160987854,0.0012871686291309426,0.9995560538518476,1
ISIC_0033791,BKL,MEL,2,4,0.5052197575569153,0.3900173216296413,0.041604042053222656,0
ISIC_0033829,BKL,BKL,2,2,0.819633960723877,0.229305170281853,0.6399355828762054,1
ISIC_0033897,NV,NV,5,5,0.9745879769325256,0.06510729336321731,0.957467645406723,1
ISIC_0033950,NV,NV,5,5,0.7503544092178345,0.27134498945910634,0.500973105430603,1
ISIC_0033969,VASC,VASC,7,7,0.9998328685760498,0.0007805480550896516,0.9996661804179894,1
ISIC_0033977,MEL,MEL,4,4,0.5361173748970032,0.5088796525204683,0.25798332691192627,1
ISIC_0034002,MEL,MEL,4,4,0.8812751770019531,0.19071303745859494,0.7716150879859924,1
ISIC_0034011,BKL,BKL,2,2,0.997095823287964,0.01032382179835882,0.9946557465009392,1
ISIC_0034013,NV,NV,5,5,0.9844581484794616,0.03914479203403964,0.9691554540768266,1
ISIC_0034014,NV,NV,5,5,0.8705270886421204,0.2246930940998418,0.7787742093205453,1
ISIC_0034024,BKL,BKL,2,2,0.5039747357368469,0.3696506391815166,0.02495348453521734,1
ISIC_0034128,NV,NV,5,5,0.998664617538452,0.0048974717341351585,0.9973305201856418,1
ISIC_0034139,NV,NV,5,5,0.9945570230484008,0.0163162229210413,0.9891301672905682,1
ISIC_0034148,NV,NV,5,5,0.7285299897193909,0.3735813956725573,0.5752241462469102,1
ISIC_0034166,NV,NV,5,5,0.9999849796295166,9.063925132489435e-05,0.9999716380407335,1
ISIC_0034184,NV,NV,5,5,0.9785776138305664,0.054780337567238144,0.9607416428625584,1
ISIC_0034185,NV,NV,5,5,0.9999573230743408,0.0002503582715529145,0.9999356257994805,1
ISIC_0034201,BKL,BKL,2,2,0.9975288510322572,0.008566095835764096,0.9951671489980073,1
ISIC_0034241,NV,NV,5,5,0.8988311886787415,0.20214103385896234,0.8368532322347164,1
ISIC_0034252,BKL,MEL,2,4,0.8420135378837585,0.2330874944221685,0.6976803839206696,0
ISIC_0034260,NV,NV,5,5,0.9527027606964112,0.09566098699505715,0.9074425660073758,1
ISIC_0053470,MEL,MEL,4,4,0.9998612403869628,0.0007212945366772294,0.999767459805298,1
ISIC_0053532,NV,BKL,5,2,0.4445099234580993,0.5273958173110285,0.1472435593605041,0
ISIC_0053551,NV,MEL,5,4,0.5008099675178528,0.3784512832962202,0.02479681372642517,0
ISIC_0053582,MEL,MEL,4,4,0.9999990463256836,6.98712759092735e-06,0.9999982099112117,1
ISIC_0053588,NV,NV,5,5,0.9346047043800354,0.1330243839476217,0.8806275352835656,1
ISIC_0053599,BCC,BKL,1,2,0.9925503730773926,0.02201838119303022,0.9855689937248827,0
ISIC_0053660,MEL,BKL,4,2,0.7550870776176453,0.3114863484864786,0.5327539592981339,0
ISIC_0053710,NV,BCC,5,1,0.8890029788017273,0.1682751849718394,0.7781650200486184,0
ISIC_0053725,MEL,MEL,4,4,0.8293930888175964,0.2984780028473888,0.7282837927341461,1
ISIC_0053739,NV,NV,5,5,0.9997041821479796,0.0012996746680021506,0.9994088024541269,1
ISIC_0053758,NV,BCC,5,1,0.9844508171081544,0.03920136832667808,0.9691482363268735,0
ISIC_0053791,MEL,BCC,4,1,0.9028086066246032,0.15637473816052724,0.8067194744944571,0
ISIC_0053812,MEL,MEL,4,4,0.9958770275115968,0.012950244075445507,0.9917831881903114,1
ISIC_0053813,BCC,AK,1,0,0.7866134643554688,0.24936721141955676,0.5732388347387314,0
ISIC_0053863,BCC,VASC,1,7,0.986517369747162,0.035159603122063725,0.9733367003500463,0
ISIC_0053871,NV,NV,5,5,0.9948386549949646,0.01584575223009413,0.9898083973675967,1
ISIC_0053957,BCC,BCC,1,1,0.9988056421279908,0.005206347444007452,0.9983582756831312,1
ISIC_0053992,NV,NV,5,5,0.9991371035575868,0.0033555761132362198,0.9982778590638192,1
ISIC_0054006,MEL,MEL,4,4,0.8854691386222839,0.18076030864848036,0.7757167294621469,1
ISIC_0054039,NV,MEL,5,4,0.9651669859886168,0.07589476565869883,0.931881759315729,0
ISIC_0054060,BCC,BCC,1,1,0.6915296912193298,0.3225001588500426,0.39352500438690186,1
ISIC_0054110,MEL,MEL,4,4,0.9371173977851868,0.11329351452710089,0.8743344470858575,1
ISIC_0054163,SCC,BCC,6,1,0.988282024860382,0.03395020237540221,0.9783586412668228,0
ISIC_0054197,NV,NV,5,5,0.9433286786079408,0.11874618224399577,0.8978080898523332,1
ISIC_0054234,BKL,MEL,2,4,0.9970209002494812,0.011259743692682308,0.9956504050642252,0
ISIC_0054258,NV,NV,5,5,0.9921185970306396,0.022611478048760687,0.9844543868675828,1
ISIC_0054302,MEL,NV,4,5,0.5183438062667847,0.45169201656230173,0.12898319959640508,0
ISIC_0054304,NV,BCC,5,1,0.9395967721939088,0.11136071406674238,0.8797645382583144,0
ISIC_0054329,MEL,AK,4,0,0.8115134239196777,0.24587655649056106,0.627947673201561,0
ISIC_0054341,MEL,MEL,4,4,0.999976396560669,0.00014170393826506742,0.9999619709869876,1
ISIC_0054370,BCC,BKL,1,2,0.9193099737167358,0.17354154903557548,0.8788887150585651,0
ISIC_0054381,NV,MEL,5,4,0.8499705791473389,0.20330983800372107,0.6999418586492538,0
ISIC_0054442,NV,NV,5,5,0.882814347743988,0.19337062108981293,0.7784018591046333,1
ISIC_0054446,NV,NV,5,5,0.8647805452346802,0.19538037997834262,0.7313828170299531,1
ISIC_0054451,BCC,AK,1,0,0.9992902278900146,0.002816514142662149,0.9985805575270207,0
ISIC_0054464,MEL,BKL,4,2,0.953399658203125,0.10655006349012298,0.9273390509188176,0
ISIC_0054483,NV,VASC,5,7,0.7838613986968994,0.25171059008744945,0.5678848773241043,0
ISIC_0054587,NV,BCC,5,1,0.533416211605072,0.3502473391256047,0.0735827386379242,0
ISIC_0054600,NV,BKL,5,2,0.6085461974143982,0.3939520331473262,0.2513240277767182,0
ISIC_0054615,BCC,BCC,1,1,0.9891015887260436,0.033596283941741,0.9833983439020811,1
ISIC_0054622,NV,NV,5,5,0.999991774559021,5.435732034854723e-05,0.9999871996792535,1
ISIC_0054674,BCC,BCC,1,1,0.9746932983398438,0.061622268377502884,0.9516134746372701,1
ISIC_0054687,AK,AK,0,0,0.7922491431236267,0.28480603797541215,0.6066286861896515,1
ISIC_0054711,NV,NV,5,5,0.9021385312080384,0.16052925703001564,0.8072393685579301,1
ISIC_0054722,BCC,BCC,1,1,0.4684911072254181,0.476920055525603,0.0249326229095459,1
ISIC_0054732,NV,NV,5,5,0.9994741082191468,0.0023326793644532218,0.9991157572658268,1
ISIC_0054767,MEL,NV,4,5,0.9957740902900696,0.01335967137878922,0.9916324228979648,0
ISIC_0054799,BCC,BCC,1,1,0.9724227786064148,0.07108146716854247,0.9519198387861252,1
ISIC_0054845,BCC,BCC,1,1,0.994566798210144,0.017012876015468033,0.9895843537524344,1
ISIC_0054865,NV,NV,5,5,0.7661787271499634,0.2670100164708655,0.5343258529901505,1
ISIC_0054878,AK,AK,0,0,0.504025399684906,0.583694957740514,0.25669807195663463,1
ISIC_0054879,BKL,BKL,2,2,0.9999569654464722,0.0002303694794801205,0.9999144842659007,1
ISIC_0054904,MEL,MEL,4,4,0.918559730052948,0.16317730523764987,0.8764701969921589,1
ISIC_0055010,BCC,BCC,1,1,0.999066174030304,0.004130715573464025,0.998631610593293,1
ISIC_0055022,MEL,NV,4,5,0.6289300322532654,0.40711877180574285,0.33242419362068176,0
ISIC_0055053,NV,NV,5,5,0.804961621761322,0.32868343629721847,0.7177886664867401,1
ISIC_0055059,BCC,BCC,1,1,0.8971859812736511,0.16374041385613877,0.7959329560399057,1
ISIC_0055090,NV,NV,5,5,0.9918026328086852,0.02534523009121312,0.9862135611474513,1
ISIC_0055131,SCC,BCC,6,1,0.9966282248497008,0.011212175176431092,0.9933967697434127,0
ISIC_0055159,AK,SCC,0,6,0.9998972415924072,0.0005371115179279854,0.9998148002050584,0
ISIC_0055187,NV,NV,5,5,0.9874733686447144,0.03299353315246621,0.9752117041498424,1
ISIC_0055245,BCC,BCC,1,1,0.9996515512466432,0.0015128522711328328,0.9993069093907254,1
ISIC_0055275,BCC,BCC,1,1,0.9985021352767944,0.005934824382026746,0.99772332952125,1
ISIC_0055290,NV,NV,5,5,0.999207079410553,0.003167653927603182,0.9984435440273955,1
ISIC_0055361,MEL,BCC,4,1,0.8869305849075317,0.19177711054730154,0.7860498875379562,0
ISIC_0055400,AK,BKL,0,2,0.9999911785125732,5.705752662857743e-05,0.999985153192938,0
ISIC_0055414,NV,NV,5,5,0.7984446287155151,0.31073504718711425,0.6652714908123016,1
ISIC_0055418,BCC,VASC,1,7,0.999380111694336,0.0028452347069259144,0.9990405737189577,0
ISIC_0055455,BCC,BCC,1,1,0.7874818444252014,0.271644110853315,0.5836535692214966,1
ISIC_0055463,NV,MEL,5,4,0.6629081964492798,0.3271731021546368,0.3347448408603669,0
ISIC_0055472,BKL,SCC,2,6,0.99946266412735,0.0022233044331422505,0.9989326090435499,0
ISIC_0055473,BKL,BKL,2,2,0.9945595860481262,0.018879259113410107,0.9914049215149136,1
ISIC_0055527,MEL,MEL,4,4,0.9999645948410034,0.00020033899830369396,0.9999344562293118,1
ISIC_0055643,MEL,NV,4,5,0.9550977349281312,0.10145919820796298,0.9236681014299394,0
ISIC_0055727,NV,NV,5,5,0.9695551991462708,0.06554205539464378,0.9391108639538288,1
ISIC_0055815,SCC,BCC,6,1,0.4582197070121765,0.519049585291617,0.1414394974708557,0
ISIC_0055856,NV,NV,5,5,0.9249499440193176,0.13025360328239935,0.8506392240524292,1
ISIC_0055894,BKL,AK,2,0,0.9945384860038756,0.01828348829539616,0.9914584693033247,0
ISIC_0055913,BCC,BKL,1,2,0.9999167919158936,0.00045073363398292555,0.9998554656194756,0
ISIC_0056017,MEL,MEL,4,4,0.9804932475090028,0.04757430145962411,0.9615993890911342,1
ISIC_0056022,NV,MEL,5,4,0.9001097679138184,0.15652216689474663,0.8002968207001686,0
ISIC_0056035,NV,MEL,5,4,0.8783091902732849,0.18253511806509387,0.7580418139696122,0
ISIC_0056055,NV,NV,5,5,0.9935500025749208,0.0187819189862213,0.9871119773015382,1
ISIC_0056189,BCC,BCC,1,1,0.9932841062545776,0.021681858684426285,0.9886955050751567,1
ISIC_0056190,MEL,MEL,4,4,0.9965566396713256,0.011519631179593828,0.993372404249385,1
ISIC_0056209,MEL,MEL,4,4,0.9999614953994752,0.00021476063736020474,0.9999273606517819,1
ISIC_0056214,MEL,MEL,4,4,0.979850172996521,0.047603099120191165,0.9597509540617466,1
ISIC_0056255,BCC,BCC,1,1,0.9990135431289672,0.004135862535032108,0.9982590493164025,1
ISIC_0056269,MEL,MEL,4,4,0.478031188249588,0.5107898840071173,0.18063458800315862,1
ISIC_0056288,NV,NV,5,5,0.968679130077362,0.07669505595953012,0.9463386088609694,1
ISIC_0056317,BCC,BCC,1,1,0.995439112186432,0.01661914875703351,0.9927344396710397,1
ISIC_0056330,MEL,BKL,4,2,0.4799844622611999,0.49769270900621126,0.1520235538482666,0
ISIC_0056340,NV,NV,5,5,0.9519992470741272,0.11267118044411867,0.9246680960059166,1
ISIC_0056359,NV,BKL,5,2,0.6964503526687622,0.39325328493289835,0.482796773314476,0
ISIC_0056531,MEL,BKL,4,2,0.9979773163795472,0.007900536469975156,0.9968787973048168,0
ISIC_0056575,NV,MEL,5,4,0.5926664471626282,0.32502815595167567,0.18533313274383545,0
ISIC_0056579,NV,NV,5,5,0.9999945163726808,3.491863097806767e-05,0.9999894127113295,1
ISIC_0056629,SCC,BCC,6,1,0.918717086315155,0.18071374225200068,0.884173683822155,0
ISIC_0056631,BCC,BCC,1,1,0.9806302189826964,0.053000203641624395,0.9667714508250356,1
ISIC_0056665,SCC,BKL,6,2,0.8956630229949951,0.175298147688053,0.7979784160852433,0
ISIC_0056720,NV,NV,5,5,0.995817005634308,0.013026896846700407,0.9916345137171448,1
ISIC_0056728,MEL,NV,4,5,0.8213010430335999,0.22592130555721188,0.6426384299993515,0
ISIC_0056732,BKL,BKL,2,2,0.999889612197876,0.0005418861699960719,0.9997810340137222,1
ISIC_0056769,BKL,BKL,2,2,0.9999635219573976,0.00019701479313627448,0.9999271145970853,1
ISIC_0056788,MEL,MEL,4,4,0.9999897480010986,6.25314834475686e-05,0.99997968702246,1
ISIC_0056916,BCC,SCC,1,6,0.7369047999382019,0.2785035110470949,0.4741532802581787,0
ISIC_0056918,BCC,AK,1,0,0.9996678829193116,0.0014862758947908853,0.9993628402007745,0
ISIC_0056956,SCC,BCC,6,1,0.8142317533493042,0.31882366321635425,0.7256881594657898,0
ISIC_0056967,MEL,MEL,4,4,0.6367539763450623,0.36820685192607056,0.30641037225723267,1
ISIC_0057055,NV,NV,5,5,0.739398181438446,0.28897016467229864,0.4838689863681793,1
ISIC_0057058,BCC,BCC,1,1,0.7288294434547424,0.4609223095624706,0.5905425697565079,1
ISIC_0057088,BCC,BCC,1,1,0.9988752007484436,0.00470741472576098,0.9982684396672994,1
ISIC_0057127,BKL,BKL,2,2,0.9992746710777284,0.0029013103714578743,0.9985608414863237,1
ISIC_0057145,AK,AK,0,0,0.5266596078872681,0.3372193477439572,0.054564982652664185,1
ISIC_0057168,BCC,BCC,1,1,0.6871142387390137,0.3341926527141054,0.39331659674644476,1
ISIC_0057169,MEL,MEL,4,4,0.4720452129840851,0.4746047544451377,0.07298749685287476,1
ISIC_0057242,BCC,VASC,1,7,0.9595500230789183,0.08498727900342,0.92055868729949,0
ISIC_0057286,MEL,MEL,4,4,0.9999996423721312,2.9359248954300843e-06,0.9999992916534949,1
ISIC_0057354,NV,NV,5,5,0.9999822378158568,0.00011129785592528838,0.9999750124193268,1
ISIC_0057359,BCC,BCC,1,1,0.9970909357070924,0.010546307476192658,0.9951698530931027,1
ISIC_0057369,MEL,MEL,4,4,0.9999669790267944,0.0001902035889361026,0.9999414006542793,1
ISIC_0057395,MEL,MEL,4,4,0.964571475982666,0.07492847532815526,0.9296422265470028,1
ISIC_0057396,NV,NV,5,5,0.9903472661972046,0.030171946161493886,0.9840931720100344,1
ISIC_0057475,NV,NV,5,5,0.9667874574661256,0.07472758364084735,0.9361919369548561,1
ISIC_0057574,BCC,BCC,1,1,0.8925557732582092,0.17086381562030883,0.7878126502037048,1
ISIC_0057592,BCC,BCC,1,1,0.80751633644104,0.26108857444278616,0.6262762397527695,1
ISIC_0057672,MEL,MEL,4,4,0.9998493194580078,0.0007296604944748622,0.9997092939302094,1
ISIC_0057675,SCC,SCC,6,6,0.9956520199775696,0.015368717961437612,0.9928030641749502,1
ISIC_0057727,MEL,MEL,4,4,0.9999194145202636,0.0004273763907116019,0.9998617473611374,1
ISIC_0057747,MEL,MEL,4,4,0.9966127276420592,0.01248877669123776,0.9941877857781947,1
ISIC_0057770,SCC,SCC,6,6,0.9760568141937256,0.06363050212867441,0.9626019448041917,1
ISIC_0057782,MEL,BKL,4,2,0.9847492575645448,0.04302436134806339,0.9728860510513188,0
ISIC_0057784,NV,NV,5,5,0.975776731967926,0.05697044483936527,0.9526034612208605,1
ISIC_0057801,BCC,BCC,1,1,0.970198392868042,0.07671701514507379,0.9494132399559022,1
ISIC_0057872,NV,NV,5,5,0.9999301433563232,0.00038046010518390136,0.99988682546973,1
ISIC_0057887,NV,NV,5,5,0.9409926533699036,0.10790263413969216,0.8820005133748055,1
ISIC_0057963,MEL,MEL,4,4,0.9999825954437256,0.000108117703153422,0.9999719378320151,1
ISIC_0057999,MEL,NV,4,5,0.80616694688797,0.24110792536740952,0.6139360815286636,0
ISIC_0058000,MEL,MEL,4,4,0.974766194820404,0.0600318759181196,0.9512064047157764,1
ISIC_0058026,SCC,BKL,6,2,0.4899893701076507,0.537296762870294,0.2420383542776108,0
ISIC_0058056,BKL,MEL,2,4,0.9979761242866516,0.007918552407736233,0.9968169907806442,0
ISIC_0058085,NV,NV,5,5,0.9800689220428468,0.05386340356387766,0.9647055957466366,1
ISIC_0058090,NV,NV,5,5,0.9971644282341005,0.0102121287707116,0.9948923676274719,1
ISIC_0058132,NV,BCC,5,1,0.6985711455345154,0.30051626260675723,0.3992907702922821,0
ISIC_0058156,NV,BCC,5,1,0.9710099101066588,0.07183225451202793,0.9511502962559462,0
ISIC_0058188,BCC,BCC,1,1,0.9997699856758118,0.0011821476911380213,0.9996638317825274,1
ISIC_0058210,NV,NV,5,5,0.9121674299240112,0.14407834022765845,0.8246293738484384,1
ISIC_0058220,BCC,BCC,1,1,0.5025492310523987,0.3459938251046502,0.009720176458358765,1
ISIC_0058240,BCC,AK,1,0,0.8024953007698059,0.23932915456341716,0.6050656586885453,0
ISIC_0058249,MEL,MEL,4,4,0.9990505576133728,0.0041396282422457515,0.9986817541939673,1
ISIC_0058310,BCC,AK,1,0,0.6320499181747437,0.47168782813900856,0.42954082787036896,0
ISIC_0058320,AK,SCC,0,6,0.9999924898147584,4.993505494918527e-05,0.9999890566866726,0
ISIC_0058338,NV,MEL,5,4,0.9187881350517272,0.16114564165992581,0.864412996917963,0
ISIC_0058376,MEL,BKL,4,2,0.9566624760627748,0.09827152194062348,0.9239911586046221,0
ISIC_0058380,MEL,VASC,4,7,0.6390788555145264,0.45312602082716846,0.41972374916076666,0
ISIC_0058393,BCC,BCC,1,1,0.9997777342796326,0.0011361235936826392,0.9996796530467691,1
ISIC_0058443,AK,AK,0,0,0.5227037072181702,0.34689228725135446,0.05048024654388428,1
ISIC_0058448,MEL,MEL,4,4,0.9997640252113342,0.0010635620052668498,0.9995287437777735,1
ISIC_0058463,BCC,BCC,1,1,0.9903539419174194,0.02815807443526156,0.9815696524456144,1
ISIC_0058472,BCC,SCC,1,6,0.558513879776001,0.35251764169862126,0.1252385675907135,0
ISIC_0058506,AK,SCC,0,6,0.7947859168052673,0.31012930940760286,0.6296475380659103,0
ISIC_0058546,NV,NV,5,5,0.6610414385795593,0.30799813197090997,0.32209309935569763,1
ISIC_0058586,NV,MEL,5,4,0.7477754950523376,0.3609596288389211,0.5551203787326814,0
ISIC_0058600,NV,DF,5,3,0.624718189239502,0.4020745506646312,0.29551482200622564,0
ISIC_0058651,BCC,BCC,1,1,0.981639802455902,0.04785557789495344,0.9652374051511287,1
ISIC_0058699,BCC,BCC,1,1,0.9889688491821288,0.03616014480300523,0.9841433754190801,1
ISIC_0058787,BCC,NV,1,5,0.788027822971344,0.2630334799379727,0.5824584811925888,0
ISIC_0058803,NV,BKL,5,2,0.6727882027626038,0.3825627026530236,0.40595442056655884,0
ISIC_0058832,BCC,BCC,1,1,0.9945861101150512,0.019214979604718192,0.9916755594313144,1
ISIC_0058868,BCC,BCC,1,1,0.7942665219306946,0.2971011528426352,0.6130160242319108,1
ISIC_0058984,BCC,MEL,1,4,0.9950763583183287,0.01629772765193728,0.9913263246417046,0
ISIC_0059046,MEL,MEL,4,4,0.9717616438865662,0.06190448901665141,0.9435411617159843,1
ISIC_0059089,MEL,BKL,4,2,0.7600175738334656,0.3521901257722718,0.6104342937469482,0
ISIC_0059108,AK,AK,0,0,0.8884109258651733,0.18268807397642248,0.783541537821293,1
ISIC_0059115,BCC,BCC,1,1,0.8522596955299377,0.27007381933860386,0.7678539603948593,1
ISIC_0059144,NV,NV,5,5,0.999356210231781,0.002591361800380322,0.9987144077313133,1
ISIC_0059216,MEL,MEL,4,4,0.999988317489624,6.993923220510396e-05,0.9999770277163407,1
ISIC_0059229,MEL,MEL,4,4,0.4152133166790008,0.5115472890732885,0.034935593605041504,1
ISIC_0059250,AK,SCC,0,6,0.996695876121521,0.01323068087775232,0.9956839377991856,0
ISIC_0059254,BCC,BCC,1,1,0.9975290894508362,0.009917074792287093,0.9964882298372687,1
ISIC_0059265,DF,BCC,3,1,0.903175175189972,0.16923013900415504,0.8150060921907426,0
ISIC_0059299,NV,NV,5,5,0.7116765975952148,0.289807426732048,0.42357110977172857,1
ISIC_0059301,MEL,MEL,4,4,0.9999996423721312,3.1149609415296488e-06,0.9999993370668107,1
ISIC_0059353,MEL,MEL,4,4,0.9434758424758912,0.11366699698042473,0.89258673414588,1
ISIC_0059368,NV,NV,5,5,0.9819152355194092,0.047935620360213885,0.967414882965386,1
ISIC_0059370,NV,NV,5,5,0.9978511333465576,0.008171574109964887,0.9966821991838515,1
ISIC_0059408,AK,AK,0,0,0.9079737663269044,0.174812662185734,0.8406405970454217,1
ISIC_0059421,MEL,NV,4,5,0.99992835521698,0.0003765672445021274,0.9998649732660851,0
ISIC_0059509,BCC,NV,1,5,0.5416427850723267,0.5454972653314861,0.26338997483253485,0
ISIC_0059532,MEL,MEL,4,4,0.6777734160423279,0.3600592333081748,0.394683063030243,1
ISIC_0059536,NV,NV,5,5,0.9943167567253112,0.01748714790240838,0.9889753269962965,1
ISIC_0059548,BCC,BCC,1,1,0.9993427395820618,0.003083695960651599,0.9990974711545277,1
ISIC_0059575,SCC,SCC,6,6,0.9997950196266174,0.0009817276228037504,0.9996132025989938,1
ISIC_0059604,NV,NV,5,5,0.9309142827987672,0.14684451721558306,0.8853743746876718,1
ISIC_0059613,BKL,BKL,2,2,0.8932480812072754,0.19055201545372655,0.8081927597522736,1
ISIC_0059616,BKL,BKL,2,2,0.6333428025245667,0.4043752896294493,0.31611958146095276,1
ISIC_0059617,BCC,AK,1,0,0.9643224477767944,0.08320112082310867,0.9335204940289259,0
ISIC_0059659,NV,NV,5,5,0.9582239985466005,0.10272264540115442,0.9361515622586013,1
ISIC_0059681,NV,NV,5,5,0.9999722242355348,0.0001660300194178829,0.999952850461341,1
ISIC_0059705,NV,NV,5,5,0.7129347324371338,0.3840743903919661,0.4953957200050354,1
ISIC_0059730,BCC,BCC,1,1,0.9653019309043884,0.09011972436285154,0.9468185044825077,1
ISIC_0059772,NV,NV,5,5,0.5271646976470947,0.48382632256133734,0.23145213723182684,1
ISIC_0059805,NV,NV,5,5,0.978744089603424,0.05090114518962698,0.9580504819750786,1
ISIC_0059810,MEL,MEL,4,4,0.993684470653534,0.018415179639401556,0.9873701133765281,1
ISIC_0059811,BCC,BCC,1,1,0.999127209186554,0.0037133378552944153,0.9984816254582256,1
ISIC_0059824,NV,NV,5,5,0.9287976622581482,0.16295052616461778,0.8975697346031666,1
ISIC_0059870,NV,NV,5,5,0.5359277725219727,0.47398020551405523,0.22393384575843817,1
ISIC_0059882,BCC,NV,1,5,0.9201741814613342,0.138237450389388,0.8421678841114044,0
ISIC_0059944,NV,NV,5,5,0.9916884303092957,0.02431196584981315,0.9840125669725239,1
ISIC_0059964,NV,NV,5,5,0.9973493814468384,0.009617970070317255,0.9953585579060019,1
ISIC_0060041,AK,BKL,0,2,0.4735033512115478,0.5651384096912859,0.20685246586799622,0
ISIC_0060079,BCC,BCC,1,1,0.9996483325958252,0.0016843811628402946,0.9994777230604087,1
ISIC_0060097,NV,NV,5,5,0.5803511738777161,0.3271068088075084,0.16070383787155157,1
ISIC_0060132,MEL,MEL,4,4,0.991135835647583,0.025283913291263792,0.9827102459967137,1
ISIC_0060171,NV,NV,5,5,0.8300337791442871,0.21927029601388276,0.6600795835256577,1
ISIC_0060186,NV,MEL,5,4,0.9656578302383424,0.0813159990221499,0.9391847085207702,0
ISIC_0060209,BCC,BCC,1,1,0.9473040103912354,0.10973729927269965,0.9010978899896146,1
ISIC_0060254,BCC,BCC,1,1,0.9998037219047546,0.0010215104454164043,0.9997102210545563,1
ISIC_0060274,BCC,BCC,1,1,0.982488453388214,0.04329846008844629,0.9653175957500933,1
ISIC_0060276,NV,NV,5,5,0.7930750846862793,0.2453687361235876,0.5861890763044357,1
ISIC_0060279,NV,NV,5,5,0.926581084728241,0.12855318611036046,0.8540056496858598,1
ISIC_0060319,MEL,MEL,4,4,0.7302340269088745,0.28072820584118946,0.4605445265769959,1
ISIC_0060325,NV,NV,5,5,0.9957318902015686,0.014642474657448291,0.9928328879177571,1
ISIC_0060331,SCC,SCC,6,6,0.9457352161407472,0.1254015303255222,0.9163346067070963,1
ISIC_0060353,SCC,BKL,6,2,0.9189760088920592,0.1721173424669113,0.8614484556019305,0
ISIC_0060376,MEL,MEL,4,4,0.9980872273445128,0.00721085671882484,0.9965199683792888,1
ISIC_0060403,MEL,NV,4,5,0.9281692504882812,0.13163228300025678,0.8601403310894966,0
ISIC_0060480,AK,NV,0,5,0.6728348731994629,0.4135376807510269,0.5023829936981202,0
ISIC_0060629,MEL,MEL,4,4,0.999968409538269,0.00019034740379721937,0.999956520280648,1
ISIC_0060668,NV,NV,5,5,0.6336092352867126,0.38064758633835505,0.30999329686164856,1
ISIC_0060684,BCC,BCC,1,1,0.9964989423751832,0.012133995381966035,0.9936301065608861,1
ISIC_0060703,MEL,MEL,4,4,0.9974797368049622,0.008695538915324505,0.9950621472671629,1
ISIC_0060817,MEL,MEL,4,4,0.9930825233459472,0.021705193680926976,0.9872927134856582,1
ISIC_0060835,NV,NV,5,5,0.9960882663726808,0.01232435894282022,0.9921810692176225,1
ISIC_0060842,BCC,BCC,1,1,0.998311161994934,0.006177039317695956,0.996691073058173,1
ISIC_0060875,BKL,BKL,2,2,0.9960850477218628,0.012512730930019924,0.9922534350771458,1
ISIC_0060927,BCC,SCC,1,6,0.4396556913852691,0.612578167677139,0.08707171678543091,0
ISIC_0060947,BCC,BKL,1,2,0.9615314602851868,0.0799882765477285,0.9235876873135568,0
ISIC_0060992,NV,NV,5,5,0.9991503953933716,0.0033053759390603323,0.9983028071583249,1
ISIC_0061044,AK,BKL,0,2,0.9842295050621032,0.04911312987182098,0.9774736212566495,0
ISIC_0061114,BKL,BKL,2,2,0.9990729093551636,0.0035904775897124823,0.9981574133853429,1
ISIC_0061163,MEL,BCC,4,1,0.937351644039154,0.1454560859740357,0.9037456437945367,0
ISIC_0061169,NV,MEL,5,4,0.8651170134544373,0.2058224427792358,0.7387694418430328,0
ISIC_0061180,NV,NV,5,5,0.9396415948867798,0.13195098511760425,0.9097887631505728,1
ISIC_0061183,MEL,BCC,4,1,0.5565013885498047,0.4745034768875038,0.2826226949691773,0
ISIC_0061234,BCC,VASC,1,7,0.9754536747932434,0.06804106111751436,0.9639830719679594,0
ISIC_0061244,MEL,NV,4,5,0.5663976073265076,0.33272449877023696,0.1338185369968415,0
ISIC_0061266,NV,NV,5,5,0.7885700464248657,0.2481533707782065,0.5771567523479462,1
ISIC_0061294,AK,SCC,0,6,0.6163284778594971,0.4512546675228774,0.3578947186470032,0
ISIC_0061322,SCC,BCC,6,1,0.4682605266571045,0.613093075410065,0.2326893657445908,0
ISIC_0061352,NV,BCC,5,1,0.7640767693519592,0.2633705471028501,0.5282996296882629,0
ISIC_0061395,NV,MEL,5,4,0.9851127862930298,0.0378036363525937,0.9704296216368676,0
ISIC_0061402,BCC,BCC,1,1,0.9964985847473145,0.011743814570421101,0.9932222722563894,1
ISIC_0061429,NV,NV,5,5,0.6799723505973816,0.3062826294275635,0.3612757325172425,1
ISIC_0061497,BCC,DF,1,3,0.8301304578781128,0.25805459571829237,0.6813689172267914,0
ISIC_0061574,NV,NV,5,5,0.8913394808769226,0.16690207723592085,0.7832077294588089,1
ISIC_0061595,MEL,MEL,4,4,0.856183648109436,0.20434396867150634,0.7147679626941681,1
ISIC_0061636,MEL,MEL,4,4,0.7717940807342529,0.28377532763083263,0.5540995746850967,1
ISIC_0061646,BKL,MEL,2,4,0.9923530220985411,0.02326991171188917,0.9856141577474773,0
ISIC_0061651,NV,MEL,5,4,0.9257627725601196,0.13938586304075182,0.8587661907076837,0
ISIC_0061679,BKL,BCC,2,1,0.9459731578826904,0.11523125648219397,0.9012078754603863,0
ISIC_0061705,MEL,NV,4,5,0.988852083683014,0.02948487303698986,0.9777157092466953,0
ISIC_0061710,MEL,NV,4,5,0.718748927116394,0.2961156476137714,0.44164651632308966,0
ISIC_0061716,NV,NV,5,5,0.9908550977706908,0.025030918470779342,0.9817117974162101,1
ISIC_0061756,MEL,MEL,4,4,0.9999662637710572,0.00019622298339489621,0.9999410696746055,1
ISIC_0061761,MEL,MEL,4,4,0.9950822591781616,0.016816842693899808,0.992651565000415,1
ISIC_0061807,NV,NV,5,5,0.9994277358055116,0.0024823677912378475,0.9989520918170458,1
ISIC_0061830,SCC,BKL,6,2,0.5515995025634766,0.49752170539390195,0.2705570459365845,0
ISIC_0061847,NV,NV,5,5,0.9376168847084044,0.1124955595129366,0.8752893097698689,1
ISIC_0061909,BCC,BCC,1,1,0.9979963898658752,0.008185213402300273,0.9969681792426854,1
ISIC_0061913,NV,NV,5,5,0.5706341862678528,0.3556986170137526,0.15151527523994446,1
ISIC_0061959,DF,BCC,3,1,0.8340251445770264,0.2973316999022201,0.7446479871869087,0
ISIC_0061996,NV,MEL,5,4,0.5756615400314331,0.3369577804840881,0.15449857711791992,0
ISIC_0061997,MEL,MEL,4,4,0.9986143112182616,0.005085847759610511,0.9972406200831755,1
ISIC_0062036,AK,AK,0,0,0.9863218069076538,0.042046076375370375,0.9801003527827561,1
ISIC_0062049,NV,DF,5,3,0.9988759160041808,0.004475335128842489,0.9979310841881669,0
ISIC_0062063,MEL,MEL,4,4,0.98994117975235,0.027150321768321,0.979908491484821,1
ISIC_0062087,MEL,MEL,4,4,0.8971207141876221,0.20930382520906676,0.8399932980537415,1
ISIC_0062098,MEL,MEL,4,4,0.9915952086448668,0.02450704080393458,0.9838787312619387,1
ISIC_0062120,NV,MEL,5,4,0.6534802317619324,0.4030059081532173,0.36896997690200806,0
ISIC_0062128,NV,MEL,5,4,0.743778645992279,0.27614849285345966,0.48823732137680054,0
ISIC_0062137,NV,NV,5,5,0.9997692704200744,0.0011234330176793966,0.9995881668874061,1
ISIC_0062142,NV,MEL,5,4,0.8945039510726929,0.16613430364125406,0.7905523329973222,0
ISIC_0062197,NV,NV,5,5,0.7062050104141235,0.2965491847860937,0.4141059219837189,1
ISIC_0062221,NV,NV,5,5,0.9614895582199096,0.09109839189328667,0.9351435769349336,1
ISIC_0062236,BCC,BCC,1,1,0.6925728917121887,0.45423401578361333,0.5030721426010132,1
ISIC_0062240,BCC,BCC,1,1,0.6570002436637878,0.36564081615271893,0.34030240774154663,1
ISIC_0062331,NV,DF,5,3,0.955069661140442,0.0890132749041198,0.9104004576802255,0
ISIC_0062404,NV,NV,5,5,0.7925947308540344,0.3145930936984533,0.6836395040154457,1
ISIC_0062430,NV,NV,5,5,0.9730224013328552,0.06127557627029636,0.946658156812191,1
ISIC_0062451,BCC,BCC,1,1,0.9772595167160034,0.062162216662943075,0.9632480051368475,1
ISIC_0062548,NV,NV,5,5,0.9559755325317384,0.08924038993139753,0.912892770022154,1
ISIC_0062559,MEL,MEL,4,4,0.9527535438537598,0.09625390088968082,0.9075351133942605,1
ISIC_0062561,BKL,MEL,2,4,0.999842643737793,0.0007946848829302125,0.9997614056337625,0
ISIC_0062615,BCC,BCC,1,1,0.8222448229789734,0.23313601561356964,0.6471788138151169,1
ISIC_0062677,NV,NV,5,5,0.9696043729782104,0.06589961454474819,0.9393363650888206,1
ISIC_0062679,NV,MEL,5,4,0.7620863914489746,0.28179441718047504,0.5328191965818405,0
ISIC_0062682,BCC,BCC,1,1,0.890483558177948,0.22013104768484798,0.837005864828825,1
ISIC_0062688,MEL,BCC,4,1,0.6742843985557556,0.38016338466471417,0.3948429822921753,0
ISIC_0062715,NV,MEL,5,4,0.5783419609069824,0.3875207724507767,0.18471655249595642,0
ISIC_0062750,NV,MEL,5,4,0.9728689193725586,0.06457622333772409,0.9480211287736893,0
ISIC_0062843,BCC,BCC,1,1,0.9985894560813904,0.005362015911347398,0.9972774225752801,1
ISIC_0062892,NV,NV,5,5,0.8790884017944336,0.17760723762130193,0.7582431882619858,1
ISIC_0062983,MEL,MEL,4,4,0.9736325740814208,0.06321718281998172,0.9503743462264537,1
ISIC_0063001,BKL,BKL,2,2,0.8825509548187256,0.2008098041172756,0.7863903641700745,1
ISIC_0063040,NV,NV,5,5,0.922956645488739,0.1529765265440983,0.8679063990712166,1
ISIC_0063097,BCC,BCC,1,1,0.9970436692237854,0.011301736171164279,0.995302256080322,1
ISIC_0063109,MEL,MEL,4,4,0.9987379908561708,0.004931932521315478,0.9976732381619514,1
ISIC_0063212,NV,NV,5,5,0.9994407296180724,0.0024675030401563746,0.9990248968824744,1
ISIC_0063269,BCC,NV,1,5,0.8729904294013977,0.22235863043010096,0.7765621468424797,0
ISIC_0063373,MEL,MEL,4,4,0.9998447895050048,0.0008012195080264439,0.9997523741767508,1
ISIC_0063377,NV,MEL,5,4,0.9759464263916016,0.0545440935527462,0.9518928732722999,0
ISIC_0063492,MEL,BCC,4,1,0.537929892539978,0.44002979736693726,0.14667123556137085,0
ISIC_0063495,NV,BKL,5,2,0.6673856377601624,0.37252620805973274,0.3680365979671478,0
ISIC_0063518,NV,NV,5,5,0.9965493679046632,0.01114135292775951,0.9931231837254019,1
ISIC_0063542,BKL,MEL,2,4,0.9543058276176452,0.10788674738666656,0.9209909625351429,0
ISIC_0063603,NV,NV,5,5,0.9829652905464172,0.04710146623470024,0.973119360394776,1
ISIC_0063607,NV,NV,5,5,0.7359700798988342,0.28375428248634127,0.474063903093338,1
ISIC_0063680,MEL,AK,4,0,0.7179048657417297,0.35705691551931,0.4920060783624649,0
ISIC_0063802,BCC,NV,1,5,0.6607954502105713,0.34611307785606343,0.3425014019012452,0
ISIC_0063834,NV,MEL,5,4,0.9159674048423768,0.1763048984546361,0.8571680299937726,0
ISIC_0063897,MEL,MEL,4,4,0.737321674823761,0.3196638098635109,0.4981820285320282,1
ISIC_0063946,MEL,NV,4,5,0.6826702952384949,0.3782589695886894,0.4300540983676911,0
ISIC_0063948,NV,NV,5,5,0.999669909477234,0.0015433822935218182,0.9994194772734774,1
ISIC_0064028,NV,NV,5,5,0.5654159784317017,0.3622016922572793,0.14605435729026794,1
ISIC_0064080,MEL,NV,4,5,0.6433684229850769,0.31982487462801507,0.28875991702079773,0
ISIC_0064090,SCC,SCC,6,6,0.9999990463256836,7.173975149918552e-06,0.999998325291358,1
ISIC_0064128,BCC,BCC,1,1,0.99983012676239,0.0008730991893696358,0.9997185453175915,1
ISIC_0064179,BCC,BCC,1,1,0.9950516819953918,0.016125959744676708,0.9906611307524146,1
ISIC_0064219,NV,MEL,5,4,0.7893722057342529,0.2634229515144107,0.5858511924743652,0
ISIC_0064267,SCC,SCC,6,6,0.5835689902305603,0.3626312392349066,0.1832709014415741,1
ISIC_0064322,AK,BKL,0,2,0.9691164493560792,0.07810883368493006,0.9451143164187671,0
ISIC_0064339,MEL,MEL,4,4,0.9736325740814208,0.06321718281998172,0.9503743462264537,1
ISIC_0064349,MEL,MEL,4,4,0.978415310382843,0.051281163803817975,0.9573412351310253,1
ISIC_0064378,BKL,BKL,2,2,0.9999957084655762,2.7399150058361986e-05,0.9999915673092801,1
ISIC_0064386,SCC,SCC,6,6,0.98073810338974,0.04942895618030265,0.9632683079689742,1
ISIC_0064398,BKL,BKL,2,2,0.9999498128890992,0.0002786484697566446,0.9999079497538333,1
ISIC_0064413,DF,DF,3,3,0.7654681205749512,0.31727145470785634,0.5604987591505051,1
ISIC_0064414,NV,MEL,5,4,0.9482877254486084,0.10058732279916355,0.8977349773049355,0
ISIC_0064502,DF,DF,3,3,0.8826420307159424,0.20402677624088006,0.7822981253266335,1
ISIC_0064561,NV,NV,5,5,0.9203836917877196,0.13461246179462671,0.8410534933209418,1
ISIC_0064648,NV,NV,5,5,0.8641855716705322,0.19682947585239133,0.7306189984083176,1
ISIC_0064676,MEL,AK,4,0,0.5408705472946167,0.3322193151954344,0.0818396508693695,0
ISIC_0064688,NV,BCC,5,1,0.969754695892334,0.06684902418727127,0.9400675240904093,0
ISIC_0064694,MEL,MEL,4,4,0.7307657599449158,0.28693420707126305,0.46402412652969366,1
ISIC_0064754,BCC,BCC,1,1,0.6460499167442322,0.3816540926558129,0.3274788558483124,1
ISIC_0064800,MEL,BCC,4,1,0.7590790390968323,0.2935518454971987,0.5293745994567871,0
ISIC_0064821,MEL,MEL,4,4,0.999321699142456,0.0027707959387299435,0.9986723536858335,1
ISIC_0064832,BCC,BCC,1,1,0.9998061060905457,0.0010033826754819678,0.9997144134904374,1
ISIC_0064930,DF,DF,3,3,0.7123063802719116,0.3886394172640865,0.5092924982309343,1
ISIC_0064943,MEL,MEL,4,4,0.997849464416504,0.007391349748770813,0.9957005186006428,1
ISIC_0064986,MEL,MEL,4,4,0.8859105110168457,0.18020631085857758,0.7759424299001694,1
ISIC_0065077,BCC,BKL,1,2,0.9893835186958312,0.03273767941752447,0.98231050837785,0
ISIC_0065203,AK,BKL,0,2,0.949221670627594,0.11131491440144727,0.9065371714532376,0
ISIC_0065204,NV,NV,5,5,0.9119109511375428,0.17419635240235487,0.864330716431141,1
ISIC_0065211,BKL,BKL,2,2,0.9990680813789368,0.0035801555918029858,0.9981372645124794,1
ISIC_0065227,BCC,BCC,1,1,0.8981103301048279,0.21214486072780556,0.8457829654216766,1
ISIC_0065261,NV,MEL,5,4,0.736362636089325,0.29264586602998816,0.4793851971626282,0
ISIC_0065293,BCC,BCC,1,1,0.9919821619987488,0.02761290808828941,0.9884219421073794,1
ISIC_0065300,BKL,BKL,2,2,0.9792711734771729,0.05121415990879626,0.9598398432135582,1
ISIC_0065313,MEL,BCC,4,1,0.8796606063842773,0.2159188868447123,0.8047969192266464,0
ISIC_0065325,NV,NV,5,5,0.7745380401611328,0.2569391018011308,0.5491346269845963,1
ISIC_0065343,SCC,MEL,6,4,0.7345899343490601,0.3629115123637698,0.5381287783384323,0
ISIC_0065358,NV,NV,5,5,0.9826077818870544,0.04642356744156488,0.9685642318800093,1
ISIC_0065380,NV,NV,5,5,0.9991067051887512,0.0034721103751771346,0.9982228056760505,1
ISIC_0065417,MEL,NV,4,5,0.9550977349281312,0.10145919820796298,0.9236681014299394,0
ISIC_0065422,BCC,BCC,1,1,0.9479544162750244,0.10607238546378552,0.8993257246911526,1
ISIC_0065491,SCC,BCC,6,1,0.7572010159492493,0.2694096089145978,0.5151850283145905,0
ISIC_0065518,MEL,MEL,4,4,0.9947079420089722,0.01588021499697005,0.9894163399003447,1
ISIC_0065521,MEL,BCC,4,1,0.6422989964485168,0.4511869825612574,0.38941645622253424,0
ISIC_0065550,MEL,MEL,4,4,0.9953017234802246,0.01594139824465961,0.9918276385869831,1
ISIC_0065552,AK,MEL,0,4,0.8483112454414368,0.2088621111679483,0.6979893743991852,0
ISIC_0065598,MEL,MEL,4,4,0.6950752139091492,0.33277330399864097,0.40870043635368347,1
ISIC_0065629,BKL,BKL,2,2,0.9998972415924072,0.0005339445447701533,0.9998197761742631,1
ISIC_0065689,NV,BKL,5,2,0.9309468865394592,0.12823891257984768,0.865071512758732,0
ISIC_0065713,NV,BKL,5,2,0.9304960370063782,0.1448873425997491,0.8924631141126157,0
ISIC_0065724,AK,BCC,0,1,0.3356006741523742,0.5481339311125246,0.0,0
ISIC_0065728,MEL,MEL,4,4,0.9998977184295654,0.0005463084879105079,0.9998472491242865,1
ISIC_0065742,MEL,MEL,4,4,0.9047824144363404,0.16088272219788805,0.8141408115625384,1
ISIC_0065813,MEL,BKL,4,2,0.4911541938781738,0.43737970430228945,0.0577121376991272,0
ISIC_0065826,BCC,AK,1,0,0.9853217005729676,0.03683276520467093,0.9706497592851522,0
ISIC_0065845,NV,NV,5,5,0.9998505115509032,0.0007310069922931035,0.9997159651684341,1
ISIC_0065874,BCC,BCC,1,1,0.9725902080535888,0.060999661132118015,0.9453480001538992,1
ISIC_0065883,MEL,MEL,4,4,0.999996781349182,2.0973810239235213e-05,0.9999937166460312,1
ISIC_0065893,BCC,BCC,1,1,0.987792432308197,0.036336679287111734,0.9788241842761636,1
ISIC_0065918,MEL,MEL,4,4,0.972198724746704,0.0643862027913801,0.9459851086139678,1
ISIC_0065944,MEL,BCC,4,1,0.6711198687553406,0.40891527327584976,0.4506708234548569,0
ISIC_0065966,BKL,SCC,2,6,0.8508304357528687,0.2433420510491692,0.7277168333530426,0
ISIC_0066002,DF,DF,3,3,0.9998382329940796,0.0008184004269674321,0.9997305053038872,1
ISIC_0066040,BCC,BCC,1,1,0.9867114424705504,0.03817746475494402,0.9761854223906993,1
ISIC_0066042,NV,MEL,5,4,0.9871786832809448,0.03298839853432503,0.974357470870018,0
ISIC_0066064,NV,NV,5,5,0.9151204228401184,0.16334117544468407,0.8436523377895356,1
ISIC_0066072,BKL,BKL,2,2,0.7747495770454407,0.3352266418555719,0.6367909461259843,1
ISIC_0066087,NV,NV,5,5,0.988744854927063,0.029915457255352263,0.9775661071762443,1
ISIC_0066121,BCC,BCC,1,1,0.999562680721283,0.0020254191534784904,0.999259155796608,1
ISIC_0066213,MEL,MEL,4,4,0.7882775664329529,0.30115064341843806,0.6036777794361115,1
ISIC_0066224,BCC,BCC,1,1,0.997977077960968,0.007942375629766667,0.9966308159055189,1
ISIC_0066255,NV,NV,5,5,0.8730432987213135,0.18378311517848406,0.7462830245494843,1
ISIC_0066256,BKL,MEL,2,4,0.998687207698822,0.005265799168008872,0.9978300259099342,0
ISIC_0066279,NV,MEL,5,4,0.9872475862503052,0.036843991448473376,0.9787145582959057,0
ISIC_0066310,BCC,BKL,1,2,0.4968985319137573,0.396751698451758,0.02644446492195135,0
ISIC_0066315,AK,BCC,0,1,0.6550119519233704,0.496508142904449,0.49578239023685455,0
ISIC_0066364,NV,MEL,5,4,0.7987473607063293,0.2559703679172737,0.6030058860778809,0
ISIC_0066379,MEL,NV,4,5,0.9993994235992432,0.002439649287832228,0.9988011720124632,0
ISIC_0066413,DF,DF,3,3,0.5940228700637817,0.5372849362919049,0.38304322957992554,1
ISIC_0066421,MEL,MEL,4,4,0.9962406158447266,0.013172126387705518,0.99435461696703,1
ISIC_0066424,NV,NV,5,5,0.973858654499054,0.058796160815383476,0.9479062017053367,1
ISIC_0066491,SCC,SCC,6,6,0.9999957084655762,2.8563833059298435e-05,0.9999922534648249,1
ISIC_0066508,NV,MEL,5,4,0.9417127966880798,0.11098154764254493,0.8851032927632332,0
ISIC_0066604,NV,NV,5,5,0.9889352917671204,0.029641430801294433,0.9780133962631226,1
ISIC_0066639,BCC,BCC,1,1,0.9260385036468506,0.12776653213898484,0.852363333106041,1
ISIC_0066656,SCC,BKL,6,2,0.400673896074295,0.6563179152703268,0.06178668141365051,0
ISIC_0066661,NV,NV,5,5,0.5525397062301636,0.33067374614103784,0.10507941246032715,1
ISIC_0066672,NV,MEL,5,4,0.6901199221611023,0.2978328356255129,0.3802711963653565,0
ISIC_0066698,BCC,BCC,1,1,0.9988120794296264,0.004854641756027639,0.9980021960218437,1
ISIC_0066733,MEL,NV,4,5,0.8623548150062561,0.2203778265386269,0.7414718270301819,0
ISIC_0066801,SCC,BCC,6,1,0.7147183418273926,0.4067566649564889,0.49615538120269775,0
ISIC_0066823,BCC,BCC,1,1,0.927679717540741,0.15184801560429653,0.8845555707812309,1
ISIC_0067000,BCC,BCC,1,1,0.9983565211296082,0.006419566977398081,0.997386239352636,1
ISIC_0067020,BCC,BKL,1,2,0.927011251449585,0.15105304892696544,0.8777854032814504,0
ISIC_0067039,BKL,MEL,2,4,0.9998020529747008,0.0010112317211934067,0.9997317501038195,0
ISIC_0067068,NV,NV,5,5,0.9177854657173156,0.16472558953177613,0.8556942641735077,1
ISIC_0067078,AK,AK,0,0,0.54473876953125,0.3558138098612678,0.1001359224319458,1
ISIC_0067079,BCC,BCC,1,1,0.9905672669410706,0.028812085550418694,0.9828611412085594,1
ISIC_0067080,BCC,BCC,1,1,0.9587996602058412,0.10077569628225622,0.9380292613059283,1
ISIC_0067100,AK,AK,0,0,0.8787199854850769,0.19973360711579788,0.769164077937603,1
ISIC_0067117,BKL,BKL,2,2,0.9996963739395142,0.0013347603942540768,0.9993948765040842,1
ISIC_0067126,MEL,BKL,4,2,0.5905889868736267,0.3380967821966208,0.1854755282402039,0
ISIC_0067155,NV,NV,5,5,0.9999614953994752,0.0002113084384569832,0.9999253802525346,1
ISIC_0067218,AK,AK,0,0,0.4201141893863678,0.5283750824409008,0.008929640054702814,1
ISIC_0067226,NV,NV,5,5,0.9906186461448668,0.025575932218853445,0.98124245647341,1
ISIC_0067266,AK,AK,0,0,0.9869385957717896,0.040561732567026554,0.9803701406344771,1
ISIC_0067284,MEL,AK,4,0,0.9701825976371764,0.06506844475415574,0.9405402801930904,0
ISIC_0067297,AK,AK,0,0,0.9191724061965942,0.17298778127441944,0.8662934750318527,1
ISIC_0067337,BCC,BCC,1,1,0.9597952961921692,0.08200113493669572,0.919869102537632,1
ISIC_0067492,BCC,NV,1,5,0.6745586395263672,0.3978784104481691,0.4136027097702027,0
ISIC_0067512,MEL,BCC,4,1,0.6163038611412048,0.47437334797067093,0.3588879108428955,0
ISIC_0067526,NV,DF,5,3,0.9946700930595398,0.01625691817157888,0.9894454432651401,0
ISIC_0067609,NV,MEL,5,4,0.987946093082428,0.031373891933102006,0.9758923156186938,0
ISIC_0067613,NV,MEL,5,4,0.9859647750854492,0.03819808433970384,0.9737814767286183,0
ISIC_0067645,NV,NV,5,5,0.9950082302093506,0.01517073840821365,0.9900308707728983,1
ISIC_0067649,NV,NV,5,5,0.9914212822914124,0.023745141245605714,0.9828438069671392,1
ISIC_0067694,MEL,BKL,4,2,0.8703640699386597,0.2060952686559447,0.7521120831370354,0
ISIC_0067703,NV,MEL,5,4,0.747328519821167,0.2749635898461347,0.4955337643623352,0
ISIC_0067770,BCC,BCC,1,1,0.9983254075050354,0.005953338189688052,0.9966510084923357,1
ISIC_0067771,NV,NV,5,5,0.720171332359314,0.2850750018828985,0.4403429031372071,1
ISIC_0067784,BCC,AK,1,0,0.857960045337677,0.20015559915956666,0.7170788645744324,0
ISIC_0067794,NV,NV,5,5,0.9954869151115416,0.014233185962924836,0.9911137036979197,1
ISIC_0067797,NV,NV,5,5,0.9999617338180542,0.00022301707624836566,0.9999398235213448,1
ISIC_0067812,BCC,BCC,1,1,0.8167017102241516,0.2417959848906445,0.6379955708980561,1
ISIC_0067821,MEL,MEL,4,4,0.9463024735450744,0.11904126288436044,0.9108259603381157,1
ISIC_0067896,MEL,BCC,4,1,0.9419238567352296,0.12057185217604699,0.8944754414260389,0
ISIC_0067937,NV,NV,5,5,0.995581328868866,0.013816396896355493,0.9912332547828556,1
ISIC_0067965,NV,NV,5,5,0.935525357723236,0.1170437130075112,0.8717375919222831,1
ISIC_0068086,AK,BKL,0,2,0.9847320318222046,0.04403151505646769,0.9770079175941647,0
ISIC_0068098,NV,NV,5,5,0.9994311928749084,0.002577597543846018,0.9990969018545003,1
ISIC_0068115,MEL,MEL,4,4,0.999975323677063,0.00013871656914483867,0.999950820892991,1
ISIC_0068119,MEL,MEL,4,4,0.9997380375862122,0.0013059614022132723,0.999620309979946,1
ISIC_0068138,BCC,BCC,1,1,0.9785773754119872,0.055922324883272624,0.9625580590218304,1
ISIC_0068181,BKL,BKL,2,2,0.9804588556289672,0.04707144494043232,0.9611930232495068,1
ISIC_0068228,NV,BCC,5,1,0.9674937129020692,0.07039121992226892,0.9355939179658891,0
ISIC_0068251,NV,MEL,5,4,0.987978219985962,0.031654673165393,0.9760877313092352,0
ISIC_0068293,NV,NV,5,5,0.9511165022850036,0.09501138520413388,0.9026402495801449,1
ISIC_0068302,BCC,BCC,1,1,0.9962008595466614,0.014349702024296177,0.9941497065592558,1
ISIC_0068309,MEL,MEL,4,4,0.9910858273506165,0.027403817126588206,0.9856099896132946,1
ISIC_0068310,MEL,MEL,4,4,0.940341591835022,0.10875991901857712,0.8806953765451909,1
ISIC_0068343,MEL,NV,4,5,0.8213010430335999,0.22592130555721188,0.6426384299993515,0
ISIC_0068379,NV,NV,5,5,0.9960745573043824,0.01237849018196665,0.9921597754582764,1
ISIC_0068399,BCC,BCC,1,1,0.933596968650818,0.1230346237259607,0.8692531883716584,1
ISIC_0068484,VASC,VASC,7,7,0.9999303817749025,0.0003904870661446742,0.9999049289253891,1
ISIC_0068489,BCC,BCC,1,1,0.7870185971260071,0.30831506264600633,0.6178495734930038,1
ISIC_0068511,NV,NV,5,5,0.8220816254615784,0.2256994988681507,0.6442940086126328,1
ISIC_0068538,NV,NV,5,5,0.8186141848564148,0.22828308768791977,0.6373781263828278,1
ISIC_0068586,MEL,MEL,4,4,0.9637766480445862,0.07491827393740941,0.927556712180376,1
ISIC_0068721,MEL,MEL,4,4,0.6816586256027222,0.30571236835991183,0.36465790867805487,1
ISIC_0068793,BCC,BCC,1,1,0.991260826587677,0.025050581806544143,0.9828915810212493,1
ISIC_0068855,NV,NV,5,5,0.750881552696228,0.27181328000452454,0.5022979527711868,1
ISIC_0068862,BCC,BCC,1,1,0.9977193474769592,0.008853673908787477,0.996415479341522,1
ISIC_0068869,BCC,MEL,1,4,0.9424237608909608,0.11022338544333399,0.8864315375685693,0
ISIC_0068982,NV,NV,5,5,0.9966468214988708,0.010809372787207209,0.9932964071631433,1
ISIC_0069003,MEL,BCC,4,1,0.9056503176689148,0.17476449581059947,0.8322478234767914,0
ISIC_0069043,AK,BKL,0,2,0.9948793649673462,0.017184430274467394,0.9918237619567662,0
ISIC_0069068,MEL,AK,4,0,0.467337965965271,0.5145072623901016,0.145513653755188,0
ISIC_0069127,NV,NV,5,5,0.9913075566291808,0.0270742330758803,0.9869553623721002,1
ISIC_0069160,NV,BKL,5,2,0.6901296973228455,0.3676949701122744,0.4337536692619324,0
ISIC_0069184,BCC,BCC,1,1,0.9839369058609008,0.045174007878459134,0.9724285257980226,1
ISIC_0069198,BKL,BKL,2,2,0.9479741454124452,0.11657478780392265,0.9091534428298474,1
ISIC_0069213,NV,NV,5,5,0.5110288858413696,0.3434387916307461,0.02530276775360113,1
ISIC_0069282,AK,BKL,0,2,0.9783888459205629,0.05218121289675193,0.9575811866670848,0
ISIC_0069334,NV,MEL,5,4,0.5660175681114197,0.3291404608367811,0.13203683495521545,0
ISIC_0069363,NV,NV,5,5,0.722897469997406,0.2892232564674969,0.4474426209926605,1
ISIC_0069365,MEL,NV,4,5,0.7677087783813477,0.3257089011209124,0.5964097827672958,0
ISIC_0069570,NV,NV,5,5,0.6833780407905579,0.30051059497012106,0.3668167293071747,1
ISIC_0069610,NV,MEL,5,4,0.5254935026168823,0.505468674828569,0.16300243139266973,0
ISIC_0069617,MEL,NV,4,5,0.7883151173591614,0.2546120462540142,0.5790240168571472,0
ISIC_0069642,BKL,BKL,2,2,0.9989192485809326,0.004208936736594137,0.9978990929666908,1
ISIC_0069663,BKL,BCC,2,1,0.911475419998169,0.16300640771861286,0.8325285166501999,0
ISIC_0069678,NV,MEL,5,4,0.7340458631515503,0.3556956146712226,0.542371466755867,0
ISIC_0069687,NV,NV,5,5,0.8740641474723816,0.18213436889755238,0.7481432557106019,1
ISIC_0069700,NV,NV,5,5,0.5115529894828796,0.46125466056122644,0.10529741644859314,1
ISIC_0069719,AK,AK,0,0,0.9786643981933594,0.05751337740480515,0.9646121757104994,1
ISIC_0069724,BCC,BCC,1,1,0.6677570939064026,0.3213579286252107,0.3410445153713227,1
ISIC_0069763,BKL,NV,2,5,0.7708049416542053,0.2833938200224836,0.5523252338171005,0
ISIC_0069793,NV,NV,5,5,0.9833110570907592,0.0412361332674381,0.966751867905259,1
ISIC_0069816,NV,NV,5,5,0.9884155988693236,0.03169879171660129,0.9775632172822951,1
ISIC_0069839,NV,NV,5,5,0.974496603012085,0.05765544237663484,0.9491782262921333,1
ISIC_0069843,BCC,BCC,1,1,0.9971664547920228,0.010465753735481876,0.9957826461177322,1
ISIC_0069856,BCC,SCC,1,6,0.6069921255111694,0.32377362494673995,0.21432238817214966,0
ISIC_0069906,AK,BKL,0,2,0.9934593439102172,0.022106995827905696,0.9899576599709689,0
ISIC_0069921,NV,NV,5,5,0.6885344982147217,0.3253280348555147,0.38832294940948486,1
ISIC_0069949,SCC,SCC,6,6,0.94373220205307,0.11143991344978643,0.890594359487295,1
ISIC_0069956,BCC,BCC,1,1,0.5407882928848267,0.413279267082646,0.11921042203903198,1
ISIC_0070012,MEL,MEL,4,4,0.98036926984787,0.046857351357174476,0.960859077051282,1
ISIC_0070035,SCC,BKL,6,2,0.7611026763916016,0.3945448424587875,0.60752871632576,0
ISIC_0070042,NV,NV,5,5,0.999338924884796,0.002878325894491203,0.9988511522533371,1
ISIC_0070096,BCC,SCC,1,6,0.5471237897872925,0.377235563363188,0.11346709728240967,0
ISIC_0070104,NV,NV,5,5,0.7689977884292603,0.26305558654184524,0.5390029549598694,1
ISIC_0070131,BCC,BCC,1,1,0.9994401335716248,0.0025992587772804814,0.9991474159469362,1
ISIC_0070165,BCC,BCC,1,1,0.9999512434005736,0.0002760011262438878,0.9999169754046305,1
ISIC_0070170,MEL,BKL,4,2,0.7294745445251465,0.3428258581330864,0.5041549354791641,0
ISIC_0070187,BKL,BKL,2,2,0.9265323281288148,0.15888612355592968,0.8801772072911264,1
ISIC_0070198,MEL,MEL,4,4,0.803876519203186,0.26161891439019963,0.6209696978330612,1
ISIC_0070245,BKL,BKL,2,2,0.9992485642433168,0.002975927202754703,0.998501956346445,1
ISIC_0070252,NV,MEL,5,4,0.8616539835929871,0.19389539601891465,0.7234438061714172,0
ISIC_0070266,BCC,BCC,1,1,0.9917429089546204,0.025117563242854204,0.9852914409711958,1
ISIC_0070285,MEL,MEL,4,4,0.7409594655036926,0.27834749926076735,0.4828823804855347,1
ISIC_0070312,BCC,BCC,1,1,0.9991254210472108,0.0037425999398797267,0.9984536295523869,1
ISIC_0070315,BCC,BCC,1,1,0.934138000011444,0.14074744461626396,0.885682787746191,1
ISIC_0070322,NV,NV,5,5,0.9942718744277954,0.018245799040351746,0.9892933391965926,1
ISIC_0070376,BCC,BCC,1,1,0.9494032263755798,0.09809548122681115,0.8993806578218937,1
ISIC_0070438,NV,NV,5,5,0.9997022747993468,0.0014167690753342185,0.9995148867601528,1
ISIC_0070467,BKL,BCC,2,1,0.94742351770401,0.12046190525722511,0.9200170934200287,0
ISIC_0070472,BCC,BCC,1,1,0.8481910824775696,0.2320639886675988,0.7107381373643875,1
ISIC_0070487,BCC,BCC,1,1,0.9980340600013732,0.0076367532809375974,0.9968153663212432,1
ISIC_0070492,BCC,BCC,1,1,0.9171692728996276,0.1550808401066687,0.8456460312008857,1
ISIC_0070597,NV,MEL,5,4,0.6513592004776001,0.3156872082970984,0.3040709793567658,0
ISIC_0070620,BCC,BCC,1,1,0.8558362126350403,0.28486192147041983,0.775016911327839,1
ISIC_0070680,DF,MEL,3,4,0.6887343525886536,0.38579767445373975,0.42846655845642095,0
ISIC_0070684,BCC,BCC,1,1,0.9945172667503356,0.018968289729197903,0.9918256336823105,1
ISIC_0070691,AK,BCC,0,1,0.5958646535873413,0.36545603180946085,0.20926237106323242,0
ISIC_0070751,BCC,BCC,1,1,0.8954176902770996,0.16895650360490672,0.7936213687062263,1
ISIC_0070752,MEL,NV,4,5,0.9243937730789183,0.1289442049554743,0.848810739815235,0
ISIC_0070775,BKL,BKL,2,2,0.9993882179260254,0.002689152922415548,0.9989322074397933,1
ISIC_0070884,NV,NV,5,5,0.9576637744903564,0.08435995418440119,0.9153396971523763,1
ISIC_0070893,NV,NV,5,5,0.6967185735702515,0.29550016269899343,0.3935313820838929,1
ISIC_0070903,NV,NV,5,5,0.8424364924430847,0.21123473819469762,0.6853791773319245,1
ISIC_0070968,MEL,MEL,4,4,0.9281783103942872,0.1246458749596655,0.8564649596810342,1
ISIC_0071003,BCC,BCC,1,1,0.9990240335464478,0.004115918956439026,0.9984021840500645,1
ISIC_0071044,VASC,VASC,7,7,0.999907612800598,0.0005026831902162432,0.9998627897330151,1
ISIC_0071068,NV,NV,5,5,0.9808602333068848,0.04559270280900914,0.9617365021258593,1
ISIC_0071101,MEL,MEL,4,4,0.9958770275115968,0.012950244075445507,0.9917831881903114,1
ISIC_0071121,NV,BCC,5,1,0.9505094289779664,0.09543577282890361,0.9012050069868566,0
ISIC_0071138,MEL,BCC,4,1,0.5676223039627075,0.33110843766204684,0.1357980072498322,0
ISIC_0071140,BKL,BKL,2,2,0.9760807752609252,0.0587381581081499,0.9549746979027985,1
ISIC_0071153,NV,MEL,5,4,0.5755048394203186,0.32847651185590476,0.1511541604995728,0
ISIC_0071213,AK,BKL,0,2,0.7321632504463196,0.32958246415504516,0.4981498122215272,0
ISIC_0071292,NV,BCC,5,1,0.9681375622749328,0.06790093429096933,0.9362788237631321,0
ISIC_0071314,MEL,BCC,4,1,0.9831776022911072,0.042041196707060476,0.9667173903435469,0
ISIC_0071347,BCC,BCC,1,1,0.946811854839325,0.11692765440910535,0.9037653915584087,1
ISIC_0071384,BCC,BCC,1,1,0.9060069918632508,0.17383663534730168,0.8310541287064553,1
ISIC_0071385,BCC,NV,1,5,0.7184954881668091,0.3280999613989651,0.4592881500720978,0
ISIC_0071497,NV,NV,5,5,0.9949737787246704,0.0163618395681431,0.990863632876426,1
ISIC_0071516,NV,BCC,5,1,0.8314550518989563,0.23956678750227697,0.673233300447464,0
ISIC_0071586,MEL,MEL,4,4,0.999406099319458,0.0024084033249262924,0.9988124993979,1
ISIC_0071618,NV,BKL,5,2,0.5396673679351807,0.42735793327209615,0.1307106912136078,0
ISIC_0071651,MEL,BCC,4,1,0.9910481572151184,0.028847485767109507,0.9869160703383387,0
ISIC_0071726,MEL,MEL,4,4,0.9948176741600036,0.017341768921230436,0.9920288880821316,1
ISIC_0071787,VASC,VASC,7,7,0.9472741484642028,0.12079410386274288,0.9216326121240854,1
ISIC_0071797,MEL,MEL,4,4,0.9999997615814208,1.7972637861619896e-06,0.9999995813991943,1
ISIC_0071841,NV,BCC,5,1,0.6858798861503601,0.303531538818127,0.37308543920516973,0
ISIC_0071842,NV,NV,5,5,0.99997878074646,0.00012666009617848053,0.9999620467478962,1
ISIC_0071946,AK,AK,0,0,0.90852552652359,0.1682621877194842,0.8326267078518866,1
ISIC_0071953,AK,SCC,0,6,0.9999651908874512,0.00020718213643162862,0.9999451240310009,0
ISIC_0071959,MEL,MEL,4,4,0.9999051094055176,0.0004907011061260565,0.9998283025051933,1
ISIC_0071990,NV,NV,5,5,0.9996241331100464,0.0016175901015661241,0.9992522237298544,1
ISIC_0072011,NV,BCC,5,1,0.831404983997345,0.23955478370793684,0.6736555993556976,0
ISIC_0072021,MEL,MEL,4,4,0.9652589559555054,0.08238804397328113,0.938615258783102,1
ISIC_0072045,DF,BCC,3,1,0.9986220598220824,0.005346581499985298,0.9973978006746619,0
ISIC_0072060,BCC,BCC,1,1,0.9998094439506532,0.0009660058337659456,0.999712785909651,1
ISIC_0072081,NV,MEL,5,4,0.9719381928443908,0.06349472765439267,0.9446876496076584,0
ISIC_0072087,MEL,MEL,4,4,0.9997639060020448,0.001120581089623373,0.9995629537297647,1
ISIC_0072100,NV,NV,5,5,0.9650892615318298,0.08182883415455487,0.938030743971467,1
ISIC_0072203,NV,NV,5,5,0.5046555399894714,0.34186808831318377,0.011690378189086914,1
ISIC_0072265,AK,BCC,0,1,0.8703859448432922,0.23694873326434313,0.7918416038155557,0
ISIC_0072271,MEL,NV,4,5,0.6418379545211792,0.3292607396035343,0.2887632548809052,0
ISIC_0072294,MEL,NV,4,5,0.997999370098114,0.007077375241253384,0.9960519706364721,0
ISIC_0072363,MEL,MEL,4,4,0.9999985694885254,9.799190650555424e-06,0.999997166191406,1
ISIC_0072367,NV,NV,5,5,0.7806574702262878,0.25302587416598216,0.5613213926553726,1
ISIC_0072453,BCC,BCC,1,1,0.6917492747306824,0.4287612675802159,0.5136781334877014,1
ISIC_0072455,BCC,BCC,1,1,0.9253817796707152,0.13012835364424372,0.85161492228508,1
ISIC_0072461,BCC,NV,1,5,0.7846810221672058,0.3451531092018932,0.6379619836807251,0
ISIC_0072492,BCC,BCC,1,1,0.9645498394966124,0.07694858546649819,0.9303637892007828,1
ISIC_0072505,BCC,BKL,1,2,0.9644173383712769,0.07536136407418442,0.92935698479414,0
ISIC_0072531,MEL,BCC,4,1,0.9948055148124696,0.016363380165450324,0.9900407949462535,0
ISIC_0072553,NV,MEL,5,4,0.6474871635437012,0.3825278555834714,0.34578898549079895,0
ISIC_0072579,NV,NV,5,5,0.7488259673118591,0.3002776070627951,0.5141160488128662,1
ISIC_0072583,BCC,BCC,1,1,0.9964812994003296,0.011934914429372261,0.9934490383602679,1
ISIC_0072585,MEL,MEL,4,4,0.9358715415000916,0.13308089854493785,0.8878919780254364,1
ISIC_0072614,BKL,BKL,2,2,0.998158037662506,0.007491372128091005,0.9972004204173572,1
ISIC_0072627,NV,MEL,5,4,0.6792337894439697,0.30545765050818285,0.35963732004165655,0
ISIC_0072641,MEL,NV,4,5,0.7924666404724121,0.31217556818349296,0.6651056557893753,0
ISIC_0072687,NV,NV,5,5,0.732196033000946,0.28134950587361507,0.4649323523044586,1
ISIC_0072697,BCC,VASC,1,7,0.999748170375824,0.001135220760276709,0.9995001525094268,0
ISIC_0072752,BKL,BKL,2,2,0.5706354975700378,0.36570380219478993,0.15639853477478033,1
ISIC_0072820,MEL,MEL,4,4,0.999847650527954,0.0007923653731465966,0.9997745437794946,1
ISIC_0072834,BKL,BKL,2,2,0.9894320964813232,0.028556157774016818,0.9790051160380244,1
ISIC_0072848,NV,NV,5,5,0.8785297274589539,0.1811889843987523,0.7582321465015411,1
ISIC_0072857,BCC,BCC,1,1,0.9643124341964722,0.07566114195117804,0.9291873537003995,1
ISIC_0072917,MEL,NV,4,5,0.9974217414855956,0.008925311579390971,0.9949972000904381,0
ISIC_0072928,BKL,BKL,2,2,0.9908149838447572,0.026806225930871917,0.9827384930104018,1
ISIC_0073018,MEL,NV,4,5,0.718748927116394,0.2961156476137714,0.44164651632308966,0
ISIC_0073020,NV,MEL,5,4,0.7253695130348206,0.3682322793008416,0.5069350898265839,0
ISIC_0073033,BCC,BCC,1,1,0.9565446972846984,0.10373076396319221,0.9262104388326405,1
ISIC_0073071,BCC,BCC,1,1,0.996061146259308,0.012631566783295141,0.9922183840535582,1
ISIC_0073081,BCC,BCC,1,1,0.997926950454712,0.008473407074809145,0.9971710659447127,1
ISIC_0073086,NV,NV,5,5,0.8596342206001282,0.21768073636931934,0.7338419556617737,1
ISIC_0073091,BCC,BCC,1,1,0.8092272281646729,0.2422723209645093,0.621471405029297,1
ISIC_0073171,NV,NV,5,5,0.8918095827102661,0.16482116934627614,0.7836208045482637,1
ISIC_0073200,BCC,BCC,1,1,0.9984948635101318,0.005812515073284243,0.9973171519814059,1
ISIC_0073220,NV,MEL,5,4,0.5156188011169434,0.3331140311958198,0.031239777803421076,0
ISIC_0073238,MEL,NV,4,5,0.5947714447975159,0.3948468571749527,0.23613187670707708,0
