image_id,true_index,true_class,resnet50_pred,resnet50_correct,resnet50_confidence,efficientnetv2_s_pred,efficientnetv2_s_correct,efficientnetv2_s_confidence,efficientnet_b3_pred,efficientnet_b3_correct,efficientnet_b3_confidence,mobilenetv3_large_pred,mobilenetv3_large_correct,mobilenetv3_large_confidence,deit_tiny_pred,deit_tiny_correct,swin_tiny_pred,swin_tiny_correct
ISIC_0000036_downsampled,4,MEL,4,1,0.9918708801269532,4,1,0.9998729228973388,4,1,0.9995216131210328,4,1,0.7039780616760254,4,1,4,1
ISIC_0000043_downsampled,4,MEL,5,0,0.9688560962677002,5,0,0.9992581009864808,5,0,0.9908372163772584,5,0,0.9820067286491394,4,1,5,0
ISIC_0000071,5,NV,5,1,0.978955626487732,5,1,0.9999420642852784,5,1,0.9981632828712464,5,1,0.9996535778045654,5,1,5,1
ISIC_0000086_downsampled,5,NV,5,1,0.7855075001716614,4,0,0.766974687576294,5,1,0.8060451149940491,5,1,0.566005289554596,5,1,5,1
ISIC_0000101_downsampled,5,NV,5,1,0.7898245453834534,5,1,0.9999918937683104,2,0,0.8224139213562012,5,1,0.6987692713737488,5,1,5,1
ISIC_0000102_downsampled,5,NV,5,1,0.9990639090538024,5,1,0.7620537877082825,5,1,0.650507390499115,5,1,0.8806000351905823,5,1,5,1
ISIC_0000104_downsampled,5,NV,5,1,0.9996080994606018,5,1,0.9979110360145568,5,1,0.9960516095161438,5,1,0.9985682964324952,5,1,5,1
ISIC_0000112_downsampled,5,NV,5,1,0.9321072101593018,5,1,0.9838885068893432,5,1,0.884149432182312,5,1,0.6686987280845642,5,1,5,1
ISIC_0000118_downsampled,5,NV,4,0,0.7496308088302612,5,1,0.93785560131073,4,0,0.5338977575302124,5,1,0.6907451748847961,4,0,5,1
ISIC_0000146_downsampled,4,MEL,4,1,0.4762621819972992,5,0,0.6061595678329468,4,1,0.9848758578300476,7,0,0.7694916129112244,4,1,4,1
ISIC_0000184_downsampled,5,NV,5,1,0.7129897475242615,5,1,0.9926042556762696,5,1,0.9880481958389282,5,1,0.997962474822998,5,1,5,1
ISIC_0000225,5,NV,5,1,0.9967525005340576,5,1,0.999243140220642,5,1,0.9783011078834534,5,1,0.9683613181114196,5,1,5,1
ISIC_0000265,5,NV,5,1,0.9966501593589784,5,1,0.9996711015701294,5,1,0.9203579425811768,5,1,0.831839919090271,5,1,5,1
ISIC_0000268,5,NV,5,1,0.9981168508529664,5,1,0.999996304512024,5,1,0.9987576007843018,5,1,0.9193703532218932,5,1,5,1
ISIC_0000275,5,NV,5,1,0.950577199459076,5,1,0.9726201891899108,5,1,0.6330201029777527,5,1,0.9890553951263428,4,0,5,1
ISIC_0000285,4,MEL,4,1,0.8373953700065613,5,0,0.8878645300865173,5,0,0.6352430582046509,5,0,0.6260350942611694,4,1,5,0
ISIC_0000293,4,MEL,4,1,0.9989637136459352,4,1,0.999861478805542,4,1,0.9992421865463256,4,1,0.9863532781600952,4,1,4,1
ISIC_0000336,5,NV,5,1,0.9685974717140198,5,1,0.980371117591858,5,1,0.5729667544364929,5,1,0.9385846853256226,4,0,5,1
ISIC_0000351,5,NV,5,1,0.7453871369361877,5,1,0.9856033325195312,5,1,0.8557541370391846,5,1,0.9079578518867492,5,1,5,1
ISIC_0000407_downsampled,5,NV,5,1,0.7797132134437561,5,1,0.8450917601585388,5,1,0.5537381768226624,5,1,0.7164000868797302,5,1,5,1
ISIC_0000418_downsampled,5,NV,5,1,0.9746530652046204,4,0,0.6687712073326111,5,1,0.9470391869544984,5,1,0.7339734435081482,5,1,5,1
ISIC_0000433_downsampled,5,NV,5,1,0.9544639587402344,5,1,0.9999160766601562,5,1,0.953722596168518,5,1,0.6364584565162659,5,1,5,1
ISIC_0000442_downsampled,5,NV,5,1,0.9027941823005676,5,1,0.7577480673789978,5,1,0.8565887808799744,5,1,0.8151294589042664,5,1,5,1
ISIC_0000498,5,NV,5,1,0.9682241678237916,5,1,0.9528900980949402,5,1,0.9149850606918336,5,1,0.7023782730102539,5,1,5,1
ISIC_0000506,5,NV,5,1,0.7468287944793701,5,1,0.9972206354141236,5,1,0.9887547492980956,5,1,0.7369911670684814,5,1,5,1
ISIC_0000510,5,NV,5,1,0.991628885269165,5,1,0.9999957084655762,5,1,0.9998445510864258,5,1,0.9600371718406676,5,1,5,1
ISIC_0000523,5,NV,5,1,0.515317440032959,6,0,0.5645197033882141,4,0,0.5644758343696594,5,1,0.7308623790740967,1,0,6,0
ISIC_0001184_downsampled,5,NV,5,1,0.9827010035514832,5,1,0.9999996423721312,5,1,0.9695824384689332,5,1,0.9744488000869752,5,1,5,1
ISIC_0001960_downsampled,5,NV,5,1,0.9999966621398926,5,1,0.9999632835388184,5,1,0.9992879033088684,5,1,0.9951627254486084,5,1,5,1
ISIC_0002287_downsampled,5,NV,5,1,0.9982752799987792,5,1,1.0,5,1,0.9990313053131104,5,1,0.9994903802871704,5,1,5,1
ISIC_0002871_downsampled,5,NV,5,1,0.999118983745575,5,1,0.970998764038086,5,1,0.9730415940284728,5,1,0.996023654937744,5,1,5,1
ISIC_0003728_downsampled,5,NV,5,1,0.999969720840454,5,1,1.0,5,1,0.9976577758789062,5,1,0.9966734647750854,5,1,2,0
ISIC_0006326_downsampled,5,NV,5,1,0.9987275004386902,5,1,1.0,5,1,0.9996823072433472,5,1,0.9912137389183044,5,1,5,1
ISIC_0007528_downsampled,5,NV,5,1,0.9995821118354796,5,1,1.0,5,1,0.9999449253082277,5,1,0.9994475245475768,5,1,5,1
ISIC_0008294_downsampled,5,NV,5,1,0.9997711777687072,5,1,1.0,5,1,0.999991774559021,5,1,0.9997196793556212,5,1,5,1
ISIC_0009297_downsampled,5,NV,5,1,0.9999878406524658,5,1,1.0,5,1,0.9996033310890198,5,1,0.992883324623108,5,1,5,1
ISIC_0009943,5,NV,5,1,0.9990900754928588,5,1,0.999942183494568,5,1,0.9977466464042664,5,1,0.9661310911178588,5,1,5,1
ISIC_0010038,5,NV,5,1,0.9993470311164856,5,1,0.9995343685150146,5,1,0.9999252557754515,5,1,0.9749607443809508,5,1,5,1
ISIC_0010319,4,MEL,2,0,0.9978100657463074,5,0,0.5057949423789978,4,1,0.8171848058700562,4,1,0.6056840419769287,4,1,5,0
ISIC_0010342,5,NV,5,1,0.9678747057914734,5,1,0.9901334047317504,4,0,0.894001841545105,5,1,0.5791340470314026,5,1,5,1
ISIC_0010351,5,NV,4,0,0.575678288936615,4,0,0.4676997661590576,5,1,0.6635304093360901,4,0,0.8527725338935852,4,0,5,1
ISIC_0010364,4,MEL,4,1,0.6645380854606628,5,0,0.7146126627922058,5,0,0.9303272366523744,4,1,0.61688631772995,5,0,5,0
ISIC_0010370,5,NV,5,1,0.9999438524246216,5,1,0.9999986886978148,5,1,0.9999946355819702,5,1,0.9984768033027648,5,1,5,1
ISIC_0010456,5,NV,5,1,0.9996596574783324,5,1,0.9999151229858398,5,1,0.960934042930603,5,1,0.9365555047988892,5,1,5,1
ISIC_0010459,5,NV,5,1,0.9999339580535888,5,1,0.999997854232788,5,1,0.9919484853744508,5,1,0.9975281357765198,5,1,5,1
ISIC_0010466,4,MEL,4,1,0.768506646156311,5,0,0.9378426671028136,4,1,0.7589187026023865,5,0,0.4905883371829986,5,0,5,0
ISIC_0010565,5,NV,5,1,0.9811514019966124,5,1,0.9884738326072692,5,1,0.6478263139724731,5,1,0.6377441883087158,5,1,5,1
ISIC_0010575,5,NV,5,1,0.959276020526886,5,1,0.9996486902236938,5,1,0.9994001388549804,5,1,0.7592053413391113,5,1,5,1
ISIC_0010587,4,MEL,5,0,0.9994543194770812,5,0,0.9714146852493286,5,0,0.928380012512207,5,0,0.721165120601654,5,0,5,0
ISIC_0010863,4,MEL,4,1,0.6046810150146484,5,0,0.9932628273963928,5,0,0.6234713792800903,5,0,0.9324999451637268,4,1,5,0
ISIC_0011107,5,NV,5,1,0.9711560606956482,4,0,0.8385539054870605,5,1,0.938330054283142,5,1,0.9833347201347352,5,1,5,1
ISIC_0011139,4,MEL,5,0,0.6352030038833618,5,0,0.9168127179145812,5,0,0.5768926739692688,4,1,0.5916597843170166,5,0,5,0
ISIC_0011143,5,NV,5,1,0.999800741672516,5,1,0.9999678134918212,5,1,0.9981324076652528,5,1,0.997307538986206,5,1,5,1
ISIC_0011159,5,NV,4,0,0.9308451414108276,5,1,0.8805882930755615,4,0,0.7748148441314697,5,1,0.6011587977409363,5,1,4,0
ISIC_0011161,4,MEL,6,0,0.9985573887825012,6,0,0.9998021721839904,6,0,0.9859409928321838,6,0,0.9964839220046996,4,1,4,1
ISIC_0011229,5,NV,5,1,0.9607900381088256,5,1,0.9996871948242188,5,1,0.8712453246116638,5,1,0.9682549238204956,5,1,5,1
ISIC_0011305,4,MEL,5,0,0.452970415353775,5,0,0.9979230761528016,5,0,0.5706538558006287,4,1,0.8002574443817139,0,0,5,0
ISIC_0011339,5,NV,5,1,0.9910593628883362,5,1,0.9999994039535522,5,1,0.9911112189292908,5,1,0.9965540170669556,5,1,5,1
ISIC_0011361,5,NV,5,1,0.9999898672103882,5,1,0.9999903440475464,5,1,0.9884881377220154,5,1,0.9963698387145996,5,1,5,1
ISIC_0012118_downsampled,5,NV,5,1,0.9313015937805176,5,1,0.985503077507019,5,1,0.8800070881843567,5,1,0.9618575572967528,5,1,5,1
ISIC_0012179_downsampled,5,NV,5,1,0.8372945785522461,5,1,0.9927480816841124,4,0,0.5719045400619507,5,1,0.5424542427062988,4,0,5,1
ISIC_0012203_downsampled,5,NV,5,1,0.9935958981513976,5,1,0.9993127584457396,5,1,0.7779493927955627,5,1,0.9696447253227234,5,1,5,1
ISIC_0012313_downsampled,5,NV,5,1,0.8178950548171997,5,1,0.6757156848907471,5,1,0.6542056202888489,5,1,0.7920721769332886,5,1,5,1
ISIC_0012384_downsampled,5,NV,2,0,0.9338176250457764,2,0,0.7828015685081482,5,1,0.6250573396682739,2,0,0.7889216542243958,2,0,2,0
ISIC_0012406_downsampled,5,NV,5,1,0.9485204815864564,5,1,0.8232659101486206,5,1,0.8804962038993835,5,1,0.947302520275116,5,1,5,1
ISIC_0012455_downsampled,2,BKL,4,0,0.9371163249015808,2,1,0.9992308616638184,2,1,0.9978524446487428,4,0,0.684035062789917,5,0,2,1
ISIC_0012494_downsampled,5,NV,5,1,0.7589859962463379,4,0,0.9255868792533876,5,1,0.6046488881111145,5,1,0.6750568747520447,5,1,2,0
ISIC_0012543_downsampled,2,BKL,2,1,0.99995756149292,2,1,0.9987457990646362,2,1,0.976548671722412,2,1,0.9862050414085388,2,1,2,1
ISIC_0012657_downsampled,5,NV,5,1,0.96842223405838,5,1,0.8543409705162048,2,0,0.6744989156723022,5,1,0.9037579298019408,5,1,5,1
ISIC_0012666_downsampled,2,BKL,5,0,0.7627532482147217,5,0,0.8024320602416992,5,0,0.604122519493103,2,1,0.5191845893859863,5,0,2,1
ISIC_0012684_downsampled,5,NV,5,1,0.99457585811615,5,1,0.9999860525131226,5,1,0.8848480582237244,5,1,0.9326307773590088,5,1,5,1
ISIC_0012715_downsampled,4,MEL,4,1,0.8029170036315918,4,1,0.9989763498306274,4,1,0.9829223155975342,4,1,0.7445878982543945,4,1,4,1
ISIC_0012735_downsampled,5,NV,5,1,0.7576695680618286,5,1,0.6591731905937195,2,0,0.8208025097846985,5,1,0.667046844959259,5,1,5,1
ISIC_0012876_downsampled,5,NV,5,1,0.8782858848571777,5,1,0.9793591499328612,5,1,0.6610890030860901,5,1,0.6864519715309143,5,1,5,1
ISIC_0012879_downsampled,5,NV,5,1,0.92374187707901,2,0,0.5732001662254333,5,1,0.6469529867172241,2,0,0.7334159016609192,5,1,5,1
ISIC_0012902_downsampled,2,BKL,2,1,0.4724831879138946,4,0,0.9966805577278136,4,0,0.6472846865653992,4,0,0.8747125267982483,2,1,2,1
ISIC_0012903_downsampled,5,NV,2,0,0.9753212332725524,5,1,0.9999407529830932,5,1,0.9132681488990784,5,1,0.9931776523590088,5,1,5,1
ISIC_0012932_downsampled,2,BKL,4,0,0.8774996399879456,2,1,0.8184675574302673,4,0,0.6404464244842529,2,1,0.9640103578567504,2,1,2,1
ISIC_0012956_downsampled,5,NV,5,1,0.9994567036628724,5,1,0.9971444010734558,5,1,0.7690853476524353,5,1,0.8902338743209839,5,1,5,1
ISIC_0012976_downsampled,5,NV,5,1,0.9468493461608888,5,1,0.999935269355774,5,1,0.7234609723091125,5,1,0.9820952415466307,5,1,5,1
ISIC_0012987_downsampled,5,NV,5,1,0.9723179340362548,2,0,0.8922757506370544,5,1,0.6349847912788391,5,1,0.6861017346382141,5,1,5,1
ISIC_0013000_downsampled,5,NV,5,1,0.950263500213623,5,1,0.9940840601921082,5,1,0.7846229076385498,5,1,0.8122810125350952,5,1,5,1
ISIC_0013027_downsampled,5,NV,5,1,0.9798249006271362,5,1,1.0,5,1,0.9941774606704712,5,1,0.996703803539276,5,1,5,1
ISIC_0013106_downsampled,5,NV,5,1,0.9981991648674012,5,1,0.8744319081306458,5,1,0.7575746178627014,5,1,0.9221912026405334,5,1,5,1
ISIC_0013132_downsampled,5,NV,5,1,0.9976823329925536,5,1,0.9855508804321288,5,1,0.9324364066123962,5,1,0.9967967867851256,5,1,5,1
ISIC_0013160_downsampled,2,BKL,2,1,0.9927567839622498,2,1,0.9986528158187866,4,0,0.6510171294212341,2,1,0.8630717992782593,2,1,2,1
ISIC_0013177_downsampled,2,BKL,2,1,0.9957045912742616,2,1,0.9988232254981996,2,1,0.993446409702301,2,1,0.9496414065361024,2,1,2,1
ISIC_0013227_downsampled,5,NV,2,0,0.8233432769775391,2,0,0.8955869078636169,5,1,0.8740204572677612,2,0,0.6011872291564941,2,0,2,0
ISIC_0013302_downsampled,5,NV,5,1,0.9503682851791382,5,1,0.9616491794586182,2,0,0.5165750980377197,5,1,0.9095189571380616,5,1,5,1
ISIC_0013316_downsampled,2,BKL,2,1,0.9999550580978394,2,1,0.9998812675476074,2,1,0.9976634979248048,2,1,0.99799782037735,2,1,2,1
ISIC_0013334_downsampled,4,MEL,4,1,0.8458017706871033,5,0,0.68574458360672,4,1,0.9787828922271729,2,0,0.5468988418579102,4,1,4,1
ISIC_0013335_downsampled,2,BKL,5,0,0.7895013093948364,2,1,0.9982278943061828,2,1,0.6927646994590759,5,0,0.6178656220436096,5,0,2,1
ISIC_0013393_downsampled,2,BKL,5,0,0.8645126223564148,5,0,0.9915594458580016,2,1,0.4951717853546142,4,0,0.8373323082923889,2,1,2,1
ISIC_0013394_downsampled,5,NV,5,1,0.9992076754570008,5,1,0.9996650218963624,5,1,0.6575842499732971,5,1,0.9159234762191772,5,1,5,1
ISIC_0013424_downsampled,5,NV,5,1,0.8228546380996704,5,1,0.6023068428039551,5,1,0.6529302597045898,5,1,0.6903383731842041,2,0,5,1
ISIC_0013530_downsampled,4,MEL,4,1,0.9481859803199768,4,1,0.934377133846283,4,1,0.8219881057739258,4,1,0.9077361226081848,4,1,4,1
ISIC_0013615_downsampled,4,MEL,4,1,0.9927339553833008,4,1,0.9981486797332764,4,1,0.9546034932136536,4,1,0.7696511745452881,4,1,4,1
ISIC_0013767_downsampled,4,MEL,4,1,0.8353055119514465,4,1,0.9834782481193542,4,1,0.964487075805664,4,1,0.8876254558563232,5,0,4,1
ISIC_0013772_downsampled,5,NV,2,0,0.5588017106056213,5,1,0.982519507408142,5,1,0.966319501399994,5,1,0.4519833624362945,5,1,5,1
ISIC_0013836_downsampled,5,NV,5,1,0.9987032413482666,5,1,0.9999945163726808,5,1,0.9822966456413268,5,1,0.9792282581329346,5,1,5,1
ISIC_0013984_downsampled,4,MEL,4,1,0.9086084961891174,4,1,0.9603318572044371,4,1,0.662018358707428,4,1,0.5289785861968994,4,1,5,0
ISIC_0014032_downsampled,2,BKL,2,1,0.9983270764350892,2,1,0.981006681919098,4,0,0.7906906604766846,2,1,0.4714512228965759,2,1,2,1
ISIC_0014129_downsampled,4,MEL,4,1,0.8762069940567017,4,1,0.9792266488075256,4,1,0.9756449460983276,4,1,0.8952078819274902,5,0,4,1
ISIC_0014149_downsampled,5,NV,5,1,0.8338238596916199,5,1,0.9910853505134584,4,0,0.6183390617370605,2,0,0.5541989207267761,5,1,5,1
ISIC_0014158_downsampled,5,NV,5,1,0.9420809149742126,5,1,0.8322065472602844,5,1,0.9744263887405396,2,0,0.6740705370903015,5,1,2,0
ISIC_0014212_downsampled,2,BKL,2,1,0.9988144636154176,2,1,0.9996569156646729,2,1,0.9840046167373656,2,1,0.9773935079574584,2,1,2,1
ISIC_0014253_downsampled,5,NV,5,1,0.9612817764282228,5,1,0.9289571046829224,5,1,0.8882514834403992,5,1,0.9041045904159546,5,1,2,0
ISIC_0014316_downsampled,4,MEL,4,1,0.9671410322189332,4,1,0.5563724040985107,4,1,0.8835987448692322,4,1,0.846208930015564,5,0,5,0
ISIC_0014328_downsampled,5,NV,2,0,0.6662781834602356,5,1,0.805323600769043,4,0,0.6851031184196472,2,0,0.727661669254303,5,1,2,0
ISIC_0014410_downsampled,2,BKL,2,1,0.9713936448097228,2,1,0.999631404876709,2,1,0.9967108964920044,2,1,0.9811655282974244,2,1,2,1
ISIC_0014441_downsampled,5,NV,4,0,0.8653593063354492,5,1,0.5134386420249939,2,0,0.6065131425857544,2,0,0.3452046811580658,5,1,5,1
ISIC_0014506_downsampled,4,MEL,4,1,0.996985137462616,4,1,0.9992803931236268,4,1,0.986018180847168,4,1,0.8455877304077148,4,1,4,1
ISIC_0014537_downsampled,2,BKL,2,1,0.9998785257339478,2,1,0.9999054670333862,2,1,0.8832343816757202,2,1,0.9964134097099304,2,1,2,1
ISIC_0014548_downsampled,4,MEL,4,1,0.605600118637085,4,1,0.9747614860534668,4,1,0.9644041061401368,4,1,0.9022002220153807,4,1,4,1
ISIC_0014641_downsampled,2,BKL,2,1,0.9999912977218628,2,1,0.999959111213684,2,1,0.999541997909546,2,1,1.0,2,1,2,1
ISIC_0014652_downsampled,2,BKL,4,0,0.6790910363197327,2,1,0.9999771118164062,2,1,0.9990782737731934,2,1,0.9990177154541016,2,1,2,1
ISIC_0014653_downsampled,2,BKL,2,1,1.0,2,1,0.9997705817222596,2,1,0.9998319149017334,2,1,0.999996542930603,2,1,2,1
ISIC_0014657_downsampled,5,NV,5,1,0.9948425889015198,5,1,0.9950377345085144,5,1,0.9710737466812134,5,1,0.949902594089508,5,1,5,1
ISIC_0014715_downsampled,5,NV,5,1,0.8421428799629211,5,1,0.9990792274475098,5,1,0.6524547338485718,6,0,0.8330279588699341,5,1,5,1
ISIC_0014724_downsampled,5,NV,5,1,0.6596091985702515,5,1,0.8246219158172607,4,0,0.6377979516983032,5,1,0.8329699635505676,5,1,5,1
ISIC_0014743_downsampled,5,NV,5,1,0.9899647831916808,5,1,0.999127209186554,5,1,0.9960522055625916,5,1,0.9954244494438172,5,1,5,1
ISIC_0014773_downsampled,5,NV,5,1,0.9997233748435974,5,1,1.0,5,1,0.9986573457717896,5,1,0.9995891451835632,5,1,5,1
ISIC_0014806_downsampled,2,BKL,5,0,0.9813609719276428,5,0,0.6781847476959229,5,0,0.9774364829063416,5,0,0.6450915336608887,5,0,5,0
ISIC_0014908_downsampled,5,NV,5,1,0.5926322937011719,5,1,0.9957919120788574,5,1,0.96437007188797,5,1,0.976746678352356,5,1,5,1
ISIC_0014910_downsampled,5,NV,5,1,0.9536179304122924,5,1,0.9971867203712464,5,1,0.9919379353523254,5,1,0.9906574487686156,5,1,5,1
ISIC_0014920_downsampled,4,MEL,5,0,0.8140204548835754,5,0,0.9173015356063844,5,0,0.6389070749282837,5,0,0.8104745149612427,5,0,5,0
ISIC_0014927_downsampled,5,NV,5,1,0.9993675351142884,5,1,0.9999853372573853,5,1,0.9818395972251892,5,1,0.9988453388214112,5,1,5,1
ISIC_0014938_downsampled,5,NV,5,1,0.5319893956184387,5,1,0.9999114274978638,5,1,0.6551613807678223,5,1,0.9893847107887268,4,0,5,1
ISIC_0014940_downsampled,5,NV,5,1,0.9986836314201356,5,1,0.999948501586914,5,1,0.9962037205696106,5,1,0.9860419631004332,5,1,5,1
ISIC_0014949_downsampled,5,NV,5,1,0.999969244003296,5,1,1.0,5,1,0.9997851252555848,5,1,0.9994578957557678,5,1,5,1
ISIC_0014998_downsampled,5,NV,5,1,0.9999592304229736,5,1,0.9996801614761353,5,1,0.9902825355529784,5,1,0.9483875036239624,5,1,5,1
ISIC_0015019_downsampled,5,NV,5,1,0.9336018562316896,5,1,0.7784876823425293,4,0,0.6798980832099915,5,1,0.916106641292572,5,1,5,1
ISIC_0015113_downsampled,2,BKL,2,1,0.8701025247573853,2,1,0.9983698725700378,5,0,0.9796176552772522,2,1,0.991120994091034,5,0,2,1
ISIC_0015118_downsampled,5,NV,5,1,0.9888418912887572,5,1,0.999271810054779,5,1,0.9998013377189636,5,1,0.92412930727005,5,1,5,1
ISIC_0015125_downsampled,5,NV,5,1,0.725644052028656,5,1,0.9991028308868408,5,1,0.9733255505561828,5,1,0.9575749039649964,5,1,5,1
ISIC_0015130_downsampled,5,NV,5,1,0.6984289288520813,5,1,0.9886159300804138,5,1,0.9948782920837402,5,1,0.738642692565918,5,1,5,1
ISIC_0015264_downsampled,5,NV,5,1,0.7199040651321411,5,1,1.0,5,1,0.5768594145774841,5,1,0.967972695827484,5,1,5,1
ISIC_0015330_downsampled,5,NV,5,1,0.9995772242546082,5,1,0.998995006084442,5,1,0.9385672211647034,5,1,0.9951830506324768,5,1,5,1
ISIC_0015357_downsampled,5,NV,5,1,0.850257396697998,5,1,0.999997854232788,5,1,0.8625816106796265,5,1,0.9683489203453064,5,1,5,1
ISIC_0015404_downsampled,5,NV,5,1,0.9998041987419128,5,1,0.9995044469833374,5,1,0.9115627408027648,5,1,0.9913220405578612,5,1,5,1
ISIC_0015938_downsampled,5,NV,5,1,0.9993624091148376,5,1,0.999995231628418,5,1,0.9378554821014404,5,1,0.9492910504341124,5,1,5,1
ISIC_0015952_downsampled,5,NV,5,1,0.9988898634910583,5,1,0.9783247113227844,2,0,0.5899010300636292,2,0,0.4593645632266998,5,1,5,1
ISIC_0015966_downsampled,5,NV,5,1,0.9769405126571656,5,1,0.9999960660934448,5,1,0.6267783641815186,5,1,0.8499445915222168,5,1,5,1
ISIC_0015967_downsampled,5,NV,5,1,0.9980188608169556,5,1,0.996892273426056,4,0,0.5484567284584045,5,1,0.8781697154045105,5,1,2,0
ISIC_0016043_downsampled,5,NV,5,1,0.8515418171882629,5,1,0.571000337600708,4,0,0.7203317284584045,7,0,0.5149732232093811,7,0,5,1
ISIC_0016045_downsampled,5,NV,5,1,0.9800761342048644,5,1,0.8122552037239075,5,1,0.9464316368103028,5,1,0.972225308418274,5,1,5,1
ISIC_0016052_downsampled,5,NV,4,0,0.7199283242225647,5,1,0.9490182995796204,4,0,0.8700132966041565,5,1,0.7832537293434143,5,1,5,1
ISIC_0024341,5,NV,5,1,0.9999986886978148,5,1,0.999998927116394,5,1,0.9999991655349731,5,1,0.9999617338180542,5,1,5,1
ISIC_0024373,5,NV,5,1,0.9995272159576416,5,1,0.9998569488525392,5,1,0.9807007312774658,5,1,0.9993526339530944,5,1,5,1
ISIC_0024376,5,NV,5,1,0.9998648166656494,5,1,0.9999996423721312,5,1,0.9922878742218018,5,1,0.9995463490486144,5,1,5,1
ISIC_0024384,5,NV,5,1,0.99999737739563,5,1,0.9999994039535522,5,1,0.9998999834060668,5,1,0.9999979734420776,5,1,5,1
ISIC_0024400,4,MEL,2,0,0.9996989965438844,4,1,0.7694227695465088,2,0,0.9743931293487548,2,0,0.999612271785736,2,0,2,0
ISIC_0024403,1,BCC,1,1,0.9970847964286804,1,1,0.9997866749763488,1,1,0.9507576823234558,1,1,0.999675154685974,1,1,6,0
ISIC_0024422,2,BKL,2,1,0.991692066192627,5,0,0.6451901197433472,4,0,0.7793581485748291,5,0,0.5124393701553345,5,0,5,0
ISIC_0024444,5,NV,5,1,0.9999868869781494,5,1,0.99997878074646,5,1,0.9999818801879884,5,1,0.9985828399658204,5,1,5,1
ISIC_0024453,2,BKL,2,1,0.995417594909668,2,1,0.997739315032959,2,1,0.992069125175476,2,1,0.9684770107269288,2,1,2,1
ISIC_0024459,4,MEL,2,0,0.6886484026908875,2,0,0.934016227722168,4,1,0.403720885515213,5,0,0.7447181344032288,5,0,2,0
ISIC_0024466,5,NV,2,0,0.9063009023666382,2,0,0.992097020149231,6,0,0.8487504124641418,4,0,0.4293322265148163,5,1,5,1
ISIC_0024477,2,BKL,2,1,0.9806463718414308,2,1,0.4047060906887054,4,0,0.5575029850006104,4,0,0.5850016474723816,2,1,5,0
ISIC_0024501,5,NV,5,1,0.9997803568840028,5,1,0.9999972581863404,5,1,0.9755340814590454,5,1,0.9999986886978148,5,1,5,1
ISIC_0024543,5,NV,5,1,0.9917586445808412,5,1,0.999974250793457,5,1,0.999987006187439,5,1,0.998705506324768,5,1,5,1
ISIC_0024576,5,NV,5,1,0.9999933242797852,5,1,0.9999996423721312,5,1,0.9981536269187928,5,1,0.9994124174118042,5,1,5,1
ISIC_0024580,5,NV,5,1,0.99905127286911,5,1,0.9999972581863404,5,1,0.9999995231628418,5,1,0.997654378414154,5,1,5,1
ISIC_0024589,5,NV,5,1,0.9996538162231444,5,1,0.9999998807907104,5,1,0.9999997615814208,5,1,0.9999910593032836,5,1,5,1
ISIC_0024658,5,NV,5,1,0.9998629093170166,5,1,0.9999942779541016,5,1,0.9998360872268676,5,1,0.9988179802894592,5,1,5,1
ISIC_0024718,5,NV,5,1,0.9999709129333496,5,1,0.9999747276306152,5,1,0.9999656677246094,5,1,0.9972416162490844,5,1,5,1
ISIC_0024730,5,NV,5,1,0.861531138420105,5,1,0.8615358471870422,5,1,0.9309661984443665,5,1,0.7679999470710754,5,1,5,1
ISIC_0024742,5,NV,5,1,0.9992833733558656,5,1,0.999995231628418,5,1,0.9961416125297546,5,1,0.9964052438735962,5,1,5,1
ISIC_0024748,2,BKL,5,0,0.999338448047638,5,0,0.9978412389755248,5,0,0.5044346451759338,5,0,0.9909652471542358,5,0,5,0
ISIC_0024751,5,NV,5,1,0.9257648587226868,5,1,0.9950661659240724,5,1,0.9997647404670716,5,1,0.9986374974250792,5,1,5,1
ISIC_0024785,5,NV,5,1,0.9996901750564576,5,1,1.0,5,1,0.9978131055831908,5,1,0.9969202280044556,5,1,5,1
ISIC_0024834,5,NV,5,1,0.9990496039390564,5,1,0.9999774694442748,5,1,0.999338448047638,5,1,0.9999030828475952,5,1,5,1
ISIC_0024845,3,DF,3,1,0.9999423027038574,3,1,0.9998512268066406,3,1,0.3551684916019439,3,1,0.9854698181152344,3,1,3,1
ISIC_0024847,5,NV,5,1,0.999846339225769,5,1,0.9999997615814208,5,1,0.9999582767486572,5,1,0.992717981338501,5,1,5,1
ISIC_0024864,4,MEL,4,1,0.9266454577445984,4,1,0.899403989315033,5,0,0.8252809643745422,5,0,0.6723225712776184,2,0,5,0
ISIC_0024873,5,NV,5,1,0.999987244606018,5,1,0.999992609024048,5,1,0.9967009425163268,5,1,0.9999998807907104,5,1,5,1
ISIC_0024889,5,NV,5,1,0.999902844429016,5,1,0.9999955892562866,5,1,0.9995280504226683,5,1,0.9978456497192384,5,1,5,1
ISIC_0024906,5,NV,5,1,0.8244607448577881,5,1,0.9799805283546448,5,1,0.8879750370979309,5,1,0.8313174843788147,5,1,5,1
ISIC_0024951,4,MEL,4,1,0.9757927060127258,4,1,0.9383269548416138,4,1,0.9750686287879944,4,1,0.8159111738204956,4,1,4,1
ISIC_0024969,5,NV,5,1,0.9616621732711792,5,1,0.9894981384277344,5,1,0.9575928449630736,5,1,0.7267175316810608,5,1,5,1
ISIC_0025023,5,NV,5,1,0.9999254941940308,5,1,0.9999964237213136,5,1,0.9999330043792723,5,1,0.9999333620071412,5,1,5,1
ISIC_0025041,5,NV,5,1,0.9997462630271912,5,1,0.9994327425956726,5,1,0.9997901320457458,5,1,0.999948263168335,5,1,5,1
ISIC_0025045,5,NV,5,1,0.9899846315383912,5,1,0.9999990463256836,5,1,0.9801335334777832,5,1,0.9945083260536194,5,1,5,1
ISIC_0025058,5,NV,5,1,0.999967098236084,5,1,0.9999892711639404,5,1,0.9999878406524658,5,1,0.9999990463256836,5,1,5,1
ISIC_0025073,5,NV,4,0,0.4483206272125244,5,1,0.7862765192985535,5,1,0.6622555255889893,5,1,0.7979937195777893,5,1,5,1
ISIC_0025077,5,NV,5,1,0.9592291116714478,5,1,0.9998762607574464,5,1,0.9869183897972108,5,1,0.989194393157959,5,1,5,1
ISIC_0025086,2,BKL,2,1,0.9157626032829284,2,1,0.991795003414154,2,1,0.9533670544624328,2,1,0.916191577911377,2,1,2,1
ISIC_0025091,5,NV,5,1,0.999987244606018,5,1,0.99999737739563,5,1,0.9998723268508912,5,1,0.999553382396698,5,1,5,1
ISIC_0025100,5,NV,5,1,0.9934425354003906,5,1,0.9998257756233216,5,1,0.9985929131507874,5,1,0.9991313815116882,5,1,5,1
ISIC_0025103,2,BKL,2,1,0.9987781643867492,2,1,0.9998356103897096,2,1,0.9970279335975648,2,1,0.9997034668922424,2,1,2,1
ISIC_0025130,6,SCC,0,0,0.9290664792060852,6,1,0.984696626663208,6,1,0.6267752051353455,4,0,0.6094664335250854,2,0,0,0
ISIC_0025138,5,NV,5,1,0.9925476908683776,5,1,1.0,5,1,0.9872080683708192,5,1,0.9985529780387878,5,1,5,1
ISIC_0025148,5,NV,2,0,0.796147882938385,5,1,0.8927090764045715,5,1,0.8186038136482239,5,1,0.6298080682754517,5,1,5,1
ISIC_0025151,5,NV,5,1,0.9999912977218628,5,1,1.0,5,1,0.9997825026512146,5,1,0.9999998807907104,5,1,5,1
ISIC_0025195,4,MEL,2,0,0.9999886751174928,4,1,0.9671434760093688,2,0,0.5546610355377197,2,0,0.7235773205757141,2,0,2,0
ISIC_0025219,4,MEL,4,1,0.991384744644165,4,1,0.9987589120864868,4,1,0.9294595718383788,4,1,0.8266552090644836,4,1,4,1
ISIC_0025248,4,MEL,4,1,0.428763598203659,4,1,0.9398090839385986,2,0,0.7327510714530945,5,0,0.7801833748817444,2,0,4,1
ISIC_0025251,5,NV,5,1,0.999439299106598,5,1,0.9999994039535522,5,1,0.9992963075637816,5,1,0.9990679621696472,5,1,5,1
ISIC_0025275,2,BKL,2,1,0.5061290860176086,5,0,0.6605064272880554,7,0,0.9866601228713988,2,1,0.4783366918563843,5,0,5,0
ISIC_0025277,4,MEL,4,1,0.6983404755592346,4,1,0.9998748302459716,2,0,0.9128139019012452,2,0,0.9955345392227172,2,0,4,1
ISIC_0025289,5,NV,5,1,0.8476520776748657,7,0,0.7710139751434326,5,1,0.5892468094825745,7,0,0.4844543039798736,5,1,5,1
ISIC_0025300,5,NV,5,1,0.98512864112854,5,1,0.9932501316070556,5,1,0.914556324481964,5,1,0.9677870869636536,5,1,5,1
ISIC_0025357,5,NV,5,1,0.9999183416366576,5,1,0.9999713897705078,5,1,0.9999914169311525,5,1,0.9912885427474976,5,1,5,1
ISIC_0025359,5,NV,5,1,0.9999136924743652,5,1,0.999879002571106,5,1,0.9994876384735109,5,1,0.9999948740005492,5,1,5,1
ISIC_0025362,1,BCC,1,1,0.5102050304412842,1,1,0.9923049807548524,1,1,0.8796564340591431,1,1,0.9940195083618164,1,1,1,1
ISIC_0025364,5,NV,5,1,0.9219053983688354,5,1,0.9999791383743286,5,1,0.9868733286857604,5,1,0.9983727931976318,5,1,5,1
ISIC_0025379,5,NV,5,1,0.9999107122421264,5,1,0.9996660947799684,5,1,0.9999880790710448,5,1,0.9999085664749146,5,1,5,1
ISIC_0025415,5,NV,5,1,0.9997320771217346,5,1,0.9999942779541016,5,1,0.9998145699501038,5,1,0.999950647354126,5,1,5,1
ISIC_0025417,1,BCC,1,1,0.7741870284080505,1,1,0.9686940908432008,1,1,0.9383122324943542,1,1,0.9830456972122192,1,1,2,0
ISIC_0025478,5,NV,5,1,0.9893109798431396,5,1,0.9997928738594056,5,1,0.9958661794662476,5,1,0.9967522621154784,5,1,5,1
ISIC_0025480,5,NV,5,1,0.999991774559021,5,1,0.9999998807907104,5,1,0.9999376535415648,5,1,0.9995172023773192,5,1,5,1
ISIC_0025544,5,NV,5,1,0.98698490858078,5,1,0.9999971389770508,5,1,0.8342188596725464,5,1,0.8605763912200928,5,1,5,1
ISIC_0025574,5,NV,5,1,0.9999877214431764,5,1,0.9999862909317015,5,1,0.999840259552002,5,1,0.9992077946662904,5,1,5,1
ISIC_0025585,5,NV,5,1,0.9998937845230104,5,1,1.0,5,1,0.999970555305481,5,1,0.9999709129333496,5,1,5,1
ISIC_0025602,5,NV,5,1,0.999983549118042,5,1,0.9999805688858032,5,1,0.9995342493057252,5,1,0.997308611869812,5,1,5,1
ISIC_0025673,5,NV,5,1,0.999925971031189,5,1,0.9997259974479676,5,1,0.999426245689392,5,1,0.9974157810211182,5,1,5,1
ISIC_0025699,2,BKL,2,1,0.549236536026001,4,0,0.5119104981422424,2,1,0.8909332752227783,5,0,0.8003571629524231,5,0,5,0
ISIC_0025710,2,BKL,2,1,0.960181474685669,2,1,0.9974931478500366,2,1,0.9975696206092834,2,1,0.9988583326339722,2,1,2,1
ISIC_0025721,5,NV,5,1,0.9999419450759888,5,1,1.0,5,1,0.999601423740387,5,1,0.9997172951698304,5,1,5,1
ISIC_0025791,4,MEL,5,0,0.9844485521316528,5,0,0.996870219707489,5,0,0.9251729846000672,5,0,0.9250211715698242,5,0,5,0
ISIC_0025888,5,NV,5,1,0.9999736547470092,5,1,0.9999997615814208,5,1,0.9999147653579712,5,1,0.999173939228058,5,1,5,1
ISIC_0025902,5,NV,5,1,0.9389707446098328,5,1,0.9988369345664978,5,1,0.6963940262794495,5,1,0.8128628730773926,5,1,5,1
ISIC_0025916,5,NV,5,1,0.999996781349182,5,1,0.9878318905830384,5,1,0.9994122982025146,5,1,0.9878359436988832,5,1,5,1
ISIC_0025925,5,NV,5,1,0.9640501141548156,5,1,0.9999985694885254,5,1,0.9890941977500916,5,1,0.9990890026092528,5,1,5,1
ISIC_0025930,5,NV,5,1,0.9988993406295776,5,1,0.9999921321868896,5,1,0.9997971653938292,5,1,0.9973625540733336,5,1,5,1
ISIC_0025931,5,NV,5,1,0.9991214871406556,5,1,0.9999593496322632,5,1,0.9899107813835144,5,1,0.9995369911193848,5,1,5,1
ISIC_0025935,5,NV,5,1,0.9999953508377076,5,1,0.9999991655349731,5,1,0.996316134929657,5,1,0.9991232752799988,5,1,5,1
ISIC_0025951,5,NV,5,1,0.9996381998062134,5,1,0.9999837875366212,5,1,0.9897281527519226,5,1,0.999072790145874,5,1,5,1
ISIC_0025956,5,NV,4,0,0.9689961075782776,4,0,0.900820791721344,2,0,0.4709706902503967,4,0,0.7611265778541565,4,0,4,0
ISIC_0025976,5,NV,5,1,0.9998220801353456,5,1,0.9999995231628418,5,1,0.9998103976249696,5,1,0.9993496537208556,5,1,5,1
ISIC_0025986,2,BKL,5,0,0.4354258179664612,4,0,0.9295352101325988,4,0,0.4973082840442657,4,0,0.6237067580223083,5,0,4,0
ISIC_0026001,5,NV,5,1,0.999040424823761,5,1,1.0,5,1,0.9999916553497314,5,1,0.99972802400589,5,1,5,1
ISIC_0026006,5,NV,5,1,0.9990084767341614,5,1,0.9998973608016968,5,1,0.9706710577011108,5,1,0.9423787593841552,5,1,5,1
ISIC_0026037,5,NV,5,1,0.92655611038208,4,0,0.5388522744178772,5,1,0.9601368308067322,5,1,0.6540126204490662,5,1,5,1
ISIC_0026064,5,NV,5,1,0.9996700286865234,5,1,0.999408721923828,5,1,0.999996781349182,5,1,0.9999712705612184,5,1,5,1
ISIC_0026081,4,MEL,4,1,0.7510164380073547,4,1,0.9893758296966552,5,0,0.5291841626167297,4,1,0.5581597685813904,5,0,5,0
ISIC_0026097,5,NV,4,0,0.9845712184906006,4,0,0.8582252860069275,4,0,0.9203556180000304,4,0,0.5058557391166687,4,0,4,0
ISIC_0026123,5,NV,5,1,0.4723910093307495,5,1,0.9548552632331848,5,1,0.6053169965744019,1,0,0.8756845593452454,4,0,5,1
ISIC_0026144,5,NV,5,1,0.9999995231628418,5,1,1.0,5,1,0.9999995231628418,5,1,0.9999971389770508,5,1,5,1
ISIC_0026146,5,NV,5,1,0.9998764991760254,5,1,0.9999865293502808,5,1,0.9999921321868896,5,1,0.9999556541442872,5,1,5,1
ISIC_0026161,5,NV,5,1,0.9999839067459106,5,1,1.0,5,1,0.999990463256836,5,1,0.9999080896377563,5,1,5,1
ISIC_0026171,0,AK,2,0,0.998418927192688,2,0,0.9991751313209534,2,0,0.999830961227417,2,0,0.9997909665107728,2,0,2,0
ISIC_0026199,5,NV,5,1,0.9999492168426514,5,1,0.9999754428863524,5,1,0.9561958909034728,5,1,0.9979820251464844,5,1,5,1
ISIC_0026210,5,NV,5,1,0.9837344884872437,5,1,0.9998829364776612,5,1,0.9992241859436036,5,1,0.9974128603935242,5,1,5,1
ISIC_0026213,1,BCC,1,1,0.999954342842102,1,1,0.9999969005584716,1,1,0.9999923706054688,1,1,0.999970316886902,1,1,1,1
ISIC_0026224,5,NV,5,1,0.9999996423721312,5,1,1.0,5,1,0.9999997615814208,5,1,0.9971875548362732,5,1,5,1
ISIC_0026232,5,NV,5,1,0.9862563014030457,5,1,0.9960541725158693,5,1,0.9999256134033204,5,1,0.999323844909668,5,1,5,1
ISIC_0026245,2,BKL,2,1,0.482079416513443,5,0,0.5702797770500183,5,0,0.9517874121665956,5,0,0.6958994269371033,5,0,5,0
ISIC_0026272,5,NV,5,1,0.9997650980949402,5,1,0.9999957084655762,5,1,0.9997076392173768,5,1,0.997549831867218,5,1,5,1
ISIC_0026273,2,BKL,2,1,0.4044079780578613,3,0,0.904188632965088,2,1,0.7361244559288025,2,1,0.4848235547542572,2,1,2,1
ISIC_0026274,5,NV,5,1,0.9996334314346312,5,1,0.9999985694885254,5,1,0.999962329864502,5,1,0.999906063079834,5,1,5,1
ISIC_0026280,2,BKL,2,1,0.999777615070343,2,1,0.9999116659164428,2,1,0.9946966171264648,2,1,0.9999748468399048,2,1,2,1
ISIC_0026330,5,NV,4,0,0.7395345568656921,4,0,0.9324472546577454,4,0,0.8984690308570862,4,0,0.5908766984939575,5,1,4,0
ISIC_0026338,5,NV,5,1,0.999527096748352,5,1,0.9999966621398926,5,1,0.9998952150344848,5,1,0.99944669008255,5,1,5,1
ISIC_0026341,5,NV,5,1,0.9745153784751892,5,1,0.9978232383728028,5,1,0.9774979948997498,5,1,0.7695404291152954,5,1,5,1
ISIC_0026344,5,NV,5,1,0.9966546297073364,5,1,0.9999939203262328,5,1,0.999979853630066,5,1,0.999681830406189,5,1,5,1
ISIC_0026357,5,NV,5,1,0.9999905824661256,5,1,1.0,5,1,1.0,5,1,0.9988303780555724,5,1,5,1
ISIC_0026393,7,VASC,7,1,0.9999983310699464,7,1,0.9999966621398926,7,1,0.9999122619628906,7,1,0.998233199119568,7,1,7,1
ISIC_0026414,5,NV,4,0,0.4548992216587066,4,0,0.8685972094535828,2,0,0.6362583041191101,4,0,0.6891155242919922,5,1,4,0
ISIC_0026442,1,BCC,1,1,0.9999068975448608,1,1,0.9999947547912598,1,1,0.999931573867798,1,1,0.9999955892562866,1,1,1,1
ISIC_0026458,4,MEL,4,1,0.9954171180725098,4,1,0.9988693594932556,4,1,0.8887506127357483,4,1,0.5621753334999084,4,1,4,1
ISIC_0026468,0,AK,0,1,0.9726515412330629,0,1,0.9542346596717834,5,0,0.4497205018997192,5,0,0.900359570980072,5,0,0,1
ISIC_0026489,4,MEL,4,1,0.9028177857398988,4,1,0.9996129870414734,1,0,0.8554449081420898,4,1,0.948327660560608,4,1,4,1
ISIC_0026493,2,BKL,2,1,0.9840223789215088,4,0,0.5910276770591736,2,1,0.4548603892326355,4,0,0.9434407353401184,2,1,2,1
ISIC_0026495,5,NV,5,1,0.9999383687973022,5,1,0.999993085861206,5,1,0.9996647834777832,5,1,0.9994372725486756,5,1,5,1
ISIC_0026501,5,NV,5,1,0.9979458451271056,5,1,0.9999979734420776,5,1,0.9944615960121156,5,1,0.9918770790100098,5,1,5,1
ISIC_0026510,5,NV,5,1,0.944294273853302,5,1,1.0,5,1,0.9989973902702332,5,1,0.999840259552002,5,1,5,1
ISIC_0026528,1,BCC,7,0,0.5656090378761292,3,0,0.7695747017860413,3,0,0.99989914894104,1,1,0.7369499802589417,5,0,1,1
ISIC_0026543,5,NV,5,1,0.9999772310256958,5,1,0.999948024749756,5,1,0.999800145626068,5,1,0.9994329810142516,5,1,5,1
ISIC_0026550,5,NV,5,1,0.9860454201698304,5,1,0.9999903440475464,5,1,0.9994046688079834,5,1,0.9955978989601136,5,1,5,1
ISIC_0026579,5,NV,5,1,0.9999886751174928,5,1,0.9999997615814208,5,1,0.9999951124191284,5,1,0.9998589754104614,5,1,5,1
ISIC_0026602,5,NV,5,1,0.999961256980896,5,1,1.0,5,1,0.9999977350234984,5,1,0.9997922778129578,5,1,5,1
ISIC_0026606,2,BKL,4,0,0.6364428997039795,4,0,0.6626557111740112,5,0,0.5433804988861084,2,1,0.3932689726352691,5,0,5,0
ISIC_0026630,5,NV,5,1,0.9997937083244324,5,1,0.9999841451644896,5,1,0.9999955892562866,5,1,0.9997324347496032,5,1,5,1
ISIC_0026637,2,BKL,5,0,0.8800624012947083,5,0,0.9960346817970276,4,0,0.8961122632026672,4,0,0.8550429940223694,4,0,2,1
ISIC_0026651,5,NV,5,1,0.9951274394989014,5,1,0.997454822063446,5,1,0.9991124272346495,5,1,0.9968994855880736,5,1,5,1
ISIC_0026678,5,NV,5,1,0.9877381324768066,5,1,0.9999979734420776,5,1,0.7145275473594666,5,1,0.9991412162780762,5,1,5,1
ISIC_0026738,4,MEL,2,0,0.7474929690361023,4,1,0.5750836133956909,4,1,0.7431725263595581,4,1,0.9223200678825378,2,0,4,1
ISIC_0026767,5,NV,5,1,0.9983856678009032,5,1,0.999979853630066,5,1,0.9931291341781616,5,1,0.99673992395401,5,1,5,1
ISIC_0026776,5,NV,5,1,0.9999951124191284,5,1,0.9999895095825196,5,1,0.9998548030853271,5,1,0.9999030828475952,5,1,5,1
ISIC_0026823,4,MEL,4,1,0.9858853816986084,4,1,0.991309642791748,4,1,0.996522068977356,4,1,0.9087062478065492,2,0,4,1
ISIC_0026830,5,NV,5,1,0.8196569681167603,5,1,0.99997878074646,5,1,0.9935901165008544,5,1,0.9968932867050172,5,1,5,1
ISIC_0026843,2,BKL,5,0,0.8908905982971191,2,1,0.7015314698219299,2,1,0.8498198390007019,5,0,0.9152423739433287,5,0,5,0
ISIC_0026856,5,NV,5,1,0.9999996423721312,5,1,1.0,5,1,0.9999984502792358,5,1,0.9999986886978148,5,1,5,1
ISIC_0026864,5,NV,5,1,0.9999858140945436,5,1,0.9999988079071044,5,1,0.9973438382148744,5,1,0.9999995231628418,5,1,5,1
ISIC_0026905,0,AK,2,0,0.9690178036689758,2,0,0.9997199177742004,6,0,0.7027045488357544,2,0,0.4002651870250702,2,0,2,0
ISIC_0026912,2,BKL,2,1,0.9491447806358336,2,1,0.999445140361786,2,1,0.9920112490653992,2,1,0.9988773465156556,2,1,2,1
ISIC_0026952,1,BCC,1,1,0.9995660185813904,1,1,0.9955452680587769,1,1,0.9997463822364808,1,1,0.9997125267982484,1,1,1,1
ISIC_0026971,5,NV,5,1,0.998295247554779,5,1,1.0,5,1,0.9958868622779846,5,1,0.9995337724685668,5,1,5,1
ISIC_0026983,5,NV,5,1,0.98630952835083,5,1,0.9999939203262328,5,1,0.9993434548377992,5,1,0.9983599781990052,5,1,5,1
ISIC_0027042,2,BKL,2,1,0.9979191422462464,2,1,0.9983047246932985,2,1,0.996384859085083,2,1,0.8457353711128235,2,1,2,1
ISIC_0027093,1,BCC,1,1,0.9787009358406068,1,1,0.7883490920066833,1,1,0.5807850360870361,1,1,0.9703968167304992,1,1,1,1
ISIC_0027127,5,NV,5,1,0.923599898815155,5,1,0.9639556407928468,5,1,0.6095576286315918,5,1,0.6565545201301575,5,1,5,1
ISIC_0027133,5,NV,5,1,0.9973669648170472,5,1,0.9905142784118652,5,1,0.7358174324035645,5,1,0.5342913866043091,5,1,5,1
ISIC_0027135,1,BCC,1,1,0.9909610152244568,1,1,0.9999226331710817,1,1,0.9979706406593324,1,1,0.9982801675796508,5,0,1,1
ISIC_0027155,4,MEL,5,0,0.5160022974014282,5,0,0.9010019302368164,5,0,0.7362433671951294,4,1,0.6038744449615479,4,1,4,1
ISIC_0027164,5,NV,5,1,0.953965961933136,5,1,0.9999977350234984,5,1,0.9953521490097046,5,1,0.9977432489395142,5,1,5,1
ISIC_0027179,4,MEL,4,1,0.718372642993927,5,0,0.9172470569610596,4,1,0.957589328289032,4,1,0.7285750508308411,3,0,4,1
ISIC_0027226,5,NV,5,1,0.9964364767074584,5,1,0.920261800289154,5,1,0.9092538952827454,5,1,0.513696551322937,5,1,5,1
ISIC_0027252,5,NV,5,1,0.9999959468841552,5,1,0.9999673366546632,5,1,0.9786958694458008,5,1,0.9858511090278624,5,1,5,1
ISIC_0027261,4,MEL,1,0,0.9935989379882812,1,0,0.5630491971969604,1,0,0.979121208190918,1,0,0.9268731474876404,2,0,4,1
ISIC_0027322,5,NV,5,1,0.9995284080505372,5,1,0.9999994039535522,5,1,0.9889477491378784,5,1,0.997603476047516,5,1,5,1
ISIC_0027332,2,BKL,5,0,0.9995101690292358,5,0,0.6434439420700073,3,0,0.7896724939346313,5,0,0.9848259687423706,5,0,5,0
ISIC_0027392,2,BKL,2,1,0.99997079372406,0,0,0.9706531763076782,1,0,0.9488393664360046,2,1,0.4586952626705169,0,0,2,1
ISIC_0027402,4,MEL,5,0,0.9787575602531432,5,0,0.9986854195594788,4,1,0.430578738451004,4,1,0.5071550011634827,5,0,5,0
ISIC_0027408,5,NV,5,1,0.6116375923156738,5,1,0.9992539286613464,5,1,0.5898368954658508,5,1,0.9205371141433716,5,1,4,0
ISIC_0027467,5,NV,5,1,0.9959491491317748,5,1,0.9998587369918824,5,1,0.9985610842704772,5,1,0.9765190482139589,5,1,5,1
ISIC_0027473,1,BCC,1,1,0.9987406134605408,1,1,0.9938904047012328,1,1,0.985405445098877,1,1,0.9990032315254213,1,1,1,1
ISIC_0027487,4,MEL,4,1,0.8959981799125671,4,1,0.7460905313491821,4,1,0.8036160469055176,4,1,0.8538963794708252,4,1,4,1
ISIC_0027518,5,NV,5,1,0.9976212382316588,5,1,0.9950900077819824,5,1,0.9983125925064088,5,1,0.9965720176696776,5,1,5,1
ISIC_0027535,5,NV,2,0,0.7056005001068115,4,0,0.8926845192909241,4,0,0.5891219973564148,2,0,0.4744491875171661,4,0,4,0
ISIC_0027554,5,NV,5,1,0.8316269516944885,5,1,0.9999957084655762,5,1,0.9868987798690796,5,1,0.835887610912323,2,0,5,1
ISIC_0027563,7,VASC,7,1,0.9181385636329652,7,1,0.9998860359191896,7,1,0.9979121088981628,7,1,0.9999772310256958,7,1,7,1
ISIC_0027569,5,NV,5,1,0.9995976090431212,5,1,0.9990053772926332,5,1,0.9953151941299438,5,1,0.9647793769836426,5,1,5,1
ISIC_0027576,5,NV,5,1,0.997865617275238,5,1,0.9999414682388306,5,1,0.9929311275482178,5,1,0.9994117021560668,5,1,5,1
ISIC_0027607,5,NV,4,0,0.995198667049408,4,0,0.8883810043334961,2,0,0.4607411921024322,4,0,0.4389064908027649,4,0,4,0
ISIC_0027615,0,AK,2,0,0.5690035820007324,2,0,0.989633560180664,2,0,0.4709847569465637,6,0,0.4693813025951385,2,0,2,0
ISIC_0027619,5,NV,5,1,0.9890123605728148,5,1,0.9983515739440918,5,1,0.9998924732208252,5,1,0.9976752400398254,5,1,5,1
ISIC_0027669,4,MEL,4,1,0.9504035711288452,4,1,0.9694068431854248,4,1,0.97698712348938,4,1,0.966658353805542,4,1,4,1
ISIC_0027693,4,MEL,5,0,0.6909697651863098,4,1,0.5194225907325745,5,0,0.851413369178772,5,0,0.6876040101051331,4,1,5,0
ISIC_0027696,5,NV,5,1,0.9999747276306152,5,1,0.999992609024048,5,1,0.9999938011169434,5,1,0.9994890689849854,5,1,5,1
ISIC_0027697,5,NV,5,1,0.9643263220787048,5,1,0.9844533801078796,5,1,0.845960259437561,5,1,0.6493666172027588,5,1,5,1
ISIC_0027752,5,NV,5,1,0.9950870871543884,5,1,0.998401939868927,5,1,0.9952911138534546,5,1,0.9612205028533936,5,1,5,1
ISIC_0027767,6,SCC,5,0,0.8366654515266418,5,0,0.3772165179252624,2,0,0.5069742202758789,1,0,0.7896349430084229,5,0,6,1
ISIC_0027784,5,NV,5,1,0.544609010219574,5,1,0.9810201525688172,5,1,0.7794215679168701,5,1,0.7731271982192993,5,1,5,1
ISIC_0027811,2,BKL,2,1,0.99970680475235,2,1,0.9993224143981934,2,1,0.9896026253700256,2,1,0.9651838541030884,2,1,2,1
ISIC_0027819,1,BCC,1,1,0.6990121603012085,5,0,0.6562737822532654,7,0,0.977259397506714,1,1,0.9990046620368958,1,1,5,0
ISIC_0027824,5,NV,5,1,0.9999994039535522,5,1,1.0,5,1,0.9999232292175292,5,1,0.99999737739563,5,1,5,1
ISIC_0027831,2,BKL,2,1,0.9999107122421264,2,1,0.9995144605636596,2,1,0.998963475227356,2,1,0.9999614953994752,2,1,2,1
ISIC_0027848,5,NV,5,1,0.9906018972396852,5,1,0.9865877032279968,5,1,0.5518351793289185,4,0,0.7163930535316467,5,1,5,1
ISIC_0027902,5,NV,5,1,0.9973737001419068,5,1,0.8470689058303833,5,1,0.8483712673187256,5,1,0.6600922346115112,5,1,5,1
ISIC_0027911,5,NV,5,1,0.793918788433075,2,0,0.6366630792617798,2,0,0.5649734139442444,5,1,0.7815496325492859,4,0,2,0
ISIC_0027923,5,NV,5,1,0.9971585273742676,5,1,1.0,5,1,0.9983604550361632,5,1,0.9994787573814392,5,1,5,1
ISIC_0027949,5,NV,4,0,0.9042072296142578,4,0,0.6959261894226074,4,0,0.8645603656768799,4,0,0.8547955751419067,4,0,4,0
ISIC_0027959,5,NV,4,0,0.5587513446807861,5,1,0.9353455305099488,4,0,0.6083977222442627,5,1,0.8311859369277954,5,1,5,1
ISIC_0027965,5,NV,5,1,0.9981300234794616,5,1,0.998418927192688,5,1,0.9997510313987732,5,1,0.9991981387138368,5,1,5,1
ISIC_0028035,1,BCC,1,1,0.9897158741950988,1,1,0.995345413684845,1,1,0.9976847171783448,1,1,0.998397171497345,1,1,1,1
ISIC_0028036,5,NV,5,1,0.949012577533722,5,1,0.9967010617256165,5,1,0.9007946848869324,5,1,0.9498305320739746,5,1,5,1
ISIC_0028041,4,MEL,4,1,0.9593364596366882,4,1,0.8431487083435059,3,0,0.6425555944442749,4,1,0.5905669331550598,3,0,4,1
ISIC_0028075,4,MEL,4,1,0.8846921920776367,4,1,0.998453974723816,4,1,0.9915701150894164,4,1,0.9793146848678588,2,0,4,1
ISIC_0028111,5,NV,5,1,0.9973588585853576,5,1,0.9999994039535522,5,1,0.9383177161216736,5,1,0.9964614510536194,5,1,5,1
ISIC_0028118,5,NV,5,1,0.5154117941856384,5,1,0.7255246043205261,5,1,0.6864815950393677,5,1,0.5918524861335754,5,1,5,1
ISIC_0028132,6,SCC,1,0,0.9952184557914734,1,0,0.9998279809951782,1,0,0.9993956089019777,1,0,0.999942421913147,1,0,1,0
ISIC_0028161,5,NV,5,1,0.9980825185775756,5,1,0.9998375177383424,5,1,0.9980573058128356,5,1,0.978203296661377,5,1,5,1
ISIC_0028179,5,NV,4,0,0.941792905330658,4,0,0.8067100048065186,4,0,0.5865629315376282,5,1,0.9067550897598268,1,0,1,0
ISIC_0028191,5,NV,5,1,0.9998254179954528,5,1,1.0,5,1,0.9998495578765868,5,1,0.9976215958595276,5,1,5,1
ISIC_0028192,5,NV,5,1,0.997787356376648,5,1,0.9999997615814208,5,1,0.999993085861206,5,1,0.999992609024048,5,1,5,1
ISIC_0028195,5,NV,5,1,0.5033106207847595,5,1,0.8417267203330994,2,0,0.8632514476776123,5,1,0.67997807264328,5,1,5,1
ISIC_0028216,5,NV,6,0,0.8833274841308594,6,0,0.9911051392555236,6,0,0.5342953205108643,5,1,0.6092837452888489,5,1,4,0
ISIC_0028241,5,NV,5,1,0.995784342288971,5,1,0.9997677206993104,5,1,0.9894369840621948,5,1,0.9985639452934264,5,1,5,1
ISIC_0028244,5,NV,5,1,0.9999136924743652,5,1,0.9999964237213136,5,1,0.9999731779098512,5,1,0.999309778213501,5,1,5,1
ISIC_0028247,5,NV,5,1,0.8049986958503723,5,1,0.9041728377342224,5,1,0.8413984775543213,5,1,0.526763916015625,5,1,5,1
ISIC_0028252,5,NV,5,1,0.9879921674728394,5,1,0.999995231628418,5,1,0.9662185311317444,5,1,0.5868058800697327,5,1,5,1
ISIC_0028317,4,MEL,2,0,0.5020073652267456,4,1,0.996557116508484,2,0,0.9024015069007874,4,1,0.8968568444252014,4,1,2,0
ISIC_0028415,4,MEL,4,1,0.9695590138435364,5,0,0.7819729447364807,4,1,0.6909651756286621,5,0,0.6484507322311401,4,1,4,1
ISIC_0028416,5,NV,5,1,0.9996192455291748,5,1,0.9967141151428224,5,1,0.9996135830879213,5,1,0.9996488094329834,5,1,5,1
ISIC_0028455,5,NV,5,1,0.999298334121704,5,1,0.9999699592590332,5,1,0.9995014667510986,5,1,0.9888096451759338,5,1,5,1
ISIC_0028462,5,NV,5,1,0.9999555349349976,5,1,1.0,5,1,0.999990463256836,5,1,0.999314308166504,5,1,5,1
ISIC_0028505,4,MEL,4,1,0.5741986632347107,5,0,0.4963350296020508,1,0,0.4299954771995544,4,1,0.7359388470649719,4,1,4,1
ISIC_0028546,5,NV,5,1,0.9965794682502748,5,1,0.999998927116394,5,1,0.999778926372528,5,1,0.9998860359191896,5,1,5,1
ISIC_0028550,2,BKL,4,0,0.9523339867591858,4,0,0.607989490032196,4,0,0.879356324672699,4,0,0.659766674041748,4,0,4,0
ISIC_0028555,2,BKL,2,1,0.998808979988098,2,1,0.8369907140731812,2,1,0.9872924089431764,2,1,0.9935600757598876,2,1,2,1
ISIC_0028582,4,MEL,5,0,0.902603268623352,4,1,0.7898147106170654,4,1,0.9393641948699952,4,1,0.7808699011802673,5,0,4,1
ISIC_0028595,5,NV,5,1,0.976769208908081,5,1,0.9998362064361572,5,1,0.9978347420692444,5,1,0.9998003840446472,5,1,5,1
ISIC_0028653,1,BCC,1,1,0.9927814602851868,2,0,0.8731142282485962,1,1,0.9733179807662964,1,1,0.9639158844947816,1,1,1,1
ISIC_0028655,4,MEL,2,0,0.6527858972549438,4,1,0.697465181350708,2,0,0.4181775748729706,2,0,0.3664754927158355,5,0,4,1
ISIC_0028658,5,NV,5,1,0.6379328370094299,5,1,0.9445846676826476,5,1,0.984630286693573,4,0,0.5155066251754761,5,1,5,1
ISIC_0028671,1,BCC,1,1,0.9934102892875672,1,1,0.999837040901184,1,1,0.937497854232788,1,1,0.993543028831482,4,0,4,0
ISIC_0028711,5,NV,5,1,0.996367335319519,5,1,0.9998952150344848,5,1,0.9983030557632446,5,1,0.9765942692756652,5,1,5,1
ISIC_0028756,5,NV,5,1,0.9908111095428468,5,1,0.9999990463256836,5,1,0.9961628913879396,5,1,0.9653478264808656,5,1,5,1
ISIC_0028764,4,MEL,4,1,0.844078540802002,4,1,0.8958439826965332,4,1,0.6103516221046448,4,1,0.860328197479248,2,0,4,1
ISIC_0028767,5,NV,4,0,0.9036137461662292,4,0,0.9981075525283812,4,0,0.7880538702011108,5,1,0.5632901191711426,4,0,4,0
ISIC_0028779,5,NV,5,1,0.996173083782196,5,1,0.9999991655349731,5,1,0.9949323534965516,5,1,0.9849655628204346,5,1,5,1
ISIC_0028796,5,NV,5,1,0.9999799728393556,5,1,1.0,5,1,0.9992185831069946,5,1,0.9997742772102356,5,1,5,1
ISIC_0028805,5,NV,5,1,0.9993911981582642,5,1,0.9999994039535522,5,1,0.9854110479354858,5,1,0.999828577041626,5,1,5,1
ISIC_0028839,5,NV,5,1,0.999955415725708,5,1,0.999990940093994,5,1,0.997736930847168,5,1,0.9999840259552002,5,1,5,1
ISIC_0028845,5,NV,5,1,0.999995231628418,5,1,0.9999924898147584,5,1,0.9999828338623048,5,1,0.999693751335144,5,1,5,1
ISIC_0028849,5,NV,5,1,0.9585916996002196,5,1,0.6339234709739685,4,0,0.6156458854675293,5,1,0.5474935173988342,5,1,5,1
ISIC_0028881,2,BKL,2,1,0.996908962726593,2,1,0.961984634399414,0,0,0.5881609916687012,2,1,0.8937708735466003,2,1,2,1
ISIC_0028935,5,NV,5,1,0.6966601610183716,5,1,0.9998658895492554,5,1,0.8682365417480469,5,1,0.9614285230636596,5,1,5,1
ISIC_0028947,5,NV,5,1,0.9618348479270936,5,1,0.9994356036186218,5,1,0.9767158627510072,5,1,0.8794065713882446,5,1,5,1
ISIC_0028957,5,NV,5,1,0.999754011631012,5,1,0.9999958276748656,5,1,0.9997569918632508,5,1,0.9940505623817444,5,1,5,1
ISIC_0028958,2,BKL,2,1,0.9729363918304444,2,1,0.9983141422271729,2,1,0.5063633918762207,2,1,0.9999879598617554,2,1,2,1
ISIC_0028965,4,MEL,4,1,0.9995071887969972,4,1,0.9986633062362672,4,1,0.8606231212615967,4,1,0.9532155990600586,4,1,2,0
ISIC_0028971,5,NV,5,1,0.9935799837112428,5,1,0.9753587245941162,5,1,0.8930294513702393,5,1,0.9546297192573548,2,0,4,0
ISIC_0028988,5,NV,5,1,0.992480993270874,5,1,0.9929742813110352,5,1,0.9259286522865297,4,0,0.6182482242584229,5,1,2,0
ISIC_0028990,0,AK,2,0,0.3161842226982116,2,0,0.9972503781318665,4,0,0.8776913285255432,4,0,0.8681578040122986,2,0,6,0
ISIC_0028999,5,NV,4,0,0.7379018068313599,5,1,0.9396909475326538,4,0,0.8815458416938782,5,1,0.8568087816238403,5,1,5,1
ISIC_0029012,2,BKL,2,1,0.7924549579620361,5,0,0.5194418430328369,5,0,0.5445923805236816,2,1,0.9115981459617616,2,1,2,1
ISIC_0029017,4,MEL,5,0,0.9457738399505616,5,0,0.950075626373291,4,1,0.5678895115852356,5,0,0.6189853549003601,5,0,5,0
ISIC_0029021,4,MEL,4,1,0.8115592002868652,5,0,0.7661181688308716,4,1,0.6286978125572205,5,0,0.5054513812065125,5,0,5,0
ISIC_0029080,2,BKL,2,1,0.879370391368866,2,1,0.7983871102333069,2,1,0.9430749416351318,2,1,0.7633702158927917,2,1,2,1
ISIC_0029088,5,NV,5,1,0.9993250370025636,5,1,0.9584757089614868,5,1,0.99210923910141,5,1,0.9720550775527954,5,1,5,1
ISIC_0029101,2,BKL,2,1,0.9972352385520936,2,1,0.9998089671134948,2,1,0.4406673908233642,2,1,0.9626299738883972,2,1,2,1
ISIC_0029112,5,NV,5,1,0.9997207522392272,5,1,0.99997878074646,5,1,0.9997498393058776,5,1,0.9918839931488036,5,1,5,1
ISIC_0029150,5,NV,5,1,0.9999570846557616,5,1,0.9999656677246094,5,1,0.997073531150818,5,1,0.9993287324905396,5,1,5,1
ISIC_0029161,2,BKL,2,1,0.9986405968666076,2,1,0.999517560005188,7,0,0.9394403100013732,7,0,0.7521020174026489,2,1,2,1
ISIC_0029216,4,MEL,4,1,0.98438823223114,4,1,0.8411219716072083,1,0,0.9628854393959044,4,1,0.8380862474441528,4,1,5,0
ISIC_0029301,2,BKL,5,0,0.6104278564453125,4,0,0.9890974760055542,4,0,0.6190145611763,4,0,0.8998733758926392,5,0,4,0
ISIC_0029311,2,BKL,2,1,0.9999402761459352,2,1,0.9982896447181702,2,1,0.9471932649612428,2,1,0.999129831790924,2,1,2,1
ISIC_0029323,1,BCC,1,1,0.7894613146781921,6,0,0.9348500967025756,1,1,0.846247673034668,1,1,0.9428622722625732,5,0,1,1
ISIC_0029362,6,SCC,1,0,0.9621679186820984,1,0,0.9706517457962036,1,0,0.9998743534088136,1,0,0.9999405145645142,1,0,1,0
ISIC_0029376,5,NV,5,1,0.999974250793457,5,1,0.999996781349182,5,1,0.9996925592422484,5,1,0.9997428059577942,5,1,5,1
ISIC_0029385,5,NV,5,1,0.9663727283477784,5,1,0.9995177984237672,5,1,0.89743971824646,5,1,0.9900984168052672,5,1,5,1
ISIC_0029420,2,BKL,2,1,0.9999600648880004,2,1,0.9909874796867372,2,1,0.977316915988922,2,1,0.9995939135551452,2,1,2,1
ISIC_0029436,5,NV,5,1,0.9749167561531068,5,1,0.9190614223480223,5,1,0.9997016787528992,5,1,0.9993593096733092,5,1,5,1
ISIC_0029442,5,NV,5,1,0.9789872765541076,5,1,1.0,5,1,0.9999486207962036,5,1,0.984339952468872,5,1,5,1
ISIC_0029561,5,NV,5,1,0.999986171722412,5,1,0.9999998807907104,5,1,0.9999351501464844,5,1,0.999815046787262,5,1,5,1
ISIC_0029568,2,BKL,2,1,0.9964244961738586,5,0,0.5229649543762207,2,1,0.9889677166938782,5,0,0.5990731716156006,4,0,2,1
ISIC_0029584,5,NV,5,1,0.9999998807907104,5,1,1.0,5,1,0.999990940093994,5,1,0.9982964396476746,5,1,5,1
ISIC_0029592,5,NV,5,1,0.9986538887023926,5,1,0.9972583055496216,5,1,0.9908758401870728,5,1,0.9793574810028076,5,1,5,1
ISIC_0029599,5,NV,5,1,0.9994176626205444,5,1,0.999831199645996,5,1,0.9875544905662536,5,1,0.9989784955978394,5,1,5,1
ISIC_0029617,2,BKL,5,0,0.6717543601989746,5,0,0.8035476207733154,4,0,0.5171875357627869,5,0,0.7459326386451721,5,0,5,0
ISIC_0029628,5,NV,5,1,0.9999772310256958,5,1,0.9999997615814208,5,1,0.9999902248382568,5,1,0.99906986951828,5,1,5,1
ISIC_0029641,5,NV,5,1,0.5346984267234802,5,1,0.9595872163772584,1,0,0.4389981627464294,5,1,0.6911740899085999,5,1,5,1
ISIC_0029683,2,BKL,2,1,0.7199825048446655,2,1,0.9999730587005616,2,1,0.9736658334732056,4,0,0.8910252451896667,2,1,4,0
ISIC_0029700,5,NV,5,1,0.9998891353607178,5,1,1.0,5,1,0.9988829493522644,5,1,0.9998339414596558,5,1,5,1
ISIC_0029732,5,NV,5,1,0.9999116659164428,5,1,0.9998996257781982,5,1,0.999843955039978,5,1,0.994899332523346,5,1,5,1
ISIC_0029739,5,NV,5,1,0.9999899864196776,5,1,1.0,5,1,0.9998125433921814,5,1,0.9995883107185364,5,1,5,1
ISIC_0029774,5,NV,5,1,0.9999890327453612,5,1,0.9999827146530152,5,1,0.9999996423721312,5,1,0.9995883107185364,5,1,5,1
ISIC_0029799,5,NV,5,1,0.9914922118186952,5,1,0.991510272026062,5,1,0.9760896563529968,5,1,0.9996318817138672,5,1,5,1
ISIC_0029806,5,NV,5,1,0.999929666519165,5,1,1.0,5,1,0.9999982118606568,5,1,0.9999794960021972,5,1,5,1
ISIC_0029810,2,BKL,2,1,0.7044424414634705,2,1,0.5101454854011536,0,0,0.539909303188324,2,1,0.9286165237426758,2,1,0,0
ISIC_0029854,5,NV,5,1,0.7378040552139282,5,1,0.9984001517295836,2,0,0.6411728858947754,1,0,0.8833146691322327,5,1,2,0
ISIC_0029873,5,NV,5,1,0.9981960654258728,5,1,1.0,5,1,0.9938833713531494,5,1,0.999461591243744,5,1,5,1
ISIC_0029906,5,NV,5,1,0.999715268611908,5,1,0.999945878982544,5,1,0.9887675642967224,5,1,0.9982328414916992,5,1,5,1
ISIC_0029915,0,AK,3,0,0.9771579504013062,3,0,0.8426308035850525,4,0,0.5655202865600586,5,0,0.6544784307479858,1,0,5,0
ISIC_0029928,5,NV,5,1,0.9998873472213744,5,1,1.0,5,1,0.9999996423721312,5,1,0.9987965822219848,5,1,5,1
ISIC_0029944,5,NV,5,1,0.9886257648468018,5,1,1.0,5,1,0.9981269240379332,5,1,0.9872663617134094,5,1,5,1
ISIC_0030000,5,NV,5,1,0.9958146214485168,5,1,0.9997242093086244,5,1,0.9824821949005128,5,1,0.9709880948066713,5,1,5,1
ISIC_0030005,2,BKL,0,0,0.7189513444900513,2,1,0.9121857285499572,2,1,0.4596047103404999,2,1,0.9960035681724548,2,1,0,0
ISIC_0030031,4,MEL,4,1,0.5192435383796692,5,0,0.630119264125824,2,0,0.6139122843742371,2,0,0.5143885016441345,2,0,2,0
ISIC_0030075,5,NV,5,1,0.9999756813049316,5,1,0.9999949932098388,5,1,0.9999988079071044,5,1,0.9999918937683104,5,1,5,1
ISIC_0030091,5,NV,5,1,0.7207183837890625,5,1,0.9123708009719848,4,0,0.4221472144126892,2,0,0.8081132173538208,2,0,5,1
ISIC_0030097,5,NV,5,1,0.9999924898147584,5,1,0.999983549118042,5,1,0.9991716146469116,5,1,0.9999576807022096,5,1,5,1
ISIC_0030106,4,MEL,4,1,0.9857327938079834,4,1,0.7613967061042786,4,1,0.9597246050834656,4,1,0.8794204592704773,4,1,4,1
ISIC_0030112,5,NV,5,1,0.9999765157699584,5,1,0.999982476234436,5,1,1.0,5,1,0.9999741315841676,5,1,5,1
ISIC_0030136,5,NV,5,1,0.9999668598175048,5,1,0.9999947547912598,5,1,0.9999916553497314,5,1,0.9856297373771667,5,1,5,1
ISIC_0030138,1,BCC,1,1,0.9979857206344604,1,1,0.9973541498184204,1,1,0.9943759441375732,1,1,0.9036648869514464,1,1,1,1
ISIC_0030168,5,NV,5,1,0.9866148829460144,5,1,0.9081451892852784,5,1,0.8795076012611389,5,1,0.7754259705543518,5,1,5,1
ISIC_0030173,2,BKL,2,1,0.995125949382782,2,1,0.9978725910186768,2,1,0.9946300983428956,2,1,0.981295883655548,2,1,2,1
ISIC_0030191,6,SCC,6,1,0.9552724957466124,6,1,0.9826196432113647,4,0,0.6435241103172302,6,1,0.9744994044303894,2,0,4,0
ISIC_0030240,2,BKL,2,1,0.9977974891662598,2,1,0.9989990592002868,2,1,0.9694580435752868,2,1,0.9444734454154968,2,1,2,1
ISIC_0030260,5,NV,4,0,0.3557611405849457,4,0,0.9969978332519532,4,0,0.6069622039794922,2,0,0.6734863519668579,5,1,4,0
ISIC_0030269,5,NV,5,1,0.9995015859603882,5,1,0.9999998807907104,5,1,0.9993042945861816,5,1,0.9993423819541932,5,1,5,1
ISIC_0030270,5,NV,5,1,0.9997703433036804,5,1,0.9999995231628418,5,1,1.0,5,1,0.9999957084655762,5,1,5,1
ISIC_0030322,5,NV,5,1,0.9975516200065612,5,1,0.9975243210792542,5,1,0.9737555384635924,5,1,0.9951171875,5,1,5,1
ISIC_0030351,5,NV,5,1,0.999789297580719,5,1,0.9999382495880128,5,1,0.9939329028129578,5,1,0.9995802044868468,5,1,5,1
ISIC_0030354,5,NV,5,1,0.9906490445137024,5,1,0.975567102432251,5,1,0.9485720992088318,5,1,0.9503493309020996,5,1,5,1
ISIC_0030366,4,MEL,5,0,0.7000455260276794,5,0,0.5607081055641174,5,0,0.8570948243141174,5,0,0.5245887041091919,5,0,5,0
ISIC_0030381,5,NV,5,1,0.9998942613601683,5,1,0.9999837875366212,5,1,0.9995455145835876,5,1,0.9995943903923036,5,1,5,1
ISIC_0030391,4,MEL,5,0,0.8518611192703247,5,0,0.6369836330413818,5,0,0.8470779061317444,5,0,0.6380249857902527,5,0,5,0
ISIC_0030422,5,NV,5,1,0.9808905124664308,5,1,0.6701835989952087,5,1,0.9875136017799376,5,1,0.6555856466293335,5,1,5,1
ISIC_0030424,5,NV,5,1,0.9999102354049684,5,1,0.9998412132263184,5,1,0.9999781847000122,5,1,0.9979130625724792,5,1,5,1
ISIC_0030436,2,BKL,2,1,0.8393139243125916,6,0,0.9762567281723022,2,1,0.7241497039794922,2,1,0.9598737359046936,1,0,1,0
ISIC_0030460,5,NV,5,1,0.8768030405044556,4,0,0.9070132374763488,4,0,0.7377200722694397,4,0,0.5639167428016663,5,1,4,0
ISIC_0030475,5,NV,5,1,0.999996542930603,5,1,1.0,5,1,0.9999845027923584,5,1,0.99997878074646,5,1,5,1
ISIC_0030477,5,NV,5,1,0.9998674392700196,5,1,1.0,5,1,0.9996967315673828,5,1,0.9998144507408142,5,1,5,1
ISIC_0030490,5,NV,5,1,0.9998542070388794,5,1,0.99999737739563,5,1,0.9990345239639282,5,1,0.9985561966896056,5,1,5,1
ISIC_0030515,5,NV,5,1,0.9999983310699464,5,1,1.0,5,1,0.9999412298202516,5,1,0.9999500513076782,5,1,5,1
ISIC_0030522,2,BKL,5,0,0.5554181933403015,2,1,0.5202433466911316,5,0,0.4905638694763183,5,0,0.5699652433395386,5,0,2,1
ISIC_0030543,5,NV,5,1,0.994682252407074,5,1,0.9999961853027344,5,1,0.9761000871658324,5,1,0.9950813055038452,5,1,5,1
ISIC_0030559,5,NV,5,1,0.9861733913421632,5,1,0.9996113181114196,5,1,0.984252631664276,5,1,0.8887611627578735,5,1,5,1
ISIC_0030584,5,NV,5,1,0.9991936087608336,5,1,0.9999998807907104,5,1,0.9998908042907716,5,1,0.9998794794082642,5,1,5,1
ISIC_0030589,5,NV,1,0,0.7822373509407043,2,0,0.9867515563964844,5,1,0.571410596370697,5,1,0.7612554430961609,5,1,1,0
ISIC_0030598,5,NV,4,0,0.5450234413146973,2,0,0.6948942542076111,4,0,0.7435159683227539,2,0,0.7821348309516907,2,0,5,1
ISIC_0030636,2,BKL,2,1,0.7093254327774048,2,1,0.986491084098816,2,1,0.9985525012016296,1,0,0.5460715889930725,2,1,2,1
ISIC_0030655,0,AK,2,0,0.998435914516449,2,0,0.6180191040039062,2,0,0.9708912372589112,2,0,0.9947473406791688,2,0,2,0
ISIC_0030679,5,NV,5,1,0.9999734163284302,5,1,0.9998883008956908,5,1,0.9999308586120604,5,1,0.9972334504127502,5,1,5,1
ISIC_0030682,5,NV,5,1,0.9517225027084352,5,1,0.9995367527008056,5,1,0.9574405550956726,5,1,0.9671648740768432,5,1,5,1
ISIC_0030691,5,NV,5,1,0.9998542070388794,5,1,1.0,5,1,0.9965907335281372,5,1,0.9895873069763184,5,1,5,1
ISIC_0030704,5,NV,5,1,0.7904716730117798,5,1,0.9650464057922364,4,0,0.5409185886383057,5,1,0.5977222919464111,5,1,5,1
ISIC_0030722,7,VASC,7,1,0.9999994039535522,7,1,1.0,7,1,0.999981164932251,7,1,1.0,7,1,7,1
ISIC_0030744,2,BKL,6,0,0.8315297961235046,2,1,0.9993208646774292,2,1,0.7871929407119751,2,1,0.8928319811820984,6,0,2,1
ISIC_0030765,5,NV,5,1,0.984660804271698,5,1,0.999750554561615,5,1,0.9963963627815248,5,1,0.9429272413253784,5,1,5,1
ISIC_0030790,5,NV,2,0,0.94981849193573,5,1,0.7455836534500122,2,0,0.5580058693885803,5,1,0.715279757976532,2,0,5,1
ISIC_0030823,5,NV,5,1,0.9999924898147584,5,1,1.0,5,1,0.9999947547912598,5,1,0.9999998807907104,5,1,5,1
ISIC_0030856,5,NV,5,1,0.7336897850036621,5,1,0.9975801706314088,5,1,0.5384166836738586,5,1,0.7006692290306091,2,0,5,1
ISIC_0030926,2,BKL,2,1,0.9982459545135498,2,1,0.9928212761878968,2,1,0.580905020236969,2,1,0.92283833026886,4,0,0,0
ISIC_0030938,5,NV,5,1,0.9996046423912048,5,1,0.999990701675415,5,1,0.9921430349349976,5,1,0.9995810389518738,5,1,5,1
ISIC_0030965,2,BKL,2,1,0.9153620004653932,2,1,0.7922983169555664,4,0,0.998576521873474,2,1,0.508274495601654,2,1,6,0
ISIC_0030984,5,NV,5,1,0.9999918937683104,5,1,0.9999784231185912,5,1,0.999993085861206,5,1,0.9997925162315368,5,1,5,1
ISIC_0031000,2,BKL,2,1,0.9616543650627136,0,0,0.9399186968803406,6,0,0.8336514830589294,6,0,0.5304756760597229,2,1,4,0
ISIC_0031013,4,MEL,4,1,0.988830268383026,4,1,0.9995772242546082,4,1,0.954708695411682,4,1,0.924858570098877,2,0,4,1
ISIC_0031014,5,NV,5,1,0.6941840648651123,5,1,0.995036780834198,5,1,0.9305486679077148,5,1,0.7184998393058777,5,1,5,1
ISIC_0031089,5,NV,5,1,0.9997374415397644,5,1,1.0,5,1,0.9999622106552124,5,1,0.9971544742584229,5,1,5,1
ISIC_0031097,5,NV,5,1,0.988591969013214,5,1,0.9999996423721312,5,1,0.9998382329940796,5,1,0.9983124732971193,5,1,5,1
ISIC_0031114,5,NV,5,1,0.9987815022468568,5,1,0.9999911785125732,5,1,0.9992013573646544,5,1,0.9996945858001708,5,1,5,1
ISIC_0031123,3,DF,3,1,0.5216180682182312,4,0,0.6553584933280945,4,0,0.8937687873840332,5,0,0.7301040887832642,5,0,3,1
ISIC_0031128,5,NV,5,1,0.92867910861969,5,1,0.9922717809677124,5,1,0.9971458315849304,5,1,0.9994797110557556,5,1,5,1
ISIC_0031167,5,NV,5,1,0.9999982118606568,5,1,0.9999998807907104,5,1,0.9996792078018188,5,1,0.9998779296875,5,1,5,1
ISIC_0031171,1,BCC,1,1,0.9359182119369508,1,1,0.8435810804367065,1,1,0.4798865020275116,1,1,0.8823044300079346,1,1,1,1
ISIC_0031201,7,VASC,7,1,0.9999998807907104,7,1,0.9999996423721312,7,1,0.999924659729004,7,1,1.0,7,1,7,1
ISIC_0031205,5,NV,5,1,0.6344445943832397,5,1,0.9999831914901732,5,1,0.7347162961959839,5,1,0.9926079511642456,5,1,5,1
ISIC_0031260,5,NV,5,1,0.99979966878891,5,1,0.9999933242797852,5,1,0.9996975660324096,5,1,0.9999958276748656,5,1,5,1
ISIC_0031278,5,NV,4,0,0.7964357733726501,5,1,0.9967707395553588,5,1,0.5125527381896973,5,1,0.6977944374084473,5,1,4,0
ISIC_0031316,5,NV,5,1,0.999964952468872,5,1,0.9999990463256836,5,1,0.9989830851554872,5,1,0.9993220567703248,5,1,5,1
ISIC_0031399,5,NV,5,1,0.7334733605384827,5,1,0.9976442456245422,4,0,0.8529980778694153,4,0,0.5229538083076477,5,1,5,1
ISIC_0031418,5,NV,5,1,0.998494267463684,5,1,0.9998791217803956,5,1,0.9571640491485596,5,1,0.9248827695846558,5,1,5,1
ISIC_0031419,5,NV,5,1,0.9996198415756226,5,1,0.9999990463256836,5,1,0.9992169141769408,5,1,0.9977117776870728,5,1,5,1
ISIC_0031422,5,NV,5,1,0.7113074064254761,5,1,0.9972842931747437,5,1,0.90109783411026,5,1,0.8703442811965942,5,1,5,1
ISIC_0031436,2,BKL,2,1,0.9939594268798828,2,1,0.999174416065216,5,0,0.5492372512817383,2,1,0.998815417289734,2,1,2,1
ISIC_0031440,5,NV,5,1,0.4525374174118042,5,1,0.945476531982422,5,1,0.660733699798584,4,0,0.6471104025840759,5,1,5,1
ISIC_0031455,5,NV,5,1,0.9982593655586244,5,1,0.9989012479782104,5,1,0.97896546125412,2,0,0.7201501131057739,5,1,5,1
ISIC_0031468,2,BKL,2,1,0.9476887583732604,2,1,0.9995985627174376,2,1,0.9995344877243042,2,1,0.4637195169925689,2,1,2,1
ISIC_0031515,5,NV,5,1,0.8115481734275818,2,0,0.5263880491256714,5,1,0.4667338728904724,4,0,0.6414749622344971,2,0,2,0
ISIC_0031520,1,BCC,6,0,0.9018216729164124,1,1,0.9076286554336548,6,0,0.5199638605117798,1,1,0.9760118126869202,1,1,6,0
ISIC_0031543,4,MEL,2,0,0.6380569934844971,2,0,0.8401217460632324,4,1,0.9439290761947632,2,0,0.4803589880466461,2,0,2,0
ISIC_0031544,5,NV,5,1,0.9949970245361328,5,1,0.9650088548660278,5,1,0.98375004529953,5,1,0.9973192811012268,5,1,5,1
ISIC_0031567,5,NV,4,0,0.6132100224494934,4,0,0.9925931096076964,4,0,0.968294322490692,4,0,0.6154912710189819,5,1,5,1
ISIC_0031593,2,BKL,0,0,0.7959137558937073,5,0,0.9101296663284302,5,0,0.5639805793762207,6,0,0.7883666753768921,2,1,5,0
ISIC_0031613,5,NV,5,1,0.9921785593032836,5,1,0.999982476234436,5,1,0.9699917435646056,5,1,0.997735857963562,5,1,5,1
ISIC_0031661,5,NV,5,1,0.9996145963668824,5,1,0.999997615814209,5,1,0.9999715089797974,5,1,0.9997100234031676,5,1,5,1
ISIC_0031675,5,NV,5,1,0.9981854557991028,5,1,0.9999850988388062,5,1,0.999997615814209,5,1,0.9999490976333618,5,1,5,1
ISIC_0031692,6,SCC,6,1,0.729761004447937,6,1,0.9448539614677428,4,0,0.7406421899795532,6,1,0.9875074028968812,6,1,6,1
ISIC_0031693,5,NV,5,1,0.997740626335144,5,1,0.9998218417167664,5,1,0.9916645884513856,5,1,0.9991419315338136,5,1,5,1
ISIC_0031709,4,MEL,6,0,0.5010647773742676,5,0,0.7693437337875366,6,0,0.8061455488204956,5,0,0.4098390638828277,2,0,6,0
ISIC_0031712,1,BCC,1,1,0.9237018823623656,6,0,0.5052026510238647,5,0,0.7189337015151978,1,1,0.7838805913925171,5,0,6,0
ISIC_0031716,2,BKL,2,1,0.5971572399139404,4,0,0.959535539150238,2,1,0.9952126741409302,2,1,0.90409255027771,1,0,6,0
ISIC_0031741,4,MEL,4,1,0.8204569816589355,4,1,0.996249258518219,4,1,0.7773405909538269,4,1,0.6756579875946045,5,0,5,0
ISIC_0031742,5,NV,4,0,0.5862878561019897,4,0,0.929908812046051,4,0,0.9587442874908448,4,0,0.6688023209571838,5,1,4,0
ISIC_0031768,5,NV,5,1,0.999982476234436,5,1,0.9999996423721312,5,1,0.9989432692527772,5,1,0.9989953637123108,5,1,5,1
ISIC_0031774,5,NV,5,1,0.9999966621398926,5,1,1.0,5,1,0.9994733929634094,5,1,0.9997076392173768,5,1,5,1
ISIC_0031795,4,MEL,4,1,0.9844494462013244,4,1,0.9848335385322572,4,1,0.9597670435905457,4,1,0.7054510116577148,5,0,4,1
ISIC_0031813,5,NV,5,1,0.9055459499359132,5,1,0.9989641904830932,5,1,0.8498861789703369,5,1,0.6405836343765259,5,1,5,1
ISIC_0031816,5,NV,5,1,0.9999979734420776,5,1,1.0,5,1,0.9999152421951294,5,1,0.9994277358055116,5,1,5,1
ISIC_0031850,5,NV,5,1,0.9993755221366882,5,1,0.9999964237213136,5,1,0.997395396232605,5,1,0.9982011318206788,5,1,5,1
ISIC_0031851,2,BKL,6,0,0.9248834848403932,6,0,0.9420761466026306,2,1,0.99150812625885,2,1,0.7857969403266907,6,0,2,1
ISIC_0031854,5,NV,5,1,0.9999432563781738,5,1,0.9999785423278807,5,1,0.9996079802513124,5,1,0.9999756813049316,5,1,5,1
ISIC_0031870,5,NV,5,1,0.9999326467514038,5,1,1.0,5,1,0.9977878332138062,5,1,0.9999996423721312,5,1,5,1
ISIC_0031898,5,NV,5,1,0.9999933242797852,5,1,0.9999998807907104,5,1,0.9999955892562866,5,1,0.99998939037323,5,1,5,1
ISIC_0031910,5,NV,5,1,0.9999557733535768,5,1,0.9999998807907104,5,1,0.9999994039535522,5,1,0.9999932050704956,5,1,5,1
ISIC_0031913,5,NV,4,0,0.6066102385520935,4,0,0.9874983429908752,4,0,0.9284472465515136,4,0,0.7255336046218872,2,0,4,0
ISIC_0031920,5,NV,5,1,0.9994587302207948,5,1,1.0,5,1,0.9872135519981384,5,1,0.999817430973053,5,1,5,1
ISIC_0031946,5,NV,5,1,0.999853253364563,5,1,1.0,5,1,0.9718639850616456,5,1,0.9998726844787598,5,1,5,1
ISIC_0031963,5,NV,5,1,0.979878544807434,5,1,0.9993959665298462,5,1,0.904328465461731,5,1,0.7228839993476868,5,1,5,1
ISIC_0031965,5,NV,5,1,0.993221402168274,5,1,0.9915528893470764,5,1,0.755831778049469,5,1,0.9085012078285216,2,0,5,1
ISIC_0031969,5,NV,5,1,0.9600585103034972,5,1,0.999746024608612,5,1,0.9980282187461852,5,1,0.9938510656356812,5,1,5,1
ISIC_0031991,5,NV,2,0,0.9466649293899536,5,1,0.8801143765449524,2,0,0.7072123885154724,5,1,0.6648865938186646,4,0,5,1
ISIC_0031994,5,NV,5,1,0.9999979734420776,5,1,1.0,5,1,0.9999668598175048,5,1,0.999896764755249,5,1,5,1
ISIC_0031995,5,NV,5,1,0.996648371219635,5,1,0.9999960660934448,5,1,0.999931812286377,5,1,0.9999955892562866,5,1,5,1
ISIC_0032071,5,NV,5,1,0.9982598423957824,5,1,0.9999901056289672,5,1,0.9999853372573853,5,1,0.95488041639328,5,1,5,1
ISIC_0032084,5,NV,5,1,0.9992756247520448,5,1,0.9999991655349731,5,1,0.9925289750099182,5,1,0.9982914328575134,5,1,5,1
ISIC_0032124,2,BKL,2,1,0.9999876022338868,2,1,0.999963641166687,2,1,0.9916014075279236,2,1,0.9995982050895692,2,1,2,1
ISIC_0032156,2,BKL,2,1,0.9964879751205444,4,0,0.82471764087677,2,1,0.9862078428268432,2,1,0.8092085123062134,2,1,2,1
ISIC_0032165,5,NV,5,1,0.9989878535270692,5,1,0.9999924898147584,5,1,0.9994953870773317,5,1,0.9996167421340942,5,1,5,1
ISIC_0032173,6,SCC,6,1,0.9991511106491088,6,1,0.9999325275421144,6,1,0.9375813603401184,6,1,0.9510022401809692,6,1,6,1
ISIC_0032185,1,BCC,1,1,0.9870484471321106,1,1,0.9996083378791808,1,1,0.999758780002594,1,1,0.9345453381538392,1,1,1,1
ISIC_0032186,5,NV,4,0,0.7702615261077881,4,0,0.945107102394104,4,0,0.4670788943767547,5,1,0.5665531754493713,5,1,4,0
ISIC_0032200,2,BKL,4,0,0.6581805348396301,2,1,0.3811186254024505,4,0,0.9522997736930848,4,0,0.4884142279624939,2,1,2,1
ISIC_0032206,0,AK,3,0,0.547176718711853,6,0,0.6369491815567017,4,0,0.8099239468574524,5,0,0.5159413814544678,5,0,6,0
ISIC_0032213,5,NV,5,1,0.9996546506881714,5,1,0.9998377561569214,5,1,0.9991905093193054,5,1,0.999744951725006,5,1,5,1
ISIC_0032241,5,NV,5,1,0.999988317489624,5,1,0.9999030828475952,5,1,0.9982718229293824,5,1,0.9999215602874756,5,1,5,1
ISIC_0032266,5,NV,5,1,0.9992243051528932,5,1,0.999998927116394,5,1,0.9998847246170044,5,1,0.9998633861541748,5,1,5,1
ISIC_0032283,2,BKL,2,1,0.7824689745903015,2,1,0.9990088939666748,2,1,0.98954176902771,1,0,0.7008054852485657,2,1,2,1
ISIC_0032287,4,MEL,5,0,0.9739491939544678,5,0,0.9970372915267944,5,0,0.9009114503860474,5,0,0.5646412968635559,5,0,5,0
ISIC_0032289,5,NV,5,1,0.9999831914901732,5,1,0.9999946355819702,5,1,0.999807059764862,5,1,0.9999626874923706,5,1,5,1
ISIC_0032423,5,NV,5,1,0.4929831326007843,4,0,0.7145666480064392,4,0,0.7407872080802917,4,0,0.5927972793579102,5,1,4,0
ISIC_0032431,5,NV,5,1,0.9999988079071044,5,1,1.0,5,1,0.9999988079071044,5,1,0.9999932050704956,5,1,5,1
ISIC_0032451,5,NV,5,1,0.999394416809082,5,1,1.0,5,1,0.9880455136299132,5,1,0.9999531507492064,5,1,5,1
ISIC_0032465,5,NV,5,1,0.9997054934501648,5,1,0.9999996423721312,5,1,0.9998958110809326,5,1,0.9999990463256836,5,1,5,1
ISIC_0032494,5,NV,5,1,0.9980740547180176,5,1,0.9999096393585204,5,1,0.952421247959137,5,1,0.995180606842041,5,1,5,1
ISIC_0032506,5,NV,5,1,0.9999643564224244,5,1,0.9999997615814208,5,1,0.9997979998588562,5,1,0.9416517019271852,5,1,5,1
ISIC_0032508,2,BKL,2,1,0.8859148621559143,2,1,0.9427139163017272,2,1,0.9407118558883668,4,0,0.3880210220813751,5,0,5,0
ISIC_0032536,1,BCC,2,0,0.9431546330451964,1,1,0.9959775805473328,1,1,0.9612643718719482,4,0,0.8178945779800415,4,0,4,0
ISIC_0032579,5,NV,5,1,0.9694050550460817,5,1,0.9979444146156312,5,1,0.9962112903594972,5,1,0.9883097410202026,5,1,5,1
ISIC_0032600,5,NV,5,1,0.9252011179924012,4,0,0.5302289724349976,4,0,0.4999071061611175,5,1,0.6530917286872864,5,1,4,0
ISIC_0032605,5,NV,5,1,0.8505754470825195,5,1,0.9996681213378906,5,1,0.9972355961799622,5,1,0.9813809394836426,5,1,5,1
ISIC_0032624,4,MEL,4,1,0.8757880330085754,5,0,0.9999077320098876,2,0,0.9132882952690125,5,0,0.5415424108505249,5,0,4,1
ISIC_0032634,5,NV,2,0,0.8236174583435059,5,1,0.997355580329895,5,1,0.5967690944671631,5,1,0.9993129968643188,5,1,5,1
ISIC_0032692,7,VASC,7,1,0.85451340675354,7,1,0.9999961853027344,7,1,0.99746572971344,7,1,0.6921751499176025,7,1,7,1
ISIC_0032757,2,BKL,2,1,0.5214966535568237,5,0,0.98099285364151,2,1,0.92071795463562,4,0,0.4382005333900451,5,0,5,0
ISIC_0032759,5,NV,5,1,0.9936099648475648,5,1,0.9999818801879884,5,1,0.9634890556335448,5,1,0.9499068260192872,5,1,5,1
ISIC_0032760,5,NV,5,1,0.9995997548103333,5,1,0.9999815225601196,5,1,0.9163190126419068,5,1,0.9912304878234864,5,1,5,1
ISIC_0032770,5,NV,5,1,0.8717135787010193,5,1,0.999964714050293,5,1,0.9100118279457092,5,1,0.938697874546051,5,1,5,1
ISIC_0032779,5,NV,5,1,0.9936659932136536,5,1,0.999748170375824,5,1,0.9920803904533386,5,1,0.9852643013000488,5,1,5,1
ISIC_0032783,5,NV,5,1,0.9964303374290466,5,1,0.9964332580566406,5,1,0.8489036560058594,5,1,0.9938068389892578,5,1,5,1
ISIC_0032791,5,NV,5,1,0.9049866199493408,5,1,0.9688489437103271,5,1,0.5428630709648132,5,1,0.5019463300704956,5,1,5,1
ISIC_0032821,5,NV,5,1,0.991319477558136,5,1,0.9999877214431764,5,1,0.7861714363098145,5,1,0.9412208199501038,5,1,5,1
ISIC_0032830,5,NV,5,1,0.8311388492584229,5,1,0.9998213648796082,5,1,0.9079715013504028,5,1,0.8751569986343384,5,1,5,1
ISIC_0032839,7,VASC,7,1,0.999964714050293,7,1,0.9998375177383424,7,1,0.9998711347579956,7,1,0.9999970197677612,7,1,7,1
ISIC_0032853,5,NV,5,1,0.750314474105835,5,1,0.9980504512786864,2,0,0.5658252239227295,5,1,0.6667660474777222,5,1,4,0
ISIC_0032880,5,NV,5,1,0.5409236550331116,5,1,0.999768316745758,5,1,0.9804313778877258,5,1,0.6038640737533569,5,1,5,1
ISIC_0032892,4,MEL,4,1,0.9999585151672364,4,1,0.9999866485595704,4,1,0.9999878406524658,4,1,0.999991774559021,4,1,4,1
ISIC_0032896,5,NV,5,1,0.9999227523803712,5,1,0.999930500984192,5,1,0.9981979727745056,5,1,0.9998156428337096,5,1,5,1
ISIC_0032932,7,VASC,7,1,0.9999936819076538,7,1,0.9999812841415404,7,1,0.999886989593506,7,1,0.9999997615814208,7,1,7,1
ISIC_0032962,5,NV,5,1,0.9961355924606324,5,1,0.9996750354766846,5,1,0.8383457064628601,5,1,0.997735857963562,5,1,5,1
ISIC_0032983,2,BKL,2,1,0.8693832755088806,2,1,0.8108993768692017,2,1,0.9768016934394836,2,1,0.5760570168495178,2,1,2,1
ISIC_0032986,5,NV,5,1,0.9824894666671752,5,1,0.9939898252487184,5,1,0.9498520493507384,5,1,0.9693199396133424,5,1,5,1
ISIC_0033029,4,MEL,5,0,0.9909418225288392,4,1,0.969440460205078,5,0,0.6763980984687805,4,1,0.6397063136100769,5,0,4,1
ISIC_0033036,5,NV,5,1,0.9892591834068298,5,1,0.997086465358734,5,1,0.9705016016960144,5,1,0.9178805947303772,5,1,5,1
ISIC_0033089,4,MEL,4,1,0.6173185110092163,4,1,0.9989495873451232,2,0,0.6518269181251526,4,1,0.9793700575828552,4,1,4,1
ISIC_0033097,5,NV,5,1,0.9910412430763244,5,1,0.9991621971130372,5,1,0.9490395188331604,5,1,0.9733869433403016,4,0,5,1
ISIC_0033100,5,NV,2,0,0.9957286715507508,2,0,0.5184028744697571,2,0,0.8527294993400574,5,1,0.6733471155166626,5,1,2,0
ISIC_0033104,5,NV,5,1,0.961808741092682,5,1,0.9513872861862184,5,1,0.9173749089241028,5,1,0.9609416127204896,5,1,5,1
ISIC_0033109,5,NV,5,1,0.9843350648880004,5,1,0.9958998560905457,5,1,0.9016424417495728,5,1,0.9438266754150392,4,0,5,1
ISIC_0033148,5,NV,5,1,0.9965355396270752,5,1,0.997884213924408,5,1,0.970349907875061,5,1,0.9726192951202391,5,1,5,1
ISIC_0033189,5,NV,5,1,0.87107914686203,5,1,0.9998217225074768,5,1,0.9400461316108704,5,1,0.9635989665985109,5,1,5,1
ISIC_0033191,5,NV,5,1,0.9999932050704956,5,1,0.996903121471405,5,1,0.9971544742584229,5,1,0.9998480081558228,5,1,5,1
ISIC_0033226,4,MEL,5,0,0.8830896615982056,5,0,0.5728159546852112,2,0,0.7019630074501038,2,0,0.4433461427688598,4,1,4,1
ISIC_0033233,5,NV,5,1,0.9769535660743712,5,1,0.9995670914649964,5,1,0.6667830348014832,5,1,0.960858941078186,5,1,5,1
ISIC_0033277,5,NV,5,1,0.9982448816299438,5,1,0.9999423027038574,5,1,0.9979845285415648,5,1,0.9961571097373962,5,1,5,1
ISIC_0033292,5,NV,5,1,0.9971187114715576,5,1,0.9981934428215028,5,1,0.701696515083313,5,1,0.8227340579032898,5,1,5,1
ISIC_0033339,5,NV,5,1,0.973125696182251,5,1,0.6016579866409302,7,0,0.9742350578308104,5,1,0.9832444190979004,5,1,2,0
ISIC_0033379,2,BKL,2,1,0.9887176752090454,2,1,0.9980664849281312,2,1,0.9969472289085388,2,1,0.93471759557724,2,1,2,1
ISIC_0033384,5,NV,5,1,0.7245847582817078,5,1,0.9995984435081482,5,1,0.973946750164032,5,1,0.9473801851272584,5,1,5,1
ISIC_0033417,5,NV,5,1,0.9912419319152832,5,1,0.9995574355125428,5,1,0.993478536605835,5,1,0.996986210346222,5,1,5,1
ISIC_0033438,2,BKL,2,1,0.937622845172882,2,1,0.9987554550170898,2,1,0.9901074171066284,2,1,0.9830524921417236,2,1,2,1
ISIC_0033462,5,NV,5,1,0.999698042869568,5,1,0.9990399479866028,5,1,0.9843435287475586,5,1,0.9985346794128418,5,1,5,1
ISIC_0033483,1,BCC,4,0,0.7769007682800293,4,0,0.4094088971614837,4,0,0.9224364757537842,4,0,0.9441099762916564,4,0,4,0
ISIC_0033507,2,BKL,2,1,0.7434211373329163,2,1,0.9541386961936952,2,1,0.9825022220611572,5,0,0.5033813118934631,2,1,2,1
ISIC_0033543,5,NV,5,1,0.9999332427978516,5,1,0.9998749494552612,5,1,0.9999997615814208,5,1,0.9998900890350342,5,1,5,1
ISIC_0033562,4,MEL,4,1,0.7109290957450867,4,1,0.995926022529602,2,0,0.7524316310882568,4,1,0.6245546340942383,5,0,4,1
ISIC_0033567,5,NV,5,1,0.9991996884346008,5,1,0.984879195690155,5,1,0.9547212719917296,5,1,0.8935805559158325,5,1,5,1
ISIC_0033586,4,MEL,4,1,0.4429505467414856,5,0,0.5202760100364685,5,0,0.6449677348136902,4,1,0.6946128606796265,5,0,4,1
ISIC_0033608,7,VASC,7,1,0.9972320199012756,7,1,0.9999991655349731,7,1,0.9995911717414856,7,1,0.6331285238265991,7,1,7,1
ISIC_0033610,5,NV,2,0,0.5009421110153198,5,1,0.7902569770812988,5,1,0.644408106803894,5,1,0.8791866302490234,5,1,2,0
ISIC_0033611,4,MEL,5,0,0.7594905495643616,4,1,0.9779480695724488,4,1,0.6110987067222595,4,1,0.5088489055633545,4,1,4,1
ISIC_0033613,2,BKL,2,1,1.0,2,1,0.998986542224884,2,1,0.9976032376289368,2,1,0.9997257590293884,5,0,2,1
ISIC_0033622,5,NV,5,1,0.9989604949951172,5,1,0.99985671043396,5,1,0.8542800545692444,5,1,0.9873155355453492,5,1,5,1
ISIC_0033647,5,NV,5,1,0.998956561088562,5,1,1.0,5,1,0.9721198678016664,5,1,0.9725322723388672,5,1,5,1
ISIC_0033694,5,NV,5,1,0.9526164531707764,5,1,0.922119438648224,5,1,0.8828302621841431,5,1,0.9822632670402528,5,1,5,1
ISIC_0033706,5,NV,5,1,0.9786640405654908,5,1,0.9990198612213136,5,1,0.7961414456367493,5,1,0.992077887058258,4,0,5,1
ISIC_0033716,2,BKL,5,0,0.5320305824279785,4,0,0.7361292243003845,4,0,0.4732601940631866,4,0,0.4123103022575378,2,1,4,0
ISIC_0033751,5,NV,5,1,0.9997292160987854,5,1,1.0,4,0,0.5962715744972229,5,1,0.999426245689392,5,1,5,1
ISIC_0033791,2,BKL,4,0,0.5052197575569153,2,1,0.9861783981323242,2,1,0.9978976249694824,2,1,0.6586665511131287,2,1,2,1
ISIC_0033829,2,BKL,2,1,0.819633960723877,2,1,0.9999390840530396,2,1,0.9888395667076112,2,1,0.9421401619911194,2,1,2,1
ISIC_0033897,5,NV,5,1,0.9745879769325256,5,1,0.9982271790504456,5,1,0.8155120611190796,5,1,0.97855943441391,5,1,5,1
ISIC_0033950,5,NV,5,1,0.7503544092178345,5,1,0.9993108510971068,5,1,0.9981470108032228,5,1,0.9768550395965576,5,1,5,1
ISIC_0033969,7,VASC,7,1,0.9998328685760498,7,1,0.9999996423721312,7,1,0.9935302138328552,7,1,0.9974644184112548,7,1,7,1
ISIC_0033977,4,MEL,4,1,0.5361173748970032,5,0,0.4864136874675751,4,1,0.7901078462600708,4,1,0.8630205392837524,5,0,4,1
ISIC_0034002,4,MEL,4,1,0.8812751770019531,5,0,0.8641552925109863,2,0,0.9266165494918824,5,0,0.5608978271484375,5,0,4,1
ISIC_0034011,2,BKL,2,1,0.997095823287964,2,1,0.7741752862930298,2,1,0.8570394515991211,2,1,0.9627429842948914,4,0,2,1
ISIC_0034013,5,NV,5,1,0.9844581484794616,4,0,0.9483025074005128,4,0,0.5970046520233154,5,1,0.8418044447898865,5,1,5,1
ISIC_0034014,5,NV,5,1,0.8705270886421204,5,1,0.988407552242279,5,1,0.9877768754959106,5,1,0.9046063423156738,5,1,5,1
ISIC_0034024,2,BKL,2,1,0.5039747357368469,2,1,0.9991936087608336,2,1,0.9240651726722716,2,1,0.8753414154052734,4,0,2,1
ISIC_0034128,5,NV,5,1,0.998664617538452,5,1,0.999674916267395,5,1,0.993158996105194,5,1,0.9970064759254456,5,1,5,1
ISIC_0034139,5,NV,5,1,0.9945570230484008,5,1,0.9991300702095032,5,1,0.956077754497528,5,1,0.9888412356376648,5,1,5,1
ISIC_0034148,5,NV,5,1,0.7285299897193909,5,1,0.9094573259353638,5,1,0.7961183190345764,5,1,0.5871486663818359,5,1,4,0
ISIC_0034166,5,NV,5,1,0.9999849796295166,5,1,0.9999998807907104,5,1,0.9999971389770508,5,1,0.9996888637542723,5,1,5,1
ISIC_0034184,5,NV,5,1,0.9785776138305664,5,1,0.9994413256645204,5,1,0.5875808000564575,5,1,0.9377249479293824,5,1,5,1
ISIC_0034185,5,NV,5,1,0.9999573230743408,5,1,1.0,5,1,0.987661600112915,5,1,0.9848079681396484,5,1,5,1
ISIC_0034201,2,BKL,2,1,0.9975288510322572,2,1,0.9927505254745485,2,1,0.958122730255127,2,1,0.922458291053772,5,0,2,1
ISIC_0034241,5,NV,5,1,0.8988311886787415,5,1,0.992340087890625,5,1,0.9406388401985168,5,1,0.7809334397315979,5,1,4,0
ISIC_0034252,2,BKL,4,0,0.8420135378837585,2,1,0.9997485280036926,2,1,0.7614232301712036,4,0,0.6518434286117554,2,1,2,1
ISIC_0034260,5,NV,5,1,0.9527027606964112,5,1,0.999891996383667,5,1,0.9954503178596495,5,1,0.997249186038971,5,1,5,1
ISIC_0053470,4,MEL,4,1,0.9998612403869628,4,1,0.9995003938674928,4,1,0.9998624324798584,4,1,0.9842497706413268,4,1,4,1
ISIC_0053532,5,NV,2,0,0.4445099234580993,4,0,0.489383339881897,5,1,0.7091454863548279,5,1,0.9299166798591614,4,0,5,1
ISIC_0053551,5,NV,4,0,0.5008099675178528,5,1,0.9838977456092834,5,1,0.8263018131256104,5,1,0.9536009430885316,5,1,5,1
ISIC_0053582,4,MEL,4,1,0.9999990463256836,4,1,0.9999321699142456,4,1,0.999975323677063,4,1,0.9999924898147584,4,1,4,1
ISIC_0053588,5,NV,5,1,0.9346047043800354,5,1,0.9852076768875122,5,1,0.9778933525085448,5,1,0.8425067663192749,5,1,5,1
ISIC_0053599,1,BCC,2,0,0.9925503730773926,1,1,0.992321789264679,1,1,0.5439898371696472,2,0,0.4466789364814758,1,1,4,0
ISIC_0053660,4,MEL,2,0,0.7550870776176453,2,0,0.9886528849601746,2,0,0.971465528011322,2,0,0.9416322112083436,2,0,2,0
ISIC_0053710,5,NV,1,0,0.8890029788017273,1,0,0.9788024425506592,1,0,0.9546880125999452,1,0,0.9893903136253356,1,0,1,0
ISIC_0053725,4,MEL,4,1,0.8293930888175964,2,0,0.9825376868247986,0,0,0.663769006729126,2,0,0.5705603957176208,4,1,2,0
ISIC_0053739,5,NV,5,1,0.9997041821479796,5,1,1.0,5,1,0.9999996423721312,5,1,0.998688280582428,5,1,5,1
ISIC_0053758,5,NV,1,0,0.9844508171081544,1,0,0.8865794539451599,1,0,0.9180252552032472,1,0,0.8127705454826355,1,0,1,0
ISIC_0053791,4,MEL,1,0,0.9028086066246032,5,0,0.8235905170440674,0,0,0.995927393436432,4,1,0.9653049111366272,1,0,1,0
ISIC_0053812,4,MEL,4,1,0.9958770275115968,5,0,0.9529233574867249,4,1,0.999176561832428,5,0,0.7511165738105774,5,0,5,0
ISIC_0053813,1,BCC,0,0,0.7866134643554688,1,1,0.9427009224891664,0,0,0.927765429019928,1,1,0.9695768356323242,1,1,1,1
ISIC_0053863,1,BCC,7,0,0.986517369747162,7,0,0.9290847778320312,5,0,0.2771575450897217,7,0,0.617456316947937,7,0,7,0
ISIC_0053871,5,NV,5,1,0.9948386549949646,5,1,0.9995594620704652,5,1,0.9994540810585022,5,1,0.9961257576942444,5,1,5,1
ISIC_0053957,1,BCC,1,1,0.9988056421279908,1,1,0.9993929862976074,1,1,0.9996569156646729,1,1,0.969267189502716,1,1,1,1
ISIC_0053992,5,NV,5,1,0.9991371035575868,5,1,0.9999545812606812,5,1,0.9994903802871704,5,1,0.9964030981063844,5,1,5,1
ISIC_0054006,4,MEL,4,1,0.8854691386222839,1,0,0.5932603478431702,4,1,0.9208061695098876,1,0,0.6011337637901306,4,1,4,1
ISIC_0054039,5,NV,4,0,0.9651669859886168,4,0,0.965063750743866,4,0,0.6839053630828857,5,1,0.7806262373924255,5,1,5,1
ISIC_0054060,1,BCC,1,1,0.6915296912193298,0,0,0.9728512167930604,0,0,0.8739617466926575,0,0,0.7310484051704407,0,0,0,0
ISIC_0054110,4,MEL,4,1,0.9371173977851868,4,1,0.9897429347038268,4,1,0.7661261558532715,4,1,0.9318336844444276,4,1,4,1
ISIC_0054163,6,SCC,1,0,0.988282024860382,1,0,0.9725907444953918,1,0,0.9916468262672424,0,0,0.806201159954071,1,0,1,0
ISIC_0054197,5,NV,5,1,0.9433286786079408,5,1,0.9995192289352416,5,1,0.959346890449524,5,1,0.9789981245994568,5,1,5,1
ISIC_0054234,2,BKL,4,0,0.9970209002494812,4,0,0.9870362877845764,4,0,0.8840866684913635,4,0,0.9541839361190796,2,1,4,0
ISIC_0054258,5,NV,5,1,0.9921185970306396,5,1,0.9953741431236268,5,1,0.9925293326377868,5,1,0.9224191308021544,5,1,5,1
ISIC_0054302,4,MEL,5,0,0.5183438062667847,1,0,0.928492546081543,1,0,0.9420316219329834,4,1,0.6756396889686584,4,1,1,0
ISIC_0054304,5,NV,1,0,0.9395967721939088,1,0,0.9920557141304016,1,0,0.9922841191291808,1,0,0.9997202754020692,1,0,1,0
ISIC_0054329,4,MEL,0,0,0.8115134239196777,4,1,0.9858576059341432,4,1,0.455165147781372,2,0,0.6933122873306274,0,0,4,1
ISIC_0054341,4,MEL,4,1,0.999976396560669,4,1,0.9997156262397766,4,1,0.9999691247940063,4,1,0.9999902248382568,4,1,4,1
ISIC_0054370,1,BCC,2,0,0.9193099737167358,2,0,0.9991455078125,2,0,0.9636871814727784,1,1,0.666837215423584,4,0,2,0
ISIC_0054381,5,NV,4,0,0.8499705791473389,4,0,0.7394104599952698,5,1,0.8799550533294678,4,0,0.6253061294555664,4,0,4,0
ISIC_0054442,5,NV,5,1,0.882814347743988,5,1,0.9908660054206848,5,1,0.6785196661949158,5,1,0.929277777671814,5,1,5,1
ISIC_0054446,5,NV,5,1,0.8647805452346802,4,0,0.8270193934440613,5,1,0.926933765411377,5,1,0.8047272562980652,5,1,5,1
ISIC_0054451,1,BCC,0,0,0.9992902278900146,0,0,0.9987567663192748,0,0,0.9999858140945436,0,0,0.9811286926269532,0,0,0,0
ISIC_0054464,4,MEL,2,0,0.953399658203125,4,1,0.9981366395950316,2,0,0.8739922046661377,2,0,0.4407438039779663,2,0,2,0
ISIC_0054483,5,NV,7,0,0.7838613986968994,1,0,0.6591663956642151,5,1,0.4530544579029083,5,1,0.7348880767822266,1,0,7,0
ISIC_0054587,5,NV,1,0,0.533416211605072,5,1,0.995750904083252,5,1,0.94312846660614,1,0,0.7117027640342712,1,0,5,1
ISIC_0054600,5,NV,2,0,0.6085461974143982,4,0,0.7987800240516663,5,1,0.8931426405906677,5,1,0.8440637588500977,2,0,5,1
ISIC_0054615,1,BCC,1,1,0.9891015887260436,1,1,0.9574217796325684,0,0,0.9750455021858216,1,1,0.9973658919334412,1,1,1,1
ISIC_0054622,5,NV,5,1,0.999991774559021,5,1,0.9986391663551332,5,1,0.9990002512931824,5,1,0.9824641346931458,5,1,5,1
ISIC_0054674,1,BCC,1,1,0.9746932983398438,1,1,0.9998884201049804,1,1,0.999311089515686,1,1,0.9996901750564576,1,1,1,1
ISIC_0054687,0,AK,0,1,0.7922491431236267,0,1,0.988114297389984,4,0,0.3730383515357971,0,1,0.855008065700531,1,0,1,0
ISIC_0054711,5,NV,5,1,0.9021385312080384,5,1,0.9999901056289672,5,1,0.8462748527526855,5,1,0.9278769493103028,5,1,5,1
ISIC_0054722,1,BCC,1,1,0.4684911072254181,1,1,0.9725542068481444,0,0,0.9195737242698668,1,1,0.7224870920181274,1,1,1,1
ISIC_0054732,5,NV,5,1,0.9994741082191468,5,1,0.993582546710968,5,1,0.8447497487068176,5,1,0.7692509889602661,4,0,4,0
ISIC_0054767,4,MEL,5,0,0.9957740902900696,5,0,0.9951521158218384,5,0,0.9744452238082886,5,0,0.9059315323829652,5,0,5,0
ISIC_0054799,1,BCC,1,1,0.9724227786064148,1,1,0.534919261932373,1,1,0.966780126094818,5,0,0.5829544067382812,1,1,2,0
ISIC_0054845,1,BCC,1,1,0.994566798210144,1,1,0.9954586029052734,1,1,0.9991808533668518,1,1,0.9862694144248962,5,0,5,0
ISIC_0054865,5,NV,5,1,0.7661787271499634,4,0,0.8696170449256897,5,1,0.8772271871566772,5,1,0.9641660451889038,2,0,4,0
ISIC_0054878,0,AK,0,1,0.504025399684906,2,0,0.9487211108207704,2,0,0.811369001865387,2,0,0.4908022880554199,5,0,5,0
ISIC_0054879,2,BKL,2,1,0.9999569654464722,2,1,0.99989914894104,2,1,0.98732191324234,2,1,0.9993268251419068,2,1,2,1
ISIC_0054904,4,MEL,4,1,0.918559730052948,4,1,0.9098111391067504,4,1,0.8046435117721558,4,1,0.6562567353248596,2,0,4,1
ISIC_0055010,1,BCC,1,1,0.999066174030304,1,1,0.9999831914901732,1,1,0.9998877048492432,1,1,0.9996668100357056,1,1,1,1
ISIC_0055022,4,MEL,5,0,0.6289300322532654,4,1,0.5732932090759277,4,1,0.8569255471229553,5,0,0.4058633148670196,4,1,4,1
ISIC_0055053,5,NV,5,1,0.804961621761322,5,1,0.9991605281829834,4,0,0.716767430305481,4,0,0.7115585207939148,2,0,5,1
ISIC_0055059,1,BCC,1,1,0.8971859812736511,1,1,0.9602907299995422,0,0,0.8959482908248901,1,1,0.9928746223449708,1,1,1,1
ISIC_0055090,5,NV,5,1,0.9918026328086852,5,1,0.9997617602348328,5,1,0.9472671747207642,5,1,0.9996509552001952,5,1,5,1
ISIC_0055131,6,SCC,1,0,0.9966282248497008,0,0,0.5721861720085144,1,0,0.9845961928367616,0,0,0.5423495173454285,1,0,4,0
ISIC_0055159,0,AK,6,0,0.9998972415924072,6,0,0.983157217502594,6,0,0.9284074902534484,6,0,0.6862531900405884,4,0,6,0
ISIC_0055187,5,NV,5,1,0.9874733686447144,1,0,0.9926481246948242,1,0,0.6943415403366089,1,0,0.991578221321106,5,1,4,0
ISIC_0055245,1,BCC,1,1,0.9996515512466432,1,1,0.9997231364250184,1,1,0.9658582210540771,1,1,0.9998507499694824,1,1,1,1
ISIC_0055275,1,BCC,1,1,0.9985021352767944,1,1,0.9993839263916016,1,1,0.9980509281158448,1,1,0.9875449538230896,1,1,1,1
ISIC_0055290,5,NV,5,1,0.999207079410553,5,1,0.9573519825935364,5,1,0.803786039352417,5,1,0.9905555844306946,5,1,5,1
ISIC_0055361,4,MEL,1,0,0.8869305849075317,4,1,0.9880440831184388,1,0,0.723910391330719,2,0,0.691572904586792,4,1,4,1
ISIC_0055400,0,AK,2,0,0.9999911785125732,2,0,0.9882203340530396,2,0,0.974155604839325,2,0,0.9061031937599182,4,0,4,0
ISIC_0055414,5,NV,5,1,0.7984446287155151,4,0,0.9992154836654664,4,0,0.8586533665657043,5,1,0.7850874662399292,4,0,5,1
ISIC_0055418,1,BCC,7,0,0.999380111694336,2,0,0.6452835202217102,7,0,0.9645776748657228,7,0,0.7281128764152527,7,0,7,0
ISIC_0055455,1,BCC,1,1,0.7874818444252014,4,0,0.5756816864013672,1,1,0.4582296311855316,4,0,0.6678929328918457,4,0,4,0
ISIC_0055463,5,NV,4,0,0.6629081964492798,4,0,0.5033076405525208,4,0,0.5073803663253784,4,0,0.7517111897468567,4,0,4,0
ISIC_0055472,2,BKL,6,0,0.99946266412735,1,0,0.9986525177955629,6,0,0.8047052621841431,1,0,0.9035057425498962,6,0,6,0
ISIC_0055473,2,BKL,2,1,0.9945595860481262,2,1,0.582103967666626,2,1,0.9706382155418396,2,1,0.9734419584274292,2,1,2,1
ISIC_0055527,4,MEL,4,1,0.9999645948410034,4,1,0.9996217489242554,4,1,0.9987295269966124,4,1,0.9999430179595948,4,1,4,1
ISIC_0055643,4,MEL,5,0,0.9550977349281312,5,0,0.9930837154388428,4,1,0.9688525199890136,4,1,0.8747719526290894,5,0,5,0
ISIC_0055727,5,NV,5,1,0.9695551991462708,5,1,0.9999988079071044,5,1,0.9980491399765016,5,1,0.9837216734886168,5,1,5,1
ISIC_0055815,6,SCC,1,0,0.4582197070121765,5,0,0.852776825428009,6,1,0.8951805233955383,5,0,0.5172628164291382,4,0,1,0
ISIC_0055856,5,NV,5,1,0.9249499440193176,5,1,0.999984860420227,5,1,0.9920580983161926,5,1,0.7772988677024841,5,1,5,1
ISIC_0055894,2,BKL,0,0,0.9945384860038756,5,0,0.6238389015197754,5,0,0.8516911864280701,2,1,0.9215123653411864,5,0,2,1
ISIC_0055913,1,BCC,2,0,0.9999167919158936,2,0,0.9982908368110656,1,1,0.995395839214325,2,0,0.6122525930404663,1,1,1,1
ISIC_0056017,4,MEL,4,1,0.9804932475090028,4,1,0.5300939083099365,5,0,0.8329471945762634,4,1,0.6810570359230042,4,1,5,0
ISIC_0056022,5,NV,4,0,0.9001097679138184,4,0,0.9173879027366638,4,0,0.7041429281234741,4,0,0.6442227363586426,4,0,5,1
ISIC_0056035,5,NV,4,0,0.8783091902732849,5,1,0.9852663278579712,4,0,0.5151095986366272,5,1,0.7587782144546509,5,1,4,0
ISIC_0056055,5,NV,5,1,0.9935500025749208,5,1,0.9990032315254213,5,1,0.9244978427886964,5,1,0.8537534475326538,5,1,5,1
ISIC_0056189,1,BCC,1,1,0.9932841062545776,5,0,0.6122961044311523,1,1,0.9912675023078918,1,1,0.9352994561195374,1,1,1,1
ISIC_0056190,4,MEL,4,1,0.9965566396713256,4,1,0.998955011367798,4,1,0.618750810623169,4,1,0.99558287858963,4,1,4,1
ISIC_0056209,4,MEL,4,1,0.9999614953994752,4,1,0.999808132648468,4,1,0.9976791739463806,4,1,0.5418029427528381,4,1,4,1
ISIC_0056214,4,MEL,4,1,0.979850172996521,4,1,0.9985963702201844,4,1,0.9999805688858032,4,1,0.9998726844787598,4,1,4,1
ISIC_0056255,1,BCC,1,1,0.9990135431289672,1,1,0.9999289512634276,1,1,0.9996217489242554,1,1,0.9948322772979736,1,1,1,1
ISIC_0056269,4,MEL,4,1,0.478031188249588,1,0,0.6296347379684448,1,0,0.6935299634933472,5,0,0.7228317260742188,1,0,4,1
ISIC_0056288,5,NV,5,1,0.968679130077362,5,1,0.9998557567596436,5,1,0.9946597218513488,5,1,0.9073041081428528,5,1,5,1
ISIC_0056317,1,BCC,1,1,0.995439112186432,1,1,0.999830722808838,1,1,0.9999535083770752,1,1,0.999799907207489,1,1,1,1
ISIC_0056330,4,MEL,2,0,0.4799844622611999,4,1,0.8864492774009705,4,1,0.9037520885467528,4,1,0.8739172220230103,2,0,4,1
ISIC_0056340,5,NV,5,1,0.9519992470741272,5,1,0.9999762773513794,5,1,0.9547823667526244,5,1,0.7200995683670044,5,1,5,1
ISIC_0056359,5,NV,2,0,0.6964503526687622,5,1,0.7852830290794373,5,1,0.8513486981391907,4,0,0.5229483246803284,5,1,5,1
ISIC_0056531,4,MEL,2,0,0.9979773163795472,2,0,0.9577590227127076,0,0,0.8206272721290588,2,0,0.9912958145141602,2,0,2,0
ISIC_0056575,5,NV,4,0,0.5926664471626282,5,1,0.9913470149040222,5,1,0.9923845529556274,5,1,0.9241417050361632,4,0,4,0
ISIC_0056579,5,NV,5,1,0.9999945163726808,5,1,1.0,5,1,0.9994946718215942,5,1,0.9880385994911194,5,1,5,1
ISIC_0056629,6,SCC,1,0,0.918717086315155,5,0,0.9974096417427064,1,0,0.9979937076568604,0,0,0.9857643246650696,7,0,1,0
ISIC_0056631,1,BCC,1,1,0.9806302189826964,1,1,0.9944533705711364,2,0,0.99875009059906,1,1,0.931771993637085,2,0,5,0
ISIC_0056665,6,SCC,2,0,0.8956630229949951,2,0,0.6994363069534302,2,0,0.9986892342567444,0,0,0.4317984879016876,2,0,6,1
ISIC_0056720,5,NV,5,1,0.995817005634308,5,1,0.9999992847442628,5,1,0.9999077320098876,5,1,0.9947391152381896,5,1,5,1
ISIC_0056728,4,MEL,5,0,0.8213010430335999,4,1,0.8412894606590271,4,1,0.9999860525131226,4,1,0.9880383014678956,4,1,4,1
ISIC_0056732,2,BKL,2,1,0.999889612197876,2,1,0.9999593496322632,2,1,0.9751039743423462,2,1,0.9982501864433287,2,1,2,1
ISIC_0056769,2,BKL,2,1,0.9999635219573976,2,1,0.9999579191207886,2,1,0.9867231249809264,2,1,0.9996128678321838,2,1,2,1
ISIC_0056788,4,MEL,4,1,0.9999897480010986,4,1,0.9998548030853271,4,1,0.9999452829360962,4,1,0.9999666213989258,4,1,4,1
ISIC_0056916,1,BCC,6,0,0.7369047999382019,1,1,0.9850990772247314,1,1,0.9913029670715332,1,1,0.9680242538452148,1,1,1,1
ISIC_0056918,1,BCC,0,0,0.9996678829193116,1,1,0.9999339580535888,0,0,0.8665759563446045,1,1,0.836967408657074,1,1,1,1
ISIC_0056956,6,SCC,1,0,0.8142317533493042,4,0,0.9982106685638428,1,0,0.5620419979095459,2,0,0.6488659381866455,7,0,4,0
ISIC_0056967,4,MEL,4,1,0.6367539763450623,5,0,0.5195024609565735,4,1,0.9882381558418274,4,1,0.7489298582077026,4,1,4,1
ISIC_0057055,5,NV,5,1,0.739398181438446,5,1,0.9994264841079712,1,0,0.4117362797260284,5,1,0.9537630081176758,1,0,4,0
ISIC_0057058,1,BCC,1,1,0.7288294434547424,1,1,0.9983219504356384,0,0,0.6694523096084595,1,1,0.950706660747528,1,1,1,1
ISIC_0057088,1,BCC,1,1,0.9988752007484436,1,1,0.996113419532776,1,1,0.9983964562416076,1,1,0.7372692227363586,1,1,1,1
ISIC_0057127,2,BKL,2,1,0.9992746710777284,2,1,0.9999650716781616,2,1,0.9874179363250732,2,1,0.985206425189972,2,1,2,1
ISIC_0057145,0,AK,0,1,0.5266596078872681,0,1,0.9910724759101868,0,1,0.7993098497390747,0,1,0.5443519353866577,0,1,0,1
ISIC_0057168,1,BCC,1,1,0.6871142387390137,1,1,0.9999265670776368,1,1,0.9550430178642272,1,1,0.9918959736824036,1,1,1,1
ISIC_0057169,4,MEL,4,1,0.4720452129840851,5,0,0.9393792748451232,5,0,0.8449230194091797,1,0,0.5198001861572266,5,0,1,0
ISIC_0057242,1,BCC,7,0,0.9595500230789183,2,0,0.6847853064537048,7,0,0.6215570569038391,7,0,0.9253740310668944,2,0,7,0
ISIC_0057286,4,MEL,4,1,0.9999996423721312,4,1,0.9999890327453612,4,1,0.9998458623886108,4,1,0.9999932050704956,4,1,4,1
ISIC_0057354,5,NV,5,1,0.9999822378158568,5,1,0.9970601201057434,5,1,0.9925030469894408,5,1,0.5312020778656006,5,1,5,1
ISIC_0057359,1,BCC,1,1,0.9970909357070924,1,1,0.9567017555236816,1,1,0.998872935771942,1,1,0.926620066165924,1,1,1,1
ISIC_0057369,4,MEL,4,1,0.9999669790267944,4,1,0.999848246574402,4,1,0.997323751449585,1,0,0.8351982831954956,1,0,4,1
ISIC_0057395,4,MEL,4,1,0.964571475982666,5,0,0.990886688232422,5,0,0.8656703233718872,5,0,0.923961341381073,4,1,5,0
ISIC_0057396,5,NV,5,1,0.9903472661972046,5,1,0.9999321699142456,5,1,0.9171955585479736,2,0,0.8353341817855835,2,0,5,1
ISIC_0057475,5,NV,5,1,0.9667874574661256,5,1,0.9852675199508668,5,1,0.986676037311554,5,1,0.973242163658142,5,1,5,1
ISIC_0057574,1,BCC,1,1,0.8925557732582092,1,1,0.8968043327331543,1,1,0.9556944370269777,1,1,0.997453510761261,1,1,1,1
ISIC_0057592,1,BCC,1,1,0.80751633644104,1,1,0.987906575202942,5,0,0.7486615180969238,1,1,0.9510946273803712,5,0,1,1
ISIC_0057672,4,MEL,4,1,0.9998493194580078,4,1,0.8542202711105347,6,0,0.4969887137413025,4,1,0.9911549091339112,4,1,4,1
ISIC_0057675,6,SCC,6,1,0.9956520199775696,6,1,0.7983849048614502,6,1,0.7750318050384521,6,1,0.9989783763885498,6,1,1,0
ISIC_0057727,4,MEL,4,1,0.9999194145202636,4,1,0.9999760389328004,4,1,0.999992609024048,4,1,0.9999735355377196,4,1,4,1
ISIC_0057747,4,MEL,4,1,0.9966127276420592,4,1,0.9981226325035096,4,1,0.8352980613708496,4,1,0.999502182006836,4,1,4,1
ISIC_0057770,6,SCC,6,1,0.9760568141937256,0,0,0.9627874493598938,6,1,0.7274962663650513,1,0,0.5041486620903015,2,0,2,0
ISIC_0057782,4,MEL,2,0,0.9847492575645448,2,0,0.9992315769195556,0,0,0.7835415005683899,2,0,0.6946900486946106,0,0,2,0
ISIC_0057784,5,NV,5,1,0.975776731967926,5,1,0.9855227470397948,5,1,0.9977570176124572,5,1,0.9785397052764891,5,1,5,1
ISIC_0057801,1,BCC,1,1,0.970198392868042,1,1,0.9604451656341552,5,0,0.7617414593696594,1,1,0.9986779093742372,1,1,1,1
ISIC_0057872,5,NV,5,1,0.9999301433563232,5,1,0.99384742975235,5,1,0.9970617890357972,5,1,0.9874683618545532,5,1,5,1
ISIC_0057887,5,NV,5,1,0.9409926533699036,5,1,0.9815034866333008,5,1,0.9355350732803344,5,1,0.861838161945343,5,1,5,1
ISIC_0057963,4,MEL,4,1,0.9999825954437256,4,1,0.9992997646331788,4,1,0.9988009929656982,4,1,0.9987063407897948,4,1,4,1
ISIC_0057999,4,MEL,5,0,0.80616694688797,5,0,0.9021878242492676,5,0,0.884066641330719,5,0,0.6560060381889343,4,1,5,0
ISIC_0058000,4,MEL,4,1,0.974766194820404,1,0,0.9888262748718262,4,1,0.9994969367980956,1,0,0.9996169805526732,1,0,1,0
ISIC_0058026,6,SCC,2,0,0.4899893701076507,4,0,0.5992660522460938,0,0,0.5460917949676514,5,0,0.6604557037353516,1,0,5,0
ISIC_0058056,2,BKL,4,0,0.9979761242866516,4,0,0.9909418225288392,1,0,0.434352308511734,4,0,0.560936689376831,2,1,4,0
ISIC_0058085,5,NV,5,1,0.9800689220428468,3,0,0.6617051959037781,5,1,0.9681394696235656,5,1,0.9499057531356812,5,1,5,1
ISIC_0058090,5,NV,5,1,0.9971644282341005,5,1,0.9953048229217528,5,1,0.9975958466529846,5,1,0.9520860314369202,5,1,5,1
ISIC_0058132,5,NV,1,0,0.6985711455345154,5,1,0.9999337196350098,5,1,0.6984518766403198,5,1,0.8301464319229126,5,1,5,1
ISIC_0058156,5,NV,1,0,0.9710099101066588,1,0,0.8854331970214844,2,0,0.7049039602279663,1,0,0.9798490405082704,5,1,1,0
ISIC_0058188,1,BCC,1,1,0.9997699856758118,1,1,0.999515175819397,1,1,0.9998061060905457,1,1,0.9986602067947388,1,1,1,1
ISIC_0058210,5,NV,5,1,0.9121674299240112,5,1,0.9919657707214355,5,1,0.9991318583488464,5,1,0.997826874256134,5,1,5,1
ISIC_0058220,1,BCC,1,1,0.5025492310523987,5,0,0.8744625449180603,1,1,0.7464383244514465,5,0,0.9566569328308104,1,1,5,0
ISIC_0058240,1,BCC,0,0,0.8024953007698059,1,1,0.9999825954437256,1,1,0.9836163520812988,1,1,0.9998243451118468,1,1,1,1
ISIC_0058249,4,MEL,4,1,0.9990505576133728,4,1,0.9966633915901184,4,1,0.9925722479820251,4,1,0.999846339225769,4,1,4,1
ISIC_0058310,1,BCC,0,0,0.6320499181747437,1,1,0.9265026450157166,1,1,0.9586182832717896,1,1,0.9450667500495912,1,1,5,0
ISIC_0058320,0,AK,6,0,0.9999924898147584,6,0,0.9780972599983216,6,0,0.8490947484970093,4,0,0.4522847235202789,6,0,6,0
ISIC_0058338,5,NV,4,0,0.9187881350517272,5,1,0.6752338409423828,4,0,0.7905974984169006,5,1,0.6434155702590942,5,1,5,1
ISIC_0058376,4,MEL,2,0,0.9566624760627748,4,1,0.503275454044342,2,0,0.9149178266525269,5,0,0.4746279120445251,2,0,2,0
ISIC_0058380,4,MEL,7,0,0.6390788555145264,1,0,0.9690732359886168,7,0,0.8933668732643127,1,0,0.4886932373046875,1,0,7,0
ISIC_0058393,1,BCC,1,1,0.9997777342796326,1,1,0.998540997505188,1,1,0.9984920024871826,1,1,0.998190939426422,1,1,1,1
ISIC_0058443,0,AK,0,1,0.5227037072181702,0,1,0.6379728317260742,2,0,0.6528276205062866,0,1,0.5828343629837036,0,1,0,1
ISIC_0058448,4,MEL,4,1,0.9997640252113342,4,1,0.9999288320541382,4,1,0.9999220371246338,4,1,0.9996840953826904,4,1,4,1
ISIC_0058463,1,BCC,1,1,0.9903539419174194,0,0,0.996691107749939,1,1,0.7136645317077637,1,1,0.9733567833900452,0,0,1,1
ISIC_0058472,1,BCC,6,0,0.558513879776001,6,0,0.9597703814506532,1,1,0.9996672868728638,1,1,0.7276172637939453,1,1,1,1
ISIC_0058506,0,AK,6,0,0.7947859168052673,0,1,0.9502200484275818,0,1,0.9930938482284546,2,0,0.6983111500740051,2,0,2,0
ISIC_0058546,5,NV,5,1,0.6610414385795593,5,1,0.9819946885108948,5,1,0.9802038669586182,5,1,0.9711290597915648,4,0,5,1
ISIC_0058586,5,NV,4,0,0.7477754950523376,5,1,0.7680651545524597,1,0,0.8841313123703003,4,0,0.6728246212005615,2,0,0,0
ISIC_0058600,5,NV,3,0,0.624718189239502,2,0,0.9747576117515564,5,1,0.5117257237434387,2,0,0.6933774352073669,5,1,3,0
ISIC_0058651,1,BCC,1,1,0.981639802455902,1,1,0.9994863271713256,1,1,0.9663387537002563,6,0,0.3616153299808502,5,0,1,1
ISIC_0058699,1,BCC,1,1,0.9889688491821288,1,1,0.9632701277732848,0,0,0.4346227347850799,1,1,0.7600942850112915,1,1,1,1
ISIC_0058787,1,BCC,5,0,0.788027822971344,5,0,0.8610978722572327,1,1,0.4884923696517944,1,1,0.9121888279914856,1,1,5,0
ISIC_0058803,5,NV,2,0,0.6727882027626038,5,1,0.924187421798706,5,1,0.9913329482078552,5,1,0.8669654130935669,5,1,5,1
ISIC_0058832,1,BCC,1,1,0.9945861101150512,1,1,0.998953342437744,1,1,0.9783710241317748,1,1,0.9807012677192688,1,1,1,1
ISIC_0058868,1,BCC,1,1,0.7942665219306946,1,1,0.9989763498306274,1,1,0.8602357506752014,1,1,0.9902631044387816,1,1,0,0
ISIC_0058984,1,BCC,4,0,0.9950763583183287,4,0,0.6908345818519592,1,1,0.9115735292434692,4,0,0.8844069838523865,1,1,1,1
ISIC_0059046,4,MEL,4,1,0.9717616438865662,4,1,0.9523183703422546,5,0,0.957590878009796,4,1,0.9441146850585938,4,1,4,1
ISIC_0059089,4,MEL,2,0,0.7600175738334656,4,1,0.9627788066864014,4,1,0.7225747108459473,2,0,0.6795265674591064,2,0,2,0
ISIC_0059108,0,AK,0,1,0.8884109258651733,0,1,0.9991000890731812,0,1,0.6891441941261292,0,1,0.92926025390625,1,0,1,0
ISIC_0059115,1,BCC,1,1,0.8522596955299377,1,1,0.9998937845230104,1,1,0.8348824381828308,1,1,0.992586076259613,1,1,1,1
ISIC_0059144,5,NV,5,1,0.999356210231781,5,1,1.0,5,1,0.9968144297599792,5,1,0.9390239715576172,5,1,5,1
ISIC_0059216,4,MEL,4,1,0.999988317489624,4,1,0.9993793964385986,4,1,0.9993948936462402,4,1,0.9999700784683228,4,1,4,1
ISIC_0059229,4,MEL,4,1,0.4152133166790008,4,1,0.915217101573944,4,1,0.7308309078216553,2,0,0.6500487327575684,4,1,4,1
ISIC_0059250,0,AK,6,0,0.996695876121521,6,0,0.9301377534866332,6,0,0.9973932504653932,6,0,0.8043836355209351,2,0,1,0
ISIC_0059254,1,BCC,1,1,0.9975290894508362,1,1,0.998763918876648,1,1,0.8931516408920288,1,1,0.3728066682815552,1,1,1,1
ISIC_0059265,3,DF,1,0,0.903175175189972,1,0,0.9663248658180236,1,0,0.9951985478401184,1,0,0.7106796503067017,1,0,1,0
ISIC_0059299,5,NV,5,1,0.7116765975952148,5,1,0.9358310699462892,5,1,0.8580779433250427,1,0,0.8330307602882385,5,1,1,0
ISIC_0059301,4,MEL,4,1,0.9999996423721312,4,1,0.9997318387031556,4,1,0.999425768852234,4,1,0.6406241655349731,4,1,4,1
ISIC_0059353,4,MEL,4,1,0.9434758424758912,4,1,0.8722907304763794,4,1,0.5678644180297852,4,1,0.8992360234260559,4,1,4,1
ISIC_0059368,5,NV,5,1,0.9819152355194092,5,1,0.9989665746688844,5,1,0.975947916507721,5,1,0.9678683876991272,5,1,5,1
ISIC_0059370,5,NV,5,1,0.9978511333465576,5,1,0.6477031707763672,5,1,0.8575789928436279,5,1,0.6989654898643494,5,1,5,1
ISIC_0059408,0,AK,0,1,0.9079737663269044,0,1,0.9998936653137208,0,1,0.9994565844535828,0,1,0.999441921710968,0,1,0,1
ISIC_0059421,4,MEL,5,0,0.99992835521698,5,0,0.9999959468841552,5,0,0.999788463115692,5,0,0.9990298748016356,5,0,5,0
ISIC_0059509,1,BCC,5,0,0.5416427850723267,1,1,0.9997459053993224,1,1,0.9870266318321228,1,1,0.9926736950874328,1,1,1,1
ISIC_0059532,4,MEL,4,1,0.6777734160423279,4,1,0.998028576374054,5,0,0.6573001742362976,4,1,0.9732729196548462,4,1,5,0
ISIC_0059536,5,NV,5,1,0.9943167567253112,5,1,0.9712260961532592,5,1,0.9970459342002868,5,1,0.9981396198272704,5,1,5,1
ISIC_0059548,1,BCC,1,1,0.9993427395820618,1,1,0.9997677206993104,1,1,0.9998531341552734,1,1,0.999806582927704,1,1,1,1
ISIC_0059575,6,SCC,6,1,0.9997950196266174,6,1,0.9964034557342528,6,1,0.9999713897705078,6,1,0.939140558242798,6,1,6,1
ISIC_0059604,5,NV,5,1,0.9309142827987672,5,1,0.9962701797485352,5,1,0.9953157901763916,5,1,0.5892170667648315,5,1,5,1
ISIC_0059613,2,BKL,2,1,0.8932480812072754,2,1,0.9978881478309632,2,1,0.9985417127609252,2,1,0.96668940782547,2,1,2,1
ISIC_0059616,2,BKL,2,1,0.6333428025245667,4,0,0.9980151653289796,4,0,0.9419599175453186,4,0,0.6398866176605225,4,0,4,0
ISIC_0059617,1,BCC,0,0,0.9643224477767944,4,0,0.5275907516479492,1,1,0.6880127787590027,4,0,0.4043111503124237,4,0,4,0
ISIC_0059659,5,NV,5,1,0.9582239985466005,5,1,0.9999051094055176,5,1,0.4720872938632965,5,1,0.4664149880409241,4,0,4,0
ISIC_0059681,5,NV,5,1,0.9999722242355348,5,1,0.996274471282959,5,1,0.9970576763153076,2,0,0.5106490850448608,5,1,5,1
ISIC_0059705,5,NV,5,1,0.7129347324371338,5,1,0.9962177872657776,5,1,0.9922768473625184,5,1,0.6647480726242065,5,1,5,1
ISIC_0059730,1,BCC,1,1,0.9653019309043884,0,0,0.9844092726707458,0,0,0.9397879242897034,1,1,0.9160079956054688,1,1,0,0
ISIC_0059772,5,NV,5,1,0.5271646976470947,4,0,0.9966241121292114,4,0,0.7639809846878052,4,0,0.6781977415084839,5,1,4,0
ISIC_0059805,5,NV,5,1,0.978744089603424,5,1,0.997789740562439,5,1,0.9761295914649964,5,1,0.8954159021377563,5,1,5,1
ISIC_0059810,4,MEL,4,1,0.993684470653534,4,1,0.9999138116836548,4,1,0.9982993006706238,4,1,0.943733274936676,4,1,4,1
ISIC_0059811,1,BCC,1,1,0.999127209186554,1,1,0.9995125532150269,1,1,0.9834758043289183,1,1,0.9992959499359132,1,1,1,1
ISIC_0059824,5,NV,5,1,0.9287976622581482,5,1,0.9964852333068848,5,1,0.8567975759506226,5,1,0.5324777364730835,5,1,5,1
ISIC_0059870,5,NV,5,1,0.5359277725219727,5,1,0.9987788796424866,4,0,0.7166435718536377,5,1,0.5012916326522827,5,1,4,0
ISIC_0059882,1,BCC,5,0,0.9201741814613342,5,0,0.6752327680587769,1,1,0.8278254866600037,2,0,0.8489786982536316,1,1,5,0
ISIC_0059944,5,NV,5,1,0.9916884303092957,5,1,0.9994947910308838,5,1,0.8245114684104919,5,1,0.9930281043052672,5,1,5,1
ISIC_0059964,5,NV,5,1,0.9973493814468384,5,1,0.9942684173583984,5,1,0.6898208856582642,5,1,0.8161187767982483,5,1,5,1
ISIC_0060041,0,AK,2,0,0.4735033512115478,0,1,0.995153784751892,2,0,0.43763467669487,1,0,0.7299817204475403,2,0,6,0
ISIC_0060079,1,BCC,1,1,0.9996483325958252,1,1,0.9998273849487304,1,1,0.999994158744812,1,1,0.9753211140632628,1,1,1,1
ISIC_0060097,5,NV,5,1,0.5803511738777161,5,1,0.5621044039726257,5,1,0.9999680519104004,5,1,0.9999876022338868,5,1,4,0
ISIC_0060132,4,MEL,4,1,0.991135835647583,4,1,0.9973498582839966,4,1,0.9985564351081848,4,1,0.9938437938690186,4,1,4,1
ISIC_0060171,5,NV,5,1,0.8300337791442871,1,0,0.9760846495628356,5,1,0.939127802848816,1,0,0.5517486333847046,5,1,5,1
ISIC_0060186,5,NV,4,0,0.9656578302383424,4,0,0.9697685837745668,5,1,0.4618677198886871,4,0,0.7843448519706726,5,1,5,1
ISIC_0060209,1,BCC,1,1,0.9473040103912354,1,1,0.9946666955947876,1,1,0.9963653087615968,1,1,0.9983177185058594,4,0,1,1
ISIC_0060254,1,BCC,1,1,0.9998037219047546,1,1,0.999985933303833,1,1,0.99131178855896,1,1,0.9999982118606568,1,1,1,1
ISIC_0060274,1,BCC,1,1,0.982488453388214,1,1,0.7610290050506592,1,1,0.9413077235221864,1,1,0.9996441602706908,1,1,1,1
ISIC_0060276,5,NV,5,1,0.7930750846862793,5,1,0.9903889298439026,5,1,0.8859350681304932,5,1,0.8981726169586182,5,1,5,1
ISIC_0060279,5,NV,5,1,0.926581084728241,4,0,0.8624407649040222,5,1,0.7547762393951416,5,1,0.8284826278686523,4,0,5,1
ISIC_0060319,4,MEL,4,1,0.7302340269088745,4,1,0.9717769622802734,4,1,0.8945038318634033,4,1,0.9849342107772828,4,1,4,1
ISIC_0060325,5,NV,5,1,0.9957318902015686,2,0,0.5279643535614014,5,1,0.6813463568687439,5,1,0.8878169655799866,2,0,5,1
ISIC_0060331,6,SCC,6,1,0.9457352161407472,1,0,0.8555700182914734,1,0,0.6368420720100403,1,0,0.8820130228996277,0,0,0,0
ISIC_0060353,6,SCC,2,0,0.9189760088920592,2,0,0.9914985299110411,2,0,0.9007032513618469,2,0,0.9786821007728576,1,0,2,0
ISIC_0060376,4,MEL,4,1,0.9980872273445128,4,1,0.9999085664749146,4,1,0.9999576807022096,4,1,0.9944327473640442,4,1,4,1
ISIC_0060403,4,MEL,5,0,0.9281692504882812,5,0,0.9900093674659728,5,0,0.8155450224876404,1,0,0.9286588430404664,5,0,1,0
ISIC_0060480,0,AK,5,0,0.6728348731994629,2,0,0.9886285066604614,2,0,0.5263994932174683,5,0,0.7916205525398254,5,0,2,0
ISIC_0060629,4,MEL,4,1,0.999968409538269,4,1,0.9831666350364684,4,1,0.9999836683273317,4,1,0.9999918937683104,4,1,4,1
ISIC_0060668,5,NV,5,1,0.6336092352867126,4,0,0.9849200248718262,5,1,0.5399895310401917,5,1,0.5653865933418274,4,0,5,1
ISIC_0060684,1,BCC,1,1,0.9964989423751832,1,1,0.9999724626541138,1,1,0.9995908141136168,1,1,0.9945313930511476,1,1,1,1
ISIC_0060703,4,MEL,4,1,0.9974797368049622,4,1,0.9987332224845886,4,1,0.9965555667877196,1,0,0.9634335041046144,1,0,4,1
ISIC_0060817,4,MEL,4,1,0.9930825233459472,4,1,0.9973408579826356,4,1,0.9986248016357422,4,1,0.9330779910087584,4,1,4,1
ISIC_0060835,5,NV,5,1,0.9960882663726808,5,1,0.999997854232788,5,1,0.9949565529823304,5,1,0.9511414170265198,5,1,5,1
ISIC_0060842,1,BCC,1,1,0.998311161994934,1,1,0.9999827146530152,1,1,0.9995213747024536,1,1,0.9993072748184204,1,1,1,1
ISIC_0060875,2,BKL,2,1,0.9960850477218628,2,1,0.9938242435455322,2,1,0.700987696647644,2,1,0.9984436631202698,2,1,2,1
ISIC_0060927,1,BCC,6,0,0.4396556913852691,0,0,0.9970460534095764,0,0,0.6478203535079956,1,1,0.4774984717369079,1,1,0,0
ISIC_0060947,1,BCC,2,0,0.9615314602851868,0,0,0.5752080082893372,2,0,0.5026260018348694,2,0,0.8181588649749756,2,0,0,0
ISIC_0060992,5,NV,5,1,0.9991503953933716,5,1,1.0,5,1,0.9996330738067628,5,1,0.9766677618026732,5,1,5,1
ISIC_0061044,0,AK,2,0,0.9842295050621032,6,0,0.9999359846115112,6,0,0.990627646446228,6,0,0.9454644918441772,6,0,0,1
ISIC_0061114,2,BKL,2,1,0.9990729093551636,2,1,0.9887162446975708,5,0,0.5212417840957642,2,1,0.8702020049095154,2,1,2,1
ISIC_0061163,4,MEL,1,0,0.937351644039154,4,1,0.9126306772232056,4,1,0.5227206349372864,4,1,0.6187705993652344,4,1,1,0
ISIC_0061169,5,NV,4,0,0.8651170134544373,5,1,0.7511063814163208,4,0,0.5808088183403015,5,1,0.900863230228424,4,0,4,0
ISIC_0061180,5,NV,5,1,0.9396415948867798,5,1,0.9999920129776,5,1,0.9977198243141174,5,1,0.9985210299491882,5,1,5,1
ISIC_0061183,4,MEL,1,0,0.5565013885498047,4,1,0.9989437460899352,4,1,0.9912590384483336,1,0,0.5052411556243896,4,1,4,1
ISIC_0061234,1,BCC,7,0,0.9754536747932434,7,0,0.9862200021743774,2,0,0.5592349767684937,7,0,0.6944423317909241,7,0,7,0
ISIC_0061244,4,MEL,5,0,0.5663976073265076,5,0,0.9787840247154236,5,0,0.8461361527442932,5,0,0.7403051853179932,5,0,4,1
ISIC_0061266,5,NV,5,1,0.7885700464248657,5,1,0.999832034111023,5,1,0.999996304512024,5,1,0.9995716214179992,5,1,5,1
ISIC_0061294,0,AK,6,0,0.6163284778594971,0,1,0.8749865293502808,0,1,0.4351045489311218,1,0,0.5062375068664551,0,1,0,1
ISIC_0061322,6,SCC,1,0,0.4682605266571045,4,0,0.6468564867973328,2,0,0.4576571881771087,0,0,0.6717597842216492,4,0,0,0
ISIC_0061352,5,NV,1,0,0.7640767693519592,1,0,0.9949116110801696,1,0,0.9882296323776244,1,0,0.5212650895118713,1,0,3,0
ISIC_0061395,5,NV,4,0,0.9851127862930298,4,0,0.9651874303817748,5,1,0.8227545022964478,5,1,0.8802661299705505,5,1,5,1
ISIC_0061402,1,BCC,1,1,0.9964985847473145,1,1,0.9988314509391784,1,1,0.9992988109588624,1,1,0.9973958730697632,1,1,1,1
ISIC_0061429,5,NV,5,1,0.6799723505973816,5,1,0.9755188822746276,5,1,0.9996826648712158,5,1,0.8621929287910461,5,1,5,1
ISIC_0061497,1,BCC,3,0,0.8301304578781128,0,0,0.7632750272750854,5,0,0.4203979074954986,1,1,0.4010608196258545,1,1,7,0
ISIC_0061574,5,NV,5,1,0.8913394808769226,5,1,0.987905740737915,5,1,0.9426918029785156,5,1,0.7844830751419067,5,1,5,1
ISIC_0061595,4,MEL,4,1,0.856183648109436,4,1,0.9977213740348816,2,0,0.488918125629425,5,0,0.7041267156600952,4,1,4,1
ISIC_0061636,4,MEL,4,1,0.7717940807342529,4,1,0.9999231100082396,5,0,0.839469313621521,4,1,0.9934187531471252,4,1,4,1
ISIC_0061646,2,BKL,4,0,0.9923530220985411,4,0,0.996550679206848,4,0,0.9978837370872498,4,0,0.9575412273406982,4,0,4,0
ISIC_0061651,5,NV,4,0,0.9257627725601196,5,1,0.94795423746109,5,1,0.5054971575737,4,0,0.5551283955574036,4,0,5,1
ISIC_0061679,2,BKL,1,0,0.9459731578826904,2,1,0.9707988500595092,1,0,0.621429443359375,1,0,0.5612292885780334,1,0,4,0
ISIC_0061705,4,MEL,5,0,0.988852083683014,5,0,1.0,5,0,0.9999451637268066,5,0,0.9936518669128418,5,0,5,0
ISIC_0061710,4,MEL,5,0,0.718748927116394,4,1,0.9611294269561768,2,0,0.8547415733337402,4,1,0.4881944358348846,4,1,4,1
ISIC_0061716,5,NV,5,1,0.9908550977706908,5,1,0.9999910593032836,5,1,0.8567719459533691,5,1,0.9900875687599182,5,1,5,1
ISIC_0061756,4,MEL,4,1,0.9999662637710572,4,1,0.9987579584121704,4,1,0.7675073146820068,4,1,0.9088193774223328,4,1,4,1
ISIC_0061761,4,MEL,4,1,0.9950822591781616,4,1,0.9566425085067748,4,1,0.9951242804527284,4,1,0.8646357655525208,4,1,1,0
ISIC_0061807,5,NV,5,1,0.9994277358055116,5,1,0.9999632835388184,5,1,0.950021505355835,5,1,0.9723852276802064,5,1,5,1
ISIC_0061830,6,SCC,2,0,0.5515995025634766,2,0,0.7028056979179382,0,0,0.3038085401058197,2,0,0.8620111346244812,5,0,1,0
ISIC_0061847,5,NV,5,1,0.9376168847084044,5,1,0.9535886645317078,5,1,0.9836114048957824,5,1,0.8558428883552551,5,1,4,0
ISIC_0061909,1,BCC,1,1,0.9979963898658752,1,1,0.998678982257843,1,1,0.9960618615150452,2,0,0.4891091287136078,1,1,1,1
ISIC_0061913,5,NV,5,1,0.5706341862678528,4,0,0.5798705220222473,6,0,0.8644863963127136,4,0,0.8291584849357605,5,1,4,0
ISIC_0061959,3,DF,1,0,0.8340251445770264,1,0,0.7796405553817749,3,1,0.9998804330825806,1,0,0.5919023156166077,3,1,1,0
ISIC_0061996,5,NV,4,0,0.5756615400314331,5,1,0.9989946484565736,5,1,0.8865486979484558,5,1,0.9669947624206544,5,1,5,1
ISIC_0061997,4,MEL,4,1,0.9986143112182616,4,1,0.9997552037239076,4,1,0.9231876134872437,4,1,0.9952602982521056,4,1,4,1
ISIC_0062036,0,AK,0,1,0.9863218069076538,0,1,0.9987381100654602,0,1,0.9898131489753724,2,0,0.4423412978649139,2,0,0,1
ISIC_0062049,5,NV,3,0,0.9988759160041808,5,1,0.9323490262031556,3,0,0.996494472026825,5,1,0.7091796398162842,5,1,3,0
ISIC_0062063,4,MEL,4,1,0.98994117975235,4,1,0.9997959733009338,4,1,0.9826061725616456,4,1,0.9688367247581482,4,1,4,1
ISIC_0062087,4,MEL,4,1,0.8971207141876221,4,1,0.8896561861038208,2,0,0.885229766368866,2,0,0.9822539687156676,0,0,4,1
ISIC_0062098,4,MEL,4,1,0.9915952086448668,2,0,0.7138786315917969,4,1,0.7237138748168945,5,0,0.4297636449337005,4,1,0,0
ISIC_0062120,5,NV,4,0,0.6534802317619324,1,0,0.7892318964004517,1,0,0.8376582860946655,4,0,0.6514226794242859,5,1,0,0
ISIC_0062128,5,NV,4,0,0.743778645992279,5,1,0.9977214932441713,5,1,0.9125791192054749,5,1,0.871509850025177,5,1,5,1
ISIC_0062137,5,NV,5,1,0.9997692704200744,5,1,0.9973324537277222,5,1,0.9946880340576172,2,0,0.6584700345993042,2,0,5,1
ISIC_0062142,5,NV,4,0,0.8945039510726929,5,1,0.9679789543151855,4,0,0.6381133198738098,4,0,0.6538771390914917,4,0,4,0
ISIC_0062197,5,NV,5,1,0.7062050104141235,5,1,0.9996188879013062,5,1,0.9129613041877748,5,1,0.9295693039894104,5,1,5,1
ISIC_0062221,5,NV,5,1,0.9614895582199096,5,1,0.8433207273483276,5,1,0.9883472323417664,5,1,0.9711031913757324,5,1,5,1
ISIC_0062236,1,BCC,1,1,0.6925728917121887,1,1,0.7338472008705139,1,1,0.9579977989196776,1,1,0.9919156432151794,1,1,1,1
ISIC_0062240,1,BCC,1,1,0.6570002436637878,1,1,0.999211311340332,1,1,0.9998273849487304,1,1,0.9998151659965516,1,1,1,1
ISIC_0062331,5,NV,3,0,0.955069661140442,3,0,0.8464604020118713,5,1,0.9982940554618835,5,1,0.9786396026611328,5,1,5,1
ISIC_0062404,5,NV,5,1,0.7925947308540344,5,1,0.9580841064453124,5,1,0.9557358026504515,5,1,0.5427085161209106,4,0,5,1
ISIC_0062430,5,NV,5,1,0.9730224013328552,4,0,0.8834103941917419,5,1,0.9772725105285645,5,1,0.6561523079872131,5,1,4,0
ISIC_0062451,1,BCC,1,1,0.9772595167160034,1,1,0.9998973608016968,1,1,0.9987469911575316,1,1,0.9969989061355592,2,0,1,1
ISIC_0062548,5,NV,5,1,0.9559755325317384,5,1,0.9991135001182556,5,1,0.999478280544281,5,1,0.9991605281829834,5,1,5,1
ISIC_0062559,4,MEL,4,1,0.9527535438537598,4,1,0.8754780888557434,4,1,0.6627436876296997,4,1,0.98635071516037,5,0,4,1
ISIC_0062561,2,BKL,4,0,0.999842643737793,4,0,0.9998633861541748,4,0,0.9449867010116576,4,0,0.5773653984069824,4,0,4,0
ISIC_0062615,1,BCC,1,1,0.8222448229789734,1,1,0.996862530708313,1,1,0.990220308303833,1,1,0.906714916229248,1,1,1,1
ISIC_0062677,5,NV,5,1,0.9696043729782104,5,1,0.9999991655349731,5,1,0.9999991655349731,5,1,0.9912254214286804,5,1,5,1
ISIC_0062679,5,NV,4,0,0.7620863914489746,5,1,0.999641180038452,5,1,0.9285589456558228,5,1,0.9634586572647096,5,1,5,1
ISIC_0062682,1,BCC,1,1,0.890483558177948,1,1,0.5100595951080322,0,0,0.4911321699619293,3,0,0.9595908522605896,1,1,3,0
ISIC_0062688,4,MEL,1,0,0.6742843985557556,1,0,0.9978277087211608,2,0,0.5737893581390381,2,0,0.8138123750686646,0,0,2,0
ISIC_0062715,5,NV,4,0,0.5783419609069824,5,1,0.9658326506614684,5,1,0.9241042137145996,5,1,0.5143977403640747,5,1,5,1
ISIC_0062750,5,NV,4,0,0.9728689193725586,4,0,0.9462311863899232,5,1,0.8279595375061035,5,1,0.8412051796913147,5,1,5,1
ISIC_0062843,1,BCC,1,1,0.9985894560813904,1,1,0.9999351501464844,1,1,0.9981797933578492,1,1,0.9948295950889589,1,1,1,1
ISIC_0062892,5,NV,5,1,0.8790884017944336,5,1,0.997771143913269,5,1,0.9330933094024658,5,1,0.9798038005828856,5,1,4,0
ISIC_0062983,4,MEL,4,1,0.9736325740814208,4,1,0.9843767881393432,5,0,0.6047133803367615,4,1,0.9022898077964784,4,1,4,1
ISIC_0063001,2,BKL,2,1,0.8825509548187256,2,1,0.9972912669181824,2,1,0.9567036032676696,2,1,0.9160750508308412,2,1,2,1
ISIC_0063040,5,NV,5,1,0.922956645488739,5,1,0.9864087104797364,5,1,0.9928425550460817,5,1,0.7155696153640747,5,1,5,1
ISIC_0063097,1,BCC,1,1,0.9970436692237854,1,1,0.9998929500579834,1,1,0.9998986721038818,1,1,0.9997407793998718,1,1,1,1
ISIC_0063109,4,MEL,4,1,0.9987379908561708,4,1,0.9893306493759156,2,0,0.5692859292030334,4,1,0.999980092048645,4,1,4,1
ISIC_0063212,5,NV,5,1,0.9994407296180724,5,1,0.9998714923858644,5,1,0.996393620967865,5,1,0.924124002456665,5,1,5,1
ISIC_0063269,1,BCC,5,0,0.8729904294013977,1,1,0.4146393537521362,2,0,0.4063728153705597,1,1,0.8648210763931274,1,1,5,0
ISIC_0063373,4,MEL,4,1,0.9998447895050048,4,1,0.9547973275184632,4,1,0.9970036149024964,4,1,0.8830121755599976,4,1,1,0
ISIC_0063377,5,NV,4,0,0.9759464263916016,5,1,0.7592251896858215,5,1,0.8333213925361633,5,1,0.9863631129264832,4,0,5,1
ISIC_0063492,4,MEL,1,0,0.537929892539978,4,1,0.6812228560447693,4,1,0.8871554136276245,4,1,0.5156124234199524,4,1,4,1
ISIC_0063495,5,NV,2,0,0.6673856377601624,5,1,0.9444734454154968,5,1,0.5005676746368408,5,1,0.7536001801490784,5,1,2,0
ISIC_0063518,5,NV,5,1,0.9965493679046632,5,1,0.9982761144638062,5,1,0.6452171206474304,5,1,0.6685309410095215,5,1,5,1
ISIC_0063542,2,BKL,4,0,0.9543058276176452,4,0,0.8710901737213135,4,0,0.5217257142066956,4,0,0.9841522574424744,4,0,4,0
ISIC_0063603,5,NV,5,1,0.9829652905464172,5,1,0.7706802487373352,5,1,0.9968134760856628,5,1,0.6040350794792175,5,1,5,1
ISIC_0063607,5,NV,5,1,0.7359700798988342,5,1,0.9996166229248048,5,1,0.7707654237747192,5,1,0.7965410351753235,5,1,5,1
ISIC_0063680,4,MEL,0,0,0.7179048657417297,2,0,0.9882287979125975,0,0,0.9919852018356324,2,0,0.6135280132293701,2,0,2,0
ISIC_0063802,1,BCC,5,0,0.6607954502105713,1,1,0.8179651498794556,5,0,0.8211806416511536,1,1,0.5527562499046326,1,1,5,0
ISIC_0063834,5,NV,4,0,0.9159674048423768,1,0,0.9004026055335999,0,0,0.6046431064605713,4,0,0.8601693511009216,6,0,4,0
ISIC_0063897,4,MEL,4,1,0.737321674823761,4,1,0.9993990659713744,4,1,0.999324917793274,4,1,0.994209885597229,4,1,4,1
ISIC_0063946,4,MEL,5,0,0.6826702952384949,4,1,0.9039834141731262,5,0,0.7290477752685547,4,1,0.7778810858726501,5,0,1,0
ISIC_0063948,5,NV,5,1,0.999669909477234,5,1,0.9999310970306396,5,1,0.9969255328178406,5,1,0.8018721342086792,5,1,5,1
ISIC_0064028,5,NV,5,1,0.5654159784317017,5,1,0.998969554901123,5,1,0.9772113561630248,5,1,0.6958205699920654,4,0,5,1
ISIC_0064080,4,MEL,5,0,0.6433684229850769,4,1,0.9580302834510804,4,1,0.982545018196106,1,0,0.6746074557304382,4,1,4,1
ISIC_0064090,6,SCC,6,1,0.9999990463256836,6,1,0.999824583530426,6,1,0.9991031885147096,6,1,0.9999895095825196,6,1,6,1
ISIC_0064128,1,BCC,1,1,0.99983012676239,1,1,0.999974012374878,1,1,0.9993329644203186,1,1,0.9980536699295044,1,1,1,1
ISIC_0064179,1,BCC,1,1,0.9950516819953918,1,1,0.99964702129364,1,1,0.965695321559906,1,1,0.9149965643882751,1,1,1,1
ISIC_0064219,5,NV,4,0,0.7893722057342529,4,0,0.6275104284286499,5,1,0.5398877263069153,5,1,0.5696222186088562,4,0,4,0
ISIC_0064267,6,SCC,6,1,0.5835689902305603,1,0,0.9997091889381408,1,0,0.9630741477012634,1,0,0.9366722106933594,1,0,0,0
ISIC_0064322,0,AK,2,0,0.9691164493560792,6,0,0.9998144507408142,6,0,0.9917339086532592,6,0,0.7958393096923828,1,0,0,1
ISIC_0064339,4,MEL,4,1,0.9736325740814208,4,1,0.9843767881393432,5,0,0.6047133803367615,4,1,0.9022898077964784,4,1,4,1
ISIC_0064349,4,MEL,4,1,0.978415310382843,4,1,0.9996469020843506,4,1,0.9718710780143738,4,1,0.9979935884475708,4,1,4,1
ISIC_0064378,2,BKL,2,1,0.9999957084655762,2,1,0.9999643564224244,2,1,0.9999945163726808,2,1,1.0,2,1,2,1
ISIC_0064386,6,SCC,6,1,0.98073810338974,2,0,0.7708380222320557,1,0,0.40386563539505,2,0,0.4245772063732147,2,0,2,0
ISIC_0064398,2,BKL,2,1,0.9999498128890992,2,1,0.9974318146705629,2,1,0.9852818846702576,2,1,0.9819153547286988,2,1,2,1
ISIC_0064413,3,DF,3,1,0.7654681205749512,5,0,0.4914767146110534,5,0,0.9455259442329408,4,0,0.458759069442749,4,0,5,0
ISIC_0064414,5,NV,4,0,0.9482877254486084,4,0,0.9925650358200072,5,1,0.5697267055511475,5,1,0.8907252550125122,4,0,4,0
ISIC_0064502,3,DF,3,1,0.8826420307159424,0,0,0.9769033789634703,4,0,0.6785673499107361,5,0,0.4765301048755646,4,0,4,0
ISIC_0064561,5,NV,5,1,0.9203836917877196,5,1,0.999997615814209,5,1,0.9998557567596436,5,1,0.9758061170578004,5,1,5,1
ISIC_0064648,5,NV,5,1,0.8641855716705322,2,0,0.5837540030479431,5,1,0.979816198348999,2,0,0.5159472823143005,2,0,5,1
ISIC_0064676,4,MEL,0,0,0.5408705472946167,4,1,0.9568780064582824,1,0,0.6767345666885376,1,0,0.8883361220359802,1,0,1,0
ISIC_0064688,5,NV,1,0,0.969754695892334,0,0,0.9645609259605408,1,0,0.9617003202438354,1,0,0.8818897008895874,1,0,1,0
ISIC_0064694,4,MEL,4,1,0.7307657599449158,4,1,0.9971113204956056,5,0,0.8595426082611084,4,1,0.5859302282333374,4,1,4,1
ISIC_0064754,1,BCC,1,1,0.6460499167442322,0,0,0.9995514750480652,1,1,0.7791129350662231,0,0,0.8721429109573364,2,0,0,0
ISIC_0064800,4,MEL,1,0,0.7590790390968323,1,0,0.9943453073501588,0,0,0.8603538274765015,4,1,0.728460431098938,1,0,1,0
ISIC_0064821,4,MEL,4,1,0.999321699142456,4,1,0.999667763710022,4,1,0.9999953508377076,4,1,0.9999276399612428,4,1,4,1
ISIC_0064832,1,BCC,1,1,0.9998061060905457,1,1,0.9579709768295288,1,1,0.9783970713615416,1,1,0.9843150973320008,1,1,0,0
ISIC_0064930,3,DF,3,1,0.7123063802719116,5,0,0.7201414704322815,5,0,0.6703720092773438,5,0,0.4227499961853027,4,0,4,0
ISIC_0064943,4,MEL,4,1,0.997849464416504,1,0,0.5410258769989014,1,0,0.6125466227531433,6,0,0.8024855256080627,4,1,4,1
ISIC_0064986,4,MEL,4,1,0.8859105110168457,4,1,0.9995532631874084,4,1,0.6130168437957764,4,1,0.9921971559524536,4,1,4,1
ISIC_0065077,1,BCC,2,0,0.9893835186958312,1,1,0.993665874004364,1,1,0.7826927900314331,5,0,0.4824927449226379,1,1,5,0
ISIC_0065203,0,AK,2,0,0.949221670627594,2,0,0.9664245843887328,1,0,0.9339695572853088,0,1,0.8507274389266968,2,0,4,0
ISIC_0065204,5,NV,5,1,0.9119109511375428,5,1,0.976709246635437,1,0,0.5866836905479431,1,0,0.5368471145629883,4,0,4,0
ISIC_0065211,2,BKL,2,1,0.9990680813789368,2,1,0.8135296106338501,5,0,0.6073854565620422,2,1,0.9975762963294984,5,0,2,1
ISIC_0065227,1,BCC,1,1,0.8981103301048279,5,0,0.4194726049900055,1,1,0.5735082030296326,3,0,0.95500910282135,1,1,1,1
ISIC_0065261,5,NV,4,0,0.736362636089325,5,1,0.8820093870162964,5,1,0.8810389637947083,5,1,0.8475841283798218,5,1,5,1
ISIC_0065293,1,BCC,1,1,0.9919821619987488,1,1,0.996600329875946,1,1,0.9977389574050904,1,1,0.9926088452339172,1,1,1,1
ISIC_0065300,2,BKL,2,1,0.9792711734771729,2,1,0.9997627139091492,2,1,0.9890138506889344,2,1,0.5434107780456543,2,1,2,1
ISIC_0065313,4,MEL,1,0,0.8796606063842773,5,0,0.8503454923629761,1,0,0.7749863266944885,1,0,0.9902751445770264,1,0,1,0
ISIC_0065325,5,NV,5,1,0.7745380401611328,5,1,0.999995231628418,5,1,0.9751902222633362,5,1,0.9751999974250792,5,1,5,1
ISIC_0065343,6,SCC,4,0,0.7345899343490601,6,1,0.8443638682365417,0,0,0.4090263247489929,6,1,0.9804350137710572,1,0,2,0
ISIC_0065358,5,NV,5,1,0.9826077818870544,5,1,0.999362289905548,5,1,0.9863801598548888,5,1,0.9916463494300842,5,1,5,1
ISIC_0065380,5,NV,5,1,0.9991067051887512,5,1,0.9991152882575988,5,1,0.934612512588501,5,1,0.97037672996521,5,1,5,1
ISIC_0065417,4,MEL,5,0,0.9550977349281312,5,0,0.9930837154388428,4,1,0.9688525199890136,4,1,0.8747719526290894,5,0,5,0
ISIC_0065422,1,BCC,1,1,0.9479544162750244,1,1,0.9931898713111876,1,1,0.596537172794342,5,0,0.9006622433662415,1,1,5,0
ISIC_0065491,6,SCC,1,0,0.7572010159492493,5,0,0.9775108695030212,1,0,0.989981472492218,6,1,0.7337601780891418,4,0,1,0
ISIC_0065518,4,MEL,4,1,0.9947079420089722,4,1,0.9983962178230286,4,1,0.960196316242218,4,1,0.954977571964264,4,1,4,1
ISIC_0065521,4,MEL,1,0,0.6422989964485168,0,0,0.9074756503105164,0,0,0.9877567291259766,1,0,0.5776805877685547,1,0,1,0
ISIC_0065550,4,MEL,4,1,0.9953017234802246,4,1,0.9998492002487184,4,1,0.9968775510787964,4,1,0.995996594429016,4,1,4,1
ISIC_0065552,0,AK,4,0,0.8483112454414368,4,0,0.9847190380096436,4,0,0.9085385203361512,4,0,0.7796593904495239,2,0,4,0
ISIC_0065598,4,MEL,4,1,0.6950752139091492,4,1,0.9679155945777892,4,1,0.6685078740119934,4,1,0.7717296481132507,4,1,4,1
ISIC_0065629,2,BKL,2,1,0.9998972415924072,2,1,0.999556601047516,2,1,0.9997684359550476,2,1,0.9973130822181702,2,1,2,1
ISIC_0065689,5,NV,2,0,0.9309468865394592,5,1,0.598311722278595,2,0,0.5840244293212891,5,1,0.8348783254623413,5,1,5,1
ISIC_0065713,5,NV,2,0,0.9304960370063782,5,1,0.8005452156066895,5,1,0.517395555973053,5,1,0.7939426302909851,4,0,5,1
ISIC_0065724,0,AK,1,0,0.3356006741523742,0,1,0.9490581154823304,0,1,0.7367101907730103,0,1,0.5616455078125,0,1,0,1
ISIC_0065728,4,MEL,4,1,0.9998977184295654,4,1,0.999925971031189,4,1,0.9988766312599182,4,1,1.0,4,1,4,1
ISIC_0065742,4,MEL,4,1,0.9047824144363404,0,0,0.6943377256393433,5,0,0.5024785995483398,4,1,0.4777938723564148,4,1,5,0
ISIC_0065813,4,MEL,2,0,0.4911541938781738,4,1,0.9993255138397216,4,1,0.999997615814209,4,1,0.9999722242355348,4,1,4,1
ISIC_0065826,1,BCC,0,0,0.9853217005729676,0,0,0.9990442395210266,0,0,0.9996931552886964,0,0,0.9387537837028505,0,0,0,0
ISIC_0065845,5,NV,5,1,0.9998505115509032,5,1,0.9999749660491944,5,1,0.9863552451133728,5,1,0.9745815992355348,5,1,5,1
ISIC_0065874,1,BCC,1,1,0.9725902080535888,1,1,0.9959261417388916,1,1,0.9255570769309998,5,0,0.9077906012535096,5,0,5,0
ISIC_0065883,4,MEL,4,1,0.999996781349182,4,1,0.9999154806137084,4,1,0.9942154288291932,4,1,0.9401806592941284,4,1,4,1
ISIC_0065893,1,BCC,1,1,0.987792432308197,1,1,0.9988872408866882,1,1,0.9987478256225586,1,1,0.999525785446167,1,1,1,1
ISIC_0065918,4,MEL,4,1,0.972198724746704,5,0,0.5416921377182007,4,1,0.8896408081054688,4,1,0.4785221517086029,4,1,4,1
ISIC_0065944,4,MEL,1,0,0.6711198687553406,4,1,0.8831669092178345,1,0,0.9960370659828186,1,0,0.9980654120445251,1,0,1,0
ISIC_0065966,2,BKL,6,0,0.8508304357528687,1,0,0.9732383489608764,0,0,0.449358582496643,1,0,0.6222981214523315,0,0,0,0
ISIC_0066002,3,DF,3,1,0.9998382329940796,3,1,0.999731719493866,3,1,0.999652624130249,3,1,0.9987493753433228,3,1,3,1
ISIC_0066040,1,BCC,1,1,0.9867114424705504,1,1,0.9999420642852784,1,1,0.9985910058021544,1,1,0.999891757965088,1,1,1,1
ISIC_0066042,5,NV,4,0,0.9871786832809448,4,0,0.6859492659568787,4,0,0.5563900470733643,5,1,0.9241417050361632,4,0,5,1
ISIC_0066064,5,NV,5,1,0.9151204228401184,5,1,0.9975025057792664,5,1,0.6724727749824524,5,1,0.859836757183075,5,1,5,1
ISIC_0066072,2,BKL,2,1,0.7747495770454407,4,0,0.9383025765419006,4,0,0.9707509875297546,4,0,0.9685052037239076,2,1,4,0
ISIC_0066087,5,NV,5,1,0.988744854927063,5,1,0.9993013143539428,5,1,0.9888544082641602,5,1,0.9176202416419984,5,1,5,1
ISIC_0066121,1,BCC,1,1,0.999562680721283,1,1,0.9989676475524902,1,1,0.5961837768554688,1,1,0.9644759893417358,1,1,1,1
ISIC_0066213,4,MEL,4,1,0.7882775664329529,4,1,0.9172180891036988,2,0,0.5788642764091492,4,1,0.7693357467651367,0,0,4,1
ISIC_0066224,1,BCC,1,1,0.997977077960968,1,1,0.999948024749756,1,1,0.9996410608291626,1,1,0.9999111890792848,1,1,1,1
ISIC_0066255,5,NV,5,1,0.8730432987213135,5,1,0.9994882345199584,5,1,0.992771327495575,5,1,0.7278958559036255,5,1,5,1
ISIC_0066256,2,BKL,4,0,0.998687207698822,4,0,0.9994712471961976,4,0,0.9546277523040771,2,1,0.5256437063217163,4,0,4,0
ISIC_0066279,5,NV,4,0,0.9872475862503052,4,0,0.998090922832489,4,0,0.8490089178085327,4,0,0.6125483512878418,4,0,5,1
ISIC_0066310,1,BCC,2,0,0.4968985319137573,1,1,0.986743688583374,1,1,0.5096169710159302,7,0,0.684153139591217,1,1,5,0
ISIC_0066315,0,AK,1,0,0.6550119519233704,2,0,0.9625023007392884,2,0,0.9054129719734192,2,0,0.609334409236908,5,0,2,0
ISIC_0066364,5,NV,4,0,0.7987473607063293,4,0,0.9516319632530212,4,0,0.7449108958244324,4,0,0.6255812644958496,5,1,5,1
ISIC_0066379,4,MEL,5,0,0.9993994235992432,5,0,0.999895453453064,5,0,0.9999979734420776,5,0,0.9945302605628968,5,0,5,0
ISIC_0066413,3,DF,3,1,0.5940228700637817,3,1,0.9546127319335938,3,1,0.994163453578949,5,0,0.8817987442016602,5,0,5,0
ISIC_0066421,4,MEL,4,1,0.9962406158447266,4,1,0.9984484910964966,4,1,0.9995821118354796,4,1,0.9996559619903564,4,1,4,1
ISIC_0066424,5,NV,5,1,0.973858654499054,5,1,0.9997954964637756,5,1,0.9956941604614258,5,1,0.998923361301422,4,0,4,0
ISIC_0066491,6,SCC,6,1,0.9999957084655762,6,1,0.999897837638855,6,1,0.9995880722999572,6,1,0.9999966621398926,6,1,6,1
ISIC_0066508,5,NV,4,0,0.9417127966880798,5,1,0.9426681995391846,4,0,0.4998112320899963,5,1,0.6048887372016907,4,0,4,0
ISIC_0066604,5,NV,5,1,0.9889352917671204,5,1,0.9999009370803832,5,1,0.998934805393219,5,1,0.9593111276626588,5,1,5,1
ISIC_0066639,1,BCC,1,1,0.9260385036468506,1,1,0.959312915802002,1,1,0.9936041235923768,1,1,0.968696355819702,1,1,1,1
ISIC_0066656,6,SCC,2,0,0.400673896074295,2,0,0.9376713633537292,6,1,0.8204330801963806,6,1,0.3367151319980621,6,1,1,0
ISIC_0066661,5,NV,5,1,0.5525397062301636,5,1,0.8050162196159363,5,1,0.8493222594261169,5,1,0.7167655229568481,4,0,5,1
ISIC_0066672,5,NV,4,0,0.6901199221611023,5,1,0.6808775663375854,4,0,0.6057952642440796,5,1,0.8509284853935242,5,1,5,1
ISIC_0066698,1,BCC,1,1,0.9988120794296264,0,0,0.8406326770782471,1,1,0.9956295490264891,1,1,0.9214367270469666,1,1,1,1
ISIC_0066733,4,MEL,5,0,0.8623548150062561,5,0,0.9395838379859924,5,0,0.8203722238540649,5,0,0.629377007484436,5,0,4,1
ISIC_0066801,6,SCC,1,0,0.7147183418273926,4,0,0.8826490044593811,2,0,0.4860135912895202,1,0,0.8265004754066467,4,0,1,0
ISIC_0066823,1,BCC,1,1,0.927679717540741,1,1,0.996264398097992,6,0,0.5431292653083801,1,1,0.593241274356842,1,1,6,0
ISIC_0067000,1,BCC,1,1,0.9983565211296082,1,1,0.99590802192688,1,1,0.9987033605575562,1,1,0.9943019151687622,1,1,1,1
ISIC_0067020,1,BCC,2,0,0.927011251449585,2,0,0.9960502982139589,2,0,0.9475846886634828,2,0,0.9316617846488952,2,0,2,0
ISIC_0067039,2,BKL,4,0,0.9998020529747008,4,0,0.9998878240585328,4,0,0.9018163084983826,4,0,0.679149329662323,4,0,4,0
ISIC_0067068,5,NV,5,1,0.9177854657173156,1,0,0.6924170851707458,5,1,0.4082292318344116,5,1,0.9566181898117064,1,0,7,0
ISIC_0067078,0,AK,0,1,0.54473876953125,0,1,0.9968973398208618,0,1,0.4960511028766632,0,1,0.948028564453125,0,1,0,1
ISIC_0067079,1,BCC,1,1,0.9905672669410706,1,1,0.9989631175994872,1,1,0.98317551612854,1,1,0.8932691216468811,1,1,1,1
ISIC_0067080,1,BCC,1,1,0.9587996602058412,1,1,0.930177628993988,2,0,0.8964678049087524,1,1,0.9045064449310304,1,1,1,1
ISIC_0067100,0,AK,0,1,0.8787199854850769,0,1,0.9997366070747375,0,1,0.9971356391906738,0,1,0.9951602816581726,0,1,0,1
ISIC_0067117,2,BKL,2,1,0.9996963739395142,2,1,0.9996464252471924,2,1,0.9962329268455504,2,1,0.9992092847824096,2,1,2,1
ISIC_0067126,4,MEL,2,0,0.5905889868736267,4,1,0.9976196885108948,4,1,0.999987006187439,4,1,0.999994158744812,4,1,4,1
ISIC_0067155,5,NV,5,1,0.9999614953994752,5,1,0.9983530044555664,5,1,0.9817723035812378,5,1,0.987824559211731,5,1,5,1
ISIC_0067218,0,AK,0,1,0.4201141893863678,2,0,0.9813443422317504,2,0,0.8904370665550232,2,0,0.6099902391433716,2,0,2,0
ISIC_0067226,5,NV,5,1,0.9906186461448668,5,1,0.942717671394348,5,1,0.9721140265464784,1,0,0.6157848834991455,5,1,5,1
ISIC_0067266,0,AK,0,1,0.9869385957717896,0,1,0.9995680451393129,0,1,0.91131192445755,2,0,0.3601918220520019,0,1,0,1
ISIC_0067284,4,MEL,0,0,0.9701825976371764,0,0,0.8954249024391174,0,0,0.8999936580657959,0,0,0.994252860546112,1,0,1,0
ISIC_0067297,0,AK,0,1,0.9191724061965942,0,1,0.9403968453407288,0,1,0.9998200535774232,4,0,0.4824413955211639,1,0,0,1
ISIC_0067337,1,BCC,1,1,0.9597952961921692,1,1,0.9487643241882324,6,0,0.4077921211719513,0,0,0.9463725090026855,1,1,0,0
ISIC_0067492,1,BCC,5,0,0.6745586395263672,1,1,0.9978299736976624,1,1,0.958807110786438,1,1,0.8890902996063232,1,1,1,1
ISIC_0067512,4,MEL,1,0,0.6163038611412048,1,0,0.7018847465515137,1,0,0.8921823501586914,2,0,0.5050162076950073,4,1,1,0
ISIC_0067526,5,NV,3,0,0.9946700930595398,5,1,0.9879217743873596,3,0,0.9815534353256226,3,0,0.9877238273620604,5,1,3,0
ISIC_0067609,5,NV,4,0,0.987946093082428,5,1,0.9990302324295044,5,1,0.905972421169281,5,1,0.8740531802177429,5,1,5,1
ISIC_0067613,5,NV,4,0,0.9859647750854492,5,1,0.9976305961608888,5,1,0.965320348739624,4,0,0.9261853694915771,4,0,5,1
ISIC_0067645,5,NV,5,1,0.9950082302093506,5,1,0.9999995231628418,5,1,0.9765911102294922,5,1,0.9615322351455688,5,1,5,1
ISIC_0067649,5,NV,5,1,0.9914212822914124,5,1,0.9916917085647584,5,1,0.6808480620384216,5,1,0.9316630363464355,5,1,5,1
ISIC_0067694,4,MEL,2,0,0.8703640699386597,4,1,0.9967396855354308,4,1,0.9986200332641602,4,1,0.9999364614486694,4,1,4,1
ISIC_0067703,5,NV,4,0,0.747328519821167,5,1,0.9954257607460022,5,1,0.9136644005775452,5,1,0.5097612738609314,5,1,5,1
ISIC_0067770,1,BCC,1,1,0.9983254075050354,1,1,0.9996054768562316,1,1,0.9976179003715516,1,1,0.9621815085411072,1,1,1,1
ISIC_0067771,5,NV,5,1,0.720171332359314,5,1,0.9780933856964112,5,1,0.9591541886329652,5,1,0.9818706512451172,5,1,5,1
ISIC_0067784,1,BCC,0,0,0.857960045337677,1,1,0.8833787441253662,0,0,0.9998565912246704,1,1,0.6446552872657776,1,1,0,0
ISIC_0067794,5,NV,5,1,0.9954869151115416,5,1,0.997606873512268,5,1,0.9994639754295348,5,1,0.9916293025016784,5,1,5,1
ISIC_0067797,5,NV,5,1,0.9999617338180542,5,1,0.8927421569824219,5,1,0.5160539150238037,1,0,0.956887423992157,4,0,5,1
ISIC_0067812,1,BCC,1,1,0.8167017102241516,1,1,0.9996366500854492,1,1,0.5361471772193909,1,1,0.8008104562759399,1,1,0,0
ISIC_0067821,4,MEL,4,1,0.9463024735450744,4,1,0.9979448914527892,4,1,0.9998347759246826,4,1,0.999990701675415,4,1,4,1
ISIC_0067896,4,MEL,1,0,0.9419238567352296,4,1,0.9891336560249328,1,0,0.9788262844085692,4,1,0.5934056043624878,1,0,1,0
ISIC_0067937,5,NV,5,1,0.995581328868866,4,0,0.9868994951248168,4,0,0.819313645362854,4,0,0.8232471942901611,4,0,4,0
ISIC_0067965,5,NV,5,1,0.935525357723236,5,1,0.9966591596603394,5,1,0.9988333582878112,5,1,0.9636382460594176,5,1,5,1
ISIC_0068086,0,AK,2,0,0.9847320318222046,2,0,0.9987984895706176,5,0,0.5382652878761292,2,0,0.9868130683898926,2,0,2,0
ISIC_0068098,5,NV,5,1,0.9994311928749084,5,1,0.9999539852142334,5,1,0.9830635190010072,5,1,0.9997708201408386,5,1,5,1
ISIC_0068115,4,MEL,4,1,0.999975323677063,4,1,0.9991094470024108,4,1,0.8358091115951538,4,1,0.999826967716217,4,1,4,1
ISIC_0068119,4,MEL,4,1,0.9997380375862122,4,1,0.9370954632759094,4,1,0.9198731184005736,4,1,0.9993261098861694,4,1,4,1
ISIC_0068138,1,BCC,1,1,0.9785773754119872,1,1,0.8331056833267212,1,1,0.760701596736908,0,0,0.744321882724762,1,1,1,1
ISIC_0068181,2,BKL,2,1,0.9804588556289672,2,1,0.9998859167099,2,1,0.9982409477233888,2,1,0.9988330006599426,2,1,2,1
ISIC_0068228,5,NV,1,0,0.9674937129020692,1,0,0.9673629999160768,2,0,0.9781454801559448,1,0,0.9914299845695496,4,0,1,0
ISIC_0068251,5,NV,4,0,0.987978219985962,4,0,0.8773962259292603,4,0,0.8198699951171875,4,0,0.7876653075218201,4,0,4,0
ISIC_0068293,5,NV,5,1,0.9511165022850036,4,0,0.9538098573684692,5,1,0.8427246809005737,4,0,0.6068214178085327,2,0,4,0
ISIC_0068302,1,BCC,1,1,0.9962008595466614,1,1,0.9992632269859314,1,1,0.9664611220359802,1,1,0.9888179302215576,1,1,1,1
ISIC_0068309,4,MEL,4,1,0.9910858273506165,4,1,0.99698406457901,4,1,0.9995160102844238,4,1,0.997107207775116,4,1,4,1
ISIC_0068310,4,MEL,4,1,0.940341591835022,1,0,0.9515172839164734,1,0,0.9541520476341248,4,1,0.4210757911205292,2,0,0,0
ISIC_0068343,4,MEL,5,0,0.8213010430335999,4,1,0.8412894606590271,4,1,0.9999860525131226,4,1,0.9880383014678956,4,1,4,1
ISIC_0068379,5,NV,5,1,0.9960745573043824,4,0,0.9836355447769164,4,0,0.866379976272583,4,0,0.8250757455825806,4,0,4,0
ISIC_0068399,1,BCC,1,1,0.933596968650818,1,1,0.999186098575592,1,1,0.7110637426376343,5,0,0.913156270980835,1,1,1,1
ISIC_0068484,7,VASC,7,1,0.9999303817749025,7,1,0.9999955892562866,7,1,0.9994183778762816,7,1,0.9986466765403748,7,1,4,0
ISIC_0068489,1,BCC,1,1,0.7870185971260071,1,1,0.8553709983825684,2,0,0.4607422947883606,4,0,0.4204179644584656,1,1,1,1
ISIC_0068511,5,NV,5,1,0.8220816254615784,5,1,0.9999544620513916,5,1,0.9982467889785768,5,1,0.9076566100120544,5,1,5,1
ISIC_0068538,5,NV,5,1,0.8186141848564148,5,1,0.9640771746635436,5,1,0.6038951277732849,5,1,0.9168630242347716,4,0,5,1
ISIC_0068586,4,MEL,4,1,0.9637766480445862,4,1,0.9987550973892212,4,1,0.99253511428833,4,1,0.96510511636734,4,1,4,1
ISIC_0068721,4,MEL,4,1,0.6816586256027222,5,0,0.6750366687774658,5,0,0.9959843158721924,5,0,0.7410568594932556,4,1,5,0
ISIC_0068793,1,BCC,1,1,0.991260826587677,1,1,0.9999377727508544,1,1,0.9999161958694458,1,1,0.995153546333313,1,1,1,1
ISIC_0068855,5,NV,5,1,0.750881552696228,5,1,0.9810216426849364,1,0,0.8027925491333008,1,0,0.9887423515319824,4,0,4,0
ISIC_0068862,1,BCC,1,1,0.9977193474769592,1,1,0.9974583983421326,1,1,0.9990432858467102,1,1,0.9768434762954712,1,1,6,0
ISIC_0068869,1,BCC,4,0,0.9424237608909608,1,1,0.9880829453468324,1,1,0.99905925989151,1,1,0.9947739243507384,1,1,1,1
ISIC_0068982,5,NV,5,1,0.9966468214988708,5,1,0.9999903440475464,5,1,0.9896016716957092,5,1,0.9674063920974731,5,1,5,1
ISIC_0069003,4,MEL,1,0,0.9056503176689148,4,1,0.958833396434784,5,0,0.6427153944969177,4,1,0.6255781054496765,5,0,1,0
ISIC_0069043,0,AK,2,0,0.9948793649673462,2,0,0.9931572079658508,2,0,0.7619120478630066,2,0,0.9191468954086304,5,0,2,0
ISIC_0069068,4,MEL,0,0,0.467337965965271,4,1,0.727082371711731,2,0,0.8338186740875244,2,0,0.8352818489074707,2,0,4,1
ISIC_0069127,5,NV,5,1,0.9913075566291808,5,1,0.999492049217224,5,1,0.984605073928833,5,1,0.9792704582214355,5,1,5,1
ISIC_0069160,5,NV,2,0,0.6901296973228455,3,0,0.5057164430618286,5,1,0.980385422706604,5,1,0.988078773021698,5,1,5,1
ISIC_0069184,1,BCC,1,1,0.9839369058609008,2,0,0.7820917367935181,0,0,0.9715216755867004,1,1,0.792992889881134,0,0,1,1
ISIC_0069198,2,BKL,2,1,0.9479741454124452,2,1,0.8920837640762329,2,1,0.9147201776504515,2,1,0.97896546125412,2,1,2,1
ISIC_0069213,5,NV,5,1,0.5110288858413696,5,1,0.967452347278595,5,1,0.8616886734962463,5,1,0.9003939032554626,4,0,5,1
ISIC_0069282,0,AK,2,0,0.9783888459205629,1,0,0.9256479740142822,6,0,0.998271107673645,2,0,0.897578239440918,1,0,1,0
ISIC_0069334,5,NV,4,0,0.5660175681114197,5,1,0.9763104915618896,5,1,0.9822759628295898,5,1,0.8210282921791077,5,1,5,1
ISIC_0069363,5,NV,5,1,0.722897469997406,5,1,0.99497652053833,2,0,0.8327014446258545,5,1,0.9927774667739868,5,1,5,1
ISIC_0069365,4,MEL,5,0,0.7677087783813477,5,0,0.5585933923721313,1,0,0.5083648562431335,4,1,0.6135897636413574,4,1,4,1
ISIC_0069570,5,NV,5,1,0.6833780407905579,5,1,0.9672974944114684,5,1,0.9915649890899658,5,1,0.9257619976997375,5,1,5,1
ISIC_0069610,5,NV,4,0,0.5254935026168823,1,0,0.7690116763114929,1,0,0.6927709579467773,1,0,0.5795501470565796,4,0,4,0
ISIC_0069617,4,MEL,5,0,0.7883151173591614,5,0,0.900776982307434,5,0,0.870740532875061,1,0,0.8166083693504333,4,1,1,0
ISIC_0069642,2,BKL,2,1,0.9989192485809326,2,1,0.9999555349349976,2,1,0.9992334842681884,2,1,0.9960063099861144,2,1,2,1
ISIC_0069663,2,BKL,1,0,0.911475419998169,0,0,0.9949041604995728,1,0,0.5867984294891357,0,0,0.8411737084388733,1,0,0,0
ISIC_0069678,5,NV,4,0,0.7340458631515503,4,0,0.7901085615158081,4,0,0.5363866090774536,5,1,0.7930406332015991,5,1,5,1
ISIC_0069687,5,NV,5,1,0.8740641474723816,1,0,0.9334786534309388,5,1,0.8809833526611328,5,1,0.8811846375465393,5,1,5,1
ISIC_0069700,5,NV,5,1,0.5115529894828796,5,1,0.9996961355209352,5,1,0.7661923766136169,4,0,0.7373045086860657,5,1,5,1
ISIC_0069719,0,AK,0,1,0.9786643981933594,0,1,0.981917917728424,0,1,0.9974185228347778,1,0,0.3478343486785888,1,0,0,1
ISIC_0069724,1,BCC,1,1,0.6677570939064026,0,0,0.7986781597137451,1,1,0.8868606090545654,6,0,0.7757874131202698,1,1,6,0
ISIC_0069763,2,BKL,5,0,0.7708049416542053,2,1,0.9568249583244324,2,1,0.933233082294464,2,1,0.7617818713188171,5,0,5,0
ISIC_0069793,5,NV,5,1,0.9833110570907592,5,1,0.9966756105422974,5,1,0.8342713117599487,5,1,0.9775451421737672,5,1,5,1
ISIC_0069816,5,NV,5,1,0.9884155988693236,5,1,0.5273112654685974,5,1,0.990767538547516,5,1,0.9869001507759094,5,1,5,1
ISIC_0069839,5,NV,5,1,0.974496603012085,5,1,0.9432747960090636,5,1,0.8371763229370117,5,1,0.74657142162323,5,1,5,1
ISIC_0069843,1,BCC,1,1,0.9971664547920228,1,1,0.9998841285705566,1,1,0.5785475969314575,0,0,0.514403760433197,0,0,1,1
ISIC_0069856,1,BCC,6,0,0.6069921255111694,1,1,0.9982592463493348,1,1,0.9997422099113464,1,1,0.9977559447288512,1,1,1,1
ISIC_0069906,0,AK,2,0,0.9934593439102172,2,0,0.9986512064933776,2,0,0.9788987040519714,2,0,0.9590179920196532,2,0,2,0
ISIC_0069921,5,NV,5,1,0.6885344982147217,5,1,0.9998798370361328,5,1,0.9561312794685364,4,0,0.6951660513877869,5,1,5,1
ISIC_0069949,6,SCC,6,1,0.94373220205307,1,0,0.9977765679359436,1,0,0.6214357018470764,1,0,0.9072113633155824,1,0,0,0
ISIC_0069956,1,BCC,1,1,0.5407882928848267,5,0,0.5155974626541138,0,0,0.9338122010231018,6,0,0.5905798077583313,0,0,1,1
ISIC_0070012,4,MEL,4,1,0.98036926984787,4,1,0.9999945163726808,4,1,0.9999741315841676,4,1,0.9982004165649414,4,1,4,1
ISIC_0070035,6,SCC,2,0,0.7611026763916016,2,0,0.7282395958900452,6,1,0.9338693022727966,1,0,0.50187087059021,6,1,1,0
ISIC_0070042,5,NV,5,1,0.999338924884796,5,1,0.9999111890792848,5,1,0.9481552243232728,5,1,0.6237673163414001,5,1,5,1
ISIC_0070096,1,BCC,6,0,0.5471237897872925,1,1,0.9721412658691406,0,0,0.7816187739372253,1,1,0.855028510093689,0,0,1,1
ISIC_0070104,5,NV,5,1,0.7689977884292603,5,1,0.9984394907951356,5,1,0.9657882452011108,5,1,0.6333533525466919,5,1,5,1
ISIC_0070131,1,BCC,1,1,0.9994401335716248,1,1,0.999321460723877,1,1,0.9938177466392516,1,1,0.997619330883026,1,1,1,1
ISIC_0070165,1,BCC,1,1,0.9999512434005736,1,1,0.999990701675415,1,1,0.9983785152435304,1,1,0.9998855590820312,1,1,1,1
ISIC_0070170,4,MEL,2,0,0.7294745445251465,4,1,0.999987244606018,4,1,0.9985318183898926,4,1,0.998884618282318,4,1,4,1
ISIC_0070187,2,BKL,2,1,0.9265323281288148,2,1,0.6268318891525269,4,0,0.8367576003074646,4,0,0.9981016516685486,4,0,4,0
ISIC_0070198,4,MEL,4,1,0.803876519203186,4,1,0.9899930357933044,4,1,0.9971951246261596,4,1,0.9997673630714417,4,1,4,1
ISIC_0070245,2,BKL,2,1,0.9992485642433168,2,1,0.9998196959495544,2,1,0.969261348247528,2,1,0.9995183944702148,2,1,2,1
ISIC_0070252,5,NV,4,0,0.8616539835929871,5,1,0.9945580959320068,4,0,0.658221960067749,4,0,0.5924332141876221,5,1,5,1
ISIC_0070266,1,BCC,1,1,0.9917429089546204,1,1,0.999902844429016,1,1,0.9979552030563354,1,1,0.9566746950149536,1,1,1,1
ISIC_0070285,4,MEL,4,1,0.7409594655036926,4,1,0.9878031611442566,5,0,0.6743679046630859,4,1,0.8895184397697449,5,0,5,0
ISIC_0070312,1,BCC,1,1,0.9991254210472108,1,1,0.9627706408500672,1,1,0.95240718126297,1,1,0.4001353979110718,1,1,1,1
ISIC_0070315,1,BCC,1,1,0.934138000011444,1,1,0.9998779296875,1,1,0.6440847516059875,1,1,0.7711767554283142,1,1,1,1
ISIC_0070322,5,NV,5,1,0.9942718744277954,1,0,0.988579034805298,4,0,0.5322871208190918,1,0,0.9537051320075988,5,1,5,1
ISIC_0070376,1,BCC,1,1,0.9494032263755798,1,1,0.9969124794006348,1,1,0.9977415800094604,1,1,0.9765118360519408,1,1,1,1
ISIC_0070438,5,NV,5,1,0.9997022747993468,5,1,0.9999417066574096,5,1,0.793378472328186,5,1,0.9977171421051024,5,1,5,1
ISIC_0070467,2,BKL,1,0,0.94742351770401,4,0,0.957747519016266,4,0,0.6616687774658203,4,0,0.8766645193099976,4,0,2,1
ISIC_0070472,1,BCC,1,1,0.8481910824775696,1,1,0.9991006851196288,1,1,0.9998394250869752,1,1,0.9975593090057372,1,1,1,1
ISIC_0070487,1,BCC,1,1,0.9980340600013732,1,1,0.9108293652534484,1,1,0.9579110145568848,1,1,0.9988393187522888,1,1,1,1
ISIC_0070492,1,BCC,1,1,0.9171692728996276,1,1,0.9998682737350464,1,1,0.9940727353096008,1,1,0.9342361092567444,1,1,1,1
ISIC_0070597,5,NV,4,0,0.6513592004776001,5,1,0.604856014251709,5,1,0.8522130250930786,5,1,0.8478135466575623,5,1,5,1
ISIC_0070620,1,BCC,1,1,0.8558362126350403,1,1,0.997657060623169,1,1,0.9881373047828674,1,1,0.7914459109306335,1,1,1,1
ISIC_0070680,3,DF,4,0,0.6887343525886536,5,0,0.4802102744579315,5,0,0.811050534248352,3,1,0.6057948470115662,5,0,5,0
ISIC_0070684,1,BCC,1,1,0.9945172667503356,0,0,0.9817306995391846,1,1,0.4532857239246368,4,0,0.5186291337013245,1,1,6,0
ISIC_0070691,0,AK,1,0,0.5958646535873413,1,0,0.823863685131073,1,0,0.9987913966178894,1,0,0.999357044696808,0,1,1,0
ISIC_0070751,1,BCC,1,1,0.8954176902770996,1,1,0.99223655462265,0,0,0.5201926827430725,1,1,0.9885135293006896,0,0,1,1
ISIC_0070752,4,MEL,5,0,0.9243937730789183,5,0,1.0,5,0,0.9556276202201844,5,0,0.65835040807724,5,0,5,0
ISIC_0070775,2,BKL,2,1,0.9993882179260254,2,1,0.9998502731323242,2,1,0.8651243448257446,4,0,0.8319593667984009,2,1,2,1
ISIC_0070884,5,NV,5,1,0.9576637744903564,5,1,0.9603861570358276,5,1,0.8616271615028381,5,1,0.9455147981643676,5,1,5,1
ISIC_0070893,5,NV,5,1,0.6967185735702515,4,0,0.9980251789093018,4,0,0.5763950347900391,4,0,0.9407208561897278,4,0,4,0
ISIC_0070903,5,NV,5,1,0.8424364924430847,1,0,0.6401444673538208,1,0,0.8732895255088806,1,0,0.5365771055221558,4,0,4,0
ISIC_0070968,4,MEL,4,1,0.9281783103942872,4,1,0.9798346161842346,5,0,0.7758613228797913,4,1,0.9151149392127992,4,1,4,1
ISIC_0071003,1,BCC,1,1,0.9990240335464478,1,1,0.9873945713043212,5,0,0.47293421626091,1,1,0.8567951321601868,1,1,1,1
ISIC_0071044,7,VASC,7,1,0.999907612800598,7,1,0.9999842643737792,7,1,0.9806817770004272,7,1,0.8030388951301575,7,1,7,1
ISIC_0071068,5,NV,5,1,0.9808602333068848,1,0,0.981933057308197,1,0,0.9580733776092528,1,0,0.7548595666885376,1,0,1,0
ISIC_0071101,4,MEL,4,1,0.9958770275115968,5,0,0.9529233574867249,4,1,0.999176561832428,5,0,0.7511165738105774,5,0,5,0
ISIC_0071121,5,NV,1,0,0.9505094289779664,5,1,0.5916584730148315,1,0,0.961862087249756,1,0,0.8764017224311829,1,0,5,1
ISIC_0071138,4,MEL,1,0,0.5676223039627075,0,0,0.7946999669075012,0,0,0.7400704026222229,0,0,0.9333075284957886,1,0,1,0
ISIC_0071140,2,BKL,2,1,0.9760807752609252,2,1,0.6085808873176575,2,1,0.9743086099624634,2,1,0.9417057037353516,2,1,5,0
ISIC_0071153,5,NV,4,0,0.5755048394203186,5,1,0.9925057291984558,5,1,0.9969363212585448,5,1,0.9407749772071838,5,1,5,1
ISIC_0071213,0,AK,2,0,0.7321632504463196,2,0,0.9172905087471008,2,0,0.9439014792442322,5,0,0.530156135559082,2,0,4,0
ISIC_0071292,5,NV,1,0,0.9681375622749328,1,0,0.9999390840530396,1,0,0.9906529188156128,1,0,0.6160070896148682,1,0,1,0
ISIC_0071314,4,MEL,1,0,0.9831776022911072,5,0,0.9237208962440492,4,1,0.504339873790741,1,0,0.6347984671592712,1,0,1,0
ISIC_0071347,1,BCC,1,1,0.946811854839325,5,0,0.6841220259666443,1,1,0.8214241862297058,5,0,0.5177279114723206,1,1,2,0
ISIC_0071384,1,BCC,1,1,0.9060069918632508,1,1,0.8136435747146606,1,1,0.9768030643463136,1,1,0.7073970437049866,5,0,1,1
ISIC_0071385,1,BCC,5,0,0.7184954881668091,5,0,0.7577934265136719,2,0,0.9620608687400818,1,1,0.7655287384986877,5,0,5,0
ISIC_0071497,5,NV,5,1,0.9949737787246704,5,1,0.9996200799942015,5,1,0.9877637028694152,5,1,0.9932208061218262,5,1,5,1
ISIC_0071516,5,NV,1,0,0.8314550518989563,0,0,0.5874847769737244,1,0,0.9168400764465332,1,0,0.8369021415710449,1,0,1,0
ISIC_0071586,4,MEL,4,1,0.999406099319458,4,1,0.9990542531013488,4,1,0.988482654094696,4,1,0.9960164427757264,4,1,4,1
ISIC_0071618,5,NV,2,0,0.5396673679351807,4,0,0.5042851567268372,0,0,0.9089563488960266,2,0,0.5826858878135681,4,0,0,0
ISIC_0071651,4,MEL,1,0,0.9910481572151184,1,0,0.9974159002304076,0,0,0.8339739441871643,1,0,0.9881315231323242,1,0,1,0
ISIC_0071726,4,MEL,4,1,0.9948176741600036,4,1,0.9895646572113036,4,1,0.977577030658722,4,1,0.984339714050293,4,1,4,1
ISIC_0071787,7,VASC,7,1,0.9472741484642028,7,1,0.9998735189437866,7,1,0.9827285408973694,7,1,0.9986959099769592,7,1,3,0
ISIC_0071797,4,MEL,4,1,0.9999997615814208,4,1,0.9999908208847046,4,1,0.9494900703430176,4,1,0.9999966621398926,4,1,4,1
ISIC_0071841,5,NV,1,0,0.6858798861503601,1,0,0.8416019082069397,5,1,0.5107046365737915,1,0,0.9507620930671692,1,0,5,1
ISIC_0071842,5,NV,5,1,0.99997878074646,5,1,1.0,5,1,0.9999995231628418,5,1,0.999901533126831,5,1,5,1
ISIC_0071946,0,AK,0,1,0.90852552652359,0,1,0.999624252319336,0,1,0.998939335346222,0,1,0.9942856431007384,0,1,0,1
ISIC_0071953,0,AK,6,0,0.9999651908874512,6,0,0.9923837780952454,6,0,0.9917925596237184,6,0,0.5156028270721436,6,0,0,1
ISIC_0071959,4,MEL,4,1,0.9999051094055176,4,1,0.9999749660491944,4,1,0.9999675750732422,4,1,0.999293327331543,4,1,4,1
ISIC_0071990,5,NV,5,1,0.9996241331100464,5,1,0.999707281589508,5,1,0.9998125433921814,5,1,0.9993637204170228,5,1,5,1
ISIC_0072011,5,NV,1,0,0.831404983997345,5,1,0.9806102514266968,1,0,0.8833951354026794,1,0,0.6947935223579407,1,0,4,0
ISIC_0072021,4,MEL,4,1,0.9652589559555054,4,1,0.9922296404838562,2,0,0.5234525203704834,4,1,0.9318493008613586,5,0,4,1
ISIC_0072045,3,DF,1,0,0.9986220598220824,1,0,0.992587149143219,0,0,0.9034060835838318,1,0,0.987250030040741,1,0,1,0
ISIC_0072060,1,BCC,1,1,0.9998094439506532,1,1,0.9232462644577026,1,1,0.998497724533081,1,1,0.9426954984664916,1,1,1,1
ISIC_0072081,5,NV,4,0,0.9719381928443908,5,1,0.9686193466186525,4,0,0.6214836239814758,4,0,0.9064931869506836,4,0,5,1
ISIC_0072087,4,MEL,4,1,0.9997639060020448,4,1,0.999784529209137,1,0,0.3719493448734283,4,1,0.8362540006637573,4,1,4,1
ISIC_0072100,5,NV,5,1,0.9650892615318298,5,1,0.977470874786377,4,0,0.4279329180717468,1,0,0.9763224124908448,4,0,4,0
ISIC_0072203,5,NV,5,1,0.5046555399894714,5,1,0.8919939398765564,5,1,0.962599277496338,5,1,0.6200458407402039,5,1,5,1
ISIC_0072265,0,AK,1,0,0.8703859448432922,1,0,0.9995498061180116,1,0,0.8587960600852966,1,0,0.9981985688209534,1,0,1,0
ISIC_0072271,4,MEL,5,0,0.6418379545211792,5,0,0.9995417594909668,4,1,0.5012751817703247,5,0,0.5436998605728149,5,0,5,0
ISIC_0072294,4,MEL,5,0,0.997999370098114,5,0,0.9672039151191713,5,0,0.8947207927703857,5,0,0.992479681968689,5,0,5,0
ISIC_0072363,4,MEL,4,1,0.9999985694885254,4,1,0.9999006986618042,4,1,0.9985659718513488,4,1,0.9986140727996826,4,1,4,1
ISIC_0072367,5,NV,5,1,0.7806574702262878,5,1,0.9996008276939392,5,1,0.9963070154190063,5,1,0.9933909177780152,5,1,5,1
ISIC_0072453,1,BCC,1,1,0.6917492747306824,1,1,0.9997691512107848,1,1,0.9388548731803894,1,1,0.9838855266571044,1,1,1,1
ISIC_0072455,1,BCC,1,1,0.9253817796707152,1,1,0.387522429227829,2,0,0.598304808139801,2,0,0.625935435295105,2,0,1,1
ISIC_0072461,1,BCC,5,0,0.7846810221672058,5,0,0.9961613416671752,5,0,0.7212973833084106,3,0,0.9053745269775392,1,1,5,0
ISIC_0072492,1,BCC,1,1,0.9645498394966124,1,1,0.9959738850593568,1,1,0.9981050491333008,1,1,0.9964524507522584,1,1,1,1
ISIC_0072505,1,BCC,2,0,0.9644173383712769,2,0,0.9569941759109496,0,0,0.9773706197738647,2,0,0.7362060546875,2,0,0,0
ISIC_0072531,4,MEL,1,0,0.9948055148124696,1,0,0.9872509241104126,0,0,0.7482075095176697,1,0,0.7591862082481384,1,0,1,0
ISIC_0072553,5,NV,4,0,0.6474871635437012,5,1,0.9975810050964355,5,1,0.8595503568649292,5,1,0.9476682543754578,5,1,5,1
ISIC_0072579,5,NV,5,1,0.7488259673118591,5,1,0.968969225883484,5,1,0.9588286876678468,5,1,0.9983355402946472,5,1,5,1
ISIC_0072583,1,BCC,1,1,0.9964812994003296,1,1,0.5116401314735413,1,1,0.9957915544509888,1,1,0.9993628859519958,4,0,1,1
ISIC_0072585,4,MEL,4,1,0.9358715415000916,4,1,0.998802900314331,4,1,0.6051725745201111,4,1,0.7579785585403442,4,1,4,1
ISIC_0072614,2,BKL,2,1,0.998158037662506,5,0,0.7085211873054504,4,0,0.9445003271102904,2,1,0.9302034378051758,2,1,2,1
ISIC_0072627,5,NV,4,0,0.6792337894439697,5,1,0.6188717484474182,4,0,0.8020508885383606,4,0,0.8873987793922424,4,0,4,0
ISIC_0072641,4,MEL,5,0,0.7924666404724121,4,1,0.9990643858909608,1,0,0.983050525188446,5,0,0.6277318000793457,4,1,4,1
ISIC_0072687,5,NV,5,1,0.732196033000946,5,1,0.9990897178649902,5,1,0.9897987842559814,5,1,0.9311566948890686,5,1,5,1
ISIC_0072697,1,BCC,7,0,0.999748170375824,7,0,0.994749128818512,1,1,0.2868266403675079,7,0,0.8557277917861938,7,0,7,0
ISIC_0072752,2,BKL,2,1,0.5706354975700378,4,0,0.984639286994934,4,0,0.4957796633243561,4,0,0.9456200003623962,4,0,4,0
ISIC_0072820,4,MEL,4,1,0.999847650527954,4,1,0.9998748302459716,4,1,0.9994238615036012,4,1,0.9999606609344482,4,1,4,1
ISIC_0072834,2,BKL,2,1,0.9894320964813232,5,0,0.7976825833320618,2,1,0.7903546094894409,2,1,0.8714829087257385,2,1,2,1
ISIC_0072848,5,NV,5,1,0.8785297274589539,4,0,0.8025496006011963,5,1,0.7136860489845276,5,1,0.8124462962150574,5,1,5,1
ISIC_0072857,1,BCC,1,1,0.9643124341964722,1,1,0.81913822889328,1,1,0.9986857771873474,1,1,0.9998990297317504,1,1,6,0
ISIC_0072917,4,MEL,5,0,0.9974217414855956,5,0,0.9998761415481568,5,0,0.9871159195899964,5,0,0.966379165649414,5,0,5,0
ISIC_0072928,2,BKL,2,1,0.9908149838447572,5,0,0.7699936032295227,1,0,0.5851268172264099,2,1,0.9934234619140624,2,1,2,1
ISIC_0073018,4,MEL,5,0,0.718748927116394,4,1,0.9611294269561768,2,0,0.8547415733337402,4,1,0.4881944358348846,4,1,4,1
ISIC_0073020,5,NV,4,0,0.7253695130348206,4,0,0.6504528522491455,4,0,0.76973557472229,4,0,0.6639341115951538,4,0,5,1
ISIC_0073033,1,BCC,1,1,0.9565446972846984,1,1,0.6344232559204102,1,1,0.9893468022346495,1,1,0.9964305758476256,1,1,1,1
ISIC_0073071,1,BCC,1,1,0.996061146259308,1,1,0.9689902663230896,1,1,0.9591010808944702,1,1,0.9948764443397522,5,0,5,0
ISIC_0073081,1,BCC,1,1,0.997926950454712,1,1,0.9982112646102904,1,1,0.9988711476325988,1,1,0.99378502368927,1,1,1,1
ISIC_0073086,5,NV,5,1,0.8596342206001282,5,1,0.5671927332878113,5,1,0.6090073585510254,5,1,0.6624195575714111,5,1,5,1
ISIC_0073091,1,BCC,1,1,0.8092272281646729,1,1,0.9964073300361632,1,1,0.999509572982788,1,1,0.9918368458747864,1,1,1,1
ISIC_0073171,5,NV,5,1,0.8918095827102661,4,0,0.6038985848426819,5,1,0.8981773257255554,5,1,0.958792507648468,4,0,5,1
ISIC_0073200,1,BCC,1,1,0.9984948635101318,1,1,0.9912646412849426,1,1,0.9865188002586364,1,1,0.9984337687492372,1,1,1,1
ISIC_0073220,5,NV,4,0,0.5156188011169434,5,1,0.9412016868591307,5,1,0.9811667799949646,5,1,0.9755767583847046,5,1,5,1
ISIC_0073238,4,MEL,5,0,0.5947714447975159,5,0,0.6560369729995728,1,0,0.6170711517333984,4,1,0.6092944741249084,1,0,4,1
