image_id,true_class,predicted_class,true_index,predicted_index,confidence,entropy,top2_margin,correct
ISIC_0000036_downsampled,MEL,MEL,4,4,0.7039780616760254,0.37261630510181803,0.4798503816127778,1
ISIC_0000043_downsampled,MEL,NV,4,5,0.9820067286491394,0.04337063924514856,0.964020647108555,0
ISIC_0000071,NV,NV,5,5,0.9996535778045654,0.0015179885051071068,0.9993169188674075,1
ISIC_0000086_downsampled,NV,NV,5,5,0.566005289554596,0.32926237559983057,0.13203394412994385,1
ISIC_0000101_downsampled,NV,NV,5,5,0.6987692713737488,0.29689850024679587,0.3982323408126831,1
ISIC_0000102_downsampled,NV,NV,5,5,0.8806000351905823,0.22078626207319807,0.8118950128555299,1
ISIC_0000104_downsampled,NV,NV,5,5,0.9985682964324952,0.0054839017261193385,0.9973163719987498,1
ISIC_0000112_downsampled,NV,NV,5,5,0.6686987280845642,0.3064763208387193,0.3376688659191132,1
ISIC_0000118_downsampled,NV,NV,5,5,0.6907451748847961,0.30223846394265796,0.38302916288375854,1
ISIC_0000146_downsampled,MEL,VASC,4,7,0.7694916129112244,0.30370308146710845,0.5663915425539017,0
ISIC_0000184_downsampled,NV,NV,5,5,0.997962474822998,0.007809499602725877,0.9966254041064532,1
ISIC_0000225,NV,NV,5,5,0.9683613181114196,0.06760175258483912,0.936743203550577,1
ISIC_0000265,NV,NV,5,5,0.831839919090271,0.23362113405760881,0.6712090969085693,1
ISIC_0000268,NV,NV,5,5,0.9193703532218932,0.14932486978857404,0.8476404398679733,1
ISIC_0000275,NV,NV,5,5,0.9890553951263428,0.03191110865493958,0.9807616602629424,1
ISIC_0000285,MEL,NV,4,5,0.6260350942611694,0.3185077671947116,0.2522124648094177,0
ISIC_0000293,MEL,MEL,4,4,0.9863532781600952,0.034740186373997214,0.9727165792137386,1
ISIC_0000336,NV,NV,5,5,0.9385846853256226,0.1133987920916792,0.8781123757362367,1
ISIC_0000351,NV,NV,5,5,0.9079578518867492,0.14780029264620126,0.8159259334206581,1
ISIC_0000407_downsampled,NV,NV,5,5,0.7164000868797302,0.37425199234830253,0.5273130238056183,1
ISIC_0000418_downsampled,NV,NV,5,5,0.7339734435081482,0.29122776547824275,0.473287433385849,1
ISIC_0000433_downsampled,NV,NV,5,5,0.6364584565162659,0.3489677669118518,0.29042199254035955,1
ISIC_0000442_downsampled,NV,NV,5,5,0.8151294589042664,0.23303020608845645,0.6311055421829224,1
ISIC_0000498,NV,NV,5,5,0.7023782730102539,0.3483814725968857,0.4419611394405365,1
ISIC_0000506,NV,NV,5,5,0.7369911670684814,0.2779702375923853,0.47420886158943176,1
ISIC_0000510,NV,NV,5,5,0.9600371718406676,0.08081889375242053,0.9201009161770343,1
ISIC_0000523,NV,NV,5,5,0.7308623790740967,0.4136752025536558,0.6091991886496545,1
ISIC_0001184_downsampled,NV,NV,5,5,0.9744488000869752,0.06466851341501581,0.9545383062213662,1
ISIC_0001960_downsampled,NV,NV,5,5,0.9951627254486084,0.016481205919812815,0.9916840335354209,1
ISIC_0002287_downsampled,NV,NV,5,5,0.9994903802871704,0.002283055934146073,0.9991967890528031,1
ISIC_0002871_downsampled,NV,NV,5,5,0.996023654937744,0.01287623703948903,0.9922590383794159,1
ISIC_0003728_downsampled,NV,NV,5,5,0.9966734647750854,0.011366870905322136,0.9937281832098962,1
ISIC_0006326_downsampled,NV,NV,5,5,0.9912137389183044,0.02424096603895802,0.982434693723917,1
ISIC_0007528_downsampled,NV,NV,5,5,0.9994475245475768,0.0024135892191346014,0.9990119452995713,1
ISIC_0008294_downsampled,NV,NV,5,5,0.9997196793556212,0.0013346331011712179,0.9995134679047624,1
ISIC_0009297_downsampled,NV,NV,5,5,0.992883324623108,0.022113934771402333,0.9869909449480475,1
ISIC_0009943,NV,NV,5,5,0.9661310911178588,0.07197416525418453,0.9325512945652008,1
ISIC_0010038,NV,NV,5,5,0.9749607443809508,0.05673492092304387,0.9500716812908649,1
ISIC_0010319,MEL,MEL,4,4,0.6056840419769287,0.43881456026319565,0.3150736689567566,1
ISIC_0010342,NV,NV,5,5,0.5791340470314026,0.32903622880585676,0.15872782468795776,1
ISIC_0010351,NV,MEL,5,4,0.8527725338935852,0.2016568508557925,0.7057361006736755,0
ISIC_0010364,MEL,MEL,4,4,0.61688631772995,0.32045011660482153,0.23385286331176758,1
ISIC_0010370,NV,NV,5,5,0.9984768033027648,0.006022782804693922,0.9973414612468332,1
ISIC_0010456,NV,NV,5,5,0.9365555047988892,0.11432666725402439,0.873318076133728,1
ISIC_0010459,NV,NV,5,5,0.9975281357765198,0.009133799168162628,0.9960574200376868,1
ISIC_0010466,MEL,NV,4,5,0.4905883371829986,0.3934972183442849,0.01136448979377741,0
ISIC_0010565,NV,NV,5,5,0.6377441883087158,0.3902720893745791,0.3220379054546356,1
ISIC_0010575,NV,NV,5,5,0.7592053413391113,0.26558191516324725,0.5184371024370195,1
ISIC_0010587,MEL,NV,4,5,0.721165120601654,0.28726894723151947,0.4431311786174775,0
ISIC_0010863,MEL,NV,4,5,0.9324999451637268,0.12392925774606402,0.8670281767845154,0
ISIC_0011107,NV,NV,5,5,0.9833347201347352,0.04079758331707203,0.9666778203099967,1
ISIC_0011139,MEL,MEL,4,4,0.5916597843170166,0.4947799390629497,0.3072232902050019,1
ISIC_0011143,NV,NV,5,5,0.997307538986206,0.009011031862839162,0.9946345852222295,1
ISIC_0011159,NV,NV,5,5,0.6011587977409363,0.456413981385285,0.3997958302497864,1
ISIC_0011161,MEL,SCC,4,6,0.9964839220046996,0.0125844734349844,0.9940283158794045,0
ISIC_0011229,NV,NV,5,5,0.9682549238204956,0.08137108610618593,0.9512333814054728,1
ISIC_0011305,MEL,MEL,4,4,0.8002574443817139,0.31024894453475454,0.6528018414974213,1
ISIC_0011339,NV,NV,5,5,0.9965540170669556,0.011163055661773048,0.9931511583272369,1
ISIC_0011361,NV,NV,5,5,0.9963698387145996,0.011580125465614401,0.9927481843624264,1
ISIC_0012118_downsampled,NV,NV,5,5,0.9618575572967528,0.0825957962490072,0.9264089092612267,1
ISIC_0012179_downsampled,NV,NV,5,5,0.5424542427062988,0.36590089781258933,0.10144203901290894,1
ISIC_0012203_downsampled,NV,NV,5,5,0.9696447253227234,0.06847741915485486,0.9408179465681314,1
ISIC_0012313_downsampled,NV,NV,5,5,0.7920721769332886,0.31486969884361626,0.6784082278609277,1
ISIC_0012384_downsampled,NV,BKL,5,2,0.7889216542243958,0.2984772341389939,0.6176375895738603,0
ISIC_0012406_downsampled,NV,NV,5,5,0.947302520275116,0.11554755090531488,0.9123902879655361,1
ISIC_0012455_downsampled,BKL,MEL,2,4,0.684035062789917,0.3576064544007416,0.4076599180698395,0
ISIC_0012494_downsampled,NV,NV,5,5,0.6750568747520447,0.409594359032725,0.47077833116054535,1
ISIC_0012543_downsampled,BKL,BKL,2,2,0.9862050414085388,0.03603362463766045,0.9728341083973646,1
ISIC_0012657_downsampled,NV,NV,5,5,0.9037579298019408,0.18443689141229394,0.8539525009691715,1
ISIC_0012666_downsampled,BKL,BKL,2,2,0.5191845893859863,0.47277852532412695,0.17869499325752264,1
ISIC_0012684_downsampled,NV,NV,5,5,0.9326307773590088,0.12088481859636295,0.866118647158146,1
ISIC_0012715_downsampled,MEL,MEL,4,4,0.7445878982543945,0.3590480911941093,0.6095170080661774,1
ISIC_0012735_downsampled,NV,NV,5,5,0.667046844959259,0.4219447770696348,0.46519219875335693,1
ISIC_0012876_downsampled,NV,NV,5,5,0.6864519715309143,0.3730681133523193,0.4279317855834961,1
ISIC_0012879_downsampled,NV,BKL,5,2,0.7334159016609192,0.3093388529287596,0.48388369381427765,0
ISIC_0012902_downsampled,BKL,MEL,2,4,0.8747125267982483,0.1868501503990026,0.7516173645853997,0
ISIC_0012903_downsampled,NV,NV,5,5,0.9931776523590088,0.02130166765713592,0.9877583230845631,1
ISIC_0012932_downsampled,BKL,BKL,2,2,0.9640103578567504,0.08650575905321724,0.94506773725152,1
ISIC_0012956_downsampled,NV,NV,5,5,0.8902338743209839,0.19801154631223944,0.80934739112854,1
ISIC_0012976_downsampled,NV,NV,5,5,0.9820952415466307,0.04881975559802837,0.9707061378285289,1
ISIC_0012987_downsampled,NV,NV,5,5,0.6861017346382141,0.35427786571500924,0.4088915586471558,1
ISIC_0013000_downsampled,NV,NV,5,5,0.8122810125350952,0.23450764303895116,0.6252833008766175,1
ISIC_0013027_downsampled,NV,NV,5,5,0.996703803539276,0.01149367682319527,0.9941448206081986,1
ISIC_0013106_downsampled,NV,NV,5,5,0.9221912026405334,0.15679925140499226,0.8753724507987499,1
ISIC_0013132_downsampled,NV,NV,5,5,0.9967967867851256,0.011242545097730901,0.9943642809521406,1
ISIC_0013160_downsampled,BKL,BKL,2,2,0.8630717992782593,0.22476567605427722,0.7498614266514779,1
ISIC_0013177_downsampled,BKL,BKL,2,2,0.9496414065361024,0.1130947558625263,0.9230679571628572,1
ISIC_0013227_downsampled,NV,BKL,5,2,0.6011872291564941,0.3282461228391777,0.20382669568061834,0
ISIC_0013302_downsampled,NV,NV,5,5,0.9095189571380616,0.16136300250168734,0.8291092738509179,1
ISIC_0013316_downsampled,BKL,BKL,2,2,0.99799782037735,0.007019371524816347,0.9960255436599257,1
ISIC_0013334_downsampled,MEL,BKL,4,2,0.5468988418579102,0.4034859181435967,0.14047816395759588,0
ISIC_0013335_downsampled,BKL,NV,2,5,0.6178656220436096,0.3946909892896359,0.2897196710109711,0
ISIC_0013393_downsampled,BKL,MEL,2,4,0.8373323082923889,0.23026803304210502,0.6836467683315277,0
ISIC_0013394_downsampled,NV,NV,5,5,0.9159234762191772,0.14304145283862646,0.8336723893880844,1
ISIC_0013424_downsampled,NV,NV,5,5,0.6903383731842041,0.32609599281164264,0.3934275209903717,1
ISIC_0013530_downsampled,MEL,MEL,4,4,0.9077361226081848,0.1701214461667417,0.8338044583797455,1
ISIC_0013615_downsampled,MEL,MEL,4,4,0.7696511745452881,0.33247924135878604,0.6192772835493088,1
ISIC_0013767_downsampled,MEL,MEL,4,4,0.8876254558563232,0.18574564078621442,0.7856749594211578,1
ISIC_0013772_downsampled,NV,NV,5,5,0.4519833624362945,0.4978077318454971,0.08308526873588562,1
ISIC_0013836_downsampled,NV,NV,5,5,0.9792282581329346,0.051670126321051446,0.9602849204093219,1
ISIC_0013984_downsampled,MEL,MEL,4,4,0.5289785861968994,0.3345370547927882,0.05849528312683111,1
ISIC_0014032_downsampled,BKL,BKL,2,2,0.4714512228965759,0.485020528364198,0.09114685654640203,1
ISIC_0014129_downsampled,MEL,MEL,4,4,0.8952078819274902,0.19098153078015737,0.8190954029560089,1
ISIC_0014149_downsampled,NV,BKL,5,2,0.5541989207267761,0.38831738097643786,0.1423532366752625,0
ISIC_0014158_downsampled,NV,BKL,5,2,0.6740705370903015,0.412246363795816,0.508882448077202,0
ISIC_0014212_downsampled,BKL,BKL,2,2,0.9773935079574584,0.05604127955303268,0.9575782567262648,1
ISIC_0014253_downsampled,NV,NV,5,5,0.9041045904159546,0.18593068519159126,0.85581299290061,1
ISIC_0014316_downsampled,MEL,MEL,4,4,0.846208930015564,0.21976946554546517,0.6991598755121231,1
ISIC_0014328_downsampled,NV,BKL,5,2,0.727661669254303,0.36225553137185057,0.5385798364877701,0
ISIC_0014410_downsampled,BKL,BKL,2,2,0.9811655282974244,0.04619877132388428,0.9629118591547015,1
ISIC_0014441_downsampled,NV,BKL,5,2,0.3452046811580658,0.5311875771355319,0.00799664855003357,0
ISIC_0014506_downsampled,MEL,MEL,4,4,0.8455877304077148,0.232832787269999,0.7080875039100647,1
ISIC_0014537_downsampled,BKL,BKL,2,2,0.9964134097099304,0.013757920315290512,0.9949514933396131,1
ISIC_0014548_downsampled,MEL,MEL,4,4,0.9022002220153807,0.18338098442615441,0.8315344378352164,1
ISIC_0014641_downsampled,BKL,BKL,2,2,1.0,1.3976980916824775e-09,0.9999999998800265,1
ISIC_0014652_downsampled,BKL,BKL,2,2,0.9990177154541016,0.004052046341383649,0.9983866937109269,1
ISIC_0014653_downsampled,BKL,BKL,2,2,0.999996542930603,2.3246511162973468e-05,0.9999932797754809,1
ISIC_0014657_downsampled,NV,NV,5,5,0.949902594089508,0.12054501772311466,0.9239882398396729,1
ISIC_0014715_downsampled,NV,SCC,5,6,0.8330279588699341,0.2762213276121773,0.71160426735878,0
ISIC_0014724_downsampled,NV,NV,5,5,0.8329699635505676,0.21838276279766014,0.6663654893636705,1
ISIC_0014743_downsampled,NV,NV,5,5,0.9954244494438172,0.014660733280277342,0.9912108150310815,1
ISIC_0014773_downsampled,NV,NV,5,5,0.9995891451835632,0.0017386319002545489,0.999178296653554,1
ISIC_0014806_downsampled,BKL,NV,2,5,0.6450915336608887,0.3172798300308869,0.2916105091571808,0
ISIC_0014908_downsampled,NV,NV,5,5,0.976746678352356,0.05384660257299357,0.9537757989019156,1
ISIC_0014910_downsampled,NV,NV,5,5,0.9906574487686156,0.025478492907197944,0.9813174484297632,1
ISIC_0014920_downsampled,MEL,NV,4,5,0.8104745149612427,0.23352301558038424,0.6209544539451599,0
ISIC_0014927_downsampled,NV,NV,5,5,0.9988453388214112,0.00439207495983703,0.9977293676929551,1
ISIC_0014938_downsampled,NV,NV,5,5,0.9893847107887268,0.029913371579433756,0.9795707883313299,1
ISIC_0014940_downsampled,NV,NV,5,5,0.9860419631004332,0.035349986863387105,0.9720862852409481,1
ISIC_0014949_downsampled,NV,NV,5,5,0.9994578957557678,0.0022275430393813417,0.9989179164986126,1
ISIC_0014998_downsampled,NV,NV,5,5,0.9483875036239624,0.11536017436402186,0.9082362428307534,1
ISIC_0015019_downsampled,NV,NV,5,5,0.916106641292572,0.1386012669754198,0.8322165235877037,1
ISIC_0015113_downsampled,BKL,BKL,2,2,0.991120994091034,0.027286114127290807,0.9857339719310404,1
ISIC_0015118_downsampled,NV,NV,5,5,0.92412930727005,0.12921605136789058,0.8482721596956253,1
ISIC_0015125_downsampled,NV,NV,5,5,0.9575749039649964,0.08452789814906855,0.9151720181107522,1
ISIC_0015130_downsampled,NV,NV,5,5,0.738642692565918,0.2764324800200644,0.4773210883140564,1
ISIC_0015264_downsampled,NV,NV,5,5,0.967972695827484,0.07715317534030004,0.9439285546541213,1
ISIC_0015330_downsampled,NV,NV,5,5,0.9951830506324768,0.014850641797338795,0.9904281455092133,1
ISIC_0015357_downsampled,NV,NV,5,5,0.9683489203453064,0.07461214797718335,0.9422391075640917,1
ISIC_0015404_downsampled,NV,NV,5,5,0.9913220405578612,0.024083545771671974,0.9826781572774053,1
ISIC_0015938_downsampled,NV,NV,5,5,0.9492910504341124,0.10185436599193741,0.9014715179800986,1
ISIC_0015952_downsampled,NV,BKL,5,2,0.4593645632266998,0.4961548244631436,0.09455502033233637,0
ISIC_0015966_downsampled,NV,NV,5,5,0.8499445915222168,0.2542934986130848,0.7730198577046394,1
ISIC_0015967_downsampled,NV,NV,5,5,0.8781697154045105,0.1788018576575717,0.7565039917826653,1
ISIC_0016043_downsampled,NV,VASC,5,7,0.5149732232093811,0.43267647853317215,0.08469700813293463,0
ISIC_0016045_downsampled,NV,NV,5,5,0.972225308418274,0.06803319655650308,0.9504078030586245,1
ISIC_0016052_downsampled,NV,NV,5,5,0.7832537293434143,0.3219659127658943,0.6439169049263,1
ISIC_0024341,NV,NV,5,5,0.9999617338180542,0.0002058924656824239,0.9999235047071124,1
ISIC_0024373,NV,NV,5,5,0.9993526339530944,0.002620321675410758,0.9987139599397777,1
ISIC_0024376,NV,NV,5,5,0.9995463490486144,0.0020248433029846527,0.9991963166685309,1
ISIC_0024384,NV,NV,5,5,0.9999979734420776,1.4148762239999478e-05,0.9999960400839427,1
ISIC_0024400,MEL,BKL,4,2,0.999612271785736,0.0016606518954818841,0.9992278111167252,0
ISIC_0024403,BCC,BCC,1,1,0.999675154685974,0.001617352287584654,0.9995248086488572,1
ISIC_0024422,BKL,NV,2,5,0.5124393701553345,0.4976174494380212,0.22944349050521856,0
ISIC_0024444,NV,NV,5,5,0.9985828399658204,0.005156622464567181,0.9971669710939751,1
ISIC_0024453,BKL,BKL,2,2,0.9684770107269288,0.07820991272758002,0.9500321224331857,1
ISIC_0024459,MEL,NV,4,5,0.7447181344032288,0.32530636888775627,0.5279927998781204,0
ISIC_0024466,NV,MEL,5,4,0.4293322265148163,0.5520372454599224,0.030710786581039484,0
ISIC_0024477,BKL,MEL,2,4,0.5850016474723816,0.37965151851589635,0.19530650973320007,0
ISIC_0024501,NV,NV,5,5,0.9999986886978148,9.360175646694406e-06,0.9999973599204849,1
ISIC_0024543,NV,NV,5,5,0.998705506324768,0.004762099047663042,0.9974111384944989,1
ISIC_0024576,NV,NV,5,5,0.9994124174118042,0.0024055400719813014,0.9988331305212342,1
ISIC_0024580,NV,NV,5,5,0.997654378414154,0.008018562253540452,0.9953312682919204,1
ISIC_0024589,NV,NV,5,5,0.9999910593032836,5.600708015949895e-05,0.9999831081722731,1
ISIC_0024658,NV,NV,5,5,0.9988179802894592,0.004423055337831037,0.997643907321617,1
ISIC_0024718,NV,NV,5,5,0.9972416162490844,0.009145154786107319,0.9944839959498495,1
ISIC_0024730,NV,NV,5,5,0.7679999470710754,0.26466072697899573,0.5374045521020889,1
ISIC_0024742,NV,NV,5,5,0.9964052438735962,0.012740657325848647,0.994143212446943,1
ISIC_0024748,BKL,NV,2,5,0.9909652471542358,0.02482998798516776,0.9819450983777642,0
ISIC_0024751,NV,NV,5,5,0.9986374974250792,0.0050215671672669635,0.9972916593542323,1
ISIC_0024785,NV,NV,5,5,0.9969202280044556,0.010121140242112863,0.9938688045367599,1
ISIC_0024834,NV,NV,5,5,0.9999030828475952,0.00047728872212949094,0.9998062267695786,1
ISIC_0024845,DF,DF,3,3,0.9854698181152344,0.037680197643698184,0.9715222381055356,1
ISIC_0024847,NV,NV,5,5,0.992717981338501,0.02124248618698502,0.9856806579045951,1
ISIC_0024864,MEL,NV,4,5,0.6723225712776184,0.30425069341464167,0.3446587026119232,0
ISIC_0024873,NV,NV,5,5,0.9999998807907104,9.897876331711525e-07,0.9999998009913256,1
ISIC_0024889,NV,NV,5,5,0.9978456497192384,0.007817109969612735,0.9959931496996434,1
ISIC_0024906,NV,NV,5,5,0.8313174843788147,0.2526156309548068,0.6811014860868454,1
ISIC_0024951,MEL,MEL,4,4,0.8159111738204956,0.24623492235830996,0.6394580006599427,1
ISIC_0024969,NV,NV,5,5,0.7267175316810608,0.37337513164093283,0.5131552517414093,1
ISIC_0025023,NV,NV,5,5,0.9999333620071412,0.0003404713703638963,0.9998667918480352,1
ISIC_0025041,NV,NV,5,5,0.999948263168335,0.00028668365775999993,0.9999131140539248,1
ISIC_0025045,NV,NV,5,5,0.9945083260536194,0.016777629951510182,0.9892074428498746,1
ISIC_0025058,NV,NV,5,5,0.9999990463256836,6.981081423308464e-06,0.9999980854969408,1
ISIC_0025073,NV,NV,5,5,0.7979937195777893,0.34536137074852746,0.6977221667766571,1
ISIC_0025077,NV,NV,5,5,0.989194393157959,0.03039084471477778,0.979458716697991,1
ISIC_0025086,BKL,BKL,2,2,0.916191577911377,0.15931647726865786,0.8495631217956543,1
ISIC_0025091,NV,NV,5,5,0.999553382396698,0.0018731993631801948,0.9991074264398777,1
ISIC_0025100,NV,NV,5,5,0.9991313815116882,0.0036460859129140172,0.998451667081099,1
ISIC_0025103,BKL,BKL,2,2,0.9997034668922424,0.001390545076832483,0.9994964516954498,1
ISIC_0025130,SCC,MEL,6,4,0.6094664335250854,0.5213929044167023,0.35240820050239563,0
ISIC_0025138,NV,NV,5,5,0.9985529780387878,0.005403031137213862,0.9971913910703735,1
ISIC_0025148,NV,NV,5,5,0.6298080682754517,0.41848999314096214,0.34258508682250977,1
ISIC_0025151,NV,NV,5,5,0.9999998807907104,9.609678372391927e-07,0.9999997646833023,1
ISIC_0025195,MEL,BKL,4,2,0.7235773205757141,0.3702724428702815,0.5391934365034105,0
ISIC_0025219,MEL,MEL,4,4,0.8266552090644836,0.22206751318424428,0.6533788591623306,1
ISIC_0025248,MEL,NV,4,5,0.7801833748817444,0.2703323320522277,0.5685529559850693,0
ISIC_0025251,NV,NV,5,5,0.9990679621696472,0.0035947172983887437,0.998142583470326,1
ISIC_0025275,BKL,BKL,2,2,0.4783366918563843,0.517953924762778,0.1682905554771424,1
ISIC_0025277,MEL,BKL,4,2,0.9955345392227172,0.014567828239735535,0.9916218798607587,0
ISIC_0025289,NV,VASC,5,7,0.4844543039798736,0.4937840449700331,0.1435981392860412,0
ISIC_0025300,NV,NV,5,5,0.9677870869636536,0.07632071431568105,0.9420969840139151,1
ISIC_0025357,NV,NV,5,5,0.9912885427474976,0.024041372110270676,0.9825771590694785,1
ISIC_0025359,NV,NV,5,5,0.9999948740005492,3.257708823582922e-05,0.9999899562599238,1
ISIC_0025362,BCC,BCC,1,1,0.9940195083618164,0.02005506534347509,0.9902734574861825,1
ISIC_0025364,NV,NV,5,5,0.9983727931976318,0.006114005252783647,0.9969627409009263,1
ISIC_0025379,NV,NV,5,5,0.9999085664749146,0.0004572743122950602,0.9998189887555782,1
ISIC_0025415,NV,NV,5,5,0.999950647354126,0.0002686368259132153,0.9999084970295371,1
ISIC_0025417,BCC,BCC,1,1,0.9830456972122192,0.041480027903953116,0.9661314617842436,1
ISIC_0025478,NV,NV,5,5,0.9967522621154784,0.011116317533558302,0.9939306320156901,1
ISIC_0025480,NV,NV,5,5,0.9995172023773192,0.002103228547741719,0.9991063834168016,1
ISIC_0025544,NV,NV,5,5,0.8605763912200928,0.19438535402480306,0.7211844176054001,1
ISIC_0025574,NV,NV,5,5,0.9992077946662904,0.0031034703822926894,0.9984161655302161,1
ISIC_0025585,NV,NV,5,5,0.9999709129333496,0.00016395008635035002,0.9999434310102515,1
ISIC_0025602,NV,NV,5,5,0.997308611869812,0.009302518210419925,0.994817142141983,1
ISIC_0025673,NV,NV,5,5,0.9974157810211182,0.00912662685870277,0.9951292341575027,1
ISIC_0025699,BKL,NV,2,5,0.8003571629524231,0.2974590880835056,0.6517265290021896,0
ISIC_0025710,BKL,BKL,2,2,0.9988583326339722,0.004676030134871585,0.9982149677234703,1
ISIC_0025721,NV,NV,5,5,0.9997172951698304,0.0013069649225495015,0.9994785530288939,1
ISIC_0025791,MEL,NV,4,5,0.9250211715698242,0.1395510180308037,0.8564238026738167,0
ISIC_0025888,NV,NV,5,5,0.999173939228058,0.0032345665141766972,0.9983540120883847,1
ISIC_0025902,NV,NV,5,5,0.8128628730773926,0.23184607178873406,0.6257312148809434,1
ISIC_0025916,NV,NV,5,5,0.9878359436988832,0.031825593249529195,0.9757363377138973,1
ISIC_0025925,NV,NV,5,5,0.9990890026092528,0.0035052277092355545,0.9981779513764194,1
ISIC_0025930,NV,NV,5,5,0.9973625540733336,0.009243224180639073,0.9949381565675139,1
ISIC_0025931,NV,NV,5,5,0.9995369911193848,0.001936295249562243,0.9990750857978129,1
ISIC_0025935,NV,NV,5,5,0.9991232752799988,0.0035579928955718344,0.9983439850620925,1
ISIC_0025951,NV,NV,5,5,0.999072790145874,0.0036301378933745604,0.9981793746701442,1
ISIC_0025956,NV,MEL,5,4,0.7611265778541565,0.33822220630691036,0.604059249162674,0
ISIC_0025976,NV,NV,5,5,0.9993496537208556,0.002613178048006048,0.9987009239848703,1
ISIC_0025986,BKL,MEL,2,4,0.6237067580223083,0.39515158351703245,0.303901731967926,0
ISIC_0026001,NV,NV,5,5,0.99972802400589,0.001206269225538855,0.9994564319786152,1
ISIC_0026006,NV,NV,5,5,0.9423787593841552,0.10647373180657256,0.8848932906985283,1
ISIC_0026037,NV,NV,5,5,0.6540126204490662,0.36337999805168075,0.33651497960090637,1
ISIC_0026064,NV,NV,5,5,0.9999712705612184,0.0001597433500994063,0.999942971586279,1
ISIC_0026081,MEL,MEL,4,4,0.5581597685813904,0.33126818002247926,0.11661902070045477,1
ISIC_0026097,NV,MEL,5,4,0.5058557391166687,0.3333424612853481,0.011718124151229914,0
ISIC_0026123,NV,BCC,5,1,0.8756845593452454,0.22381947236399943,0.7948670610785484,0
ISIC_0026144,NV,NV,5,5,0.9999971389770508,1.948867986661644e-05,0.9999943911232094,1
ISIC_0026146,NV,NV,5,5,0.9999556541442872,0.00024627016530306,0.9999202982107819,1
ISIC_0026161,NV,NV,5,5,0.9999080896377563,0.0004555466104146075,0.9998163876807666,1
ISIC_0026171,AK,BKL,0,2,0.9997909665107728,0.0010626802005898298,0.9996865326975242,0
ISIC_0026199,NV,NV,5,5,0.9979820251464844,0.0076343780258285995,0.9964460387127475,1
ISIC_0026210,NV,NV,5,5,0.9974128603935242,0.009354585692399955,0.9952564479317517,1
ISIC_0026213,BCC,BCC,1,1,0.999970316886902,0.0001730576573378124,0.9999479960642931,1
ISIC_0026224,NV,NV,5,5,0.9971875548362732,0.010150715438932291,0.9952091665472836,1
ISIC_0026232,NV,NV,5,5,0.999323844909668,0.0027458291430825362,0.9986700439476409,1
ISIC_0026245,BKL,NV,2,5,0.6958994269371033,0.30750573198951464,0.3965968191623688,0
ISIC_0026272,NV,NV,5,5,0.997549831867218,0.008749885600763407,0.9954099068418146,1
ISIC_0026273,BKL,BKL,2,2,0.4848235547542572,0.5973046377912121,0.159328430891037,1
ISIC_0026274,NV,NV,5,5,0.999906063079834,0.0004640338349043178,0.9998121866665315,1
ISIC_0026280,BKL,BKL,2,2,0.9999748468399048,0.00015051262778603393,0.9999609128235534,1
ISIC_0026330,NV,MEL,5,4,0.5908766984939575,0.3548457773562264,0.19418084621429443,0
ISIC_0026338,NV,NV,5,5,0.99944669008255,0.002263347216831003,0.9988939117174597,1
ISIC_0026341,NV,NV,5,5,0.7695404291152954,0.267307495540362,0.5420647114515305,1
ISIC_0026344,NV,NV,5,5,0.999681830406189,0.001488158684657014,0.9994682484830265,1
ISIC_0026357,NV,NV,5,5,0.9988303780555724,0.0043603582175383805,0.9976608679862692,1
ISIC_0026393,VASC,VASC,7,7,0.998233199119568,0.006477289229517284,0.9965849113650622,1
ISIC_0026414,NV,MEL,5,4,0.6891155242919922,0.35159030254586277,0.4085039496421814,0
ISIC_0026442,BCC,BCC,1,1,0.9999955892562866,3.1434948839131354e-05,0.9999936868057375,1
ISIC_0026458,MEL,MEL,4,4,0.5621753334999084,0.32961911846652103,0.12435275316238403,1
ISIC_0026468,AK,NV,0,5,0.900359570980072,0.19247191501603275,0.8263090699911119,0
ISIC_0026489,MEL,MEL,4,4,0.948327660560608,0.10912777894330619,0.9024763740599158,1
ISIC_0026493,BKL,MEL,2,4,0.9434407353401184,0.12225951879058655,0.9068595692515374,0
ISIC_0026495,NV,NV,5,5,0.9994372725486756,0.0024834098161592463,0.9991504976351282,1
ISIC_0026501,NV,NV,5,5,0.9918770790100098,0.02528194661122163,0.9863796164281666,1
ISIC_0026510,NV,NV,5,5,0.999840259552002,0.0007485002894617217,0.9996805809205399,1
ISIC_0026528,BCC,BCC,1,1,0.7369499802589417,0.3132424211493204,0.4886520355939865,1
ISIC_0026543,NV,NV,5,5,0.9994329810142516,0.0023502816185940675,0.9988845119951292,1
ISIC_0026550,NV,NV,5,5,0.9955978989601136,0.01398350450455478,0.9913835306651892,1
ISIC_0026579,NV,NV,5,5,0.9998589754104614,0.000669744038830489,0.9997180568607291,1
ISIC_0026602,NV,NV,5,5,0.9997922778129578,0.0009834253668969289,0.9996092141373084,1
ISIC_0026606,BKL,BKL,2,2,0.3932689726352691,0.5354377625146212,0.07972761988639832,1
ISIC_0026630,NV,NV,5,5,0.9997324347496032,0.001188047335595086,0.9994650521839502,1
ISIC_0026637,BKL,MEL,2,4,0.8550429940223694,0.20984977192378385,0.7149147391319275,0
ISIC_0026651,NV,NV,5,5,0.9968994855880736,0.010171791839754571,0.9938241932541131,1
ISIC_0026678,NV,NV,5,5,0.9991412162780762,0.003456613973759507,0.9983465416589753,1
ISIC_0026738,MEL,MEL,4,4,0.9223200678825378,0.16168064872276625,0.8757683373987676,1
ISIC_0026767,NV,NV,5,5,0.99673992395401,0.011531969624618636,0.9945424634497613,1
ISIC_0026776,NV,NV,5,5,0.9999030828475952,0.00048254792561571396,0.9998084704348003,1
ISIC_0026823,MEL,MEL,4,4,0.9087062478065492,0.16186068206397766,0.8246771991252901,1
ISIC_0026830,NV,NV,5,5,0.9968932867050172,0.011036991979945359,0.99431374296546,1
ISIC_0026843,BKL,NV,2,5,0.9152423739433287,0.17105503866799934,0.8671137839555739,0
ISIC_0026856,NV,NV,5,5,0.9999986886978148,9.2077562778487e-06,0.9999973754012216,1
ISIC_0026864,NV,NV,5,5,0.9999995231628418,3.2830273651032273e-06,0.9999991001155024,1
ISIC_0026905,AK,BKL,0,2,0.4002651870250702,0.7145968965855101,0.13075140118598938,0
ISIC_0026912,BKL,BKL,2,2,0.9988773465156556,0.0042276518905857525,0.9977613396476956,1
ISIC_0026952,BCC,BCC,1,1,0.9997125267982484,0.0012742335645704766,0.999427905189805,1
ISIC_0026971,NV,NV,5,5,0.9995337724685668,0.0019463249215225702,0.9990682458737865,1
ISIC_0026983,NV,NV,5,5,0.9983599781990052,0.005960507503951585,0.996762200142257,1
ISIC_0027042,BKL,BKL,2,2,0.8457353711128235,0.2218716693390938,0.6993415653705597,1
ISIC_0027093,BCC,BCC,1,1,0.9703968167304992,0.07131562598427676,0.946573283523321,1
ISIC_0027127,NV,NV,5,5,0.6565545201301575,0.32058381584598783,0.3172664940357209,1
ISIC_0027133,NV,NV,5,5,0.5342913866043091,0.37438133065691603,0.08961465954780579,1
ISIC_0027135,BCC,BCC,1,1,0.9982801675796508,0.0061863710563590584,0.9965992913348599,1
ISIC_0027155,MEL,MEL,4,4,0.6038744449615479,0.4101411580250053,0.25301086902618414,1
ISIC_0027164,NV,NV,5,5,0.9977432489395142,0.007763125129160047,0.9955089366994798,1
ISIC_0027179,MEL,MEL,4,4,0.7285750508308411,0.3708851674886809,0.5770458728075027,1
ISIC_0027226,NV,NV,5,5,0.513696551322937,0.33916716771304467,0.02923455834388733,1
ISIC_0027252,NV,NV,5,5,0.9858511090278624,0.035983511693173105,0.9717886988073586,1
ISIC_0027261,MEL,BCC,4,1,0.9268731474876404,0.1552880178480536,0.888840027153492,0
ISIC_0027322,NV,NV,5,5,0.997603476047516,0.008403118438539945,0.9953781864605846,1
ISIC_0027332,BKL,NV,2,5,0.9848259687423706,0.04067619662524565,0.9709689328446985,0
ISIC_0027392,BKL,BKL,2,2,0.4586952626705169,0.6407153501847667,0.2138916254043579,1
ISIC_0027402,MEL,MEL,4,4,0.5071550011634827,0.4284611572877469,0.06307524442672735,1
ISIC_0027408,NV,NV,5,5,0.9205371141433716,0.1437468885119117,0.8464363291859627,1
ISIC_0027467,NV,NV,5,5,0.9765190482139589,0.053749020594488627,0.9531005676835776,1
ISIC_0027473,BCC,BCC,1,1,0.9990032315254213,0.0038738775634372807,0.998044803447556,1
ISIC_0027487,MEL,MEL,4,4,0.8538963794708252,0.20391945581145365,0.7089487761259079,1
ISIC_0027518,NV,NV,5,5,0.9965720176696776,0.01107546514534816,0.9931690974626689,1
ISIC_0027535,NV,BKL,5,2,0.4744491875171661,0.6203262369875026,0.2671776860952377,0
ISIC_0027554,NV,NV,5,5,0.835887610912323,0.2279369280607989,0.6782142668962479,1
ISIC_0027563,VASC,VASC,7,7,0.9999772310256958,0.0001326332096565051,0.9999566076476185,1
ISIC_0027569,NV,NV,5,5,0.9647793769836426,0.0759795182664965,0.9307185001671314,1
ISIC_0027576,NV,NV,5,5,0.9994117021560668,0.0023950153609564673,0.998825587274041,1
ISIC_0027607,NV,MEL,5,4,0.4389064908027649,0.49167005420667736,0.039277583360672,0
ISIC_0027615,AK,SCC,0,6,0.4693813025951385,0.6435295067934765,0.2333615571260452,0
ISIC_0027619,NV,NV,5,5,0.9976752400398254,0.007902955254045942,0.9953520812559873,1
ISIC_0027669,MEL,MEL,4,4,0.966658353805542,0.07031855712771426,0.9333216957747937,1
ISIC_0027693,MEL,NV,4,5,0.6876040101051331,0.29882958603200865,0.37524580955505377,0
ISIC_0027696,NV,NV,5,5,0.9994890689849854,0.0021138841202347166,0.9989798041060568,1
ISIC_0027697,NV,NV,5,5,0.6493666172027588,0.36963362766480484,0.3328905999660492,1
ISIC_0027752,NV,NV,5,5,0.9612205028533936,0.07898733074003694,0.9224652461707592,1
ISIC_0027767,SCC,BCC,6,1,0.7896349430084229,0.3211970305251368,0.6780775189399719,0
ISIC_0027784,NV,NV,5,5,0.7731271982192993,0.25798290742167923,0.5463697165250778,1
ISIC_0027811,BKL,BKL,2,2,0.9651838541030884,0.07329719832638384,0.9305720888078213,1
ISIC_0027819,BCC,BCC,1,1,0.9990046620368958,0.003932620484525113,0.9980901222443208,1
ISIC_0027824,NV,NV,5,5,0.99999737739563,1.721552672213199e-05,0.9999948360455165,1
ISIC_0027831,BKL,BKL,2,2,0.9999614953994752,0.00021579263415811838,0.9999273939720298,1
ISIC_0027848,NV,MEL,5,4,0.7163930535316467,0.29785331262023623,0.43694323301315313,0
ISIC_0027902,NV,NV,5,5,0.6600922346115112,0.30880916796048763,0.32030585408210754,1
ISIC_0027911,NV,NV,5,5,0.7815496325492859,0.3370840091954485,0.6669600680470467,1
ISIC_0027923,NV,NV,5,5,0.9994787573814392,0.0022880238169320256,0.99908981678891,1
ISIC_0027949,NV,MEL,5,4,0.8547955751419067,0.2366507625523593,0.7404593303799629,0
ISIC_0027959,NV,NV,5,5,0.8311859369277954,0.2203302105510762,0.6629786044359207,1
ISIC_0027965,NV,NV,5,5,0.9991981387138368,0.0031609125490455396,0.998406517202966,1
ISIC_0028035,BCC,BCC,1,1,0.998397171497345,0.005749003463858577,0.9967993339523674,1
ISIC_0028036,NV,NV,5,5,0.9498305320739746,0.10368306883614135,0.9039961919188501,1
ISIC_0028041,MEL,MEL,4,4,0.5905669331550598,0.48922619222599834,0.33357316255569464,1
ISIC_0028075,MEL,MEL,4,4,0.9793146848678588,0.0549875436776174,0.9659852050244808,1
ISIC_0028111,NV,NV,5,5,0.9964614510536194,0.011304985703748285,0.9929233666043729,1
ISIC_0028118,NV,NV,5,5,0.5918524861335754,0.3296414620890467,0.18507862091064453,1
ISIC_0028132,SCC,BCC,6,1,0.999942421913147,0.00033568203269683527,0.9999202896015049,0
ISIC_0028161,NV,NV,5,5,0.978203296661377,0.05053470082359027,0.956422470510006,1
ISIC_0028179,NV,NV,5,5,0.9067550897598268,0.1692320591004975,0.8262760043144228,1
ISIC_0028191,NV,NV,5,5,0.9976215958595276,0.008053399953432324,0.9952434729784728,1
ISIC_0028192,NV,NV,5,5,0.999992609024048,4.8110664913995525e-05,0.9999881138555794,1
ISIC_0028195,NV,NV,5,5,0.67997807264328,0.3933678153306764,0.4365754872560501,1
ISIC_0028216,NV,NV,5,5,0.6092837452888489,0.4323761264228005,0.28695714473724365,1
ISIC_0028241,NV,NV,5,5,0.9985639452934264,0.005222977516602789,0.9971314137801527,1
ISIC_0028244,NV,NV,5,5,0.999309778213501,0.0027554805596958273,0.9986219286802226,1
ISIC_0028247,NV,NV,5,5,0.526763916015625,0.3684298307726874,0.06910347938537598,1
ISIC_0028252,NV,NV,5,5,0.5868058800697327,0.3274514420823737,0.17393639683723455,1
ISIC_0028317,MEL,MEL,4,4,0.8968568444252014,0.1731643347110011,0.8015874326229097,1
ISIC_0028415,MEL,NV,4,5,0.6484507322311401,0.39961323730994225,0.3607024550437927,0
ISIC_0028416,NV,NV,5,5,0.9996488094329834,0.0015375659926710483,0.9993095117097255,1
ISIC_0028455,NV,NV,5,5,0.9888096451759338,0.030513893618011927,0.9781212555244565,1
ISIC_0028462,NV,NV,5,5,0.999314308166504,0.0027540106698876153,0.9986371197155678,1
ISIC_0028505,MEL,MEL,4,4,0.7359388470649719,0.3770181091079586,0.5665161013603212,1
ISIC_0028546,NV,NV,5,5,0.9998860359191896,0.0005538479206012143,0.9997723584456255,1
ISIC_0028550,BKL,MEL,2,4,0.659766674041748,0.335400288186673,0.3305968642234802,0
ISIC_0028555,BKL,BKL,2,2,0.9935600757598876,0.018799277837523425,0.9871470849029719,1
ISIC_0028582,MEL,MEL,4,4,0.7808699011802673,0.25494506279627166,0.5623294711112976,1
ISIC_0028595,NV,NV,5,5,0.9998003840446472,0.0009703779734849683,0.9996555675752461,1
ISIC_0028653,BCC,BCC,1,1,0.9639158844947816,0.08611558498973687,0.9359778687357904,1
ISIC_0028655,MEL,BKL,4,2,0.3664754927158355,0.7063226232811086,0.0720041394233703,0
ISIC_0028658,NV,MEL,5,4,0.5155066251754761,0.3340250568655017,0.031232953071594294,0
ISIC_0028671,BCC,BCC,1,1,0.993543028831482,0.018825167450991397,0.9871050487272444,1
ISIC_0028711,NV,NV,5,5,0.9765942692756652,0.05996635906406481,0.9593925587832927,1
ISIC_0028756,NV,NV,5,5,0.9653478264808656,0.07253489162274877,0.9307301826775076,1
ISIC_0028764,MEL,MEL,4,4,0.860328197479248,0.2045790511123312,0.7247352004051208,1
ISIC_0028767,NV,NV,5,5,0.5632901191711426,0.34716783400905665,0.13308435678482056,1
ISIC_0028779,NV,NV,5,5,0.9849655628204346,0.04120915028642386,0.9730416694656014,1
ISIC_0028796,NV,NV,5,5,0.9997742772102356,0.0010340655891587411,0.999555182614131,1
ISIC_0028805,NV,NV,5,5,0.999828577041626,0.000831606828991551,0.9996814759069822,1
ISIC_0028839,NV,NV,5,5,0.9999840259552002,9.287493406225441e-05,0.9999680893342884,1
ISIC_0028845,NV,NV,5,5,0.999693751335144,0.0013503118523436083,0.9993919600965455,1
ISIC_0028849,NV,NV,5,5,0.5474935173988342,0.3633984751225848,0.10928517580032354,1
ISIC_0028881,BKL,BKL,2,2,0.8937708735466003,0.1987329218215199,0.8128796219825746,1
ISIC_0028935,NV,NV,5,5,0.9614285230636596,0.08388427726267406,0.92599568516016,1
ISIC_0028947,NV,NV,5,5,0.8794065713882446,0.21867971385566332,0.8123840615153313,1
ISIC_0028957,NV,NV,5,5,0.9940505623817444,0.0180895115740944,0.9883439140394331,1
ISIC_0028958,BKL,BKL,2,2,0.9999879598617554,7.133653650463353e-05,0.9999759302227176,1
ISIC_0028965,MEL,MEL,4,4,0.9532155990600586,0.10533043017763033,0.9224546086043119,1
ISIC_0028971,NV,NV,5,5,0.9546297192573548,0.09872212334339016,0.9158383235335351,1
ISIC_0028988,NV,MEL,5,4,0.6182482242584229,0.34433695573052625,0.24763044714927673,0
ISIC_0028990,AK,MEL,0,4,0.8681578040122986,0.2490082184275357,0.7900437116622925,0
ISIC_0028999,NV,NV,5,5,0.8568087816238403,0.19753426246028719,0.713621661067009,1
ISIC_0029012,BKL,BKL,2,2,0.9115981459617616,0.15964598659659407,0.8334842547774317,1
ISIC_0029017,MEL,NV,4,5,0.6189853549003601,0.3234983641499483,0.2391262948513031,0
ISIC_0029021,MEL,NV,4,5,0.5054513812065125,0.3362358616049027,0.011708736419677734,0
ISIC_0029080,BKL,BKL,2,2,0.7633702158927917,0.3803979827324955,0.6474412679672241,1
ISIC_0029088,NV,NV,5,5,0.9720550775527954,0.061499259533808914,0.9441549498587847,1
ISIC_0029101,BKL,BKL,2,2,0.9626299738883972,0.10164617059784795,0.9494119249284269,1
ISIC_0029112,NV,NV,5,5,0.9918839931488036,0.02603708121265843,0.9868392026983202,1
ISIC_0029150,NV,NV,5,5,0.9993287324905396,0.0026896360852099142,0.9986594239016996,1
ISIC_0029161,BKL,VASC,2,7,0.7521020174026489,0.352347454935807,0.5570507347583771,0
ISIC_0029216,MEL,MEL,4,4,0.8380862474441528,0.2879461304719464,0.7531366124749185,1
ISIC_0029301,BKL,MEL,2,4,0.8998733758926392,0.20184384908993416,0.8387557119131088,0
ISIC_0029311,BKL,BKL,2,2,0.999129831790924,0.003967632418528212,0.9988572068396023,1
ISIC_0029323,BCC,BCC,1,1,0.9428622722625732,0.10877887650887734,0.8868986740708351,1
ISIC_0029362,SCC,BCC,6,1,0.9999405145645142,0.0003392193792200575,0.9999089457487571,0
ISIC_0029376,NV,NV,5,5,0.9997428059577942,0.001146142760516799,0.9994856639823411,1
ISIC_0029385,NV,NV,5,5,0.9900984168052672,0.027101756503739586,0.9803538434207439,1
ISIC_0029420,BKL,BKL,2,2,0.9995939135551452,0.001850328799884483,0.9993142845341936,1
ISIC_0029436,NV,NV,5,5,0.9993593096733092,0.0027230114247710534,0.9988400678848847,1
ISIC_0029442,NV,NV,5,5,0.984339952468872,0.04116254609733824,0.9701889734715222,1
ISIC_0029561,NV,NV,5,5,0.999815046787262,0.0009139768572527507,0.9997057319851592,1
ISIC_0029568,BKL,NV,2,5,0.5990731716156006,0.3295565977944274,0.2000043690204621,0
ISIC_0029584,NV,NV,5,5,0.9982964396476746,0.006085307123004102,0.9966089571826161,1
ISIC_0029592,NV,NV,5,5,0.9793574810028076,0.05184668310394996,0.9609945453703405,1
ISIC_0029599,NV,NV,5,5,0.9989784955978394,0.0038897637762562456,0.9979622570099309,1
ISIC_0029617,BKL,NV,2,5,0.7459326386451721,0.38299944202249175,0.5645565390586853,0
ISIC_0029628,NV,NV,5,5,0.99906986951828,0.00367412687687605,0.9981971525703557,1
ISIC_0029641,NV,NV,5,5,0.6911740899085999,0.4467110885006785,0.5360459983348846,1
ISIC_0029683,BKL,MEL,2,4,0.8910252451896667,0.199912810710396,0.8215068355202675,0
ISIC_0029700,NV,NV,5,5,0.9998339414596558,0.0007749431767243726,0.9996679029864026,1
ISIC_0029732,NV,NV,5,5,0.994899332523346,0.015398151289127296,0.9897995186038315,1
ISIC_0029739,NV,NV,5,5,0.9995883107185364,0.0017481785498664186,0.999179064296186,1
ISIC_0029774,NV,NV,5,5,0.9995883107185364,0.0017443842419781611,0.999177462537773,1
ISIC_0029799,NV,NV,5,5,0.9996318817138672,0.0016478797644480497,0.9993143889878411,1
ISIC_0029806,NV,NV,5,5,0.9999794960021972,0.00011650365577586013,0.9999589529816147,1
ISIC_0029810,BKL,BKL,2,2,0.9286165237426758,0.16958313358746838,0.9026821069419385,1
ISIC_0029854,NV,BCC,5,1,0.8833146691322327,0.21808077370679615,0.8116525188088417,0
ISIC_0029873,NV,NV,5,5,0.999461591243744,0.002233276079113759,0.998934118601028,1
ISIC_0029906,NV,NV,5,5,0.9982328414916992,0.006689405385510296,0.9968556461390108,1
ISIC_0029915,AK,NV,0,5,0.6544784307479858,0.43252809831805195,0.39312598109245306,0
ISIC_0029928,NV,NV,5,5,0.9987965822219848,0.004474582697465318,0.9975946927443147,1
ISIC_0029944,NV,NV,5,5,0.9872663617134094,0.03284824233883981,0.9745437931269408,1
ISIC_0030000,NV,NV,5,5,0.9709880948066713,0.0651417738175079,0.9429000113159419,1
ISIC_0030005,BKL,BKL,2,2,0.9960035681724548,0.015235238205544475,0.9947956394171342,1
ISIC_0030031,MEL,BKL,4,2,0.5143885016441345,0.5114963112761965,0.12534859776496893,0
ISIC_0030075,NV,NV,5,5,0.9999918937683104,4.980711605137739e-05,0.9999837540763109,1
ISIC_0030091,NV,BKL,5,2,0.8081132173538208,0.2753592501104555,0.6464804112911224,0
ISIC_0030097,NV,NV,5,5,0.9999576807022096,0.00023835823503734192,0.9999248537642417,1
ISIC_0030106,MEL,MEL,4,4,0.8794204592704773,0.18748733172906465,0.7627058252692223,1
ISIC_0030112,NV,NV,5,5,0.9999741315841676,0.00014383540189292696,0.9999482641524083,1
ISIC_0030136,NV,NV,5,5,0.9856297373771667,0.036824386002476166,0.9715154580771923,1
ISIC_0030138,BCC,BCC,1,1,0.9036648869514464,0.15363889345060264,0.8076722845435143,1
ISIC_0030168,NV,NV,5,5,0.7754259705543518,0.3810070896026799,0.6796879321336747,1
ISIC_0030173,BKL,BKL,2,2,0.981295883655548,0.04497085126103258,0.9626797195523977,1
ISIC_0030191,SCC,SCC,6,6,0.9744994044303894,0.06281191310246553,0.9524593502283097,1
ISIC_0030240,BKL,BKL,2,2,0.9444734454154968,0.11182992679056587,0.8934309333562851,1
ISIC_0030260,NV,BKL,5,2,0.6734863519668579,0.3978844124005482,0.42861106991767894,0
ISIC_0030269,NV,NV,5,5,0.9993423819541932,0.0026560095872875467,0.9986936569330285,1
ISIC_0030270,NV,NV,5,5,0.9999957084655762,2.7968109005051717e-05,0.9999916474062047,1
ISIC_0030322,NV,NV,5,5,0.9951171875,0.01515614525377078,0.9903811337426305,1
ISIC_0030351,NV,NV,5,5,0.9995802044868468,0.0018624034345535714,0.9992301602615044,1
ISIC_0030354,NV,NV,5,5,0.9503493309020996,0.0968041381225311,0.9013412185013295,1
ISIC_0030366,MEL,NV,4,5,0.5245887041091919,0.3465709616619111,0.05435043573379522,0
ISIC_0030381,NV,NV,5,5,0.9995943903923036,0.0018099505705483168,0.9992497682396789,1
ISIC_0030391,MEL,NV,4,5,0.6380249857902527,0.32242697253637215,0.2787245810031891,0
ISIC_0030422,NV,NV,5,5,0.6555856466293335,0.3652216912545437,0.3385651111602783,1
ISIC_0030424,NV,NV,5,5,0.9979130625724792,0.007340915497575879,0.9958941861987114,1
ISIC_0030436,BKL,BKL,2,2,0.9598737359046936,0.09748754267167531,0.9336873590946198,1
ISIC_0030460,NV,MEL,5,4,0.5639167428016663,0.33968938574528984,0.13154679536819458,0
ISIC_0030475,NV,NV,5,5,0.99997878074646,0.0001283509713092778,0.9999673020902264,1
ISIC_0030477,NV,NV,5,5,0.9998144507408142,0.0008641426972790127,0.9996320967329666,1
ISIC_0030490,NV,NV,5,5,0.9985561966896056,0.005235066997965942,0.9971124408766627,1
ISIC_0030515,NV,NV,5,5,0.9999500513076782,0.00026194183270410144,0.9999001917312853,1
ISIC_0030522,BKL,NV,2,5,0.5699652433395386,0.403416644999392,0.1858110129833222,0
ISIC_0030543,NV,NV,5,5,0.9950813055038452,0.015598394713225949,0.9905622946098447,1
ISIC_0030559,NV,NV,5,5,0.8887611627578735,0.19321552302472,0.7972563952207565,1
ISIC_0030584,NV,NV,5,5,0.9998794794082642,0.0006517392057986004,0.9998246429713618,1
ISIC_0030589,NV,NV,5,5,0.7612554430961609,0.29172198632463175,0.5371060520410538,1
ISIC_0030598,NV,BKL,5,2,0.7821348309516907,0.32398437342150044,0.6498862355947495,0
ISIC_0030636,BKL,BCC,2,1,0.5460715889930725,0.3765149876936284,0.1124026775360108,0
ISIC_0030655,AK,BKL,0,2,0.9947473406791688,0.018084143592599154,0.9917730998713525,0
ISIC_0030679,NV,NV,5,5,0.9972334504127502,0.009193819127537304,0.9944758529309183,1
ISIC_0030682,NV,NV,5,5,0.9671648740768432,0.07099253661872133,0.9349629804491997,1
ISIC_0030691,NV,NV,5,5,0.9895873069763184,0.027857348599544703,0.9791790377348661,1
ISIC_0030704,NV,NV,5,5,0.5977222919464111,0.3279219352093628,0.19643053412437445,1
ISIC_0030722,VASC,VASC,7,7,1.0,3.232649839487604e-07,0.9999999755195397,1
ISIC_0030744,BKL,BKL,2,2,0.8928319811820984,0.18528955710821535,0.7963082343339921,1
ISIC_0030765,NV,NV,5,5,0.9429272413253784,0.10524567803820106,0.8858559243381025,1
ISIC_0030790,NV,NV,5,5,0.715279757976532,0.3454052467016826,0.47286683320999146,1
ISIC_0030823,NV,NV,5,5,0.9999998807907104,1.359392184393872e-06,0.9999997071723499,1
ISIC_0030856,NV,NV,5,5,0.7006692290306091,0.3531996698595837,0.44088578224182134,1
ISIC_0030926,BKL,BKL,2,2,0.92283833026886,0.15827247859664884,0.8760781399905683,1
ISIC_0030938,NV,NV,5,5,0.9995810389518738,0.0018712229864415015,0.999245716870064,1
ISIC_0030965,BKL,BKL,2,2,0.508274495601654,0.4089212134498673,0.06147256493568426,1
ISIC_0030984,NV,NV,5,5,0.9997925162315368,0.0009467401499160632,0.9995850778650491,1
ISIC_0031000,BKL,SCC,2,6,0.5304756760597229,0.5712574450725469,0.2645160555839539,0
ISIC_0031013,MEL,MEL,4,4,0.924858570098877,0.1425204626103567,0.8596691489219666,1
ISIC_0031014,NV,NV,5,5,0.7184998393058777,0.3717845389175069,0.5213041305541992,1
ISIC_0031089,NV,NV,5,5,0.9971544742584229,0.009390997885544615,0.9943095664493741,1
ISIC_0031097,NV,NV,5,5,0.9983124732971193,0.005992537359775471,0.9966249637072907,1
ISIC_0031114,NV,NV,5,5,0.9996945858001708,0.0014533073318645125,0.9995257913687964,1
ISIC_0031123,DF,NV,3,5,0.7301040887832642,0.42763082813874276,0.59345643222332,0
ISIC_0031128,NV,NV,5,5,0.9994797110557556,0.0022938296425663797,0.9991056701692287,1
ISIC_0031167,NV,NV,5,5,0.9998779296875,0.000616792180378559,0.9997795508243144,1
ISIC_0031171,BCC,BCC,1,1,0.8823044300079346,0.180295354292526,0.7665712833404542,1
ISIC_0031201,VASC,VASC,7,7,1.0,2.3686616897013412e-07,0.9999999834195084,1
ISIC_0031205,NV,NV,5,5,0.9926079511642456,0.02274491339005488,0.986213607247919,1
ISIC_0031260,NV,NV,5,5,0.9999958276748656,2.7682285668620856e-05,0.9999921155661012,1
ISIC_0031278,NV,NV,5,5,0.6977944374084473,0.30068348801072026,0.3976767659187317,1
ISIC_0031316,NV,NV,5,5,0.9993220567703248,0.0029786865964357228,0.9989887801057196,1
ISIC_0031399,NV,MEL,5,4,0.5229538083076477,0.33598721090613437,0.0467989444732666,0
ISIC_0031418,NV,NV,5,5,0.9248827695846558,0.13888702483107912,0.8552155792713165,1
ISIC_0031419,NV,NV,5,5,0.9977117776870728,0.007793895629441686,0.9954245523549616,1
ISIC_0031422,NV,NV,5,5,0.8703442811965942,0.20764719356503006,0.754834219813347,1
ISIC_0031436,BKL,BKL,2,2,0.998815417289734,0.004802610294478755,0.9980271841050127,1
ISIC_0031440,NV,MEL,5,4,0.6471104025840759,0.36368579686477137,0.3191708326339722,0
ISIC_0031455,NV,BKL,5,2,0.7201501131057739,0.28522741347797564,0.44032990932464605,0
ISIC_0031468,BKL,BKL,2,2,0.4637195169925689,0.5538681748630923,0.07475093007087702,1
ISIC_0031515,NV,MEL,5,4,0.6414749622344971,0.4047521822070387,0.3443244099617005,0
ISIC_0031520,BCC,BCC,1,1,0.9760118126869202,0.0654339993098655,0.9603282157331705,1
ISIC_0031543,MEL,BKL,4,2,0.4803589880466461,0.5101566860644591,0.0905919075012207,0
ISIC_0031544,NV,NV,5,5,0.9973192811012268,0.009607280755474555,0.9952375581488014,1
ISIC_0031567,NV,MEL,5,4,0.6154912710189819,0.33202619784648674,0.23481398820877075,0
ISIC_0031593,BKL,SCC,2,6,0.7883666753768921,0.3916871675422204,0.689498096704483,0
ISIC_0031613,NV,NV,5,5,0.997735857963562,0.008142284107912654,0.9957640990614891,1
ISIC_0031661,NV,NV,5,5,0.9997100234031676,0.0013709728965030895,0.9995054186874767,1
ISIC_0031675,NV,NV,5,5,0.9999490976333618,0.0002751027191718633,0.9999027141202532,1
ISIC_0031692,SCC,SCC,6,6,0.9875074028968812,0.03864157796371134,0.9807091313414277,1
ISIC_0031693,NV,NV,5,5,0.9991419315338136,0.003591216469627774,0.9985762169235388,1
ISIC_0031709,MEL,NV,4,5,0.4098390638828277,0.6060068989344793,0.042461723089218084,0
ISIC_0031712,BCC,BCC,1,1,0.7838805913925171,0.2720420437460545,0.5769826769828796,1
ISIC_0031716,BKL,BKL,2,2,0.90409255027771,0.21924710459923707,0.8775795605033636,1
ISIC_0031741,MEL,MEL,4,4,0.6756579875946045,0.30366936787721815,0.3514737486839295,1
ISIC_0031742,NV,MEL,5,4,0.6688023209571838,0.3356457723105947,0.35040467977523804,0
ISIC_0031768,NV,NV,5,5,0.9989953637123108,0.003915499034418525,0.9980406796094031,1
ISIC_0031774,NV,NV,5,5,0.9997076392173768,0.001293146622997731,0.9994185368996115,1
ISIC_0031795,MEL,MEL,4,4,0.7054510116577148,0.2932782993891937,0.41137528419494634,1
ISIC_0031813,NV,NV,5,5,0.6405836343765259,0.39577118640383874,0.3426845669746399,1
ISIC_0031816,NV,NV,5,5,0.9994277358055116,0.0023466949839756057,0.9988618593779394,1
ISIC_0031850,NV,NV,5,5,0.9982011318206788,0.006434483250914861,0.996446595177986,1
ISIC_0031851,BKL,BKL,2,2,0.7857969403266907,0.2832035875452816,0.5924754291772842,1
ISIC_0031854,NV,NV,5,5,0.9999756813049316,0.00014190394726344615,0.9999567562590528,1
ISIC_0031870,NV,NV,5,5,0.9999996423721312,2.9866389513430147e-06,0.9999992495859259,1
ISIC_0031898,NV,NV,5,5,0.99998939037323,6.362467597277028e-05,0.9999789388275531,1
ISIC_0031910,NV,NV,5,5,0.9999932050704956,4.191053847250523e-05,0.9999864570195314,1
ISIC_0031913,NV,MEL,5,4,0.7255336046218872,0.3058885519102567,0.4607017934322357,0
ISIC_0031920,NV,NV,5,5,0.999817430973053,0.0008841194233582158,0.9996662537305384,1
ISIC_0031946,NV,NV,5,5,0.9998726844787598,0.0006428525766942061,0.9997739210884902,1
ISIC_0031963,NV,NV,5,5,0.7228839993476868,0.2892658945185266,0.44743430614471436,1
ISIC_0031965,NV,NV,5,5,0.9085012078285216,0.14978373795205077,0.8178418874740601,1
ISIC_0031969,NV,NV,5,5,0.9938510656356812,0.01801922298009524,0.9877059971913695,1
ISIC_0031991,NV,NV,5,5,0.6648865938186646,0.4218339014247397,0.48025426268577576,1
ISIC_0031994,NV,NV,5,5,0.999896764755249,0.0005058057488641561,0.9997936626459705,1
ISIC_0031995,NV,NV,5,5,0.9999955892562866,2.8260145190294053e-05,0.9999913828869467,1
ISIC_0032071,NV,NV,5,5,0.95488041639328,0.09209609976837607,0.9112546257674694,1
ISIC_0032084,NV,NV,5,5,0.9982914328575134,0.006182220990358467,0.9966430490603672,1
ISIC_0032124,BKL,BKL,2,2,0.9995982050895692,0.0017059826309893584,0.9991968702233864,1
ISIC_0032156,BKL,BKL,2,2,0.8092085123062134,0.3110979560449793,0.7151692062616348,1
ISIC_0032165,NV,NV,5,5,0.9996167421340942,0.0016353312892870807,0.9992337786243297,1
ISIC_0032173,SCC,SCC,6,6,0.9510022401809692,0.11085759915039502,0.9131056852638723,1
ISIC_0032185,BCC,BCC,1,1,0.9345453381538392,0.11662573757067635,0.869185768067837,1
ISIC_0032186,NV,NV,5,5,0.5665531754493713,0.39235960969714656,0.16948726773262024,1
ISIC_0032200,BKL,MEL,2,4,0.4884142279624939,0.4931175034519287,0.11320191621780401,0
ISIC_0032206,AK,NV,0,5,0.5159413814544678,0.6376775281349181,0.2894400209188462,0
ISIC_0032213,NV,NV,5,5,0.999744951725006,0.0011960283816549362,0.9995334320556138,1
ISIC_0032241,NV,NV,5,5,0.9999215602874756,0.00042280079232438354,0.9998753588806721,1
ISIC_0032266,NV,NV,5,5,0.9998633861541748,0.0006917229109250199,0.9997519099124476,1
ISIC_0032283,BKL,BCC,2,1,0.7008054852485657,0.4562001968472047,0.570152759552002,0
ISIC_0032287,MEL,NV,4,5,0.5646412968635559,0.3860531663724598,0.16268357634544373,0
ISIC_0032289,NV,NV,5,5,0.9999626874923706,0.000201080886795231,0.999925489511952,1
ISIC_0032423,NV,MEL,5,4,0.5927972793579102,0.3461898062632514,0.19481199979782104,0
ISIC_0032431,NV,NV,5,5,0.9999932050704956,4.4292382694971255e-05,0.9999879496831454,1
ISIC_0032451,NV,NV,5,5,0.9999531507492064,0.00025643716598798793,0.9999114913807715,1
ISIC_0032465,NV,NV,5,5,0.9999990463256836,7.2979697169383305e-06,0.9999985131084941,1
ISIC_0032494,NV,NV,5,5,0.995180606842041,0.015193687900713309,0.9906434561125934,1
ISIC_0032506,NV,NV,5,5,0.9416517019271852,0.10696584393426033,0.8833060152828695,1
ISIC_0032508,BKL,MEL,2,4,0.3880210220813751,0.5234873886787318,0.042907983064651545,0
ISIC_0032536,BCC,MEL,1,4,0.8178945779800415,0.32263580335272163,0.7311825305223465,0
ISIC_0032579,NV,NV,5,5,0.9883097410202026,0.03061493618896435,0.9766225190833211,1
ISIC_0032600,NV,NV,5,5,0.6530917286872864,0.31068785044488495,0.30623733997344976,1
ISIC_0032605,NV,NV,5,5,0.9813809394836426,0.04543859154381294,0.9631232619285583,1
ISIC_0032624,MEL,NV,4,5,0.5415424108505249,0.4791867166312037,0.2616892457008362,0
ISIC_0032634,NV,NV,5,5,0.9993129968643188,0.002941599831696434,0.9988365359022282,1
ISIC_0032692,VASC,VASC,7,7,0.6921751499176025,0.44427690943380677,0.49693818390369415,1
ISIC_0032757,BKL,MEL,2,4,0.4382005333900451,0.5161843960208592,0.122576504945755,0
ISIC_0032759,NV,NV,5,5,0.9499068260192872,0.0972633967928088,0.9003441073000432,1
ISIC_0032760,NV,NV,5,5,0.9912304878234864,0.024508966725290324,0.9825874026864768,1
ISIC_0032770,NV,NV,5,5,0.938697874546051,0.1112719426308502,0.8775053545832634,1
ISIC_0032779,NV,NV,5,5,0.9852643013000488,0.03712702578802093,0.9705932149663569,1
ISIC_0032783,NV,NV,5,5,0.9938068389892578,0.018112678162947655,0.987613850273192,1
ISIC_0032791,NV,NV,5,5,0.5019463300704956,0.3334047785060235,0.0039061903953552246,1
ISIC_0032821,NV,NV,5,5,0.9412208199501038,0.10754120189717811,0.8824444226920606,1
ISIC_0032830,NV,NV,5,5,0.8751569986343384,0.20884130307634102,0.7718521282076836,1
ISIC_0032839,VASC,VASC,7,7,0.9999970197677612,2.1896394280196933e-05,0.9999955460722276,1
ISIC_0032853,NV,NV,5,5,0.6667660474777222,0.41428385006443363,0.45695880055427557,1
ISIC_0032880,NV,NV,5,5,0.6038640737533569,0.3233789657448887,0.20784035325050354,1
ISIC_0032892,MEL,MEL,4,4,0.999991774559021,5.417675123312938e-05,0.9999879296406107,1
ISIC_0032896,NV,NV,5,5,0.9998156428337096,0.0009441100189686231,0.9997295047869555,1
ISIC_0032932,VASC,VASC,7,7,0.9999997615814208,2.457667157753844e-06,0.9999995613572706,1
ISIC_0032962,NV,NV,5,5,0.997735857963562,0.007876883992516641,0.9955447774846107,1
ISIC_0032983,BKL,BKL,2,2,0.5760570168495178,0.34874859481787857,0.16113868355751043,1
ISIC_0032986,NV,NV,5,5,0.9693199396133424,0.06595163637678926,0.9386442769318821,1
ISIC_0033029,MEL,MEL,4,4,0.6397063136100769,0.3681190046678399,0.3104137182235718,1
ISIC_0033036,NV,NV,5,5,0.9178805947303772,0.13659940716553298,0.8357751071453094,1
ISIC_0033089,MEL,MEL,4,4,0.9793700575828552,0.05702867794346413,0.9691294319927694,1
ISIC_0033097,NV,NV,5,5,0.9733869433403016,0.06800594932823563,0.956174621358514,1
ISIC_0033100,NV,NV,5,5,0.6733471155166626,0.384841154847949,0.4065523445606232,1
ISIC_0033104,NV,NV,5,5,0.9609416127204896,0.07936793611466557,0.9218937307596208,1
ISIC_0033109,NV,NV,5,5,0.9438266754150392,0.10458691361593957,0.887805834412575,1
ISIC_0033148,NV,NV,5,5,0.9726192951202391,0.06038203627353793,0.9452429246157408,1
ISIC_0033189,NV,NV,5,5,0.9635989665985109,0.07536891508000644,0.9272439777851107,1
ISIC_0033191,NV,NV,5,5,0.9998480081558228,0.0007163348617711645,0.999696234575822,1
ISIC_0033226,MEL,BKL,4,2,0.4433461427688598,0.4831616703597924,0.030102103948593084,0
ISIC_0033233,NV,NV,5,5,0.960858941078186,0.08219787250817638,0.9230156913399696,1
ISIC_0033277,NV,NV,5,5,0.9961571097373962,0.012770703103148144,0.9927155107725413,1
ISIC_0033292,NV,NV,5,5,0.8227340579032898,0.28406589726073683,0.7289722114801407,1
ISIC_0033339,NV,NV,5,5,0.9832444190979004,0.05086664951323883,0.9759540013037623,1
ISIC_0033379,BKL,BKL,2,2,0.93471759557724,0.11835929048593594,0.8703594729304314,1
ISIC_0033384,NV,NV,5,5,0.9473801851272584,0.09980671239209964,0.8949664272367956,1
ISIC_0033417,NV,NV,5,5,0.996986210346222,0.009893153463510218,0.9939818959683181,1
ISIC_0033438,BKL,BKL,2,2,0.9830524921417236,0.04142883565876188,0.9661381412297487,1
ISIC_0033462,NV,NV,5,5,0.9985346794128418,0.005356979144720991,0.9970909546827897,1
ISIC_0033483,BCC,MEL,1,4,0.9441099762916564,0.1240027988671348,0.9015619568526744,0
ISIC_0033507,BKL,NV,2,5,0.5033813118934631,0.4971817486374595,0.13221120834350586,0
ISIC_0033543,NV,NV,5,5,0.9998900890350342,0.0005726631703373852,0.9998099502408877,1
ISIC_0033562,MEL,MEL,4,4,0.6245546340942383,0.4516713479575336,0.330111563205719,1
ISIC_0033567,NV,NV,5,5,0.8935805559158325,0.1874587121191819,0.805104099214077,1
ISIC_0033586,MEL,MEL,4,4,0.6946128606796265,0.35462995117359697,0.4309675693511963,1
ISIC_0033608,VASC,VASC,7,7,0.6331285238265991,0.34675886672287404,0.2779756188392639,1
ISIC_0033610,NV,NV,5,5,0.8791866302490234,0.217653295279654,0.8067361339926721,1
ISIC_0033611,MEL,MEL,4,4,0.5088489055633545,0.3699867788376676,0.034549593925476074,1
ISIC_0033613,BKL,BKL,2,2,0.9997257590293884,0.0012358940702072202,0.9994625236140564,1
ISIC_0033622,NV,NV,5,5,0.9873155355453492,0.03274580716684649,0.9746419377624991,1
ISIC_0033647,NV,NV,5,5,0.9725322723388672,0.06081111627977606,0.9451583512127399,1
ISIC_0033694,NV,NV,5,5,0.9822632670402528,0.049284526304675495,0.9712657229974868,1
ISIC_0033706,NV,NV,5,5,0.992077887058258,0.023744882332880312,0.9852347988635302,1
ISIC_0033716,BKL,MEL,2,4,0.4123103022575378,0.5345747764499567,0.11065766215324396,0
ISIC_0033751,NV,NV,5,5,0.999426245689392,0.0023677183546064367,0.9988636761554516,1
ISIC_0033791,BKL,BKL,2,2,0.6586665511131287,0.3763754477116761,0.36178225278854376,1
ISIC_0033829,BKL,BKL,2,2,0.9421401619911194,0.11150005203618753,0.8868709206581116,1
ISIC_0033897,NV,NV,5,5,0.97855943441391,0.05127493598005381,0.9577684570103885,1
ISIC_0033950,NV,NV,5,5,0.9768550395965576,0.05340481552182505,0.9538816101849079,1
ISIC_0033969,VASC,VASC,7,7,0.9974644184112548,0.008756934878041592,0.9950302834622562,1
ISIC_0033977,MEL,MEL,4,4,0.8630205392837524,0.23689236513318074,0.7765626683831215,1
ISIC_0034002,MEL,NV,4,5,0.5608978271484375,0.443883574775852,0.2193646132946015,0
ISIC_0034011,BKL,BKL,2,2,0.9627429842948914,0.08445158751346174,0.9313083104789257,1
ISIC_0034013,NV,NV,5,5,0.8418044447898865,0.21012125130426237,0.6836340725421906,1
ISIC_0034014,NV,NV,5,5,0.9046063423156738,0.15518675312813096,0.8107397183775902,1
ISIC_0034024,BKL,BKL,2,2,0.8753414154052734,0.19519605003883872,0.7587134540081024,1
ISIC_0034128,NV,NV,5,5,0.9970064759254456,0.00987145723950225,0.9940371022094041,1
ISIC_0034139,NV,NV,5,5,0.9888412356376648,0.029464056502434548,0.977683212608099,1
ISIC_0034148,NV,NV,5,5,0.5871486663818359,0.4026814760862902,0.22682714462280273,1
ISIC_0034166,NV,NV,5,5,0.9996888637542723,0.0013670347694457851,0.9993811217427718,1
ISIC_0034184,NV,NV,5,5,0.9377249479293824,0.12374920346401688,0.8835675716400149,1
ISIC_0034185,NV,NV,5,5,0.9848079681396484,0.03785343996639384,0.9696189649403095,1
ISIC_0034201,BKL,BKL,2,2,0.922458291053772,0.1582977047163742,0.881769672036171,1
ISIC_0034241,NV,NV,5,5,0.7809334397315979,0.3114040471211333,0.6133590340614319,1
ISIC_0034252,BKL,MEL,2,4,0.6518434286117554,0.37503309512234667,0.3475216329097748,0
ISIC_0034260,NV,NV,5,5,0.997249186038971,0.009707145464708735,0.9949450907297432,1
ISIC_0053470,MEL,MEL,4,4,0.9842497706413268,0.04130193456068033,0.9696509288623928,1
ISIC_0053532,NV,NV,5,5,0.9299166798591614,0.12596480297345727,0.8612251356244087,1
ISIC_0053551,NV,NV,5,5,0.9536009430885316,0.1007435764693519,0.9154521040618421,1
ISIC_0053582,MEL,MEL,4,4,0.9999924898147584,4.817823217571327e-05,0.9999859748832024,1
ISIC_0053588,NV,NV,5,5,0.8425067663192749,0.21596392533724101,0.6872662901878357,1
ISIC_0053599,BCC,BKL,1,2,0.4466789364814758,0.5864878744876486,0.14679288864135737,0
ISIC_0053660,MEL,BKL,4,2,0.9416322112083436,0.13565448281428158,0.9126365538686515,0
ISIC_0053710,NV,BCC,5,1,0.9893903136253356,0.02841163383539397,0.9788202438503503,0
ISIC_0053725,MEL,BKL,4,2,0.5705603957176208,0.48176422336600355,0.32032543420791626,0
ISIC_0053739,NV,NV,5,5,0.998688280582428,0.005125754611348956,0.9976277318783104,1
ISIC_0053758,NV,BCC,5,1,0.8127705454826355,0.2545059401037716,0.638364464044571,0
ISIC_0053791,MEL,MEL,4,4,0.9653049111366272,0.08800329426433517,0.9419281836599112,1
ISIC_0053812,MEL,NV,4,5,0.7511165738105774,0.27076627842579,0.5024551749229432,0
ISIC_0053813,BCC,BCC,1,1,0.9695768356323242,0.07455073655631907,0.9447283390909434,1
ISIC_0053863,BCC,VASC,1,7,0.617456316947937,0.4810200101730104,0.3610657155513764,0
ISIC_0053871,NV,NV,5,5,0.9961257576942444,0.013013022901241542,0.9928418642375619,1
ISIC_0053957,BCC,BCC,1,1,0.969267189502716,0.0765484087190784,0.9445717539638281,1
ISIC_0053992,NV,NV,5,5,0.9964030981063844,0.011474737827283997,0.9928095072973521,1
ISIC_0054006,MEL,BCC,4,1,0.6011337637901306,0.37113872906631395,0.22933650016784674,0
ISIC_0054039,NV,NV,5,5,0.7806262373924255,0.2716228803210268,0.5705235302448273,1
ISIC_0054060,BCC,AK,1,0,0.7310484051704407,0.3406759223369561,0.49091407656669617,0
ISIC_0054110,MEL,MEL,4,4,0.9318336844444276,0.13074218622897368,0.8706122115254404,1
ISIC_0054163,SCC,AK,6,0,0.806201159954071,0.29128192195263325,0.6508250087499619,0
ISIC_0054197,NV,NV,5,5,0.9789981245994568,0.049154935631738984,0.9580346904695035,1
ISIC_0054234,BKL,MEL,2,4,0.9541839361190796,0.10775786761869936,0.9281018916517497,0
ISIC_0054258,NV,NV,5,5,0.9224191308021544,0.15614957008959482,0.8748513385653496,1
ISIC_0054302,MEL,MEL,4,4,0.6756396889686584,0.43142377493026307,0.47901733219623566,1
ISIC_0054304,NV,BCC,5,1,0.9997202754020692,0.00126719192831812,0.9994570414419288,0
ISIC_0054329,MEL,BKL,4,2,0.6933122873306274,0.33805984810101575,0.40542349219322205,0
ISIC_0054341,MEL,MEL,4,4,0.9999902248382568,6.012056335116322e-05,0.9999807271569807,1
ISIC_0054370,BCC,BCC,1,1,0.666837215423584,0.3606574916990521,0.3615368902683258,1
ISIC_0054381,NV,MEL,5,4,0.6253061294555664,0.3223050150955161,0.25191879272460943,0
ISIC_0054442,NV,NV,5,5,0.929277777671814,0.12346027737907316,0.8587305247783662,1
ISIC_0054446,NV,NV,5,5,0.8047272562980652,0.3220579755575565,0.6899219453334808,1
ISIC_0054451,BCC,AK,1,0,0.9811286926269532,0.04517016210923495,0.9622962959110738,0
ISIC_0054464,MEL,BKL,4,2,0.4407438039779663,0.6505995801587545,0.22740580141544342,0
ISIC_0054483,NV,NV,5,5,0.7348880767822266,0.3826964172515767,0.5424307584762573,1
ISIC_0054587,NV,BCC,5,1,0.7117027640342712,0.30033638315020605,0.42749893665313726,0
ISIC_0054600,NV,NV,5,5,0.8440637588500977,0.29854258617915747,0.7754521071910858,1
ISIC_0054615,BCC,BCC,1,1,0.9973658919334412,0.01057063167813249,0.9962442041141912,1
ISIC_0054622,NV,NV,5,5,0.9824641346931458,0.046540333417580515,0.9681736323982477,1
ISIC_0054674,BCC,BCC,1,1,0.9996901750564576,0.0014426053175833069,0.9994490965764272,1
ISIC_0054687,AK,AK,0,0,0.855008065700531,0.24713369146765787,0.7374730929732323,1
ISIC_0054711,NV,NV,5,5,0.9278769493103028,0.12465548236927317,0.8557655960321428,1
ISIC_0054722,BCC,BCC,1,1,0.7224870920181274,0.3221340960564819,0.46133017539978033,1
ISIC_0054732,NV,NV,5,5,0.7692509889602661,0.2838790709642928,0.5514245629310608,1
ISIC_0054767,MEL,NV,4,5,0.9059315323829652,0.15024650380542215,0.8119273930788042,0
ISIC_0054799,BCC,NV,1,5,0.5829544067382812,0.5165911194725099,0.3460353761911392,0
ISIC_0054845,BCC,BCC,1,1,0.9862694144248962,0.03799069776361028,0.9748319042846562,1
ISIC_0054865,NV,NV,5,5,0.9641660451889038,0.0786615020477992,0.9305233918130398,1
ISIC_0054878,AK,BKL,0,2,0.4908022880554199,0.517427797330028,0.22809475660324102,0
ISIC_0054879,BKL,BKL,2,2,0.9993268251419068,0.0026919463571584935,0.9986548981978559,1
ISIC_0054904,MEL,MEL,4,4,0.6562567353248596,0.3285196557538126,0.31976175308227545,1
ISIC_0055010,BCC,BCC,1,1,0.9996668100357056,0.0016067953429149196,0.99947366923152,1
ISIC_0055022,MEL,NV,4,5,0.4058633148670196,0.5108513696873441,0.020095676183700506,0
ISIC_0055053,NV,MEL,5,4,0.7115585207939148,0.37970361767053906,0.5215355306863785,0
ISIC_0055059,BCC,BCC,1,1,0.9928746223449708,0.02119720498533263,0.9861322157084943,1
ISIC_0055090,NV,NV,5,5,0.9996509552001952,0.001505203783104413,0.9993022509734146,1
ISIC_0055131,SCC,AK,6,0,0.5423495173454285,0.5755108577947663,0.27854523062706,0
ISIC_0055159,AK,SCC,0,6,0.6862531900405884,0.5508033955009038,0.608880840241909,0
ISIC_0055187,NV,BCC,5,1,0.991578221321106,0.02528814903060081,0.9845763817429543,0
ISIC_0055245,BCC,BCC,1,1,0.9998507499694824,0.000760315310656145,0.9997641026857309,1
ISIC_0055275,BCC,BCC,1,1,0.9875449538230896,0.03653989106508788,0.9797198940068484,1
ISIC_0055290,NV,NV,5,5,0.9905555844306946,0.02580650319458307,0.9811432976275682,1
ISIC_0055361,MEL,BKL,4,2,0.691572904586792,0.37940471811882326,0.45163628458976746,0
ISIC_0055400,AK,BKL,0,2,0.9061031937599182,0.18851366754414162,0.8403369784355164,0
ISIC_0055414,NV,NV,5,5,0.7850874662399292,0.27705802239814914,0.5850293934345245,1
ISIC_0055418,BCC,VASC,1,7,0.7281128764152527,0.4446669695676974,0.5987117588520051,0
ISIC_0055455,BCC,MEL,1,4,0.6678929328918457,0.39337940187487724,0.3789476454257965,0
ISIC_0055463,NV,MEL,5,4,0.7517111897468567,0.3538149440272534,0.5904073566198349,0
ISIC_0055472,BKL,BCC,2,1,0.9035057425498962,0.16094662988711717,0.8104829117655754,0
ISIC_0055473,BKL,BKL,2,2,0.9734419584274292,0.06806436956947239,0.9530006647109986,1
ISIC_0055527,MEL,MEL,4,4,0.9999430179595948,0.00032463458666315265,0.9999162257845456,1
ISIC_0055643,MEL,MEL,4,4,0.8747719526290894,0.18209148633824623,0.7497298270463943,1
ISIC_0055727,NV,NV,5,5,0.9837216734886168,0.04000502735501523,0.9674442261457442,1
ISIC_0055815,SCC,NV,6,5,0.5172628164291382,0.5979241086297803,0.3182293623685837,0
ISIC_0055856,NV,NV,5,5,0.7772988677024841,0.2550309818572876,0.5545990020036697,1
ISIC_0055894,BKL,BKL,2,2,0.9215123653411864,0.1375210749338493,0.8452767580747604,1
ISIC_0055913,BCC,BKL,1,2,0.6122525930404663,0.364428114965049,0.243792474269867,0
ISIC_0056017,MEL,MEL,4,4,0.6810570359230042,0.3074595103486082,0.36433607339859014,1
ISIC_0056022,NV,MEL,5,4,0.6442227363586426,0.3130631433215329,0.2884491682052613,0
ISIC_0056035,NV,NV,5,5,0.7587782144546509,0.27082494256800893,0.5190835893154144,1
ISIC_0056055,NV,NV,5,5,0.8537534475326538,0.20081569348075395,0.7076934576034546,1
ISIC_0056189,BCC,BCC,1,1,0.9352994561195374,0.1517361177684355,0.9096335489302875,1
ISIC_0056190,MEL,MEL,4,4,0.99558287858963,0.013698276388410412,0.9911835435777903,1
ISIC_0056209,MEL,MEL,4,4,0.5418029427528381,0.33774961575896983,0.08555909991264343,1
ISIC_0056214,MEL,MEL,4,4,0.9998726844787598,0.0006650825341547755,0.9997966635783087,1
ISIC_0056255,BCC,BCC,1,1,0.9948322772979736,0.018970925347558232,0.9927178889047356,1
ISIC_0056269,MEL,NV,4,5,0.7228317260742188,0.3034133264565823,0.45483121275901794,0
ISIC_0056288,NV,NV,5,5,0.9073041081428528,0.14851336525740613,0.8146171569824219,1
ISIC_0056317,BCC,BCC,1,1,0.999799907207489,0.0009595195912616712,0.999621431765263,1
ISIC_0056330,MEL,MEL,4,4,0.8739172220230103,0.2229914318944977,0.7975551933050157,1
ISIC_0056340,NV,NV,5,5,0.7200995683670044,0.28554409139115927,0.44029900431633,1
ISIC_0056359,NV,MEL,5,4,0.5229483246803284,0.3475806238279431,0.05050384998321539,0
ISIC_0056531,MEL,BKL,4,2,0.9912958145141602,0.028533346075266742,0.987283985130489,0
ISIC_0056575,NV,NV,5,5,0.9241417050361632,0.12913913077919956,0.8482835367321967,1
ISIC_0056579,NV,NV,5,5,0.9880385994911194,0.0311786404736453,0.9760775035247207,1
ISIC_0056629,SCC,AK,6,0,0.9857643246650696,0.04098338033466244,0.9749832497909666,0
ISIC_0056631,BCC,BCC,1,1,0.931771993637085,0.143121782023054,0.8869843669235706,1
ISIC_0056665,SCC,AK,6,0,0.4317984879016876,0.5365051923094163,0.0050306022167206366,0
ISIC_0056720,NV,NV,5,5,0.9947391152381896,0.01580011420465411,0.9894782630726695,1
ISIC_0056728,MEL,MEL,4,4,0.9880383014678956,0.03118112585112531,0.9760772101581098,1
ISIC_0056732,BKL,BKL,2,2,0.9982501864433287,0.006190392003511812,0.9965024042176083,1
ISIC_0056769,BKL,BKL,2,2,0.9996128678321838,0.0016530301349857003,0.9992269021749962,1
ISIC_0056788,MEL,MEL,4,4,0.9999666213989258,0.0002018742721647043,0.9999507006123167,1
ISIC_0056916,BCC,BCC,1,1,0.9680242538452148,0.07213622317277199,0.9379233848303556,1
ISIC_0056918,BCC,BCC,1,1,0.836967408657074,0.22244486349143244,0.676917091012001,1
ISIC_0056956,SCC,BKL,6,2,0.6488659381866455,0.5346628520798514,0.4833586663007736,0
ISIC_0056967,MEL,MEL,4,4,0.7489298582077026,0.2868672990932982,0.5048363208770752,1
ISIC_0057055,NV,NV,5,5,0.9537630081176758,0.09115565899535097,0.9079183340072632,1
ISIC_0057058,BCC,BCC,1,1,0.950706660747528,0.12150523340006233,0.9235256612300873,1
ISIC_0057088,BCC,BCC,1,1,0.7372692227363586,0.39684019627590444,0.5544638931751251,1
ISIC_0057127,BKL,BKL,2,2,0.985206425189972,0.03707246936212082,0.9704211400821806,1
ISIC_0057145,AK,AK,0,0,0.5443519353866577,0.38970610681870116,0.11373406648635864,1
ISIC_0057168,BCC,BCC,1,1,0.9918959736824036,0.02721237347299742,0.9878462781198324,1
ISIC_0057169,MEL,BCC,4,1,0.5198001861572266,0.49160564448902755,0.23829153180122375,0
ISIC_0057242,BCC,VASC,1,7,0.9253740310668944,0.15890746109283496,0.8706625811755656,0
ISIC_0057286,MEL,MEL,4,4,0.9999932050704956,4.543807046531636e-05,0.999988725237472,1
ISIC_0057354,NV,NV,5,5,0.5312020778656006,0.3324730623471719,0.06241792440414429,1
ISIC_0057359,BCC,BCC,1,1,0.926620066165924,0.1540659203080473,0.8719418421387671,1
ISIC_0057369,MEL,BCC,4,1,0.8351982831954956,0.21649847302977046,0.6707379966974258,0
ISIC_0057395,MEL,NV,4,5,0.923961341381073,0.13839256535061728,0.8529908657073975,0
ISIC_0057396,NV,BKL,5,2,0.8353341817855835,0.24566818856052153,0.6918660253286362,0
ISIC_0057475,NV,NV,5,5,0.973242163658142,0.06753643670030146,0.9549224693328142,1
ISIC_0057574,BCC,BCC,1,1,0.997453510761261,0.009307064114457832,0.9954784559085966,1
ISIC_0057592,BCC,BCC,1,1,0.9510946273803712,0.09612295637089954,0.9029967263340952,1
ISIC_0057672,MEL,MEL,4,4,0.9911549091339112,0.03017597321017126,0.9878905923105777,1
ISIC_0057675,SCC,SCC,6,6,0.9989783763885498,0.004257619639698122,0.9982442595646717,1
ISIC_0057727,MEL,MEL,4,4,0.9999735355377196,0.00015590196272865668,0.9999578154838672,1
ISIC_0057747,MEL,MEL,4,4,0.999502182006836,0.0021403699832306024,0.99904834094923,1
ISIC_0057770,SCC,BCC,6,1,0.5041486620903015,0.5129687579356645,0.172225832939148,0
ISIC_0057782,MEL,BKL,4,2,0.6946900486946106,0.37796896715747014,0.4440708756446839,0
ISIC_0057784,NV,NV,5,5,0.9785397052764891,0.04989534817607439,0.9570891838520764,1
ISIC_0057801,BCC,BCC,1,1,0.9986779093742372,0.00578721543591388,0.9982882828917355,1
ISIC_0057872,NV,NV,5,5,0.9874683618545532,0.0323990052558713,0.974940475076437,1
ISIC_0057887,NV,NV,5,5,0.861838161945343,0.1953247797383453,0.72440604865551,1
ISIC_0057963,MEL,MEL,4,4,0.9987063407897948,0.005044754028785627,0.9976099675986915,1
ISIC_0057999,MEL,NV,4,5,0.6560060381889343,0.32280340770895677,0.3170014321804047,0
ISIC_0058000,MEL,BCC,4,1,0.9996169805526732,0.0016826857614656806,0.9992558114754502,0
ISIC_0058026,SCC,NV,6,5,0.6604557037353516,0.4811238594340906,0.45902809500694275,0
ISIC_0058056,BKL,MEL,2,4,0.560936689376831,0.38941485529100106,0.15374031662940985,0
ISIC_0058085,NV,NV,5,5,0.9499057531356812,0.09953563582245409,0.9013017229735851,1
ISIC_0058090,NV,NV,5,5,0.9520860314369202,0.09440153432494432,0.9048692621290685,1
ISIC_0058132,NV,NV,5,5,0.8301464319229126,0.3035793923719775,0.7463296428322793,1
ISIC_0058156,NV,BCC,5,1,0.9798490405082704,0.05562180479030031,0.9669604320079089,0
ISIC_0058188,BCC,BCC,1,1,0.9986602067947388,0.005811607832585788,0.998113030800596,1
ISIC_0058210,NV,NV,5,5,0.997826874256134,0.007549772768576667,0.9956946999300271,1
ISIC_0058220,BCC,NV,1,5,0.9566569328308104,0.09439440476213612,0.9189791791141032,0
ISIC_0058240,BCC,BCC,1,1,0.9998243451118468,0.0009060997121193585,0.9997200734214856,1
ISIC_0058249,MEL,MEL,4,4,0.999846339225769,0.0007994158031689664,0.9997472886680043,1
ISIC_0058310,BCC,BCC,1,1,0.9450667500495912,0.12793996470049426,0.9131362922489645,1
ISIC_0058320,AK,MEL,0,4,0.4522847235202789,0.5820907987236307,0.060864925384521484,0
ISIC_0058338,NV,NV,5,5,0.6434155702590942,0.3321808918170784,0.29496040940284735,1
ISIC_0058376,MEL,NV,4,5,0.4746279120445251,0.5323746034848226,0.18107369542121882,0
ISIC_0058380,MEL,BCC,4,1,0.4886932373046875,0.5153420893902982,0.11253264546394348,0
ISIC_0058393,BCC,BCC,1,1,0.998190939426422,0.006975008888896129,0.9968070611357688,1
ISIC_0058443,AK,AK,0,0,0.5828343629837036,0.38424570486878434,0.19910621643066412,1
ISIC_0058448,MEL,MEL,4,4,0.9996840953826904,0.0014169930142979132,0.9993858230300249,1
ISIC_0058463,BCC,BCC,1,1,0.9733567833900452,0.07111610227292497,0.9551952574402095,1
ISIC_0058472,BCC,BCC,1,1,0.7276172637939453,0.2947598702057137,0.4599418044090271,1
ISIC_0058506,AK,BKL,0,2,0.6983111500740051,0.42258018932974944,0.4785778075456619,0
ISIC_0058546,NV,NV,5,5,0.9711290597915648,0.0628992522423763,0.9422581531107426,1
ISIC_0058586,NV,MEL,5,4,0.6728246212005615,0.4930613046800003,0.5098627954721451,0
ISIC_0058600,NV,BKL,5,2,0.6933774352073669,0.2970791848804408,0.3868925869464874,0
ISIC_0058651,BCC,SCC,1,6,0.3616153299808502,0.6959569987467327,0.10569199919700623,0
ISIC_0058699,BCC,BCC,1,1,0.7600942850112915,0.3473646048638935,0.6388866528868676,1
ISIC_0058787,BCC,BCC,1,1,0.9121888279914856,0.17987171780818145,0.8507168553769588,1
ISIC_0058803,NV,NV,5,5,0.8669654130935669,0.18889893858834528,0.7340119630098343,1
ISIC_0058832,BCC,BCC,1,1,0.9807012677192688,0.05982409065605072,0.9740138300694526,1
ISIC_0058868,BCC,BCC,1,1,0.9902631044387816,0.03220327283017274,0.9863844423089176,1
ISIC_0058984,BCC,MEL,1,4,0.8844069838523865,0.23659628683209413,0.8212723881006242,0
ISIC_0059046,MEL,MEL,4,4,0.9441146850585938,0.10388081306719603,0.8882952220737934,1
ISIC_0059089,MEL,BKL,4,2,0.6795265674591064,0.3940446006061198,0.45102281868457794,0
ISIC_0059108,AK,AK,0,0,0.92926025390625,0.15257669250000883,0.8859676159918309,1
ISIC_0059115,BCC,BCC,1,1,0.992586076259613,0.02509825203073158,0.9879489131271839,1
ISIC_0059144,NV,NV,5,5,0.9390239715576172,0.11044110241170846,0.8780488446354867,1
ISIC_0059216,MEL,MEL,4,4,0.9999700784683228,0.00017180938601351174,0.9999454438548128,1
ISIC_0059229,MEL,BKL,4,2,0.6500487327575684,0.43135776497997974,0.43900880217552185,0
ISIC_0059250,AK,SCC,0,6,0.8043836355209351,0.38077565624173026,0.7325008139014244,0
ISIC_0059254,BCC,BCC,1,1,0.3728066682815552,0.6192190129103253,0.055171430110931396,1
ISIC_0059265,DF,BCC,3,1,0.7106796503067017,0.415814169862765,0.49729493260383606,0
ISIC_0059299,NV,BCC,5,1,0.8330307602882385,0.22207355659011882,0.6677107512950897,0
ISIC_0059301,MEL,MEL,4,4,0.6406241655349731,0.314153347592108,0.28126659989356995,1
ISIC_0059353,MEL,MEL,4,4,0.8992360234260559,0.16228536460858162,0.8006816804409027,1
ISIC_0059368,NV,NV,5,5,0.9678683876991272,0.06844702523497372,0.9357687048614026,1
ISIC_0059370,NV,NV,5,5,0.6989654898643494,0.3592063081024375,0.44778695702552795,1
ISIC_0059408,AK,AK,0,0,0.999441921710968,0.0023840783023593923,0.9989483485696838,1
ISIC_0059421,MEL,NV,4,5,0.9990298748016356,0.003704650870757028,0.9980601232382468,0
ISIC_0059509,BCC,BCC,1,1,0.9926736950874328,0.02516033470570499,0.9889290607534349,1
ISIC_0059532,MEL,MEL,4,4,0.9732729196548462,0.06186385396115737,0.9479369018226863,1
ISIC_0059536,NV,NV,5,5,0.9981396198272704,0.006541613719900027,0.9962865740526466,1
ISIC_0059548,BCC,BCC,1,1,0.999806582927704,0.0009424593166704303,0.999644711642759,1
ISIC_0059575,SCC,SCC,6,6,0.939140558242798,0.11586111392809079,0.8803794197738173,1
ISIC_0059604,NV,NV,5,5,0.5892170667648315,0.5969642875374798,0.43965660035610205,1
ISIC_0059613,BKL,BKL,2,2,0.96668940782547,0.09001236186059702,0.9540110938251019,1
ISIC_0059616,BKL,MEL,2,4,0.6398866176605225,0.4330481956519303,0.35426998138427734,0
ISIC_0059617,BCC,MEL,1,4,0.4043111503124237,0.6178476104862713,0.00549006462097168,0
ISIC_0059659,NV,NV,5,5,0.4664149880409241,0.4376591561779726,0.00902125239372259,1
ISIC_0059681,NV,BKL,5,2,0.5106490850448608,0.433584505310165,0.09549430012702942,0
ISIC_0059705,NV,NV,5,5,0.6647480726242065,0.4794404755735953,0.47053821384906774,1
ISIC_0059730,BCC,BCC,1,1,0.9160079956054688,0.1900734425561954,0.8787314295768739,1
ISIC_0059772,NV,MEL,5,4,0.6781977415084839,0.3123750619992325,0.3603328466415406,0
ISIC_0059805,NV,NV,5,5,0.8954159021377563,0.19639313825528826,0.8310569673776628,1
ISIC_0059810,MEL,MEL,4,4,0.943733274936676,0.10427926440504104,0.8874987401068212,1
ISIC_0059811,BCC,BCC,1,1,0.9992959499359132,0.0031978804010937573,0.998921063670423,1
ISIC_0059824,NV,NV,5,5,0.5324777364730835,0.37312821945478425,0.08408653736114502,1
ISIC_0059870,NV,NV,5,5,0.5012916326522827,0.33818786852404803,0.0039011240005493164,1
ISIC_0059882,BCC,BKL,1,2,0.8489786982536316,0.22618499971181383,0.7087530493736268,0
ISIC_0059944,NV,NV,5,5,0.9930281043052672,0.020851559037787255,0.9865429932251573,1
ISIC_0059964,NV,NV,5,5,0.8161187767982483,0.2424907165937839,0.6382364183664322,1
ISIC_0060041,AK,BCC,0,1,0.7299817204475403,0.3651307098094309,0.5129314810037613,0
ISIC_0060079,BCC,BCC,1,1,0.9753211140632628,0.06642192624723879,0.9634908931329845,1
ISIC_0060097,NV,NV,5,5,0.9999876022338868,7.728272780407235e-05,0.9999791713271408,1
ISIC_0060132,MEL,MEL,4,4,0.9938437938690186,0.018334381193746536,0.9878176259808242,1
ISIC_0060171,NV,BCC,5,1,0.5517486333847046,0.3507922543465078,0.1118562519550324,0
ISIC_0060186,NV,MEL,5,4,0.7843448519706726,0.25827330039826435,0.5715856105089188,0
ISIC_0060209,BCC,BCC,1,1,0.9983177185058594,0.0066648851418010645,0.9971350299892948,1
ISIC_0060254,BCC,BCC,1,1,0.9999982118606568,1.2401602958650838e-05,0.9999965996308903,1
ISIC_0060274,BCC,BCC,1,1,0.9996441602706908,0.0016340400731327746,0.9993693898722994,1
ISIC_0060276,NV,NV,5,5,0.8981726169586182,0.15920832138700255,0.7966100722551347,1
ISIC_0060279,NV,NV,5,5,0.8284826278686523,0.22229358624126594,0.657515585422516,1
ISIC_0060319,MEL,MEL,4,4,0.9849342107772828,0.041085224539896915,0.9726322041824461,1
ISIC_0060325,NV,NV,5,5,0.8878169655799866,0.20209431462293603,0.8099367544054986,1
ISIC_0060331,SCC,BCC,6,1,0.8820130228996277,0.19544651274075422,0.7737514227628708,0
ISIC_0060353,SCC,BKL,6,2,0.9786821007728576,0.06263159609360108,0.9687732011079787,0
ISIC_0060376,MEL,MEL,4,4,0.9944327473640442,0.018050274263854894,0.9902068357914687,1
ISIC_0060403,MEL,BCC,4,1,0.9286588430404664,0.14701431481685792,0.8826038949191573,0
ISIC_0060480,AK,NV,0,5,0.7916205525398254,0.30636147631397703,0.6405371278524399,0
ISIC_0060629,MEL,MEL,4,4,0.9999918937683104,5.398147263014758e-05,0.9999875390317355,1
ISIC_0060668,NV,NV,5,5,0.5653865933418274,0.3329732953129043,0.13188964128494268,1
ISIC_0060684,BCC,BCC,1,1,0.9945313930511476,0.017626518587322153,0.9897141894325616,1
ISIC_0060703,MEL,BCC,4,1,0.9634335041046144,0.08073372156216177,0.9299474656581881,0
ISIC_0060817,MEL,MEL,4,4,0.9330779910087584,0.11858401581195385,0.8662735149264336,1
ISIC_0060835,NV,NV,5,5,0.9511414170265198,0.09384780940538681,0.9022836796939374,1
ISIC_0060842,BCC,BCC,1,1,0.9993072748184204,0.0028767799379638024,0.9986698759021239,1
ISIC_0060875,BKL,BKL,2,2,0.9984436631202698,0.005592874420118247,0.9968888522125781,1
ISIC_0060927,BCC,BCC,1,1,0.4774984717369079,0.5427244707547569,0.0777535736560821,1
ISIC_0060947,BCC,BKL,1,2,0.8181588649749756,0.24307425420111894,0.6419094204902649,0
ISIC_0060992,NV,NV,5,5,0.9766677618026732,0.05326188376466489,0.9533370286226273,1
ISIC_0061044,AK,SCC,0,6,0.9454644918441772,0.11726024077057395,0.9025212451815605,0
ISIC_0061114,BKL,BKL,2,2,0.8702020049095154,0.20625691053756515,0.7533494532108308,1
ISIC_0061163,MEL,MEL,4,4,0.6187705993652344,0.37551326984594036,0.2662057578563691,1
ISIC_0061169,NV,NV,5,5,0.900863230228424,0.18324476224367234,0.8196479454636573,1
ISIC_0061180,NV,NV,5,5,0.9985210299491882,0.005573695170111627,0.9971858211793007,1
ISIC_0061183,MEL,BCC,4,1,0.5052411556243896,0.4804500927490682,0.16337785124778748,0
ISIC_0061234,BCC,VASC,1,7,0.6944423317909241,0.4790737392772742,0.5430807322263718,0
ISIC_0061244,MEL,NV,4,5,0.7403051853179932,0.28544166787278163,0.48446255922317505,0
ISIC_0061266,NV,NV,5,5,0.9995716214179992,0.0019131614039237606,0.9992389119579457,1
ISIC_0061294,AK,BCC,0,1,0.5062375068664551,0.4732721988804257,0.13731014728546148,0
ISIC_0061322,SCC,AK,6,0,0.6717597842216492,0.4793450361363913,0.48338823020458227,0
ISIC_0061352,NV,BCC,5,1,0.5212650895118713,0.3568809038597176,0.05034130811691284,0
ISIC_0061395,NV,NV,5,5,0.8802661299705505,0.21552066980926657,0.7951269969344139,1
ISIC_0061402,BCC,BCC,1,1,0.9973958730697632,0.009602056905861116,0.9952812052797527,1
ISIC_0061429,NV,NV,5,5,0.8621929287910461,0.2306122258273364,0.7441323548555374,1
ISIC_0061497,BCC,BCC,1,1,0.4010608196258545,0.7440924069724851,0.1976145207881928,1
ISIC_0061574,NV,NV,5,5,0.7844830751419067,0.25609726754094325,0.5708534568548203,1
ISIC_0061595,MEL,NV,4,5,0.7041267156600952,0.2922847126281153,0.40830087661743164,0
ISIC_0061636,MEL,MEL,4,4,0.9934187531471252,0.019573649523529305,0.9870565733872354,1
ISIC_0061646,BKL,MEL,2,4,0.9575412273406982,0.09975593658072733,0.9333816394209863,0
ISIC_0061651,NV,MEL,5,4,0.5551283955574036,0.3710943154570384,0.13115605711936956,0
ISIC_0061679,BKL,BCC,2,1,0.5612292885780334,0.5292974176079384,0.27233317494392395,0
ISIC_0061705,MEL,NV,4,5,0.9936518669128418,0.01852300055176806,0.9873130037449301,0
ISIC_0061710,MEL,MEL,4,4,0.4881944358348846,0.4828794994727123,0.1282224059104919,1
ISIC_0061716,NV,NV,5,5,0.9900875687599182,0.028672940519923196,0.9814544497057797,1
ISIC_0061756,MEL,MEL,4,4,0.9088193774223328,0.18938534102572813,0.846731387078762,1
ISIC_0061761,MEL,MEL,4,4,0.8646357655525208,0.19278310256334835,0.7299514859914781,1
ISIC_0061807,NV,NV,5,5,0.9723852276802064,0.06347524696974563,0.9459609445184471,1
ISIC_0061830,SCC,BKL,6,2,0.8620111346244812,0.25990127609087926,0.7706219106912613,0
ISIC_0061847,NV,NV,5,5,0.8558428883552551,0.19839548966858023,0.7116954326629639,1
ISIC_0061909,BCC,BKL,1,2,0.4891091287136078,0.5420734555758432,0.14430508017539978,0
ISIC_0061913,NV,MEL,5,4,0.8291584849357605,0.23087609503177423,0.6626672595739365,0
ISIC_0061959,DF,BCC,3,1,0.5919023156166077,0.3960422694625585,0.22004958987236029,0
ISIC_0061996,NV,NV,5,5,0.9669947624206544,0.07221040570469353,0.9351736307144167,1
ISIC_0061997,MEL,MEL,4,4,0.9952602982521056,0.014548604422706068,0.9905420299619436,1
ISIC_0062036,AK,BKL,0,2,0.4423412978649139,0.6004204200350558,0.0931033194065094,0
ISIC_0062049,NV,NV,5,5,0.7091796398162842,0.32178840865769687,0.43254363536834717,1
ISIC_0062063,MEL,MEL,4,4,0.9688367247581482,0.06681143468867816,0.9376935176551343,1
ISIC_0062087,MEL,BKL,4,2,0.9822539687156676,0.04995540723853911,0.9707736838608979,0
ISIC_0062098,MEL,NV,4,5,0.4297636449337005,0.5246469870515983,0.14347931742668152,0
ISIC_0062120,NV,MEL,5,4,0.6514226794242859,0.5281785204689634,0.5313913971185685,0
ISIC_0062128,NV,NV,5,5,0.871509850025177,0.21796949629968343,0.7641187682747841,1
ISIC_0062137,NV,BKL,5,2,0.6584700345993042,0.4077294592946979,0.41528435051441204,0
ISIC_0062142,NV,MEL,5,4,0.6538771390914917,0.32835464338241865,0.3146501481533051,0
ISIC_0062197,NV,NV,5,5,0.9295693039894104,0.1430553730844666,0.8799175433814526,1
ISIC_0062221,NV,NV,5,5,0.9711031913757324,0.07280372369106354,0.955467963591218,1
ISIC_0062236,BCC,BCC,1,1,0.9919156432151794,0.02578152070798869,0.98568595899269,1
ISIC_0062240,BCC,BCC,1,1,0.9998151659965516,0.0009485658296132741,0.9997016075285502,1
ISIC_0062331,NV,NV,5,5,0.9786396026611328,0.054236846951248606,0.9596706405282021,1
ISIC_0062404,NV,NV,5,5,0.5427085161209106,0.40366057534278765,0.13144728541374207,1
ISIC_0062430,NV,NV,5,5,0.6561523079872131,0.33706768060144504,0.3236305117607117,1
ISIC_0062451,BCC,BCC,1,1,0.9969989061355592,0.011253888238017755,0.995218886062503,1
ISIC_0062548,NV,NV,5,5,0.9991605281829834,0.0032890290717428584,0.9983309471863322,1
ISIC_0062559,MEL,MEL,4,4,0.98635071516037,0.035069852255044956,0.9728201730176808,1
ISIC_0062561,BKL,MEL,2,4,0.5773653984069824,0.3284846347109279,0.15495583415031433,0
ISIC_0062615,BCC,BCC,1,1,0.906714916229248,0.19479619309791832,0.8618359751999378,1
ISIC_0062677,NV,NV,5,5,0.9912254214286804,0.025250810754268514,0.983042354695499,1
ISIC_0062679,NV,NV,5,5,0.9634586572647096,0.07558347055425799,0.9269666932523252,1
ISIC_0062682,BCC,DF,1,3,0.9595908522605896,0.10529877765601878,0.9418255146592855,0
ISIC_0062688,MEL,BKL,4,2,0.8138123750686646,0.3260946409170454,0.7264307886362077,0
ISIC_0062715,NV,NV,5,5,0.5143977403640747,0.3564000208353393,0.03865760564804083,1
ISIC_0062750,NV,NV,5,5,0.8412051796913147,0.24143275943149242,0.7033447325229645,1
ISIC_0062843,BCC,BCC,1,1,0.9948295950889589,0.018146727240986597,0.9913179413415494,1
ISIC_0062892,NV,NV,5,5,0.9798038005828856,0.048000327796613215,0.9597838893532752,1
ISIC_0062983,MEL,MEL,4,4,0.9022898077964784,0.1641257021714531,0.8101151064038278,1
ISIC_0063001,BKL,BKL,2,2,0.9160750508308412,0.1462880821525896,0.8360293135046961,1
ISIC_0063040,NV,NV,5,5,0.7155696153640747,0.2901363458173536,0.4320453703403473,1
ISIC_0063097,BCC,BCC,1,1,0.9997407793998718,0.0012450859249128522,0.9995959715597565,1
ISIC_0063109,MEL,MEL,4,4,0.999980092048645,0.00012094914495419,0.9999684326139686,1
ISIC_0063212,NV,NV,5,5,0.924124002456665,0.12925230393107187,0.8482672870159149,1
ISIC_0063269,BCC,BCC,1,1,0.8648210763931274,0.19213254788232415,0.7301079332828522,1
ISIC_0063373,MEL,MEL,4,4,0.8830121755599976,0.1834605982013254,0.7703103870153427,1
ISIC_0063377,NV,NV,5,5,0.9863631129264832,0.0346792540092142,0.9727262780070306,1
ISIC_0063492,MEL,MEL,4,4,0.5156124234199524,0.5054958338723805,0.18529871106147772,1
ISIC_0063495,NV,NV,5,5,0.7536001801490784,0.3492885326358441,0.5739038735628128,1
ISIC_0063518,NV,NV,5,5,0.6685309410095215,0.3148014184016634,0.3401595652103424,1
ISIC_0063542,BKL,MEL,2,4,0.9841522574424744,0.04208016702502594,0.9698372008278967,0
ISIC_0063603,NV,NV,5,5,0.6040350794792175,0.3409138330560515,0.2155611217021942,1
ISIC_0063607,NV,NV,5,5,0.7965410351753235,0.25227022178703945,0.596711203455925,1
ISIC_0063680,MEL,BKL,4,2,0.6135280132293701,0.35659464350166914,0.2428552210330963,0
ISIC_0063802,BCC,BCC,1,1,0.5527562499046326,0.39606298845872456,0.13876098394393926,1
ISIC_0063834,NV,MEL,5,4,0.8601693511009216,0.22672761436230537,0.7414620891213417,0
ISIC_0063897,MEL,MEL,4,4,0.994209885597229,0.01797566709552036,0.9889105930924416,1
ISIC_0063946,MEL,MEL,4,4,0.7778810858726501,0.32184625745799583,0.6253043860197067,1
ISIC_0063948,NV,NV,5,5,0.8018721342086792,0.23973152150518312,0.6038236916065216,1
ISIC_0064028,NV,NV,5,5,0.6958205699920654,0.4056732294850024,0.45628893375396734,1
ISIC_0064080,MEL,BCC,4,1,0.6746074557304382,0.40408545246239497,0.4606679081916809,0
ISIC_0064090,SCC,SCC,6,6,0.9999895095825196,6.779511257372355e-05,0.9999852681776248,1
ISIC_0064128,BCC,BCC,1,1,0.9980536699295044,0.006988147150546424,0.9961898950859905,1
ISIC_0064179,BCC,BCC,1,1,0.9149965643882751,0.1863903108688662,0.8708000108599664,1
ISIC_0064219,NV,NV,5,5,0.5696222186088562,0.3995439510207617,0.1796532571315766,1
ISIC_0064267,SCC,BCC,6,1,0.9366722106933594,0.1426634276232303,0.8936268128454685,0
ISIC_0064322,AK,SCC,0,6,0.7958393096923828,0.31375398483897293,0.6679362952709198,0
ISIC_0064339,MEL,MEL,4,4,0.9022898077964784,0.1641257021714531,0.8101151064038278,1
ISIC_0064349,MEL,MEL,4,4,0.9979935884475708,0.00796918101667891,0.9968894049525261,1
ISIC_0064378,BKL,BKL,2,2,1.0,3.0429488939551323e-07,0.9999999643811428,1
ISIC_0064386,SCC,BKL,6,2,0.4245772063732147,0.5746513537311588,0.10782334208488464,0
ISIC_0064398,BKL,BKL,2,2,0.9819153547286988,0.04607755114389024,0.9651192724704745,1
ISIC_0064413,DF,MEL,3,4,0.458759069442749,0.5876406862147715,0.11043453216552734,0
ISIC_0064414,NV,NV,5,5,0.8907252550125122,0.17234134241496993,0.7843432947993279,1
ISIC_0064502,DF,NV,3,5,0.4765301048755646,0.5387634068003785,0.12857350707054138,0
ISIC_0064561,NV,NV,5,5,0.9758061170578004,0.06258611750677373,0.9601869583129884,1
ISIC_0064648,NV,BKL,5,2,0.5159472823143005,0.37553821490589545,0.05345514416694641,0
ISIC_0064676,MEL,BCC,4,1,0.8883361220359802,0.18840994836826705,0.7890561372041702,0
ISIC_0064688,NV,BCC,5,1,0.8818897008895874,0.23793956516997658,0.8182548806071281,0
ISIC_0064694,MEL,MEL,4,4,0.5859302282333374,0.4577146689698743,0.3259252905845642,1
ISIC_0064754,BCC,AK,1,0,0.8721429109573364,0.26251583278926394,0.8092728182673454,0
ISIC_0064800,MEL,MEL,4,4,0.728460431098938,0.3251272382213164,0.4796442091464997,1
ISIC_0064821,MEL,MEL,4,4,0.9999276399612428,0.00039656967605601975,0.9998786023934373,1
ISIC_0064832,BCC,BCC,1,1,0.9843150973320008,0.050239767227662366,0.9788258112967015,1
ISIC_0064930,DF,NV,3,5,0.4227499961853027,0.6981489361222444,0.16508406400680536,0
ISIC_0064943,MEL,SCC,4,6,0.8024855256080627,0.24519624431814552,0.6073584109544754,0
ISIC_0064986,MEL,MEL,4,4,0.9921971559524536,0.023250157947232362,0.9851359962485731,1
ISIC_0065077,BCC,NV,1,5,0.4824927449226379,0.6335045470823433,0.2624526917934418,0
ISIC_0065203,AK,AK,0,0,0.8507274389266968,0.29936272740440556,0.7951068878173829,1
ISIC_0065204,NV,BCC,5,1,0.5368471145629883,0.36608480490669937,0.09004327654838568,0
ISIC_0065211,BKL,BKL,2,2,0.9975762963294984,0.008212587495449371,0.9951608330011369,1
ISIC_0065227,BCC,DF,1,3,0.95500910282135,0.11060810979923243,0.9266728274524211,0
ISIC_0065261,NV,NV,5,5,0.8475841283798218,0.21879740601456227,0.7020120471715927,1
ISIC_0065293,BCC,BCC,1,1,0.9926088452339172,0.026693376607776355,0.9906572496984154,1
ISIC_0065300,BKL,BKL,2,2,0.5434107780456543,0.5795193464343391,0.377679854631424,1
ISIC_0065313,MEL,BCC,4,1,0.9902751445770264,0.03022439551275887,0.9842235213145614,0
ISIC_0065325,NV,NV,5,5,0.9751999974250792,0.05587705543836831,0.9504018817096949,1
ISIC_0065343,SCC,SCC,6,6,0.9804350137710572,0.057000527320954064,0.971182360313833,1
ISIC_0065358,NV,NV,5,5,0.9916463494300842,0.023420968160137088,0.9833633080124855,1
ISIC_0065380,NV,NV,5,5,0.97037672996521,0.0659493396368277,0.9415281899273396,1
ISIC_0065417,MEL,MEL,4,4,0.8747719526290894,0.18209148633824623,0.7497298270463943,1
ISIC_0065422,BCC,NV,1,5,0.9006622433662415,0.18039424737130585,0.8162305504083633,0
ISIC_0065491,SCC,SCC,6,6,0.7337601780891418,0.30007875953486357,0.47618612647056585,1
ISIC_0065518,MEL,MEL,4,4,0.954977571964264,0.08832163496658871,0.9099623635411265,1
ISIC_0065521,MEL,BCC,4,1,0.5776805877685547,0.5210725401339219,0.2988775670528412,0
ISIC_0065550,MEL,MEL,4,4,0.995996594429016,0.012917825318987037,0.992157831788063,1
ISIC_0065552,AK,MEL,0,4,0.7796593904495239,0.28757466404946297,0.574677899479866,0
ISIC_0065598,MEL,MEL,4,4,0.7717296481132507,0.27778390852605417,0.5532013475894928,1
ISIC_0065629,BKL,BKL,2,2,0.9973130822181702,0.00946322812555397,0.9949907667469233,1
ISIC_0065689,NV,NV,5,5,0.8348783254623413,0.26616371523053634,0.7240752205252649,1
ISIC_0065713,NV,NV,5,5,0.7939426302909851,0.25676304709032505,0.5932025015354156,1
ISIC_0065724,AK,AK,0,0,0.5616455078125,0.3795839584261993,0.14751407504081732,1
ISIC_0065728,MEL,MEL,4,4,1.0,5.8652354943886984e-08,0.9999999958261778,1
ISIC_0065742,MEL,MEL,4,4,0.4777938723564148,0.5576538265533064,0.1822815239429474,1
ISIC_0065813,MEL,MEL,4,4,0.9999722242355348,0.0001609766689286484,0.999949706327243,1
ISIC_0065826,BCC,AK,1,0,0.9387537837028505,0.1118034360257674,0.8777961991727353,0
ISIC_0065845,NV,NV,5,5,0.9745815992355348,0.06589609490236313,0.9609488220885398,1
ISIC_0065874,BCC,NV,1,5,0.9077906012535096,0.19076558323928952,0.8589218184351922,0
ISIC_0065883,MEL,MEL,4,4,0.9401806592941284,0.11783915439792522,0.8856689333915712,1
ISIC_0065893,BCC,BCC,1,1,0.999525785446167,0.001979083297656111,0.9990529316710309,1
ISIC_0065918,MEL,MEL,4,4,0.4785221517086029,0.5066846544476545,0.21218445897102362,1
ISIC_0065944,MEL,BCC,4,1,0.9980654120445251,0.007538212679698165,0.9967591796303168,0
ISIC_0065966,BKL,BCC,2,1,0.6222981214523315,0.45166192133255445,0.36389702558517456,0
ISIC_0066002,DF,DF,3,3,0.9987493753433228,0.004844383287948469,0.9976092784199865,1
ISIC_0066040,BCC,BCC,1,1,0.999891757965088,0.0005783081479627284,0.9998325517044578,1
ISIC_0066042,NV,NV,5,5,0.9241417050361632,0.12913934948159608,0.8482835367321967,1
ISIC_0066064,NV,NV,5,5,0.859836757183075,0.19748656135633297,0.7205645889043808,1
ISIC_0066072,BKL,MEL,2,4,0.9685052037239076,0.0747296220256071,0.9412446338683369,0
ISIC_0066087,NV,NV,5,5,0.9176202416419984,0.13785858099447632,0.8355380445718767,1
ISIC_0066121,BCC,BCC,1,1,0.9644759893417358,0.08733841914471625,0.9407515227794647,1
ISIC_0066213,MEL,MEL,4,4,0.7693357467651367,0.2645956202500463,0.5401368886232376,1
ISIC_0066224,BCC,BCC,1,1,0.9999111890792848,0.000487683258421552,0.9998666712162959,1
ISIC_0066255,NV,NV,5,5,0.7278958559036255,0.281965347986113,0.4559010267257691,1
ISIC_0066256,BKL,BKL,2,2,0.5256437063217163,0.34283320454306354,0.05445975065231323,1
ISIC_0066279,NV,MEL,5,4,0.6125483512878418,0.32474071624375356,0.2262189686298371,0
ISIC_0066310,BCC,VASC,1,7,0.684153139591217,0.3753134090262069,0.412015825510025,0
ISIC_0066315,AK,BKL,0,2,0.609334409236908,0.47482068333020094,0.33361092209815985,0
ISIC_0066364,NV,MEL,5,4,0.6255812644958496,0.32151810040329626,0.2520296573638916,0
ISIC_0066379,MEL,NV,4,5,0.9945302605628968,0.01632657169286954,0.989060988649726,0
ISIC_0066413,DF,NV,3,5,0.8817987442016602,0.22878976756870312,0.8209655433893205,0
ISIC_0066421,MEL,MEL,4,4,0.9996559619903564,0.0016287431362644708,0.9994768137985376,1
ISIC_0066424,NV,NV,5,5,0.998923361301422,0.004066521038736089,0.9978500586003064,1
ISIC_0066491,SCC,SCC,6,6,0.9999966621398926,2.316282394141002e-05,0.9999944520209283,1
ISIC_0066508,NV,NV,5,5,0.6048887372016907,0.33898139838992764,0.2158657610416413,1
ISIC_0066604,NV,NV,5,5,0.9593111276626588,0.08350856957218872,0.9192488901317121,1
ISIC_0066639,BCC,BCC,1,1,0.968696355819702,0.06746624754421526,0.9375576619058846,1
ISIC_0066656,SCC,SCC,6,6,0.3367151319980621,0.7335779943129582,0.06852445006370539,1
ISIC_0066661,NV,NV,5,5,0.7167655229568481,0.30223038576877875,0.44042778015136724,1
ISIC_0066672,NV,NV,5,5,0.8509284853935242,0.20269241826082313,0.701899528503418,1
ISIC_0066698,BCC,BCC,1,1,0.9214367270469666,0.17527101952028298,0.8753815405070783,1
ISIC_0066733,MEL,NV,4,5,0.629377007484436,0.4421121119305595,0.35868531465530396,0
ISIC_0066801,SCC,BCC,6,1,0.8265004754066467,0.3454934553419739,0.7514780983328819,0
ISIC_0066823,BCC,BCC,1,1,0.593241274356842,0.5474791081102945,0.39684540033340454,1
ISIC_0067000,BCC,BCC,1,1,0.9943019151687622,0.02106883579753623,0.9921607398428023,1
ISIC_0067020,BCC,BKL,1,2,0.9316617846488952,0.15696173307136177,0.902120230719447,0
ISIC_0067039,BKL,MEL,2,4,0.679149329662323,0.3019745224258167,0.3583419024944306,0
ISIC_0067068,NV,NV,5,5,0.9566181898117064,0.10949255279196583,0.9377840720117091,1
ISIC_0067078,AK,AK,0,0,0.948028564453125,0.10718824828065274,0.9019223749637604,1
ISIC_0067079,BCC,BCC,1,1,0.8932691216468811,0.23467895913194312,0.8580878861248494,1
ISIC_0067080,BCC,BCC,1,1,0.9045064449310304,0.2118271740369183,0.8558619916439058,1
ISIC_0067100,AK,AK,0,0,0.9951602816581726,0.01576136130120233,0.9910773714073003,1
ISIC_0067117,BKL,BKL,2,2,0.9992092847824096,0.003186087305062834,0.9984612466068937,1
ISIC_0067126,MEL,MEL,4,4,0.999994158744812,3.781311030324895e-05,0.9999887787239459,1
ISIC_0067155,NV,NV,5,5,0.987824559211731,0.03489509113840688,0.9783461103215815,1
ISIC_0067218,AK,BKL,0,2,0.6099902391433716,0.46406852883650695,0.3611132949590684,0
ISIC_0067226,NV,BCC,5,1,0.6157848834991455,0.332851831215209,0.2364108264446259,0
ISIC_0067266,AK,BKL,0,2,0.3601918220520019,0.650513050375541,0.0007027983665465753,0
ISIC_0067284,MEL,AK,4,0,0.994252860546112,0.01882265254526614,0.9903832129202782,0
ISIC_0067297,AK,MEL,0,4,0.4824413955211639,0.5403276790322039,0.1267113983631134,0
ISIC_0067337,BCC,AK,1,0,0.9463725090026855,0.13438193347604327,0.9263437818735838,0
ISIC_0067492,BCC,BCC,1,1,0.8890902996063232,0.22251889072661657,0.8161093220114708,1
ISIC_0067512,MEL,BKL,4,2,0.5050162076950073,0.5158072742923837,0.17895320057868963,0
ISIC_0067526,NV,DF,5,3,0.9877238273620604,0.03197365930161715,0.9754829835146666,0
ISIC_0067609,NV,NV,5,5,0.8740531802177429,0.18220331609795012,0.7481338828802109,1
ISIC_0067613,NV,MEL,5,4,0.9261853694915771,0.12711965536569023,0.8524985164403915,0
ISIC_0067645,NV,NV,5,5,0.9615322351455688,0.07841645428022095,0.9230661056935787,1
ISIC_0067649,NV,NV,5,5,0.9316630363464355,0.13413823629432955,0.8739362582564354,1
ISIC_0067694,MEL,MEL,4,4,0.9999364614486694,0.00034954829917151437,0.9998900785212754,1
ISIC_0067703,NV,NV,5,5,0.5097612738609314,0.3332778536371033,0.019528627395629883,1
ISIC_0067770,BCC,BCC,1,1,0.9621815085411072,0.07941974755547739,0.9251640141010284,1
ISIC_0067771,NV,NV,5,5,0.9818706512451172,0.043622319304217366,0.963746014982462,1
ISIC_0067784,BCC,BCC,1,1,0.6446552872657776,0.5248120247857897,0.5024890452623367,1
ISIC_0067794,NV,NV,5,5,0.9916293025016784,0.024611923079929487,0.9840876362286508,1
ISIC_0067797,NV,BCC,5,1,0.956887423992157,0.09125812236470231,0.9167700000107288,0
ISIC_0067812,BCC,BCC,1,1,0.8008104562759399,0.31807760835895876,0.688335157930851,1
ISIC_0067821,MEL,MEL,4,4,0.999990701675415,6.0504818805255845e-05,0.9999855780583857,1
ISIC_0067896,MEL,MEL,4,4,0.5934056043624878,0.37698140017464765,0.2087746262550354,1
ISIC_0067937,NV,MEL,5,4,0.8232471942901611,0.22471100936990748,0.6465930193662643,0
ISIC_0067965,NV,NV,5,5,0.9636382460594176,0.09546310207763202,0.9466315582394599,1
ISIC_0068086,AK,BKL,0,2,0.9868130683898926,0.0392581141722802,0.9787927288562059,0
ISIC_0068098,NV,NV,5,5,0.9997708201408386,0.001101620440223523,0.9995968243019888,1
ISIC_0068115,MEL,MEL,4,4,0.999826967716217,0.0008822734500877281,0.9997274342676974,1
ISIC_0068119,MEL,MEL,4,4,0.9993261098861694,0.003006103157634278,0.998933412396582,1
ISIC_0068138,BCC,AK,1,0,0.744321882724762,0.4130554412160092,0.6391661688685417,0
ISIC_0068181,BKL,BKL,2,2,0.9988330006599426,0.004968087597895472,0.9983190756756813,1
ISIC_0068228,NV,BCC,5,1,0.9914299845695496,0.028031849221822818,0.9868922424502672,0
ISIC_0068251,NV,MEL,5,4,0.7876653075218201,0.24985959537793004,0.575668066740036,0
ISIC_0068293,NV,MEL,5,4,0.6068214178085327,0.4167081046879107,0.2920066118240357,0
ISIC_0068302,BCC,BCC,1,1,0.9888179302215576,0.033321350418431504,0.9809827841818333,1
ISIC_0068309,MEL,MEL,4,4,0.997107207775116,0.010580524879378515,0.9951520257163794,1
ISIC_0068310,MEL,MEL,4,4,0.4210757911205292,0.5426731594437141,0.019282430410385187,1
ISIC_0068343,MEL,MEL,4,4,0.9880383014678956,0.03118112585112531,0.9760772101581098,1
ISIC_0068379,NV,MEL,5,4,0.8250757455825806,0.22493633522020634,0.650774046778679,0
ISIC_0068399,BCC,NV,1,5,0.913156270980835,0.14537241433959114,0.8275533393025398,0
ISIC_0068484,VASC,VASC,7,7,0.9986466765403748,0.005664938631061601,0.9980921789538115,1
ISIC_0068489,BCC,MEL,1,4,0.4204179644584656,0.5926317185221658,0.1430808603763581,0
ISIC_0068511,NV,NV,5,5,0.9076566100120544,0.14916933120780648,0.8156552240252495,1
ISIC_0068538,NV,NV,5,5,0.9168630242347716,0.16135714720068817,0.8568599633872508,1
ISIC_0068586,MEL,MEL,4,4,0.96510511636734,0.07285265016892346,0.9302247315645217,1
ISIC_0068721,MEL,NV,4,5,0.7410568594932556,0.2777495492242998,0.4829458296298981,0
ISIC_0068793,BCC,BCC,1,1,0.995153546333313,0.015351592365142499,0.9906342076137663,1
ISIC_0068855,NV,BCC,5,1,0.9887423515319824,0.030132577757190714,0.9776722667738796,0
ISIC_0068862,BCC,BCC,1,1,0.9768434762954712,0.06089356784865712,0.9582028761506081,1
ISIC_0068869,BCC,BCC,1,1,0.9947739243507384,0.016704656364020548,0.9900487423874437,1
ISIC_0068982,NV,NV,5,5,0.9674063920974731,0.06909911393110599,0.9348167814314365,1
ISIC_0069003,MEL,MEL,4,4,0.6255781054496765,0.4252564826921775,0.3544100522994995,1
ISIC_0069043,AK,BKL,0,2,0.9191468954086304,0.13884396130239207,0.8397684171795846,0
ISIC_0069068,MEL,BKL,4,2,0.8352818489074707,0.2797593975641106,0.7261438593268394,0
ISIC_0069127,NV,NV,5,5,0.9792704582214355,0.04974772341018396,0.9590255841612817,1
ISIC_0069160,NV,NV,5,5,0.988078773021698,0.034371685570786736,0.9787994036450983,1
ISIC_0069184,BCC,BCC,1,1,0.792992889881134,0.35394677708176137,0.7031484320759773,1
ISIC_0069198,BKL,BKL,2,2,0.97896546125412,0.05587447567828825,0.9625437278300526,1
ISIC_0069213,NV,NV,5,5,0.9003939032554626,0.19867588730174796,0.8458969444036485,1
ISIC_0069282,AK,BKL,0,2,0.897578239440918,0.21249044553113963,0.8312754854559898,0
ISIC_0069334,NV,NV,5,5,0.8210282921791077,0.226034657211252,0.6420758366584779,1
ISIC_0069363,NV,NV,5,5,0.9927774667739868,0.020719875638145407,0.9856009148061277,1
ISIC_0069365,MEL,MEL,4,4,0.6135897636413574,0.38268168552714216,0.2626085579395294,1
ISIC_0069570,NV,NV,5,5,0.9257619976997375,0.1272177506029658,0.8515311628580093,1
ISIC_0069610,NV,BCC,5,1,0.5795501470565796,0.5218179795077474,0.3095073997974396,0
ISIC_0069617,MEL,BCC,4,1,0.8166083693504333,0.27292708646482244,0.6684727072715759,0
ISIC_0069642,BKL,BKL,2,2,0.9960063099861144,0.012930962745133097,0.9921750002540647,1
ISIC_0069663,BKL,AK,2,0,0.8411737084388733,0.3037712488899386,0.7819985821843148,0
ISIC_0069678,NV,NV,5,5,0.7930406332015991,0.30608235570261727,0.6469147950410843,1
ISIC_0069687,NV,NV,5,5,0.8811846375465393,0.19832733443714637,0.7787808775901796,1
ISIC_0069700,NV,MEL,5,4,0.7373045086860657,0.27970604675762784,0.47543540596961975,0
ISIC_0069719,AK,BCC,0,1,0.3478343486785888,0.7486333148917022,0.14395129680633542,0
ISIC_0069724,BCC,SCC,1,6,0.7757874131202698,0.33271746837280186,0.6053695380687714,0
ISIC_0069763,BKL,BKL,2,2,0.7617818713188171,0.38557910953751295,0.6135257035493851,1
ISIC_0069793,NV,NV,5,5,0.9775451421737672,0.05440735018298552,0.9563660770654681,1
ISIC_0069816,NV,NV,5,5,0.9869001507759094,0.03602227264924932,0.9754105312749745,1
ISIC_0069839,NV,NV,5,5,0.74657142162323,0.3464837030449766,0.5502891391515732,1
ISIC_0069843,BCC,AK,1,0,0.514403760433197,0.3564357349818675,0.03679609298706055,0
ISIC_0069856,BCC,BCC,1,1,0.9977559447288512,0.008086051196927676,0.9957725584972649,1
ISIC_0069906,AK,BKL,0,2,0.9590179920196532,0.10028421870660602,0.9376643486320972,0
ISIC_0069921,NV,MEL,5,4,0.6951660513877869,0.34000539733493834,0.41647931933403015,0
ISIC_0069949,SCC,BCC,6,1,0.9072113633155824,0.18423914142440231,0.8357354998588564,0
ISIC_0069956,BCC,SCC,1,6,0.5905798077583313,0.5002290397977871,0.305551290512085,0
ISIC_0070012,MEL,MEL,4,4,0.9982004165649414,0.006902022925508513,0.9967823228798807,1
ISIC_0070035,SCC,BCC,6,1,0.50187087059021,0.5921653080573666,0.17815494537353516,0
ISIC_0070042,NV,NV,5,5,0.6237673163414001,0.4416705377246502,0.3978537619113922,1
ISIC_0070096,BCC,BCC,1,1,0.855028510093689,0.2627448266798422,0.757586270570755,1
ISIC_0070104,NV,NV,5,5,0.6333533525466919,0.3164242770417353,0.2667965590953827,1
ISIC_0070131,BCC,BCC,1,1,0.997619330883026,0.008997990627449177,0.9961311428342015,1
ISIC_0070165,BCC,BCC,1,1,0.9998855590820312,0.0005962795115403291,0.9997987393726362,1
ISIC_0070170,MEL,MEL,4,4,0.998884618282318,0.004330101232840865,0.9978403066052123,1
ISIC_0070187,BKL,MEL,2,4,0.9981016516685486,0.007058273391966956,0.9965105146402494,0
ISIC_0070198,MEL,MEL,4,4,0.9997673630714417,0.0012005940902433735,0.9996948310654261,1
ISIC_0070245,BKL,BKL,2,2,0.9995183944702148,0.0020053927333164236,0.9990380978561008,1
ISIC_0070252,NV,MEL,5,4,0.5924332141876221,0.32657768219492395,0.18526020646095276,0
ISIC_0070266,BCC,BCC,1,1,0.9566746950149536,0.08782030094249738,0.914145864546299,1
ISIC_0070285,MEL,MEL,4,4,0.8895184397697449,0.17223984958988098,0.7811852619051933,1
ISIC_0070312,BCC,BCC,1,1,0.4001353979110718,0.5632545985459183,0.09809735417366028,1
ISIC_0070315,BCC,BCC,1,1,0.7711767554283142,0.4128816447646448,0.7097623683512211,1
ISIC_0070322,NV,BCC,5,1,0.9537051320075988,0.1026336084115662,0.9174412153661251,0
ISIC_0070376,BCC,BCC,1,1,0.9765118360519408,0.05635436410524081,0.9542964790016412,1
ISIC_0070438,NV,NV,5,5,0.9977171421051024,0.008401490510193376,0.9960240380605683,1
ISIC_0070467,BKL,MEL,2,4,0.8766645193099976,0.2166216474210412,0.7779205217957497,0
ISIC_0070472,BCC,BCC,1,1,0.9975593090057372,0.008989054650147961,0.9955588080920278,1
ISIC_0070487,BCC,BCC,1,1,0.9988393187522888,0.0047510328635992655,0.9979452394181864,1
ISIC_0070492,BCC,BCC,1,1,0.9342361092567444,0.1316351176621823,0.8758958876132966,1
ISIC_0070597,NV,NV,5,5,0.8478135466575623,0.21191058627219947,0.6981655657291412,1
ISIC_0070620,BCC,BCC,1,1,0.7914459109306335,0.37517510522451153,0.6711358204483986,1
ISIC_0070680,DF,DF,3,3,0.6057948470115662,0.4475721924782595,0.34626150131225586,1
ISIC_0070684,BCC,MEL,1,4,0.5186291337013245,0.5004864431658692,0.13170826435089117,0
ISIC_0070691,AK,BCC,0,1,0.999357044696808,0.002736892129785784,0.998798891727347,0
ISIC_0070751,BCC,BCC,1,1,0.9885135293006896,0.03640898871556502,0.981574110686779,1
ISIC_0070752,MEL,NV,4,5,0.65835040807724,0.3092449139529408,0.3168027102947235,0
ISIC_0070775,BKL,MEL,2,4,0.8319593667984009,0.27383123567297696,0.746636725962162,0
ISIC_0070884,NV,NV,5,5,0.9455147981643676,0.1026552737474191,0.8913324847817421,1
ISIC_0070893,NV,MEL,5,4,0.9407208561897278,0.11845462432268042,0.8882673196494579,0
ISIC_0070903,NV,BCC,5,1,0.5365771055221558,0.3553007492317471,0.08296543359756475,0
ISIC_0070968,MEL,MEL,4,4,0.9151149392127992,0.141147987394737,0.8306583911180498,1
ISIC_0071003,BCC,BCC,1,1,0.8567951321601868,0.23090152545852338,0.7301879227161407,1
ISIC_0071044,VASC,VASC,7,7,0.8030388951301575,0.2418168993028873,0.6070129573345184,1
ISIC_0071068,NV,BCC,5,1,0.7548595666885376,0.2681781271128008,0.5097925513982773,0
ISIC_0071101,MEL,NV,4,5,0.7511165738105774,0.27076627842579,0.5024551749229432,0
ISIC_0071121,NV,BCC,5,1,0.8764017224311829,0.19619304571171678,0.7594042122364044,0
ISIC_0071138,MEL,AK,4,0,0.9333075284957886,0.128099602262505,0.8719892241060735,0
ISIC_0071140,BKL,BKL,2,2,0.9417057037353516,0.12601965485017838,0.899842318147421,1
ISIC_0071153,NV,NV,5,5,0.9407749772071838,0.10819146584279613,0.8815656565129757,1
ISIC_0071213,AK,NV,0,5,0.530156135559082,0.48887947240140683,0.22690001130104065,0
ISIC_0071292,NV,BCC,5,1,0.6160070896148682,0.4775288700558465,0.3915930241346359,0
ISIC_0071314,MEL,BCC,4,1,0.6347984671592712,0.39123262765925837,0.31057509779930115,0
ISIC_0071347,BCC,NV,1,5,0.5177279114723206,0.46887606356357914,0.12386128306388855,0
ISIC_0071384,BCC,BCC,1,1,0.7073970437049866,0.4462171846500126,0.5516987293958665,1
ISIC_0071385,BCC,BCC,1,1,0.7655287384986877,0.2781895501589875,0.5374640673398972,1
ISIC_0071497,NV,NV,5,5,0.9932208061218262,0.019704455484383095,0.986502343788743,1
ISIC_0071516,NV,BCC,5,1,0.8369021415710449,0.29372732202021623,0.7495505288243294,0
ISIC_0071586,MEL,MEL,4,4,0.9960164427757264,0.012600724437345329,0.9920711871236564,1
ISIC_0071618,NV,BKL,5,2,0.5826858878135681,0.5487341965441329,0.3531618714332581,0
ISIC_0071651,MEL,BCC,4,1,0.9881315231323242,0.03349655455810044,0.9774295808747411,0
ISIC_0071726,MEL,MEL,4,4,0.984339714050293,0.04204256782439952,0.9704624423757195,1
ISIC_0071787,VASC,VASC,7,7,0.9986959099769592,0.005065895704115587,0.9975669530685991,1
ISIC_0071797,MEL,MEL,4,4,0.9999966621398926,2.3359554074925238e-05,0.9999947466374124,1
ISIC_0071841,NV,BCC,5,1,0.9507620930671692,0.09937728506435503,0.9036109782755375,0
ISIC_0071842,NV,NV,5,5,0.999901533126831,0.0004840990390394488,0.999803151935339,1
ISIC_0071946,AK,AK,0,0,0.9942856431007384,0.018965512211471174,0.9913301509805024,1
ISIC_0071953,AK,SCC,0,6,0.5156028270721436,0.5306292768256525,0.14747780561447144,0
ISIC_0071959,MEL,MEL,4,4,0.999293327331543,0.003170705188139655,0.9989649064664263,1
ISIC_0071990,NV,NV,5,5,0.9993637204170228,0.0027199928252069107,0.998868254304398,1
ISIC_0072011,NV,BCC,5,1,0.6947935223579407,0.3107790976254486,0.39596652984619146,0
ISIC_0072021,MEL,MEL,4,4,0.9318493008613586,0.1368804398753209,0.8739981018006803,1
ISIC_0072045,DF,BCC,3,1,0.987250030040741,0.03969172369264447,0.9810738218948246,0
ISIC_0072060,BCC,BCC,1,1,0.9426954984664916,0.1112297648505957,0.8877167627215385,1
ISIC_0072081,NV,MEL,5,4,0.9064931869506836,0.14997360339052837,0.8131627812981606,0
ISIC_0072087,MEL,MEL,4,4,0.8362540006637573,0.2659807431985927,0.7080102860927582,1
ISIC_0072100,NV,BCC,5,1,0.9763224124908448,0.055711545380323864,0.9535401929169894,0
ISIC_0072203,NV,NV,5,5,0.6200458407402039,0.3361040735944726,0.24689567089080816,1
ISIC_0072265,AK,BCC,0,1,0.9981985688209534,0.007283246594771754,0.99720470700413,0
ISIC_0072271,MEL,NV,4,5,0.5436998605728149,0.3462214393723661,0.09295684099197393,0
ISIC_0072294,MEL,NV,4,5,0.992479681968689,0.022117693090287185,0.9854165115393698,0
ISIC_0072363,MEL,MEL,4,4,0.9986140727996826,0.005725612937348485,0.9977735319407657,1
ISIC_0072367,NV,NV,5,5,0.9933909177780152,0.019262298164380767,0.9868269651196898,1
ISIC_0072453,BCC,BCC,1,1,0.9838855266571044,0.043300953191558536,0.9696857202798128,1
ISIC_0072455,BCC,BKL,1,2,0.625935435295105,0.48413354897648664,0.4062114357948304,0
ISIC_0072461,BCC,DF,1,3,0.9053745269775392,0.16783388968156784,0.82083198428154,0
ISIC_0072492,BCC,BCC,1,1,0.9964524507522584,0.01236879176015731,0.9936754014343026,1
ISIC_0072505,BCC,BKL,1,2,0.7362060546875,0.38001861172589363,0.5301655977964402,0
ISIC_0072531,MEL,BCC,4,1,0.7591862082481384,0.28824645856567577,0.5276475101709366,0
ISIC_0072553,NV,NV,5,5,0.9476682543754578,0.10429795952949249,0.897834524512291,1
ISIC_0072579,NV,NV,5,5,0.9983355402946472,0.0065453487863158365,0.9975146995857358,1
ISIC_0072583,BCC,BCC,1,1,0.9993628859519958,0.0028439007037325457,0.9989663201558869,1
ISIC_0072585,MEL,MEL,4,4,0.7579785585403442,0.36412001837489255,0.5858514457941055,1
ISIC_0072614,BKL,BKL,2,2,0.9302034378051758,0.14498181032284266,0.8945557400584222,1
ISIC_0072627,NV,MEL,5,4,0.8873987793922424,0.19797531984469738,0.7998769506812097,0
ISIC_0072641,MEL,NV,4,5,0.6277318000793457,0.4592496560689334,0.3629696667194367,0
ISIC_0072687,NV,NV,5,5,0.9311566948890686,0.1549551080655215,0.8978303112089634,1
ISIC_0072697,BCC,VASC,1,7,0.8557277917861938,0.2667403537125088,0.7615747973322868,0
ISIC_0072752,BKL,MEL,2,4,0.9456200003623962,0.12423763408585618,0.9169529899954796,0
ISIC_0072820,MEL,MEL,4,4,0.9999606609344482,0.00022752031091475915,0.999934024815957,1
ISIC_0072834,BKL,BKL,2,2,0.8714829087257385,0.18938157622700247,0.7449491918087006,1
ISIC_0072848,NV,NV,5,5,0.8124462962150574,0.23397077118377477,0.6254105269908906,1
ISIC_0072857,BCC,BCC,1,1,0.9998990297317504,0.0005357021827654319,0.999822185774974,1
ISIC_0072917,MEL,NV,4,5,0.966379165649414,0.07087913104560215,0.9327907487750052,0
ISIC_0072928,BKL,BKL,2,2,0.9934234619140624,0.020626781107804453,0.9880868308246135,1
ISIC_0073018,MEL,MEL,4,4,0.4881944358348846,0.4828794994727123,0.1282224059104919,1
ISIC_0073020,NV,MEL,5,4,0.6639341115951538,0.3134996662319539,0.3300870954990387,0
ISIC_0073033,BCC,BCC,1,1,0.9964305758476256,0.011783859446603262,0.9930081441998482,1
ISIC_0073071,BCC,BCC,1,1,0.9948764443397522,0.015632634912511784,0.9898164342157543,1
ISIC_0073081,BCC,BCC,1,1,0.99378502368927,0.022706531814639427,0.9914504950866103,1
ISIC_0073086,NV,NV,5,5,0.6624195575714111,0.4138178249630612,0.4414018243551254,1
ISIC_0073091,BCC,BCC,1,1,0.9918368458747864,0.02551873801521279,0.985321450047195,1
ISIC_0073171,NV,NV,5,5,0.958792507648468,0.09238006537824868,0.9255977012217045,1
ISIC_0073200,BCC,BCC,1,1,0.9984337687492372,0.00563493794948674,0.9968728878302502,1
ISIC_0073220,NV,NV,5,5,0.9755767583847046,0.0552013669712071,0.9511536713689566,1
ISIC_0073238,MEL,MEL,4,4,0.6092944741249084,0.3321253584229443,0.22200334072113037,1
