image,width,height,aspect_ratio
ISIC_0000000,1022,767,1.332464146023468
ISIC_0000001,1022,767,1.332464146023468
ISIC_0000002,1022,767,1.332464146023468
ISIC_0000003,1022,767,1.332464146023468
ISIC_0000006,1022,767,1.332464146023468
ISIC_0000008,1022,767,1.332464146023468
ISIC_0000009,1022,767,1.332464146023468
ISIC_0000011,1022,767,1.332464146023468
ISIC_0000012,1022,767,1.332464146023468
ISIC_0000013,1022,767,1.332464146023468
ISIC_0000014,1022,767,1.332464146023468
ISIC_0000015,1022,767,1.332464146023468
ISIC_0000016,1022,767,1.332464146023468
ISIC_0000017_downsampled,1024,768,1.3333333333333333
ISIC_0000018_downsampled,1024,768,1.3333333333333333
ISIC_0000019_downsampled,1024,768,1.3333333333333333
ISIC_0000020_downsampled,1024,768,1.3333333333333333
ISIC_0000021_downsampled,1024,768,1.3333333333333333
ISIC_0000022_downsampled,1024,768,1.3333333333333333
ISIC_0000023_downsampled,1024,768,1.3333333333333333
ISIC_0000024_downsampled,1024,768,1.3333333333333333
ISIC_0000025_downsampled,1024,768,1.3333333333333333
ISIC_0000026_downsampled,1024,768,1.3333333333333333
ISIC_0000028_downsampled,1024,768,1.3333333333333333
ISIC_0000029_downsampled,1024,768,1.3333333333333333
ISIC_0000030_downsampled,1024,769,1.3315994798439532
ISIC_0000031_downsampled,1024,768,1.3333333333333333
ISIC_0000032_downsampled,1024,768,1.3333333333333333
ISIC_0000035_downsampled,1024,768,1.3333333333333333
ISIC_0000038_downsampled,1024,768,1.3333333333333333
ISIC_0000039_downsampled,1024,768,1.3333333333333333
ISIC_0000040_downsampled,1024,768,1.3333333333333333
ISIC_0000041_downsampled,1024,768,1.3333333333333333
ISIC_0000042_downsampled,1024,768,1.3333333333333333
ISIC_0000044_downsampled,1024,768,1.3333333333333333
ISIC_0000045_downsampled,1024,768,1.3333333333333333
ISIC_0000047_downsampled,1024,768,1.3333333333333333
ISIC_0000048_downsampled,1024,768,1.3333333333333333
ISIC_0000049_downsampled,1024,768,1.3333333333333333
ISIC_0000050_downsampled,1024,768,1.3333333333333333
ISIC_0000051_downsampled,1024,768,1.3333333333333333
ISIC_0000052_downsampled,1024,768,1.3333333333333333
ISIC_0000053_downsampled,1024,768,1.3333333333333333
ISIC_0000054_downsampled,1024,768,1.3333333333333333
ISIC_0000055_downsampled,1024,768,1.3333333333333333
ISIC_0000056_downsampled,1024,768,1.3333333333333333
ISIC_0000057_downsampled,1024,768,1.3333333333333333
ISIC_0000058_downsampled,1024,768,1.3333333333333333
ISIC_0000059_downsampled,1024,768,1.3333333333333333
ISIC_0000060_downsampled,1024,768,1.3333333333333333
ISIC_0000062_downsampled,1024,768,1.3333333333333333
ISIC_0000063_downsampled,1024,768,1.3333333333333333
ISIC_0000064_downsampled,1024,768,1.3333333333333333
ISIC_0000065_downsampled,1024,768,1.3333333333333333
ISIC_0000066,962,722,1.332409972299169
ISIC_0000067,962,722,1.332409972299169
ISIC_0000068,962,722,1.332409972299169
ISIC_0000069,1022,767,1.332464146023468
ISIC_0000072,1022,767,1.332464146023468
ISIC_0000073,1022,767,1.332464146023468
ISIC_0000074,1022,767,1.332464146023468
ISIC_0000075,1022,767,1.332464146023468
ISIC_0000077_downsampled,1024,768,1.3333333333333333
ISIC_0000078_downsampled,1024,768,1.3333333333333333
ISIC_0000079_downsampled,1024,768,1.3333333333333333
ISIC_0000085_downsampled,1024,768,1.3333333333333333
ISIC_0000087_downsampled,1024,768,1.3333333333333333
ISIC_0000088_downsampled,1024,768,1.3333333333333333
ISIC_0000091_downsampled,1024,768,1.3333333333333333
ISIC_0000092_downsampled,1024,768,1.3333333333333333
ISIC_0000093_downsampled,1024,768,1.3333333333333333
ISIC_0000094_downsampled,1024,768,1.3333333333333333
ISIC_0000095_downsampled,1024,768,1.3333333333333333
ISIC_0000096_downsampled,1024,768,1.3333333333333333
ISIC_0000097_downsampled,1024,768,1.3333333333333333
ISIC_0000098_downsampled,1024,768,1.3333333333333333
ISIC_0000100_downsampled,1024,768,1.3333333333333333
ISIC_0000103_downsampled,1024,768,1.3333333333333333
ISIC_0000105_downsampled,1024,768,1.3333333333333333
ISIC_0000107_downsampled,1024,768,1.3333333333333333
ISIC_0000108_downsampled,1024,768,1.3333333333333333
ISIC_0000109_downsampled,1024,768,1.3333333333333333
ISIC_0000110_downsampled,1024,768,1.3333333333333333
ISIC_0000111_downsampled,1024,768,1.3333333333333333
ISIC_0000113_downsampled,1024,768,1.3333333333333333
ISIC_0000114_downsampled,1024,768,1.3333333333333333
ISIC_0000115_downsampled,1024,768,1.3333333333333333
ISIC_0000116_downsampled,1024,768,1.3333333333333333
ISIC_0000117_downsampled,1024,768,1.3333333333333333
ISIC_0000120_downsampled,1024,768,1.3333333333333333
ISIC_0000121_downsampled,1024,768,1.3333333333333333
ISIC_0000122_downsampled,1024,768,1.3333333333333333
ISIC_0000124_downsampled,1024,768,1.3333333333333333
ISIC_0000125_downsampled,1024,768,1.3333333333333333
ISIC_0000127_downsampled,1024,768,1.3333333333333333
ISIC_0000128_downsampled,1024,768,1.3333333333333333
ISIC_0000129_downsampled,1024,768,1.3333333333333333
ISIC_0000130_downsampled,1024,768,1.3333333333333333
ISIC_0000131_downsampled,1024,768,1.3333333333333333
ISIC_0000134_downsampled,1024,768,1.3333333333333333
ISIC_0000135_downsampled,1024,768,1.3333333333333333
ISIC_0000136_downsampled,1024,768,1.3333333333333333
ISIC_0000137_downsampled,1024,768,1.3333333333333333
ISIC_0000138_downsampled,1024,768,1.3333333333333333
ISIC_0000139_downsampled,1024,768,1.3333333333333333
ISIC_0000140_downsampled,1024,768,1.3333333333333333
ISIC_0000141_downsampled,1024,768,1.3333333333333333
ISIC_0000142_downsampled,1024,768,1.3333333333333333
ISIC_0000143_downsampled,1024,768,1.3333333333333333
ISIC_0000147_downsampled,1024,768,1.3333333333333333
ISIC_0000148_downsampled,1024,768,1.3333333333333333
ISIC_0000149_downsampled,1024,768,1.3333333333333333
ISIC_0000150_downsampled,1024,768,1.3333333333333333
ISIC_0000151_downsampled,1024,768,1.3333333333333333
ISIC_0000153_downsampled,1024,768,1.3333333333333333
ISIC_0000154_downsampled,1024,768,1.3333333333333333
ISIC_0000155_downsampled,1024,768,1.3333333333333333
ISIC_0000156_downsampled,1024,768,1.3333333333333333
ISIC_0000157,963,629,1.5310015898251192
ISIC_0000159,965,724,1.3328729281767955
ISIC_0000161,962,674,1.427299703264095
ISIC_0000164,959,638,1.5031347962382444
ISIC_0000166,722,542,1.3321033210332103
ISIC_0000167,965,624,1.546474358974359
ISIC_0000169,722,542,1.3321033210332103
ISIC_0000170,722,542,1.3321033210332103
ISIC_0000173,722,545,1.3247706422018348
ISIC_0000174,960,724,1.3259668508287292
ISIC_0000175,966,638,1.5141065830721003
ISIC_0000176_downsampled,857,1024,0.8369140625
ISIC_0000179_downsampled,1024,711,1.440225035161744
ISIC_0000181_downsampled,1024,716,1.4301675977653632
ISIC_0000182_downsampled,1024,716,1.4301675977653632
ISIC_0000183_downsampled,1024,669,1.5306427503736921
ISIC_0000187,722,542,1.3321033210332103
ISIC_0000188_downsampled,1024,706,1.4504249291784703
ISIC_0000189_downsampled,1024,716,1.4301675977653632
ISIC_0000190,722,543,1.3296500920810312
ISIC_0000191_downsampled,1024,716,1.4301675977653632
ISIC_0000196_downsampled,1024,710,1.4422535211267606
ISIC_0000197_downsampled,1024,716,1.4301675977653632
ISIC_0000198,725,542,1.3376383763837638
ISIC_0000199,718,542,1.3247232472324724
ISIC_0000201_downsampled,1024,692,1.4797687861271676
ISIC_0000202_downsampled,1024,716,1.4301675977653632
ISIC_0000203_downsampled,1024,716,1.4301675977653632
ISIC_0000204_downsampled,1024,715,1.4321678321678322
ISIC_0000205_downsampled,1024,699,1.4649499284692418
ISIC_0000206_downsampled,1024,716,1.4301675977653632
ISIC_0000207_downsampled,1024,675,1.517037037037037
ISIC_0000209,722,542,1.3321033210332103
ISIC_0000210,722,542,1.3321033210332103
ISIC_0000211,962,674,1.427299703264095
ISIC_0000212,722,542,1.3321033210332103
ISIC_0000213,718,542,1.3247232472324724
ISIC_0000214,958,642,1.4922118380062306
ISIC_0000215,962,674,1.427299703264095
ISIC_0000216,949,626,1.5159744408945688
ISIC_0000217,959,638,1.5031347962382444
ISIC_0000219,962,674,1.427299703264095
ISIC_0000220,962,674,1.427299703264095
ISIC_0000221,962,671,1.4336810730253353
ISIC_0000222,966,645,1.4976744186046511
ISIC_0000223,959,634,1.5126182965299684
ISIC_0000224,957,640,1.4953125
ISIC_0000226,964,672,1.4345238095238095
ISIC_0000227,959,723,1.326417704011065
ISIC_0000230,962,674,1.427299703264095
ISIC_0000231,962,723,1.330567081604426
ISIC_0000232,960,645,1.4883720930232558
ISIC_0000233,962,674,1.427299703264095
ISIC_0000234,962,676,1.4230769230769231
ISIC_0000235,724,542,1.3357933579335792
ISIC_0000236,1024,768,1.3333333333333333
ISIC_0000237,1024,768,1.3333333333333333
ISIC_0000239,1024,768,1.3333333333333333
ISIC_0000240,1024,768,1.3333333333333333
ISIC_0000242,1024,768,1.3333333333333333
ISIC_0000243,576,768,0.75
ISIC_0000244,1024,768,1.3333333333333333
ISIC_0000247,1024,768,1.3333333333333333
ISIC_0000249,1024,768,1.3333333333333333
ISIC_0000251,1024,768,1.3333333333333333
ISIC_0000252,576,768,0.75
ISIC_0000253,576,768,0.75
ISIC_0000255,1024,768,1.3333333333333333
ISIC_0000256,1024,768,1.3333333333333333
ISIC_0000258,1024,768,1.3333333333333333
ISIC_0000259,1024,768,1.3333333333333333
ISIC_0000260,1024,768,1.3333333333333333
ISIC_0000261,1024,768,1.3333333333333333
ISIC_0000262,576,768,0.75
ISIC_0000263,1024,768,1.3333333333333333
ISIC_0000264,1024,768,1.3333333333333333
ISIC_0000269,576,768,0.75
ISIC_0000271,1024,768,1.3333333333333333
ISIC_0000274,1024,768,1.3333333333333333
ISIC_0000277,1024,768,1.3333333333333333
ISIC_0000278,1024,768,1.3333333333333333
ISIC_0000279,1024,768,1.3333333333333333
ISIC_0000281,1024,768,1.3333333333333333
ISIC_0000282,1024,768,1.3333333333333333
ISIC_0000283,1024,768,1.3333333333333333
ISIC_0000287,1024,768,1.3333333333333333
ISIC_0000289,1024,768,1.3333333333333333
ISIC_0000292,1024,768,1.3333333333333333
ISIC_0000294,1024,768,1.3333333333333333
ISIC_0000295,767,576,1.3315972222222223
ISIC_0000297,767,576,1.3315972222222223
ISIC_0000298,767,576,1.3315972222222223
ISIC_0000299,767,576,1.3315972222222223
ISIC_0000300,767,576,1.3315972222222223
ISIC_0000303,767,576,1.3315972222222223
ISIC_0000307,767,576,1.3315972222222223
ISIC_0000310,767,576,1.3315972222222223
ISIC_0000311,767,576,1.3315972222222223
ISIC_0000313,767,576,1.3315972222222223
ISIC_0000314,767,576,1.3315972222222223
ISIC_0000315,767,576,1.3315972222222223
ISIC_0000316,767,576,1.3315972222222223
ISIC_0000317,767,576,1.3315972222222223
ISIC_0000319,767,576,1.3315972222222223
ISIC_0000320,767,576,1.3315972222222223
ISIC_0000321,767,576,1.3315972222222223
ISIC_0000322,767,576,1.3315972222222223
ISIC_0000324,767,576,1.3315972222222223
ISIC_0000327,767,576,1.3315972222222223
ISIC_0000328,767,576,1.3315972222222223
ISIC_0000329,767,576,1.3315972222222223
ISIC_0000331,767,576,1.3315972222222223
ISIC_0000332,767,576,1.3315972222222223
ISIC_0000333,767,576,1.3315972222222223
ISIC_0000337,767,576,1.3315972222222223
ISIC_0000338,767,576,1.3315972222222223
ISIC_0000339,767,576,1.3315972222222223
ISIC_0000340,767,576,1.3315972222222223
ISIC_0000341,767,576,1.3315972222222223
ISIC_0000342,767,576,1.3315972222222223
ISIC_0000343,767,576,1.3315972222222223
ISIC_0000344,767,576,1.3315972222222223
ISIC_0000345,767,576,1.3315972222222223
ISIC_0000346,767,576,1.3315972222222223
ISIC_0000348,767,576,1.3315972222222223
ISIC_0000350,767,576,1.3315972222222223
ISIC_0000352,767,576,1.3315972222222223
ISIC_0000353,767,576,1.3315972222222223
ISIC_0000354,767,576,1.3315972222222223
ISIC_0000357,767,576,1.3315972222222223
ISIC_0000358,767,576,1.3315972222222223
ISIC_0000359,767,576,1.3315972222222223
ISIC_0000361,767,576,1.3315972222222223
ISIC_0000363,767,576,1.3315972222222223
ISIC_0000364,767,576,1.3315972222222223
ISIC_0000365,767,576,1.3315972222222223
ISIC_0000366,767,576,1.3315972222222223
ISIC_0000367,767,576,1.3315972222222223
ISIC_0000369,767,576,1.3315972222222223
ISIC_0000371,767,576,1.3315972222222223
ISIC_0000372,767,576,1.3315972222222223
ISIC_0000374,767,576,1.3315972222222223
ISIC_0000377_downsampled,1024,768,1.3333333333333333
ISIC_0000378_downsampled,1024,858,1.1934731934731935
ISIC_0000379_downsampled,1024,768,1.3333333333333333
ISIC_0000380_downsampled,1024,930,1.1010752688172043
ISIC_0000381_downsampled,1024,946,1.0824524312896406
ISIC_0000383_downsampled,1024,961,1.065556711758585
ISIC_0000384_downsampled,1024,830,1.2337349397590363
ISIC_0000386_downsampled,1024,768,1.3333333333333333
ISIC_0000387_downsampled,1024,768,1.3333333333333333
ISIC_0000388_downsampled,1024,768,1.3333333333333333
ISIC_0000390_downsampled,1024,768,1.3333333333333333
ISIC_0000391_downsampled,1024,768,1.3333333333333333
ISIC_0000392_downsampled,1024,768,1.3333333333333333
ISIC_0000393_downsampled,1024,768,1.3333333333333333
ISIC_0000395_downsampled,1024,768,1.3333333333333333
ISIC_0000396_downsampled,1024,798,1.2832080200501252
ISIC_0000397_downsampled,1024,768,1.3333333333333333
ISIC_0000403_downsampled,1024,768,1.3333333333333333
ISIC_0000408_downsampled,1024,768,1.3333333333333333
ISIC_0000409_downsampled,1024,751,1.363515312916112
ISIC_0000410_downsampled,1024,878,1.1662870159453302
ISIC_0000415_downsampled,1024,768,1.3333333333333333
ISIC_0000416_downsampled,1024,768,1.3333333333333333
ISIC_0000419_downsampled,1024,768,1.3333333333333333
ISIC_0000420_downsampled,1024,768,1.3333333333333333
ISIC_0000421_downsampled,1024,768,1.3333333333333333
ISIC_0000423_downsampled,1024,768,1.3333333333333333
ISIC_0000427_downsampled,1024,768,1.3333333333333333
ISIC_0000431_downsampled,1024,768,1.3333333333333333
ISIC_0000439_downsampled,1024,768,1.3333333333333333
ISIC_0000443_downsampled,1024,768,1.3333333333333333
ISIC_0000444_downsampled,1024,768,1.3333333333333333
ISIC_0000445_downsampled,1024,768,1.3333333333333333
ISIC_0000448_downsampled,1024,768,1.3333333333333333
ISIC_0000449_downsampled,1024,768,1.3333333333333333
ISIC_0000451_downsampled,1024,768,1.3333333333333333
ISIC_0000455_downsampled,1024,818,1.2518337408312958
ISIC_0000456_downsampled,1024,768,1.3333333333333333
ISIC_0000457_downsampled,1024,750,1.3653333333333333
ISIC_0000458,919,802,1.1458852867830425
ISIC_0000460,919,802,1.1458852867830425
ISIC_0000461,919,802,1.1458852867830425
ISIC_0000466,919,802,1.1458852867830425
ISIC_0000468,919,802,1.1458852867830425
ISIC_0000469,919,802,1.1458852867830425
ISIC_0000470,919,802,1.1458852867830425
ISIC_0000471,919,802,1.1458852867830425
ISIC_0000473_downsampled,1024,680,1.5058823529411764
ISIC_0000474,919,802,1.1458852867830425
ISIC_0000475,919,802,1.1458852867830425
ISIC_0000476,919,802,1.1458852867830425
ISIC_0000477,919,802,1.1458852867830425
ISIC_0000478,919,802,1.1458852867830425
ISIC_0000482,919,802,1.1458852867830425
ISIC_0000483,919,802,1.1458852867830425
ISIC_0000484,919,802,1.1458852867830425
ISIC_0000485,919,802,1.1458852867830425
ISIC_0000487,919,802,1.1458852867830425
ISIC_0000488,919,802,1.1458852867830425
ISIC_0000489,919,802,1.1458852867830425
ISIC_0000490,919,802,1.1458852867830425
ISIC_0000491,919,802,1.1458852867830425
ISIC_0000492,919,802,1.1458852867830425
ISIC_0000493,919,802,1.1458852867830425
ISIC_0000494,919,802,1.1458852867830425
ISIC_0000496,1019,717,1.4211994421199443
ISIC_0000499,919,802,1.1458852867830425
ISIC_0000501,919,802,1.1458852867830425
ISIC_0000503,919,802,1.1458852867830425
ISIC_0000504_downsampled,1024,685,1.494890510948905
ISIC_0000505,919,802,1.1458852867830425
ISIC_0000507,1019,717,1.4211994421199443
ISIC_0000508,1019,717,1.4211994421199443
ISIC_0000509,919,802,1.1458852867830425
ISIC_0000511,919,802,1.1458852867830425
ISIC_0000513,919,802,1.1458852867830425
ISIC_0000514,919,802,1.1458852867830425
ISIC_0000515,919,802,1.1458852867830425
ISIC_0000516,919,802,1.1458852867830425
ISIC_0000518,919,802,1.1458852867830425
ISIC_0000520_downsampled,1024,768,1.3333333333333333
ISIC_0000522,919,802,1.1458852867830425
ISIC_0000524,919,802,1.1458852867830425
ISIC_0000525,1007,711,1.4163150492264416
ISIC_0000527,1011,713,1.417952314165498
ISIC_0000528,1008,711,1.4177215189873418
ISIC_0000529_downsampled,1024,750,1.3653333333333333
ISIC_0000530,919,802,1.1458852867830425
ISIC_0000532,919,802,1.1458852867830425
ISIC_0000533,1016,682,1.4897360703812317
ISIC_0000534,824,719,1.1460361613351877
ISIC_0000535,824,719,1.1460361613351877
ISIC_0000536,796,682,1.1671554252199414
ISIC_0000538,824,719,1.1460361613351877
ISIC_0000539,824,719,1.1460361613351877
ISIC_0000540,824,719,1.1460361613351877
ISIC_0000541,824,719,1.1460361613351877
ISIC_0000542,824,719,1.1460361613351877
ISIC_0000543,853,680,1.2544117647058823
ISIC_0000544,824,719,1.1460361613351877
ISIC_0000546,824,719,1.1460361613351877
ISIC_0000547,824,719,1.1460361613351877
ISIC_0000548,771,750,1.028
ISIC_0000549,824,719,1.1460361613351877
ISIC_0000550,824,719,1.1460361613351877
ISIC_0000551,838,614,1.3648208469055374
ISIC_0000552,679,566,1.1996466431095407
ISIC_0000554,824,719,1.1460361613351877
ISIC_0000556,824,719,1.1460361613351877
ISIC_0000882_downsampled,1024,682,1.501466275659824
ISIC_0000999_downsampled,1024,682,1.501466275659824
ISIC_0001100_downsampled,1024,768,1.3333333333333333
ISIC_0001102_downsampled,1024,768,1.3333333333333333
ISIC_0001105_downsampled,1024,768,1.3333333333333333
ISIC_0001106_downsampled,1024,685,1.494890510948905
ISIC_0001118_downsampled,1024,685,1.494890510948905
ISIC_0001119_downsampled,1024,768,1.3333333333333333
ISIC_0001126_downsampled,1024,768,1.3333333333333333
ISIC_0001131_downsampled,1024,768,1.3333333333333333
ISIC_0001133_downsampled,1024,768,1.3333333333333333
ISIC_0001134_downsampled,1024,768,1.3333333333333333
ISIC_0001142_downsampled,1024,768,1.3333333333333333
ISIC_0001148_downsampled,1024,768,1.3333333333333333
ISIC_0001152_downsampled,1024,685,1.494890510948905
ISIC_0001181_downsampled,1024,680,1.5058823529411764
ISIC_0001185_downsampled,1024,680,1.5058823529411764
ISIC_0001186_downsampled,1024,680,1.5058823529411764
ISIC_0001187_downsampled,1024,680,1.5058823529411764
ISIC_0001188_downsampled,1024,680,1.5058823529411764
ISIC_0001190_downsampled,1024,680,1.5058823529411764
ISIC_0001191_downsampled,1024,680,1.5058823529411764
ISIC_0001204_downsampled,1024,682,1.501466275659824
ISIC_0001213_downsampled,1024,680,1.5058823529411764
ISIC_0001216_downsampled,1024,680,1.5058823529411764
ISIC_0001247_downsampled,1024,682,1.501466275659824
ISIC_0001254_downsampled,1024,682,1.501466275659824
ISIC_0001262_downsampled,1024,682,1.501466275659824
ISIC_0001267_downsampled,1024,682,1.501466275659824
ISIC_0001275_downsampled,1024,682,1.501466275659824
ISIC_0001286_downsampled,1024,682,1.501466275659824
ISIC_0001296_downsampled,1024,682,1.501466275659824
ISIC_0001306_downsampled,1024,682,1.501466275659824
ISIC_0001367_downsampled,1024,682,1.501466275659824
ISIC_0001374_downsampled,1024,682,1.501466275659824
ISIC_0001385_downsampled,1024,682,1.501466275659824
ISIC_0001423_downsampled,1024,682,1.501466275659824
ISIC_0001427_downsampled,1024,682,1.501466275659824
ISIC_0001442_downsampled,1024,682,1.501466275659824
ISIC_0001449_downsampled,1024,682,1.501466275659824
ISIC_0001769_downsampled,1024,682,1.501466275659824
ISIC_0001852_downsampled,1024,682,1.501466275659824
ISIC_0001871_downsampled,1024,682,1.501466275659824
ISIC_0002093_downsampled,1024,682,1.501466275659824
ISIC_0002206_downsampled,1024,682,1.501466275659824
ISIC_0002246_downsampled,1024,682,1.501466275659824
ISIC_0002251_downsampled,1024,682,1.501466275659824
ISIC_0002374_downsampled,1024,682,1.501466275659824
ISIC_0002438_downsampled,1024,682,1.501466275659824
ISIC_0002439_downsampled,1024,682,1.501466275659824
ISIC_0002453_downsampled,1024,682,1.501466275659824
ISIC_0002469_downsampled,1024,682,1.501466275659824
ISIC_0002476_downsampled,1024,682,1.501466275659824
ISIC_0002489_downsampled,1024,682,1.501466275659824
ISIC_0002616_downsampled,1024,680,1.5058823529411764
ISIC_0002647_downsampled,1024,680,1.5058823529411764
ISIC_0002673_downsampled,1024,682,1.501466275659824
ISIC_0002780_downsampled,1024,680,1.5058823529411764
ISIC_0002806_downsampled,1024,680,1.5058823529411764
ISIC_0002879_downsampled,1024,682,1.501466275659824
ISIC_0002885_downsampled,1024,680,1.5058823529411764
ISIC_0002948_downsampled,1024,682,1.501466275659824
ISIC_0002975_downsampled,1024,680,1.5058823529411764
ISIC_0002976_downsampled,1024,680,1.5058823529411764
ISIC_0003051_downsampled,1024,680,1.5058823529411764
ISIC_0003056_downsampled,1024,680,1.5058823529411764
ISIC_0003174_downsampled,1024,682,1.501466275659824
ISIC_0003308_downsampled,1024,682,1.501466275659824
ISIC_0003539_downsampled,1024,682,1.501466275659824
ISIC_0003559_downsampled,1024,680,1.5058823529411764
ISIC_0003582_downsampled,1024,682,1.501466275659824
ISIC_0003657_downsampled,1024,682,1.501466275659824
ISIC_0003805_downsampled,1024,682,1.501466275659824
ISIC_0004110_downsampled,1024,682,1.501466275659824
ISIC_0004115_downsampled,1024,680,1.5058823529411764
ISIC_0004166_downsampled,1024,680,1.5058823529411764
ISIC_0004168_downsampled,1024,680,1.5058823529411764
ISIC_0004309_downsampled,1024,680,1.5058823529411764
ISIC_0004337_downsampled,1024,682,1.501466275659824
ISIC_0004715_downsampled,1024,682,1.501466275659824
ISIC_0004985_downsampled,1024,680,1.5058823529411764
ISIC_0005187_downsampled,1024,682,1.501466275659824
ISIC_0005247_downsampled,1024,682,1.501466275659824
ISIC_0005548_downsampled,1024,682,1.501466275659824
ISIC_0005555_downsampled,1024,682,1.501466275659824
ISIC_0005564_downsampled,1024,682,1.501466275659824
ISIC_0005639_downsampled,1024,682,1.501466275659824
ISIC_0005666_downsampled,1024,682,1.501466275659824
ISIC_0005787_downsampled,1024,682,1.501466275659824
ISIC_0006021_downsampled,1024,680,1.5058823529411764
ISIC_0006114_downsampled,1024,682,1.501466275659824
ISIC_0006350_downsampled,1024,682,1.501466275659824
ISIC_0006612_downsampled,1024,680,1.5058823529411764
ISIC_0006651_downsampled,1024,682,1.501466275659824
ISIC_0006776_downsampled,1024,682,1.501466275659824
ISIC_0006815_downsampled,1024,680,1.5058823529411764
ISIC_0006914_downsampled,1024,682,1.501466275659824
ISIC_0006940_downsampled,1024,680,1.5058823529411764
ISIC_0006982_downsampled,1024,682,1.501466275659824
ISIC_0007038_downsampled,1024,680,1.5058823529411764
ISIC_0007087_downsampled,1024,682,1.501466275659824
ISIC_0007141_downsampled,1024,682,1.501466275659824
ISIC_0007156_downsampled,1024,682,1.501466275659824
ISIC_0007235_downsampled,1024,680,1.5058823529411764
ISIC_0007241_downsampled,1024,682,1.501466275659824
ISIC_0007322_downsampled,1024,680,1.5058823529411764
ISIC_0007332_downsampled,1024,682,1.501466275659824
ISIC_0007344_downsampled,1024,682,1.501466275659824
ISIC_0007475_downsampled,1024,682,1.501466275659824
ISIC_0007557_downsampled,1024,682,1.501466275659824
ISIC_0007693_downsampled,1024,682,1.501466275659824
ISIC_0007760_downsampled,1024,682,1.501466275659824
ISIC_0007788_downsampled,1024,680,1.5058823529411764
ISIC_0007796_downsampled,1024,682,1.501466275659824
ISIC_0008025_downsampled,1024,682,1.501466275659824
ISIC_0008029_downsampled,1024,680,1.5058823529411764
ISIC_0008116_downsampled,1024,682,1.501466275659824
ISIC_0008207_downsampled,1024,680,1.5058823529411764
ISIC_0008236_downsampled,1024,680,1.5058823529411764
ISIC_0008280_downsampled,1024,682,1.501466275659824
ISIC_0008406_downsampled,1024,680,1.5058823529411764
ISIC_0008507_downsampled,1024,680,1.5058823529411764
ISIC_0008524_downsampled,1024,680,1.5058823529411764
ISIC_0008528_downsampled,1024,680,1.5058823529411764
ISIC_0008541_downsampled,1024,680,1.5058823529411764
ISIC_0008552_downsampled,1024,680,1.5058823529411764
ISIC_0008600_downsampled,1024,682,1.501466275659824
ISIC_0008659_downsampled,1024,680,1.5058823529411764
ISIC_0008785_downsampled,1024,682,1.501466275659824
ISIC_0008807_downsampled,1024,680,1.5058823529411764
ISIC_0008879_downsampled,1024,680,1.5058823529411764
ISIC_0008913_downsampled,1024,680,1.5058823529411764
ISIC_0008992_downsampled,1024,680,1.5058823529411764
ISIC_0008993_downsampled,1024,682,1.501466275659824
ISIC_0009035_downsampled,1024,680,1.5058823529411764
ISIC_0009078_downsampled,1024,682,1.501466275659824
ISIC_0009083_downsampled,1024,680,1.5058823529411764
ISIC_0009160_downsampled,1024,682,1.501466275659824
ISIC_0009188_downsampled,1024,680,1.5058823529411764
ISIC_0009201_downsampled,1024,680,1.5058823529411764
ISIC_0009298_downsampled,1024,680,1.5058823529411764
ISIC_0009344_downsampled,1024,680,1.5058823529411764
ISIC_0009430_downsampled,1024,682,1.501466275659824
ISIC_0009504_downsampled,1024,680,1.5058823529411764
ISIC_0009505_downsampled,1024,680,1.5058823529411764
ISIC_0009533_downsampled,1024,680,1.5058823529411764
ISIC_0009564_downsampled,1024,680,1.5058823529411764
ISIC_0009583_downsampled,1024,680,1.5058823529411764
ISIC_0009599_downsampled,1024,680,1.5058823529411764
ISIC_0009758_downsampled,1024,682,1.501466275659824
ISIC_0009800_downsampled,1024,680,1.5058823529411764
ISIC_0009860_downsampled,1024,680,1.5058823529411764
ISIC_0009868,1024,768,1.3333333333333333
ISIC_0009869,1024,768,1.3333333333333333
ISIC_0009870,1024,768,1.3333333333333333
ISIC_0009871,1024,768,1.3333333333333333
ISIC_0009872,1024,768,1.3333333333333333
ISIC_0009873,1024,768,1.3333333333333333
ISIC_0009874,1024,768,1.3333333333333333
ISIC_0009877,1024,768,1.3333333333333333
ISIC_0009879,1024,768,1.3333333333333333
ISIC_0009880,1024,768,1.3333333333333333
ISIC_0009881,1024,768,1.3333333333333333
ISIC_0009883,1024,768,1.3333333333333333
ISIC_0009884,1024,768,1.3333333333333333
ISIC_0009888,1024,768,1.3333333333333333
ISIC_0009889,1024,768,1.3333333333333333
ISIC_0009891,1024,768,1.3333333333333333
ISIC_0009896,1024,768,1.3333333333333333
ISIC_0009897,1024,768,1.3333333333333333
ISIC_0009898,1024,768,1.3333333333333333
ISIC_0009899,1024,768,1.3333333333333333
ISIC_0009902,1024,768,1.3333333333333333
ISIC_0009905,1024,768,1.3333333333333333
ISIC_0009906,1024,768,1.3333333333333333
ISIC_0009909,1024,768,1.3333333333333333
ISIC_0009910,1024,768,1.3333333333333333
ISIC_0009911,1024,768,1.3333333333333333
ISIC_0009912,1024,768,1.3333333333333333
ISIC_0009914,1024,768,1.3333333333333333
ISIC_0009917,1024,768,1.3333333333333333
ISIC_0009918,1024,768,1.3333333333333333
ISIC_0009919,1024,768,1.3333333333333333
ISIC_0009920,1024,768,1.3333333333333333
ISIC_0009923,1024,768,1.3333333333333333
ISIC_0009925,1024,768,1.3333333333333333
ISIC_0009927,1024,768,1.3333333333333333
ISIC_0009928,1024,768,1.3333333333333333
ISIC_0009929,1024,768,1.3333333333333333
ISIC_0009930,1024,768,1.3333333333333333
ISIC_0009931,1024,768,1.3333333333333333
ISIC_0009932,1024,768,1.3333333333333333
ISIC_0009934,1024,768,1.3333333333333333
ISIC_0009935,1024,768,1.3333333333333333
ISIC_0009936,1024,768,1.3333333333333333
ISIC_0009937,1024,768,1.3333333333333333
ISIC_0009938,1024,768,1.3333333333333333
ISIC_0009939,1024,768,1.3333333333333333
ISIC_0009944,1024,768,1.3333333333333333
ISIC_0009945,1024,768,1.3333333333333333
ISIC_0009946,1024,768,1.3333333333333333
ISIC_0009948,1024,768,1.3333333333333333
ISIC_0009949,1024,768,1.3333333333333333
ISIC_0009950,1024,768,1.3333333333333333
ISIC_0009951,1024,768,1.3333333333333333
ISIC_0009953,1024,768,1.3333333333333333
ISIC_0009954,1024,768,1.3333333333333333
ISIC_0009955,1024,768,1.3333333333333333
ISIC_0009956,1024,768,1.3333333333333333
ISIC_0009958,1024,768,1.3333333333333333
ISIC_0009960,1024,768,1.3333333333333333
ISIC_0009961,1024,768,1.3333333333333333
ISIC_0009963,1024,768,1.3333333333333333
ISIC_0009964,1024,768,1.3333333333333333
ISIC_0009965,1024,768,1.3333333333333333
ISIC_0009966,1024,768,1.3333333333333333
ISIC_0009967,1024,768,1.3333333333333333
ISIC_0009968,1024,768,1.3333333333333333
ISIC_0009969,1024,768,1.3333333333333333
ISIC_0009970,1024,768,1.3333333333333333
ISIC_0009971,1024,768,1.3333333333333333
ISIC_0009972,1024,768,1.3333333333333333
ISIC_0009973,1024,768,1.3333333333333333
ISIC_0009974,1024,768,1.3333333333333333
ISIC_0009975,1024,768,1.3333333333333333
ISIC_0009976,1024,768,1.3333333333333333
ISIC_0009977,1024,768,1.3333333333333333
ISIC_0009979,1024,768,1.3333333333333333
ISIC_0009980,1024,768,1.3333333333333333
ISIC_0009981,1024,768,1.3333333333333333
ISIC_0009982,1024,768,1.3333333333333333
ISIC_0009987,1024,768,1.3333333333333333
ISIC_0009988,1024,768,1.3333333333333333
ISIC_0009990,1024,768,1.3333333333333333
ISIC_0009991,1024,768,1.3333333333333333
ISIC_0009992,1024,768,1.3333333333333333
ISIC_0009993,1024,768,1.3333333333333333
ISIC_0009994,1024,768,1.3333333333333333
ISIC_0009995,1024,768,1.3333333333333333
ISIC_0009998,1024,768,1.3333333333333333
ISIC_0010000,1024,768,1.3333333333333333
ISIC_0010002,1024,768,1.3333333333333333
ISIC_0010003,1024,768,1.3333333333333333
ISIC_0010006,1024,768,1.3333333333333333
ISIC_0010009,1024,768,1.3333333333333333
ISIC_0010010,1024,768,1.3333333333333333
ISIC_0010011,1024,768,1.3333333333333333
ISIC_0010013,1024,768,1.3333333333333333
ISIC_0010014,1024,768,1.3333333333333333
ISIC_0010015,1024,768,1.3333333333333333
ISIC_0010017,1024,768,1.3333333333333333
ISIC_0010018,1024,768,1.3333333333333333
ISIC_0010019,1024,768,1.3333333333333333
ISIC_0010020,1024,768,1.3333333333333333
ISIC_0010021,1024,768,1.3333333333333333
ISIC_0010022,1024,768,1.3333333333333333
ISIC_0010023,1024,768,1.3333333333333333
ISIC_0010024,1024,768,1.3333333333333333
ISIC_0010025,1024,768,1.3333333333333333
ISIC_0010028,1024,768,1.3333333333333333
ISIC_0010029,1024,768,1.3333333333333333
ISIC_0010032,1024,768,1.3333333333333333
ISIC_0010034,1024,768,1.3333333333333333
ISIC_0010036,1024,768,1.3333333333333333
ISIC_0010037,1024,768,1.3333333333333333
ISIC_0010042,1024,768,1.3333333333333333
ISIC_0010043,1024,768,1.3333333333333333
ISIC_0010044,1024,768,1.3333333333333333
ISIC_0010046,1024,768,1.3333333333333333
ISIC_0010047,1024,768,1.3333333333333333
ISIC_0010051,1024,768,1.3333333333333333
ISIC_0010054,1024,768,1.3333333333333333
ISIC_0010055,1024,768,1.3333333333333333
ISIC_0010056,1024,768,1.3333333333333333
ISIC_0010057,1024,768,1.3333333333333333
ISIC_0010058,1024,768,1.3333333333333333
ISIC_0010059,1024,768,1.3333333333333333
ISIC_0010060,1024,768,1.3333333333333333
ISIC_0010061,1024,768,1.3333333333333333
ISIC_0010063,1024,768,1.3333333333333333
ISIC_0010064,1024,768,1.3333333333333333
ISIC_0010066,1024,768,1.3333333333333333
ISIC_0010067,1024,768,1.3333333333333333
ISIC_0010071,1024,768,1.3333333333333333
ISIC_0010073,1024,768,1.3333333333333333
ISIC_0010074,1024,768,1.3333333333333333
ISIC_0010075,1024,768,1.3333333333333333
ISIC_0010077,1024,768,1.3333333333333333
ISIC_0010078,1024,768,1.3333333333333333
ISIC_0010079,1024,768,1.3333333333333333
ISIC_0010080,1024,768,1.3333333333333333
ISIC_0010086,1024,768,1.3333333333333333
ISIC_0010087,1024,768,1.3333333333333333
ISIC_0010089,1024,768,1.3333333333333333
ISIC_0010090,1024,768,1.3333333333333333
ISIC_0010092,1024,768,1.3333333333333333
ISIC_0010093,1024,768,1.3333333333333333
ISIC_0010094,1024,768,1.3333333333333333
ISIC_0010100,1024,768,1.3333333333333333
ISIC_0010102,1024,768,1.3333333333333333
ISIC_0010104,1024,768,1.3333333333333333
ISIC_0010168,1024,768,1.3333333333333333
ISIC_0010170,1024,768,1.3333333333333333
ISIC_0010171,1024,768,1.3333333333333333
ISIC_0010173,1024,768,1.3333333333333333
ISIC_0010174,1024,768,1.3333333333333333
ISIC_0010175,1024,768,1.3333333333333333
ISIC_0010176,1024,768,1.3333333333333333
ISIC_0010177,1024,768,1.3333333333333333
ISIC_0010178,1024,768,1.3333333333333333
ISIC_0010182,1024,768,1.3333333333333333
ISIC_0010183,1024,768,1.3333333333333333
ISIC_0010184,1024,768,1.3333333333333333
ISIC_0010185,1024,768,1.3333333333333333
ISIC_0010186,1024,768,1.3333333333333333
ISIC_0010187,1024,768,1.3333333333333333
ISIC_0010189,1024,768,1.3333333333333333
ISIC_0010190,1024,768,1.3333333333333333
ISIC_0010192,1024,768,1.3333333333333333
ISIC_0010193,1024,768,1.3333333333333333
ISIC_0010194,1024,768,1.3333333333333333
ISIC_0010201,1024,768,1.3333333333333333
ISIC_0010202,1024,768,1.3333333333333333
ISIC_0010204,1024,768,1.3333333333333333
ISIC_0010205,1024,768,1.3333333333333333
ISIC_0010206,1024,768,1.3333333333333333
ISIC_0010207,1024,768,1.3333333333333333
ISIC_0010212,1024,768,1.3333333333333333
ISIC_0010213,1024,768,1.3333333333333333
ISIC_0010215,1024,768,1.3333333333333333
ISIC_0010216,1024,768,1.3333333333333333
ISIC_0010219,1024,768,1.3333333333333333
ISIC_0010222,1024,768,1.3333333333333333
ISIC_0010225,1024,768,1.3333333333333333
ISIC_0010226,1024,768,1.3333333333333333
ISIC_0010228,1024,768,1.3333333333333333
ISIC_0010229,1024,768,1.3333333333333333
ISIC_0010232,1024,768,1.3333333333333333
ISIC_0010233,1024,768,1.3333333333333333
ISIC_0010234,1024,768,1.3333333333333333
ISIC_0010235,1024,768,1.3333333333333333
ISIC_0010237,1024,768,1.3333333333333333
ISIC_0010238,1024,768,1.3333333333333333
ISIC_0010239,1024,768,1.3333333333333333
ISIC_0010240,1024,768,1.3333333333333333
ISIC_0010241,1024,768,1.3333333333333333
ISIC_0010244,1024,768,1.3333333333333333
ISIC_0010246,1024,768,1.3333333333333333
ISIC_0010247,1024,768,1.3333333333333333
ISIC_0010249,1024,768,1.3333333333333333
ISIC_0010254,1024,768,1.3333333333333333
ISIC_0010255,1024,768,1.3333333333333333
ISIC_0010256,1024,768,1.3333333333333333
ISIC_0010257,1024,768,1.3333333333333333
ISIC_0010261,1024,768,1.3333333333333333
ISIC_0010262,1024,768,1.3333333333333333
ISIC_0010263,1024,768,1.3333333333333333
ISIC_0010264,1024,768,1.3333333333333333
ISIC_0010265,1024,768,1.3333333333333333
ISIC_0010267,1024,768,1.3333333333333333
ISIC_0010318,1024,768,1.3333333333333333
ISIC_0010320,1024,768,1.3333333333333333
ISIC_0010321,1024,768,1.3333333333333333
ISIC_0010322,1024,768,1.3333333333333333
ISIC_0010327,1024,768,1.3333333333333333
ISIC_0010329,1024,768,1.3333333333333333
ISIC_0010330,1024,768,1.3333333333333333
ISIC_0010332,1024,768,1.3333333333333333
ISIC_0010333,1024,768,1.3333333333333333
ISIC_0010334,1024,768,1.3333333333333333
ISIC_0010336,1024,768,1.3333333333333333
ISIC_0010337,1024,768,1.3333333333333333
ISIC_0010339,1024,768,1.3333333333333333
ISIC_0010341,1024,768,1.3333333333333333
ISIC_0010344,1024,768,1.3333333333333333
ISIC_0010346,1024,768,1.3333333333333333
ISIC_0010347,1024,768,1.3333333333333333
ISIC_0010349,1024,768,1.3333333333333333
ISIC_0010350,1024,768,1.3333333333333333
ISIC_0010356,1024,768,1.3333333333333333
ISIC_0010357,1024,768,1.3333333333333333
ISIC_0010358,1024,768,1.3333333333333333
ISIC_0010360,1024,768,1.3333333333333333
ISIC_0010361,1024,768,1.3333333333333333
ISIC_0010365,1024,768,1.3333333333333333
ISIC_0010367,1024,768,1.3333333333333333
ISIC_0010371,1024,768,1.3333333333333333
ISIC_0010372,1024,768,1.3333333333333333
ISIC_0010374,1024,768,1.3333333333333333
ISIC_0010379,1024,768,1.3333333333333333
ISIC_0010380,1024,768,1.3333333333333333
ISIC_0010382,1024,768,1.3333333333333333
ISIC_0010435,1024,768,1.3333333333333333
ISIC_0010439,1024,768,1.3333333333333333
ISIC_0010440,1024,768,1.3333333333333333
ISIC_0010441,1024,768,1.3333333333333333
ISIC_0010442,1024,768,1.3333333333333333
ISIC_0010443,1024,768,1.3333333333333333
ISIC_0010444,1024,768,1.3333333333333333
ISIC_0010445,1024,768,1.3333333333333333
ISIC_0010447,1024,768,1.3333333333333333
ISIC_0010448,1024,768,1.3333333333333333
ISIC_0010449,1024,768,1.3333333333333333
ISIC_0010452,1024,768,1.3333333333333333
ISIC_0010455,1024,768,1.3333333333333333
ISIC_0010458,1024,768,1.3333333333333333
ISIC_0010460,1024,768,1.3333333333333333
ISIC_0010461,1024,768,1.3333333333333333
ISIC_0010462,1024,768,1.3333333333333333
ISIC_0010463,1024,768,1.3333333333333333
ISIC_0010465,1024,768,1.3333333333333333
ISIC_0010467,1024,768,1.3333333333333333
ISIC_0010468,1024,768,1.3333333333333333
ISIC_0010471,1024,768,1.3333333333333333
ISIC_0010472,1024,768,1.3333333333333333
ISIC_0010473,1024,768,1.3333333333333333
ISIC_0010474,1024,768,1.3333333333333333
ISIC_0010475,1024,768,1.3333333333333333
ISIC_0010476,1024,768,1.3333333333333333
ISIC_0010477,1024,768,1.3333333333333333
ISIC_0010479,1024,768,1.3333333333333333
ISIC_0010481,1024,768,1.3333333333333333
ISIC_0010483,1024,768,1.3333333333333333
ISIC_0010488,1024,768,1.3333333333333333
ISIC_0010490,1024,768,1.3333333333333333
ISIC_0010491,1024,768,1.3333333333333333
ISIC_0010492,1024,768,1.3333333333333333
ISIC_0010493,1024,768,1.3333333333333333
ISIC_0010494,1024,768,1.3333333333333333
ISIC_0010496,1024,768,1.3333333333333333
ISIC_0010497,1024,768,1.3333333333333333
ISIC_0010498,1024,768,1.3333333333333333
ISIC_0010552,1024,768,1.3333333333333333
ISIC_0010553,1024,768,1.3333333333333333
ISIC_0010557,1024,768,1.3333333333333333
ISIC_0010558,1024,768,1.3333333333333333
ISIC_0010567,1024,768,1.3333333333333333
ISIC_0010568,1024,768,1.3333333333333333
ISIC_0010569,1024,768,1.3333333333333333
ISIC_0010570,1024,768,1.3333333333333333
ISIC_0010571,1024,768,1.3333333333333333
ISIC_0010572,1024,768,1.3333333333333333
ISIC_0010573,1024,768,1.3333333333333333
ISIC_0010574,1024,768,1.3333333333333333
ISIC_0010576,1024,768,1.3333333333333333
ISIC_0010581,1024,768,1.3333333333333333
ISIC_0010582,1024,768,1.3333333333333333
ISIC_0010584,1024,768,1.3333333333333333
ISIC_0010585,1024,768,1.3333333333333333
ISIC_0010586,1024,768,1.3333333333333333
ISIC_0010588,1024,768,1.3333333333333333
ISIC_0010589,1024,768,1.3333333333333333
ISIC_0010590,1024,768,1.3333333333333333
ISIC_0010591,1024,768,1.3333333333333333
ISIC_0010592,1024,768,1.3333333333333333
ISIC_0010593,1024,768,1.3333333333333333
ISIC_0010595,1024,768,1.3333333333333333
ISIC_0010596,1024,768,1.3333333333333333
ISIC_0010598,1024,768,1.3333333333333333
ISIC_0010602,1024,768,1.3333333333333333
ISIC_0010603,1024,768,1.3333333333333333
ISIC_0010604,1024,768,1.3333333333333333
ISIC_0010605,1024,768,1.3333333333333333
ISIC_0010606,1024,768,1.3333333333333333
ISIC_0010607,1024,768,1.3333333333333333
ISIC_0010844,1024,768,1.3333333333333333
ISIC_0010847,1024,768,1.3333333333333333
ISIC_0010848,1024,768,1.3333333333333333
ISIC_0010849,1024,768,1.3333333333333333
ISIC_0010851,1024,768,1.3333333333333333
ISIC_0010852,1024,768,1.3333333333333333
ISIC_0010853,1024,768,1.3333333333333333
ISIC_0010854,1024,768,1.3333333333333333
ISIC_0010856,1024,768,1.3333333333333333
ISIC_0010857,1024,768,1.3333333333333333
ISIC_0010858,1024,768,1.3333333333333333
ISIC_0010860,1024,768,1.3333333333333333
ISIC_0010862,1024,768,1.3333333333333333
ISIC_0010864,1024,768,1.3333333333333333
ISIC_0011079,1024,768,1.3333333333333333
ISIC_0011081,1024,768,1.3333333333333333
ISIC_0011082,1024,768,1.3333333333333333
ISIC_0011084,1024,768,1.3333333333333333
ISIC_0011088,1024,768,1.3333333333333333
ISIC_0011090,1024,768,1.3333333333333333
ISIC_0011092,1024,768,1.3333333333333333
ISIC_0011095,1024,768,1.3333333333333333
ISIC_0011098,1024,768,1.3333333333333333
ISIC_0011099,1024,768,1.3333333333333333
ISIC_0011100,1024,768,1.3333333333333333
ISIC_0011101,1024,768,1.3333333333333333
ISIC_0011104,1024,768,1.3333333333333333
ISIC_0011105,1024,768,1.3333333333333333
ISIC_0011110,1024,768,1.3333333333333333
ISIC_0011112,1024,768,1.3333333333333333
ISIC_0011114,1024,768,1.3333333333333333
ISIC_0011115,1024,768,1.3333333333333333
ISIC_0011117,1024,768,1.3333333333333333
ISIC_0011118,1024,768,1.3333333333333333
ISIC_0011119,1024,768,1.3333333333333333
ISIC_0011120,1024,768,1.3333333333333333
ISIC_0011121,1024,768,1.3333333333333333
ISIC_0011123,1024,768,1.3333333333333333
ISIC_0011124,1024,768,1.3333333333333333
ISIC_0011125,1024,768,1.3333333333333333
ISIC_0011127,1024,768,1.3333333333333333
ISIC_0011128,1024,768,1.3333333333333333
ISIC_0011130,1024,768,1.3333333333333333
ISIC_0011131,1024,768,1.3333333333333333
ISIC_0011137,1024,768,1.3333333333333333
ISIC_0011140,1024,768,1.3333333333333333
ISIC_0011144,1024,768,1.3333333333333333
ISIC_0011145,1024,768,1.3333333333333333
ISIC_0011146,1024,768,1.3333333333333333
ISIC_0011149,1024,768,1.3333333333333333
ISIC_0011150,1024,768,1.3333333333333333
ISIC_0011151,1024,768,1.3333333333333333
ISIC_0011155,1024,768,1.3333333333333333
ISIC_0011157,1024,768,1.3333333333333333
ISIC_0011158,1024,768,1.3333333333333333
ISIC_0011162,1024,768,1.3333333333333333
ISIC_0011163,1024,768,1.3333333333333333
ISIC_0011165,1024,768,1.3333333333333333
ISIC_0011166,1024,768,1.3333333333333333
ISIC_0011167,1024,768,1.3333333333333333
ISIC_0011168,1024,768,1.3333333333333333
ISIC_0011169,1024,768,1.3333333333333333
ISIC_0011170,1024,768,1.3333333333333333
ISIC_0011171,1024,768,1.3333333333333333
ISIC_0011173,1024,768,1.3333333333333333
ISIC_0011176,1024,768,1.3333333333333333
ISIC_0011177,1024,768,1.3333333333333333
ISIC_0011199,1024,768,1.3333333333333333
ISIC_0011200,1024,768,1.3333333333333333
ISIC_0011202,1024,768,1.3333333333333333
ISIC_0011203,1024,768,1.3333333333333333
ISIC_0011204,1024,768,1.3333333333333333
ISIC_0011205,1024,768,1.3333333333333333
ISIC_0011207,1024,768,1.3333333333333333
ISIC_0011208,1024,768,1.3333333333333333
ISIC_0011210,1024,768,1.3333333333333333
ISIC_0011211,1024,768,1.3333333333333333
ISIC_0011212,1024,768,1.3333333333333333
ISIC_0011213,1024,768,1.3333333333333333
ISIC_0011214,1024,768,1.3333333333333333
ISIC_0011215,1024,768,1.3333333333333333
ISIC_0011217,1024,768,1.3333333333333333
ISIC_0011218,1024,768,1.3333333333333333
ISIC_0011220,1024,768,1.3333333333333333
ISIC_0011223,1024,768,1.3333333333333333
ISIC_0011224,1024,768,1.3333333333333333
ISIC_0011228,1024,768,1.3333333333333333
ISIC_0011230,1024,768,1.3333333333333333
ISIC_0011292,1024,768,1.3333333333333333
ISIC_0011294,1024,768,1.3333333333333333
ISIC_0011295,1024,768,1.3333333333333333
ISIC_0011296,1024,768,1.3333333333333333
ISIC_0011297,1024,768,1.3333333333333333
ISIC_0011298,1024,768,1.3333333333333333
ISIC_0011300,1024,768,1.3333333333333333
ISIC_0011301,1024,768,1.3333333333333333
ISIC_0011304,1024,768,1.3333333333333333
ISIC_0011306,1024,768,1.3333333333333333
ISIC_0011310,1024,768,1.3333333333333333
ISIC_0011317,1024,768,1.3333333333333333
ISIC_0011322,1024,768,1.3333333333333333
ISIC_0011323,1024,768,1.3333333333333333
ISIC_0011324,1024,768,1.3333333333333333
ISIC_0011326,1024,768,1.3333333333333333
ISIC_0011327,1024,768,1.3333333333333333
ISIC_0011328,1024,768,1.3333333333333333
ISIC_0011329,1024,768,1.3333333333333333
ISIC_0011330,1024,768,1.3333333333333333
ISIC_0011333,1024,768,1.3333333333333333
ISIC_0011334,1024,768,1.3333333333333333
ISIC_0011336,1024,768,1.3333333333333333
ISIC_0011338,1024,768,1.3333333333333333
ISIC_0011341,1024,768,1.3333333333333333
ISIC_0011343,1024,768,1.3333333333333333
ISIC_0011344,1024,768,1.3333333333333333
ISIC_0011345,1024,768,1.3333333333333333
ISIC_0011347,1024,768,1.3333333333333333
ISIC_0011348,1024,768,1.3333333333333333
ISIC_0011349,1024,768,1.3333333333333333
ISIC_0011350,1024,768,1.3333333333333333
ISIC_0011352,1024,768,1.3333333333333333
ISIC_0011353,1024,768,1.3333333333333333
ISIC_0011356,1024,768,1.3333333333333333
ISIC_0011357,1024,768,1.3333333333333333
ISIC_0011358,1024,768,1.3333333333333333
ISIC_0011360,1024,768,1.3333333333333333
ISIC_0011362,1024,768,1.3333333333333333
ISIC_0011363,1024,768,1.3333333333333333
ISIC_0011366,1024,768,1.3333333333333333
ISIC_0011367,1024,768,1.3333333333333333
ISIC_0011372,1024,768,1.3333333333333333
ISIC_0011373,1024,768,1.3333333333333333
ISIC_0011374,1024,768,1.3333333333333333
ISIC_0011378,1024,768,1.3333333333333333
ISIC_0011383,1024,768,1.3333333333333333
ISIC_0011384,1024,768,1.3333333333333333
ISIC_0011385,1024,768,1.3333333333333333
ISIC_0011387,1024,768,1.3333333333333333
ISIC_0011390,1024,768,1.3333333333333333
ISIC_0011393,1024,768,1.3333333333333333
ISIC_0011397,1024,768,1.3333333333333333
ISIC_0011402,1024,768,1.3333333333333333
ISIC_0012086_downsampled,1024,680,1.5058823529411764
ISIC_0012089_downsampled,1024,680,1.5058823529411764
ISIC_0012090_downsampled,1024,680,1.5058823529411764
ISIC_0012094_downsampled,1024,680,1.5058823529411764
ISIC_0012095_downsampled,1024,680,1.5058823529411764
ISIC_0012097_downsampled,1024,680,1.5058823529411764
ISIC_0012099_downsampled,1024,680,1.5058823529411764
ISIC_0012102_downsampled,1024,680,1.5058823529411764
ISIC_0012105_downsampled,1024,680,1.5058823529411764
ISIC_0012107_downsampled,1024,680,1.5058823529411764
ISIC_0012108_downsampled,1024,680,1.5058823529411764
ISIC_0012109_downsampled,1024,680,1.5058823529411764
ISIC_0012116_downsampled,1024,680,1.5058823529411764
ISIC_0012126_downsampled,1024,680,1.5058823529411764
ISIC_0012127_downsampled,1024,680,1.5058823529411764
ISIC_0012134_downsampled,1024,680,1.5058823529411764
ISIC_0012135_downsampled,1024,680,1.5058823529411764
ISIC_0012136_downsampled,1024,680,1.5058823529411764
ISIC_0012137_downsampled,1024,680,1.5058823529411764
ISIC_0012141_downsampled,1024,680,1.5058823529411764
ISIC_0012143_downsampled,1024,680,1.5058823529411764
ISIC_0012147_downsampled,1024,680,1.5058823529411764
ISIC_0012148_downsampled,1024,680,1.5058823529411764
ISIC_0012149_downsampled,1024,680,1.5058823529411764
ISIC_0012150_downsampled,1024,680,1.5058823529411764
ISIC_0012151_downsampled,1024,680,1.5058823529411764
ISIC_0012152_downsampled,1024,680,1.5058823529411764
ISIC_0012155_downsampled,1024,680,1.5058823529411764
ISIC_0012156_downsampled,1024,680,1.5058823529411764
ISIC_0012159_downsampled,1024,680,1.5058823529411764
ISIC_0012160_downsampled,1024,680,1.5058823529411764
ISIC_0012167_downsampled,1024,680,1.5058823529411764
ISIC_0012170_downsampled,1024,680,1.5058823529411764
ISIC_0012172_downsampled,1024,680,1.5058823529411764
ISIC_0012173_downsampled,1024,680,1.5058823529411764
ISIC_0012177_downsampled,1024,680,1.5058823529411764
ISIC_0012183_downsampled,1024,680,1.5058823529411764
ISIC_0012187_downsampled,1024,680,1.5058823529411764
ISIC_0012191_downsampled,1024,680,1.5058823529411764
ISIC_0012199_downsampled,1024,680,1.5058823529411764
ISIC_0012204_downsampled,1024,680,1.5058823529411764
ISIC_0012205_downsampled,1024,680,1.5058823529411764
ISIC_0012206_downsampled,1024,680,1.5058823529411764
ISIC_0012207_downsampled,1024,680,1.5058823529411764
ISIC_0012208_downsampled,1024,680,1.5058823529411764
ISIC_0012209_downsampled,1024,680,1.5058823529411764
ISIC_0012210_downsampled,1024,680,1.5058823529411764
ISIC_0012211_downsampled,1024,680,1.5058823529411764
ISIC_0012212_downsampled,1024,680,1.5058823529411764
ISIC_0012214_downsampled,1024,680,1.5058823529411764
ISIC_0012215_downsampled,1024,680,1.5058823529411764
ISIC_0012216_downsampled,1024,680,1.5058823529411764
ISIC_0012217_downsampled,1024,680,1.5058823529411764
ISIC_0012221_downsampled,1024,680,1.5058823529411764
ISIC_0012222_downsampled,1024,680,1.5058823529411764
ISIC_0012223_downsampled,1024,680,1.5058823529411764
ISIC_0012224_downsampled,1024,680,1.5058823529411764
ISIC_0012227_downsampled,1024,680,1.5058823529411764
ISIC_0012228_downsampled,1024,680,1.5058823529411764
ISIC_0012230_downsampled,1024,680,1.5058823529411764
ISIC_0012232_downsampled,1024,680,1.5058823529411764
ISIC_0012233_downsampled,1024,680,1.5058823529411764
ISIC_0012235_downsampled,1024,680,1.5058823529411764
ISIC_0012237_downsampled,1024,680,1.5058823529411764
ISIC_0012240_downsampled,1024,680,1.5058823529411764
ISIC_0012245_downsampled,1024,680,1.5058823529411764
ISIC_0012246_downsampled,1024,680,1.5058823529411764
ISIC_0012248_downsampled,1024,680,1.5058823529411764
ISIC_0012250_downsampled,1024,680,1.5058823529411764
ISIC_0012253_downsampled,1024,680,1.5058823529411764
ISIC_0012254_downsampled,1024,680,1.5058823529411764
ISIC_0012256_downsampled,1024,680,1.5058823529411764
ISIC_0012257_downsampled,1024,680,1.5058823529411764
ISIC_0012258_downsampled,1024,680,1.5058823529411764
ISIC_0012259_downsampled,1024,680,1.5058823529411764
ISIC_0012260_downsampled,1024,680,1.5058823529411764
ISIC_0012261_downsampled,1024,680,1.5058823529411764
ISIC_0012263_downsampled,1024,680,1.5058823529411764
ISIC_0012265_downsampled,1024,680,1.5058823529411764
ISIC_0012266_downsampled,1024,680,1.5058823529411764
ISIC_0012268_downsampled,1024,680,1.5058823529411764
ISIC_0012272_downsampled,1024,680,1.5058823529411764
ISIC_0012273_downsampled,1024,680,1.5058823529411764
ISIC_0012274_downsampled,1024,680,1.5058823529411764
ISIC_0012278_downsampled,1024,680,1.5058823529411764
ISIC_0012281_downsampled,1024,680,1.5058823529411764
ISIC_0012285_downsampled,1024,680,1.5058823529411764
ISIC_0012288_downsampled,1024,680,1.5058823529411764
ISIC_0012291_downsampled,1024,680,1.5058823529411764
ISIC_0012294_downsampled,1024,680,1.5058823529411764
ISIC_0012298_downsampled,1024,680,1.5058823529411764
ISIC_0012303_downsampled,1024,680,1.5058823529411764
ISIC_0012311_downsampled,1024,680,1.5058823529411764
ISIC_0012316_downsampled,1024,680,1.5058823529411764
ISIC_0012318_downsampled,1024,680,1.5058823529411764
ISIC_0012320_downsampled,1024,680,1.5058823529411764
ISIC_0012322_downsampled,1024,680,1.5058823529411764
ISIC_0012323_downsampled,1024,680,1.5058823529411764
ISIC_0012325_downsampled,1024,680,1.5058823529411764
ISIC_0012329_downsampled,1024,680,1.5058823529411764
ISIC_0012330_downsampled,1024,680,1.5058823529411764
ISIC_0012332_downsampled,1024,680,1.5058823529411764
ISIC_0012333_downsampled,1024,680,1.5058823529411764
ISIC_0012334_downsampled,1024,680,1.5058823529411764
ISIC_0012335_downsampled,1024,680,1.5058823529411764
ISIC_0012338_downsampled,1024,680,1.5058823529411764
ISIC_0012339_downsampled,1024,680,1.5058823529411764
ISIC_0012342_downsampled,1024,680,1.5058823529411764
ISIC_0012348_downsampled,1024,680,1.5058823529411764
ISIC_0012351_downsampled,1024,680,1.5058823529411764
ISIC_0012356_downsampled,1024,680,1.5058823529411764
ISIC_0012357_downsampled,1024,680,1.5058823529411764
ISIC_0012359_downsampled,1024,680,1.5058823529411764
ISIC_0012363_downsampled,1024,680,1.5058823529411764
ISIC_0012369_downsampled,1024,680,1.5058823529411764
ISIC_0012372_downsampled,1024,680,1.5058823529411764
ISIC_0012374_downsampled,1024,680,1.5058823529411764
ISIC_0012375_downsampled,1024,680,1.5058823529411764
ISIC_0012376_downsampled,1024,680,1.5058823529411764
ISIC_0012377_downsampled,1024,680,1.5058823529411764
ISIC_0012378_downsampled,1024,680,1.5058823529411764
ISIC_0012379_downsampled,1024,680,1.5058823529411764
ISIC_0012380_downsampled,1024,680,1.5058823529411764
ISIC_0012381_downsampled,1024,680,1.5058823529411764
ISIC_0012382_downsampled,1024,680,1.5058823529411764
ISIC_0012383_downsampled,1024,680,1.5058823529411764
ISIC_0012386_downsampled,1024,680,1.5058823529411764
ISIC_0012387_downsampled,1024,680,1.5058823529411764
ISIC_0012390_downsampled,1024,680,1.5058823529411764
ISIC_0012395_downsampled,1024,680,1.5058823529411764
ISIC_0012397_downsampled,1024,680,1.5058823529411764
ISIC_0012400_downsampled,1024,680,1.5058823529411764
ISIC_0012413_downsampled,1024,680,1.5058823529411764
ISIC_0012415_downsampled,1024,680,1.5058823529411764
ISIC_0012416_downsampled,1024,680,1.5058823529411764
ISIC_0012417_downsampled,1024,680,1.5058823529411764
ISIC_0012425_downsampled,1024,680,1.5058823529411764
ISIC_0012428_downsampled,1024,680,1.5058823529411764
ISIC_0012432_downsampled,1024,680,1.5058823529411764
ISIC_0012433_downsampled,1024,680,1.5058823529411764
ISIC_0012434_downsampled,1024,680,1.5058823529411764
ISIC_0012435_downsampled,1024,680,1.5058823529411764
ISIC_0012442_downsampled,1024,680,1.5058823529411764
ISIC_0012445_downsampled,1024,680,1.5058823529411764
ISIC_0012447_downsampled,1024,680,1.5058823529411764
ISIC_0012452_downsampled,1024,680,1.5058823529411764
ISIC_0012453_downsampled,1024,680,1.5058823529411764
ISIC_0012459_downsampled,1024,680,1.5058823529411764
ISIC_0012464_downsampled,1024,680,1.5058823529411764
ISIC_0012469_downsampled,1024,680,1.5058823529411764
ISIC_0012473_downsampled,1024,680,1.5058823529411764
ISIC_0012475_downsampled,1024,680,1.5058823529411764
ISIC_0012478_downsampled,1024,680,1.5058823529411764
ISIC_0012481_downsampled,1024,680,1.5058823529411764
ISIC_0012484_downsampled,1024,680,1.5058823529411764
ISIC_0012487_downsampled,1024,680,1.5058823529411764
ISIC_0012489_downsampled,1024,680,1.5058823529411764
ISIC_0012492_downsampled,1024,680,1.5058823529411764
ISIC_0012493_downsampled,1024,680,1.5058823529411764
ISIC_0012495_downsampled,1024,680,1.5058823529411764
ISIC_0012496_downsampled,1024,680,1.5058823529411764
ISIC_0012501_downsampled,1024,680,1.5058823529411764
ISIC_0012503_downsampled,1024,680,1.5058823529411764
ISIC_0012506_downsampled,1024,680,1.5058823529411764
ISIC_0012508_downsampled,1024,680,1.5058823529411764
ISIC_0012510_downsampled,1024,680,1.5058823529411764
ISIC_0012511_downsampled,1024,680,1.5058823529411764
ISIC_0012512_downsampled,1024,680,1.5058823529411764
ISIC_0012513_downsampled,1024,680,1.5058823529411764
ISIC_0012516_downsampled,1024,680,1.5058823529411764
ISIC_0012518_downsampled,1024,680,1.5058823529411764
ISIC_0012520_downsampled,1024,680,1.5058823529411764
ISIC_0012521_downsampled,1024,680,1.5058823529411764
ISIC_0012522_downsampled,1024,680,1.5058823529411764
ISIC_0012523_downsampled,1024,680,1.5058823529411764
ISIC_0012526_downsampled,1024,680,1.5058823529411764
ISIC_0012527_downsampled,1024,680,1.5058823529411764
ISIC_0012529_downsampled,1024,680,1.5058823529411764
ISIC_0012537_downsampled,1024,680,1.5058823529411764
ISIC_0012538_downsampled,1024,680,1.5058823529411764
ISIC_0012539_downsampled,1024,680,1.5058823529411764
ISIC_0012544_downsampled,1024,680,1.5058823529411764
ISIC_0012547_downsampled,1024,680,1.5058823529411764
ISIC_0012548_downsampled,1024,680,1.5058823529411764
ISIC_0012549_downsampled,1024,680,1.5058823529411764
ISIC_0012550_downsampled,1024,680,1.5058823529411764
ISIC_0012551_downsampled,1024,680,1.5058823529411764
ISIC_0012653_downsampled,1024,682,1.501466275659824
ISIC_0012654_downsampled,1024,682,1.501466275659824
ISIC_0012655_downsampled,1024,682,1.501466275659824
ISIC_0012656_downsampled,1024,682,1.501466275659824
ISIC_0012658_downsampled,1024,682,1.501466275659824
ISIC_0012659_downsampled,1024,682,1.501466275659824
ISIC_0012660_downsampled,1024,682,1.501466275659824
ISIC_0012661_downsampled,1024,682,1.501466275659824
ISIC_0012662_downsampled,1024,680,1.5058823529411764
ISIC_0012663_downsampled,1024,680,1.5058823529411764
ISIC_0012669_downsampled,1024,680,1.5058823529411764
ISIC_0012670_downsampled,1024,680,1.5058823529411764
ISIC_0012671_downsampled,1024,680,1.5058823529411764
ISIC_0012672_downsampled,1024,680,1.5058823529411764
ISIC_0012673_downsampled,1024,680,1.5058823529411764
ISIC_0012674_downsampled,1024,680,1.5058823529411764
ISIC_0012675_downsampled,1024,680,1.5058823529411764
ISIC_0012676_downsampled,1024,680,1.5058823529411764
ISIC_0012678_downsampled,1024,680,1.5058823529411764
ISIC_0012679_downsampled,1024,680,1.5058823529411764
ISIC_0012680_downsampled,1024,680,1.5058823529411764
ISIC_0012681_downsampled,1024,680,1.5058823529411764
ISIC_0012682_downsampled,1024,680,1.5058823529411764
ISIC_0012683_downsampled,1024,680,1.5058823529411764
ISIC_0012685_downsampled,1024,680,1.5058823529411764
ISIC_0012690_downsampled,1024,680,1.5058823529411764
ISIC_0012693_downsampled,1024,680,1.5058823529411764
ISIC_0012697_downsampled,1024,680,1.5058823529411764
ISIC_0012700_downsampled,1024,680,1.5058823529411764
ISIC_0012702_downsampled,1024,680,1.5058823529411764
ISIC_0012705_downsampled,1024,680,1.5058823529411764
ISIC_0012708_downsampled,1024,680,1.5058823529411764
ISIC_0012709_downsampled,1024,680,1.5058823529411764
ISIC_0012710_downsampled,1024,680,1.5058823529411764
ISIC_0012711_downsampled,1024,680,1.5058823529411764
ISIC_0012713_downsampled,1024,680,1.5058823529411764
ISIC_0012719_downsampled,1024,680,1.5058823529411764
ISIC_0012720_downsampled,1024,680,1.5058823529411764
ISIC_0012721_downsampled,1024,680,1.5058823529411764
ISIC_0012722_downsampled,1024,680,1.5058823529411764
ISIC_0012725_downsampled,1024,680,1.5058823529411764
ISIC_0012726_downsampled,1024,680,1.5058823529411764
ISIC_0012737_downsampled,1024,680,1.5058823529411764
ISIC_0012739_downsampled,1024,680,1.5058823529411764
ISIC_0012740_downsampled,1024,680,1.5058823529411764
ISIC_0012741_downsampled,1024,680,1.5058823529411764
ISIC_0012742_downsampled,1024,680,1.5058823529411764
ISIC_0012744_downsampled,1024,680,1.5058823529411764
ISIC_0012749_downsampled,1024,680,1.5058823529411764
ISIC_0012756_downsampled,1024,685,1.494890510948905
ISIC_0012758,639,602,1.0614617940199336
ISIC_0012768_downsampled,1024,680,1.5058823529411764
ISIC_0012772_downsampled,1024,685,1.494890510948905
ISIC_0012777_downsampled,1024,680,1.5058823529411764
ISIC_0012785_downsampled,1024,680,1.5058823529411764
ISIC_0012787_downsampled,1024,680,1.5058823529411764
ISIC_0012788_downsampled,1024,680,1.5058823529411764
ISIC_0012790_downsampled,1024,680,1.5058823529411764
ISIC_0012792_downsampled,1024,680,1.5058823529411764
ISIC_0012793_downsampled,1024,680,1.5058823529411764
ISIC_0012803_downsampled,1024,680,1.5058823529411764
ISIC_0012804_downsampled,1024,680,1.5058823529411764
ISIC_0012806_downsampled,1024,685,1.494890510948905
ISIC_0012810_downsampled,1024,685,1.494890510948905
ISIC_0012811,1017,717,1.4184100418410042
ISIC_0012813_downsampled,1024,680,1.5058823529411764
ISIC_0012823_downsampled,1024,685,1.494890510948905
ISIC_0012826_downsampled,1024,685,1.494890510948905
ISIC_0012827_downsampled,1024,685,1.494890510948905
ISIC_0012828_downsampled,1024,685,1.494890510948905
ISIC_0012833_downsampled,1024,680,1.5058823529411764
ISIC_0012835_downsampled,1024,680,1.5058823529411764
ISIC_0012836_downsampled,1024,680,1.5058823529411764
ISIC_0012840_downsampled,1024,685,1.494890510948905
ISIC_0012844_downsampled,1024,680,1.5058823529411764
ISIC_0012845_downsampled,1024,680,1.5058823529411764
ISIC_0012848_downsampled,1024,685,1.494890510948905
ISIC_0012851_downsampled,1024,680,1.5058823529411764
ISIC_0012852_downsampled,1024,685,1.494890510948905
ISIC_0012855_downsampled,1024,680,1.5058823529411764
ISIC_0012856_downsampled,1024,685,1.494890510948905
ISIC_0012865_downsampled,1024,685,1.494890510948905
ISIC_0012873_downsampled,1024,680,1.5058823529411764
ISIC_0012877_downsampled,1024,685,1.494890510948905
ISIC_0012878_downsampled,1024,685,1.494890510948905
ISIC_0012883_downsampled,1024,685,1.494890510948905
ISIC_0012887_downsampled,1024,680,1.5058823529411764
ISIC_0012888_downsampled,1024,680,1.5058823529411764
ISIC_0012889_downsampled,1024,680,1.5058823529411764
ISIC_0012891_downsampled,1024,680,1.5058823529411764
ISIC_0012898_downsampled,1024,685,1.494890510948905
ISIC_0012905_downsampled,1024,685,1.494890510948905
ISIC_0012907_downsampled,1024,685,1.494890510948905
ISIC_0012911_downsampled,1024,680,1.5058823529411764
ISIC_0012927_downsampled,1024,685,1.494890510948905
ISIC_0012930_downsampled,1024,680,1.5058823529411764
ISIC_0012940_downsampled,1024,685,1.494890510948905
ISIC_0012941_downsampled,1024,685,1.494890510948905
ISIC_0012944_downsampled,1024,685,1.494890510948905
ISIC_0012949_downsampled,1024,680,1.5058823529411764
ISIC_0012950_downsampled,1024,685,1.494890510948905
ISIC_0012952_downsampled,1024,680,1.5058823529411764
ISIC_0012957_downsampled,1024,685,1.494890510948905
ISIC_0012959_downsampled,1024,685,1.494890510948905
ISIC_0012962_downsampled,1024,680,1.5058823529411764
ISIC_0012965_downsampled,1024,680,1.5058823529411764
ISIC_0012966_downsampled,1024,685,1.494890510948905
ISIC_0012967_downsampled,1024,685,1.494890510948905
ISIC_0012969_downsampled,1024,680,1.5058823529411764
ISIC_0012970_downsampled,1024,680,1.5058823529411764
ISIC_0012974_downsampled,1024,685,1.494890510948905
ISIC_0012981_downsampled,1024,685,1.494890510948905
ISIC_0012986_downsampled,1024,685,1.494890510948905
ISIC_0012988_downsampled,1024,680,1.5058823529411764
ISIC_0012989_downsampled,1024,680,1.5058823529411764
ISIC_0012990_downsampled,1024,680,1.5058823529411764
ISIC_0012998,1007,704,1.4303977272727273
ISIC_0012999_downsampled,1024,685,1.494890510948905
ISIC_0013001_downsampled,1024,685,1.494890510948905
ISIC_0013007_downsampled,1024,680,1.5058823529411764
ISIC_0013010_downsampled,1024,680,1.5058823529411764
ISIC_0013012_downsampled,1024,680,1.5058823529411764
ISIC_0013014_downsampled,1024,685,1.494890510948905
ISIC_0013015_downsampled,1024,680,1.5058823529411764
ISIC_0013024_downsampled,1024,680,1.5058823529411764
ISIC_0013025_downsampled,1024,685,1.494890510948905
ISIC_0013026_downsampled,1024,685,1.494890510948905
ISIC_0013032_downsampled,1024,680,1.5058823529411764
ISIC_0013033_downsampled,1024,680,1.5058823529411764
ISIC_0013034_downsampled,1024,680,1.5058823529411764
ISIC_0013037_downsampled,1024,685,1.494890510948905
ISIC_0013039_downsampled,1024,685,1.494890510948905
ISIC_0013040_downsampled,1024,680,1.5058823529411764
ISIC_0013045_downsampled,1024,685,1.494890510948905
ISIC_0013047_downsampled,1024,680,1.5058823529411764
ISIC_0013053_downsampled,1024,685,1.494890510948905
ISIC_0013055_downsampled,1024,685,1.494890510948905
ISIC_0013056_downsampled,1024,680,1.5058823529411764
ISIC_0013059_downsampled,1024,685,1.494890510948905
ISIC_0013065_downsampled,1024,685,1.494890510948905
ISIC_0013070_downsampled,1024,685,1.494890510948905
ISIC_0013071_downsampled,1024,685,1.494890510948905
ISIC_0013072_downsampled,1024,680,1.5058823529411764
ISIC_0013073_downsampled,1024,680,1.5058823529411764
ISIC_0013075_downsampled,1024,685,1.494890510948905
ISIC_0013079_downsampled,1024,680,1.5058823529411764
ISIC_0013080_downsampled,1024,680,1.5058823529411764
ISIC_0013082_downsampled,1024,685,1.494890510948905
ISIC_0013085_downsampled,1024,680,1.5058823529411764
ISIC_0013086_downsampled,1024,680,1.5058823529411764
ISIC_0013088_downsampled,1024,680,1.5058823529411764
ISIC_0013089_downsampled,1024,685,1.494890510948905
ISIC_0013090_downsampled,1024,680,1.5058823529411764
ISIC_0013092_downsampled,1024,680,1.5058823529411764
ISIC_0013094_downsampled,1024,680,1.5058823529411764
ISIC_0013096_downsampled,1024,680,1.5058823529411764
ISIC_0013097_downsampled,1024,680,1.5058823529411764
ISIC_0013104_downsampled,1024,685,1.494890510948905
ISIC_0013109_downsampled,1024,680,1.5058823529411764
ISIC_0013112_downsampled,1024,680,1.5058823529411764
ISIC_0013118_downsampled,1024,680,1.5058823529411764
ISIC_0013121_downsampled,1024,680,1.5058823529411764
ISIC_0013124_downsampled,1024,685,1.494890510948905
ISIC_0013127_downsampled,1024,680,1.5058823529411764
ISIC_0013128_downsampled,1024,685,1.494890510948905
ISIC_0013129_downsampled,1024,680,1.5058823529411764
ISIC_0013134_downsampled,1024,685,1.494890510948905
ISIC_0013136_downsampled,1024,680,1.5058823529411764
ISIC_0013140_downsampled,1024,685,1.494890510948905
ISIC_0013141_downsampled,1024,680,1.5058823529411764
ISIC_0013146_downsampled,1024,680,1.5058823529411764
ISIC_0013147_downsampled,1024,680,1.5058823529411764
ISIC_0013150_downsampled,1024,680,1.5058823529411764
ISIC_0013155_downsampled,1024,680,1.5058823529411764
ISIC_0013163_downsampled,1024,680,1.5058823529411764
ISIC_0013165_downsampled,1024,685,1.494890510948905
ISIC_0013166_downsampled,1024,680,1.5058823529411764
ISIC_0013167_downsampled,1024,685,1.494890510948905
ISIC_0013170_downsampled,1024,680,1.5058823529411764
ISIC_0013172_downsampled,1024,680,1.5058823529411764
ISIC_0013174_downsampled,1024,680,1.5058823529411764
ISIC_0013178_downsampled,1024,680,1.5058823529411764
ISIC_0013181_downsampled,1024,680,1.5058823529411764
ISIC_0013184_downsampled,1024,685,1.494890510948905
ISIC_0013187_downsampled,1024,680,1.5058823529411764
ISIC_0013188_downsampled,1024,680,1.5058823529411764
ISIC_0013189_downsampled,1024,685,1.494890510948905
ISIC_0013190_downsampled,1024,685,1.494890510948905
ISIC_0013191_downsampled,1024,680,1.5058823529411764
ISIC_0013192_downsampled,1024,680,1.5058823529411764
ISIC_0013193_downsampled,1024,680,1.5058823529411764
ISIC_0013196_downsampled,1024,680,1.5058823529411764
ISIC_0013197_downsampled,1024,680,1.5058823529411764
ISIC_0013198_downsampled,1024,680,1.5058823529411764
ISIC_0013200_downsampled,1024,680,1.5058823529411764
ISIC_0013201_downsampled,1024,680,1.5058823529411764
ISIC_0013203_downsampled,1024,680,1.5058823529411764
ISIC_0013204_downsampled,1024,680,1.5058823529411764
ISIC_0013205_downsampled,1024,680,1.5058823529411764
ISIC_0013207_downsampled,1024,680,1.5058823529411764
ISIC_0013208_downsampled,1024,680,1.5058823529411764
ISIC_0013212_downsampled,1024,680,1.5058823529411764
ISIC_0013213_downsampled,1024,680,1.5058823529411764
ISIC_0013215_downsampled,1024,680,1.5058823529411764
ISIC_0013217_downsampled,1024,685,1.494890510948905
ISIC_0013219_downsampled,1024,680,1.5058823529411764
ISIC_0013220_downsampled,1024,680,1.5058823529411764
ISIC_0013223_downsampled,1024,680,1.5058823529411764
ISIC_0013226_downsampled,1024,685,1.494890510948905
ISIC_0013229_downsampled,1024,680,1.5058823529411764
ISIC_0013230_downsampled,1024,680,1.5058823529411764
ISIC_0013232_downsampled,1024,680,1.5058823529411764
ISIC_0013233_downsampled,1024,680,1.5058823529411764
ISIC_0013236_downsampled,1024,685,1.494890510948905
ISIC_0013238_downsampled,1024,685,1.494890510948905
ISIC_0013242_downsampled,1024,685,1.494890510948905
ISIC_0013243_downsampled,1024,685,1.494890510948905
ISIC_0013244_downsampled,1024,680,1.5058823529411764
ISIC_0013248_downsampled,1024,680,1.5058823529411764
ISIC_0013249_downsampled,1024,685,1.494890510948905
ISIC_0013257_downsampled,1024,680,1.5058823529411764
ISIC_0013258_downsampled,1024,680,1.5058823529411764
ISIC_0013268_downsampled,1024,680,1.5058823529411764
ISIC_0013269_downsampled,1024,680,1.5058823529411764
ISIC_0013271_downsampled,1024,680,1.5058823529411764
ISIC_0013277_downsampled,1024,680,1.5058823529411764
ISIC_0013281_downsampled,1024,680,1.5058823529411764
ISIC_0013287_downsampled,1024,680,1.5058823529411764
ISIC_0013288_downsampled,1024,680,1.5058823529411764
ISIC_0013291_downsampled,1024,680,1.5058823529411764
ISIC_0013294_downsampled,1024,680,1.5058823529411764
ISIC_0013306_downsampled,1024,680,1.5058823529411764
ISIC_0013310_downsampled,1024,680,1.5058823529411764
ISIC_0013311_downsampled,1024,680,1.5058823529411764
ISIC_0013314_downsampled,1024,680,1.5058823529411764
ISIC_0013315_downsampled,1024,680,1.5058823529411764
ISIC_0013319_downsampled,1024,680,1.5058823529411764
ISIC_0013320_downsampled,1024,680,1.5058823529411764
ISIC_0013321_downsampled,1024,680,1.5058823529411764
ISIC_0013325_downsampled,1024,680,1.5058823529411764
ISIC_0013326_downsampled,1024,680,1.5058823529411764
ISIC_0013329_downsampled,1024,680,1.5058823529411764
ISIC_0013333_downsampled,1024,680,1.5058823529411764
ISIC_0013340_downsampled,1024,680,1.5058823529411764
ISIC_0013341_downsampled,1024,680,1.5058823529411764
ISIC_0013342_downsampled,1024,680,1.5058823529411764
ISIC_0013346_downsampled,1024,680,1.5058823529411764
ISIC_0013355_downsampled,1024,680,1.5058823529411764
ISIC_0013359_downsampled,1024,680,1.5058823529411764
ISIC_0013360_downsampled,1024,680,1.5058823529411764
ISIC_0013364_downsampled,1024,680,1.5058823529411764
ISIC_0013369_downsampled,1024,680,1.5058823529411764
ISIC_0013371_downsampled,1024,680,1.5058823529411764
ISIC_0013374_downsampled,1024,680,1.5058823529411764
ISIC_0013378_downsampled,1024,680,1.5058823529411764
ISIC_0013383_downsampled,1024,680,1.5058823529411764
ISIC_0013385_downsampled,1024,680,1.5058823529411764
ISIC_0013390_downsampled,1024,680,1.5058823529411764
ISIC_0013395_downsampled,1024,680,1.5058823529411764
ISIC_0013397_downsampled,1024,680,1.5058823529411764
ISIC_0013400_downsampled,1024,680,1.5058823529411764
ISIC_0013403_downsampled,1024,680,1.5058823529411764
ISIC_0013409_downsampled,1024,680,1.5058823529411764
ISIC_0013411_downsampled,1024,680,1.5058823529411764
ISIC_0013416_downsampled,1024,680,1.5058823529411764
ISIC_0013417_downsampled,1024,680,1.5058823529411764
ISIC_0013421_downsampled,1024,680,1.5058823529411764
ISIC_0013423_downsampled,1024,680,1.5058823529411764
ISIC_0013425_downsampled,1024,680,1.5058823529411764
ISIC_0013427_downsampled,1024,680,1.5058823529411764
ISIC_0013428_downsampled,1024,680,1.5058823529411764
ISIC_0013429_downsampled,1024,680,1.5058823529411764
ISIC_0013430_downsampled,1024,680,1.5058823529411764
ISIC_0013433_downsampled,1024,680,1.5058823529411764
ISIC_0013434_downsampled,1024,680,1.5058823529411764
ISIC_0013437_downsampled,1024,680,1.5058823529411764
ISIC_0013438_downsampled,1024,680,1.5058823529411764
ISIC_0013443_downsampled,1024,680,1.5058823529411764
ISIC_0013455_downsampled,1024,680,1.5058823529411764
ISIC_0013456_downsampled,1024,680,1.5058823529411764
ISIC_0013457_downsampled,1024,680,1.5058823529411764
ISIC_0013458_downsampled,1024,680,1.5058823529411764
ISIC_0013461_downsampled,1024,680,1.5058823529411764
ISIC_0013465_downsampled,1024,680,1.5058823529411764
ISIC_0013472_downsampled,1024,680,1.5058823529411764
ISIC_0013474_downsampled,1024,680,1.5058823529411764
ISIC_0013480_downsampled,1024,685,1.494890510948905
ISIC_0013486_downsampled,1024,682,1.501466275659824
ISIC_0013487_downsampled,1024,682,1.501466275659824
ISIC_0013488_downsampled,1024,682,1.501466275659824
ISIC_0013489_downsampled,1024,682,1.501466275659824
ISIC_0013491_downsampled,1024,680,1.5058823529411764
ISIC_0013492_downsampled,1024,680,1.5058823529411764
ISIC_0013493_downsampled,1024,680,1.5058823529411764
ISIC_0013494_downsampled,1024,680,1.5058823529411764
ISIC_0013495_downsampled,1024,680,1.5058823529411764
ISIC_0013497_downsampled,1024,680,1.5058823529411764
ISIC_0013498_downsampled,1024,685,1.494890510948905
ISIC_0013499_downsampled,1024,685,1.494890510948905
ISIC_0013500_downsampled,1024,685,1.494890510948905
ISIC_0013501_downsampled,1024,680,1.5058823529411764
ISIC_0013511_downsampled,1024,680,1.5058823529411764
ISIC_0013512_downsampled,1024,680,1.5058823529411764
ISIC_0013516_downsampled,1024,680,1.5058823529411764
ISIC_0013517_downsampled,1024,680,1.5058823529411764
ISIC_0013518_downsampled,1024,680,1.5058823529411764
ISIC_0013523_downsampled,1024,680,1.5058823529411764
ISIC_0013525_downsampled,1024,680,1.5058823529411764
ISIC_0013526_downsampled,1024,680,1.5058823529411764
ISIC_0013527_downsampled,1024,680,1.5058823529411764
ISIC_0013529_downsampled,1024,680,1.5058823529411764
ISIC_0013552_downsampled,1024,680,1.5058823529411764
ISIC_0013553_downsampled,1024,680,1.5058823529411764
ISIC_0013554_downsampled,1024,680,1.5058823529411764
ISIC_0013559_downsampled,1024,680,1.5058823529411764
ISIC_0013561_downsampled,1024,680,1.5058823529411764
ISIC_0013562_downsampled,1024,680,1.5058823529411764
ISIC_0013565_downsampled,1024,680,1.5058823529411764
ISIC_0013567_downsampled,1024,680,1.5058823529411764
ISIC_0013568_downsampled,1024,680,1.5058823529411764
ISIC_0013572_downsampled,1024,680,1.5058823529411764
ISIC_0013573_downsampled,1024,685,1.494890510948905
ISIC_0013578_downsampled,1024,680,1.5058823529411764
ISIC_0013579_downsampled,1024,680,1.5058823529411764
ISIC_0013580_downsampled,1024,680,1.5058823529411764
ISIC_0013581_downsampled,1024,680,1.5058823529411764
ISIC_0013584_downsampled,1024,680,1.5058823529411764
ISIC_0013585_downsampled,1024,680,1.5058823529411764
ISIC_0013588_downsampled,1024,680,1.5058823529411764
ISIC_0013592_downsampled,1024,680,1.5058823529411764
ISIC_0013595_downsampled,1024,680,1.5058823529411764
ISIC_0013596_downsampled,1024,680,1.5058823529411764
ISIC_0013600_downsampled,1024,685,1.494890510948905
ISIC_0013601_downsampled,1024,685,1.494890510948905
ISIC_0013602_downsampled,1024,685,1.494890510948905
ISIC_0013603_downsampled,1024,685,1.494890510948905
ISIC_0013606_downsampled,1024,680,1.5058823529411764
ISIC_0013610_downsampled,1024,680,1.5058823529411764
ISIC_0013617_downsampled,1024,685,1.494890510948905
ISIC_0013618_downsampled,1024,680,1.5058823529411764
ISIC_0013621_downsampled,1024,685,1.494890510948905
ISIC_0013626_downsampled,1024,685,1.494890510948905
ISIC_0013632_downsampled,1024,680,1.5058823529411764
ISIC_0013634_downsampled,1024,680,1.5058823529411764
ISIC_0013635_downsampled,1024,680,1.5058823529411764
ISIC_0013637_downsampled,1024,680,1.5058823529411764
ISIC_0013639_downsampled,1024,685,1.494890510948905
ISIC_0013643_downsampled,1024,680,1.5058823529411764
ISIC_0013651_downsampled,1024,680,1.5058823529411764
ISIC_0013652_downsampled,1024,680,1.5058823529411764
ISIC_0013656_downsampled,1024,685,1.494890510948905
ISIC_0013663_downsampled,1024,680,1.5058823529411764
ISIC_0013670_downsampled,1024,680,1.5058823529411764
ISIC_0013671_downsampled,1024,680,1.5058823529411764
ISIC_0013672_downsampled,1024,680,1.5058823529411764
ISIC_0013674_downsampled,1024,680,1.5058823529411764
ISIC_0013675_downsampled,1024,680,1.5058823529411764
ISIC_0013676_downsampled,1024,680,1.5058823529411764
ISIC_0013678_downsampled,1024,680,1.5058823529411764
ISIC_0013682_downsampled,1024,680,1.5058823529411764
ISIC_0013684_downsampled,1024,680,1.5058823529411764
ISIC_0013685_downsampled,1024,680,1.5058823529411764
ISIC_0013687_downsampled,1024,680,1.5058823529411764
ISIC_0013688_downsampled,1024,680,1.5058823529411764
ISIC_0013689_downsampled,1024,680,1.5058823529411764
ISIC_0013690_downsampled,1024,680,1.5058823529411764
ISIC_0013691_downsampled,1024,680,1.5058823529411764
ISIC_0013695_downsampled,1024,680,1.5058823529411764
ISIC_0013696_downsampled,1024,680,1.5058823529411764
ISIC_0013706_downsampled,1024,685,1.494890510948905
ISIC_0013707_downsampled,1024,685,1.494890510948905
ISIC_0013708_downsampled,1024,685,1.494890510948905
ISIC_0013709_downsampled,1024,680,1.5058823529411764
ISIC_0013713_downsampled,1024,680,1.5058823529411764
ISIC_0013719_downsampled,1024,680,1.5058823529411764
ISIC_0013721_downsampled,1024,680,1.5058823529411764
ISIC_0013725_downsampled,1024,680,1.5058823529411764
ISIC_0013731_downsampled,1024,685,1.494890510948905
ISIC_0013733_downsampled,1024,680,1.5058823529411764
ISIC_0013736_downsampled,1024,680,1.5058823529411764
ISIC_0013738_downsampled,1024,680,1.5058823529411764
ISIC_0013739_downsampled,1024,680,1.5058823529411764
ISIC_0013742_downsampled,1024,685,1.494890510948905
ISIC_0013747_downsampled,1024,680,1.5058823529411764
ISIC_0013748_downsampled,1024,680,1.5058823529411764
ISIC_0013749_downsampled,1024,680,1.5058823529411764
ISIC_0013758_downsampled,1024,680,1.5058823529411764
ISIC_0013762_downsampled,1024,680,1.5058823529411764
ISIC_0013765_downsampled,1024,680,1.5058823529411764
ISIC_0013766_downsampled,1024,680,1.5058823529411764
ISIC_0013775_downsampled,1024,680,1.5058823529411764
ISIC_0013782_downsampled,1024,680,1.5058823529411764
ISIC_0013783_downsampled,1024,680,1.5058823529411764
ISIC_0013789_downsampled,1024,680,1.5058823529411764
ISIC_0013793_downsampled,1024,682,1.501466275659824
ISIC_0013794_downsampled,1024,680,1.5058823529411764
ISIC_0013795_downsampled,1024,680,1.5058823529411764
ISIC_0013796_downsampled,1024,680,1.5058823529411764
ISIC_0013797_downsampled,1024,685,1.494890510948905
ISIC_0013798_downsampled,1024,685,1.494890510948905
ISIC_0013799_downsampled,1024,680,1.5058823529411764
ISIC_0013800_downsampled,1024,680,1.5058823529411764
ISIC_0013801_downsampled,1024,680,1.5058823529411764
ISIC_0013802_downsampled,1024,680,1.5058823529411764
ISIC_0013803_downsampled,1024,680,1.5058823529411764
ISIC_0013804_downsampled,1024,680,1.5058823529411764
ISIC_0013805_downsampled,1024,680,1.5058823529411764
ISIC_0013806_downsampled,1024,680,1.5058823529411764
ISIC_0013808_downsampled,1024,680,1.5058823529411764
ISIC_0013809_downsampled,1024,680,1.5058823529411764
ISIC_0013813_downsampled,1024,680,1.5058823529411764
ISIC_0013814_downsampled,1024,680,1.5058823529411764
ISIC_0013815_downsampled,1024,680,1.5058823529411764
ISIC_0013816_downsampled,1024,680,1.5058823529411764
ISIC_0013817_downsampled,1024,680,1.5058823529411764
ISIC_0013819_downsampled,1024,680,1.5058823529411764
ISIC_0013828_downsampled,1024,680,1.5058823529411764
ISIC_0013830_downsampled,1024,680,1.5058823529411764
ISIC_0013831_downsampled,1024,680,1.5058823529411764
ISIC_0013832_downsampled,1024,680,1.5058823529411764
ISIC_0013837_downsampled,1024,680,1.5058823529411764
ISIC_0013839_downsampled,1024,680,1.5058823529411764
ISIC_0013840_downsampled,1024,680,1.5058823529411764
ISIC_0013841_downsampled,1024,680,1.5058823529411764
ISIC_0013842_downsampled,1024,680,1.5058823529411764
ISIC_0013843_downsampled,1024,680,1.5058823529411764
ISIC_0013844_downsampled,1024,680,1.5058823529411764
ISIC_0013845_downsampled,1024,680,1.5058823529411764
ISIC_0013861_downsampled,1024,680,1.5058823529411764
ISIC_0013862_downsampled,1024,680,1.5058823529411764
ISIC_0013864_downsampled,1024,680,1.5058823529411764
ISIC_0013865_downsampled,1024,680,1.5058823529411764
ISIC_0013867_downsampled,1024,680,1.5058823529411764
ISIC_0013874_downsampled,1024,680,1.5058823529411764
ISIC_0013876_downsampled,1024,685,1.494890510948905
ISIC_0013879_downsampled,1024,680,1.5058823529411764
ISIC_0013886_downsampled,1024,685,1.494890510948905
ISIC_0013888_downsampled,1024,680,1.5058823529411764
ISIC_0013890_downsampled,1024,680,1.5058823529411764
ISIC_0013891_downsampled,1024,680,1.5058823529411764
ISIC_0013896_downsampled,1024,680,1.5058823529411764
ISIC_0013897_downsampled,1024,680,1.5058823529411764
ISIC_0013908_downsampled,1024,680,1.5058823529411764
ISIC_0013918_downsampled,1024,680,1.5058823529411764
ISIC_0013921_downsampled,1024,685,1.494890510948905
ISIC_0013922_downsampled,1024,680,1.5058823529411764
ISIC_0013925_downsampled,1024,680,1.5058823529411764
ISIC_0013929_downsampled,1024,680,1.5058823529411764
ISIC_0013933_downsampled,1024,680,1.5058823529411764
ISIC_0013936_downsampled,1024,680,1.5058823529411764
ISIC_0013942_downsampled,1024,680,1.5058823529411764
ISIC_0013945_downsampled,1024,680,1.5058823529411764
ISIC_0013946_downsampled,1024,680,1.5058823529411764
ISIC_0013948_downsampled,1024,680,1.5058823529411764
ISIC_0013953_downsampled,1024,685,1.494890510948905
ISIC_0013958_downsampled,1024,680,1.5058823529411764
ISIC_0013961_downsampled,1024,680,1.5058823529411764
ISIC_0013962_downsampled,1024,680,1.5058823529411764
ISIC_0013965_downsampled,1024,680,1.5058823529411764
ISIC_0013967_downsampled,1024,680,1.5058823529411764
ISIC_0013969_downsampled,1024,680,1.5058823529411764
ISIC_0013970_downsampled,1024,680,1.5058823529411764
ISIC_0013972_downsampled,1024,680,1.5058823529411764
ISIC_0013975_downsampled,1024,680,1.5058823529411764
ISIC_0013977_downsampled,1024,680,1.5058823529411764
ISIC_0013980_downsampled,1024,680,1.5058823529411764
ISIC_0013981_downsampled,1024,680,1.5058823529411764
ISIC_0013987_downsampled,1024,680,1.5058823529411764
ISIC_0013988_downsampled,1024,680,1.5058823529411764
ISIC_0013995_downsampled,1024,680,1.5058823529411764
ISIC_0013996_downsampled,1024,680,1.5058823529411764
ISIC_0013997_downsampled,1024,680,1.5058823529411764
ISIC_0013998_downsampled,1024,680,1.5058823529411764
ISIC_0014001_downsampled,1024,680,1.5058823529411764
ISIC_0014004_downsampled,1024,680,1.5058823529411764
ISIC_0014013_downsampled,1024,680,1.5058823529411764
ISIC_0014026_downsampled,1024,680,1.5058823529411764
ISIC_0014027_downsampled,1024,680,1.5058823529411764
ISIC_0014028_downsampled,1024,680,1.5058823529411764
ISIC_0014029_downsampled,1024,680,1.5058823529411764
ISIC_0014031_downsampled,1024,685,1.494890510948905
ISIC_0014037_downsampled,1024,680,1.5058823529411764
ISIC_0014038_downsampled,1024,680,1.5058823529411764
ISIC_0014045_downsampled,1024,680,1.5058823529411764
ISIC_0014046_downsampled,1024,680,1.5058823529411764
ISIC_0014049_downsampled,1024,680,1.5058823529411764
ISIC_0014061_downsampled,1024,680,1.5058823529411764
ISIC_0014062_downsampled,1024,680,1.5058823529411764
ISIC_0014066_downsampled,1024,680,1.5058823529411764
ISIC_0014069_downsampled,1024,680,1.5058823529411764
ISIC_0014072_downsampled,1024,680,1.5058823529411764
ISIC_0014073_downsampled,1024,680,1.5058823529411764
ISIC_0014074_downsampled,1024,680,1.5058823529411764
ISIC_0014076_downsampled,1024,680,1.5058823529411764
ISIC_0014077_downsampled,1024,680,1.5058823529411764
ISIC_0014079_downsampled,1024,680,1.5058823529411764
ISIC_0014080_downsampled,1024,680,1.5058823529411764
ISIC_0014081_downsampled,1024,680,1.5058823529411764
ISIC_0014082_downsampled,1024,680,1.5058823529411764
ISIC_0014088_downsampled,1024,680,1.5058823529411764
ISIC_0014090_downsampled,1024,680,1.5058823529411764
ISIC_0014092_downsampled,1024,680,1.5058823529411764
ISIC_0014093_downsampled,1024,680,1.5058823529411764
ISIC_0014094_downsampled,1024,680,1.5058823529411764
ISIC_0014099_downsampled,1024,680,1.5058823529411764
ISIC_0014103_downsampled,1024,680,1.5058823529411764
ISIC_0014108_downsampled,1024,680,1.5058823529411764
ISIC_0014114_downsampled,1024,680,1.5058823529411764
ISIC_0014117_downsampled,1024,680,1.5058823529411764
ISIC_0014120_downsampled,1024,680,1.5058823529411764
ISIC_0014127_downsampled,1024,680,1.5058823529411764
ISIC_0014131_downsampled,1024,680,1.5058823529411764
ISIC_0014132_downsampled,1024,680,1.5058823529411764
ISIC_0014133_downsampled,1024,680,1.5058823529411764
ISIC_0014136_downsampled,1024,680,1.5058823529411764
ISIC_0014139_downsampled,1024,680,1.5058823529411764
ISIC_0014144_downsampled,1024,680,1.5058823529411764
ISIC_0014148_downsampled,1024,680,1.5058823529411764
ISIC_0014151_downsampled,1024,680,1.5058823529411764
ISIC_0014156_downsampled,1024,680,1.5058823529411764
ISIC_0014157_downsampled,1024,680,1.5058823529411764
ISIC_0014162_downsampled,1024,680,1.5058823529411764
ISIC_0014163_downsampled,1024,680,1.5058823529411764
ISIC_0014166_downsampled,1024,680,1.5058823529411764
ISIC_0014169_downsampled,1024,680,1.5058823529411764
ISIC_0014171_downsampled,1024,680,1.5058823529411764
ISIC_0014173_downsampled,1024,680,1.5058823529411764
ISIC_0014177_downsampled,1024,680,1.5058823529411764
ISIC_0014178_downsampled,1024,680,1.5058823529411764
ISIC_0014179_downsampled,1024,680,1.5058823529411764
ISIC_0014181_downsampled,1024,680,1.5058823529411764
ISIC_0014183_downsampled,1024,680,1.5058823529411764
ISIC_0014186_downsampled,1024,680,1.5058823529411764
ISIC_0014187_downsampled,1024,680,1.5058823529411764
ISIC_0014189_downsampled,1024,680,1.5058823529411764
ISIC_0014191_downsampled,1024,680,1.5058823529411764
ISIC_0014195_downsampled,1024,680,1.5058823529411764
ISIC_0014197_downsampled,1024,680,1.5058823529411764
ISIC_0014216_downsampled,1024,680,1.5058823529411764
ISIC_0014219_downsampled,1024,680,1.5058823529411764
ISIC_0014221_downsampled,1024,680,1.5058823529411764
ISIC_0014222_downsampled,1024,680,1.5058823529411764
ISIC_0014225_downsampled,1024,680,1.5058823529411764
ISIC_0014233_downsampled,1024,680,1.5058823529411764
ISIC_0014238_downsampled,1024,680,1.5058823529411764
ISIC_0014248_downsampled,1024,680,1.5058823529411764
ISIC_0014249_downsampled,1024,680,1.5058823529411764
ISIC_0014251_downsampled,1024,680,1.5058823529411764
ISIC_0014255_downsampled,1024,680,1.5058823529411764
ISIC_0014263_downsampled,1024,680,1.5058823529411764
ISIC_0014264_downsampled,1024,680,1.5058823529411764
ISIC_0014270_downsampled,1024,680,1.5058823529411764
ISIC_0014272_downsampled,1024,680,1.5058823529411764
ISIC_0014273_downsampled,1024,680,1.5058823529411764
ISIC_0014274_downsampled,1024,680,1.5058823529411764
ISIC_0014278_downsampled,1024,680,1.5058823529411764
ISIC_0014284_downsampled,1024,680,1.5058823529411764
ISIC_0014286_downsampled,1024,680,1.5058823529411764
ISIC_0014288_downsampled,1024,680,1.5058823529411764
ISIC_0014289_downsampled,1024,680,1.5058823529411764
ISIC_0014291_downsampled,1024,680,1.5058823529411764
ISIC_0014302_downsampled,1024,680,1.5058823529411764
ISIC_0014308_downsampled,1024,680,1.5058823529411764
ISIC_0014311_downsampled,1024,680,1.5058823529411764
ISIC_0014317_downsampled,1024,680,1.5058823529411764
ISIC_0014319_downsampled,1024,680,1.5058823529411764
ISIC_0014325_downsampled,1024,680,1.5058823529411764
ISIC_0014327_downsampled,1024,680,1.5058823529411764
ISIC_0014331_downsampled,1024,680,1.5058823529411764
ISIC_0014336_downsampled,1024,680,1.5058823529411764
ISIC_0014337_downsampled,1024,680,1.5058823529411764
ISIC_0014341_downsampled,1024,680,1.5058823529411764
ISIC_0014347_downsampled,1024,680,1.5058823529411764
ISIC_0014349_downsampled,1024,680,1.5058823529411764
ISIC_0014353_downsampled,1024,680,1.5058823529411764
ISIC_0014357_downsampled,1024,680,1.5058823529411764
ISIC_0014360_downsampled,1024,680,1.5058823529411764
ISIC_0014361_downsampled,1024,680,1.5058823529411764
ISIC_0014365_downsampled,1024,680,1.5058823529411764
ISIC_0014366_downsampled,1024,680,1.5058823529411764
ISIC_0014369_downsampled,1024,680,1.5058823529411764
ISIC_0014372_downsampled,1024,680,1.5058823529411764
ISIC_0014382_downsampled,1024,680,1.5058823529411764
ISIC_0014385_downsampled,1024,680,1.5058823529411764
ISIC_0014386_downsampled,1024,680,1.5058823529411764
ISIC_0014392_downsampled,1024,680,1.5058823529411764
ISIC_0014393_downsampled,1024,680,1.5058823529411764
ISIC_0014394_downsampled,1024,680,1.5058823529411764
ISIC_0014395_downsampled,1024,680,1.5058823529411764
ISIC_0014397_downsampled,1024,680,1.5058823529411764
ISIC_0014409_downsampled,1024,680,1.5058823529411764
ISIC_0014422_downsampled,1024,680,1.5058823529411764
ISIC_0014423_downsampled,1024,680,1.5058823529411764
ISIC_0014430_downsampled,1024,680,1.5058823529411764
ISIC_0014431_downsampled,1024,680,1.5058823529411764
ISIC_0014432_downsampled,1024,680,1.5058823529411764
ISIC_0014433_downsampled,1024,680,1.5058823529411764
ISIC_0014434_downsampled,1024,680,1.5058823529411764
ISIC_0014438_downsampled,1024,680,1.5058823529411764
ISIC_0014440_downsampled,1024,680,1.5058823529411764
ISIC_0014453_downsampled,1024,680,1.5058823529411764
ISIC_0014454_downsampled,1024,680,1.5058823529411764
ISIC_0014457_downsampled,1024,680,1.5058823529411764
ISIC_0014458_downsampled,1024,680,1.5058823529411764
ISIC_0014469_downsampled,1024,680,1.5058823529411764
ISIC_0014470_downsampled,1024,680,1.5058823529411764
ISIC_0014473_downsampled,1024,680,1.5058823529411764
ISIC_0014474_downsampled,1024,680,1.5058823529411764
ISIC_0014475_downsampled,1024,680,1.5058823529411764
ISIC_0014476_downsampled,1024,680,1.5058823529411764
ISIC_0014478_downsampled,1024,680,1.5058823529411764
ISIC_0014480_downsampled,1024,680,1.5058823529411764
ISIC_0014486_downsampled,1024,680,1.5058823529411764
ISIC_0014490_downsampled,1024,680,1.5058823529411764
ISIC_0014498_downsampled,1024,680,1.5058823529411764
ISIC_0014500_downsampled,1024,680,1.5058823529411764
ISIC_0014501_downsampled,1024,680,1.5058823529411764
ISIC_0014502_downsampled,1024,680,1.5058823529411764
ISIC_0014503_downsampled,1024,680,1.5058823529411764
ISIC_0014504_downsampled,1024,680,1.5058823529411764
ISIC_0014507_downsampled,1024,680,1.5058823529411764
ISIC_0014511_downsampled,1024,680,1.5058823529411764
ISIC_0014513_downsampled,1024,680,1.5058823529411764
ISIC_0014515_downsampled,1024,680,1.5058823529411764
ISIC_0014516_downsampled,1024,680,1.5058823529411764
ISIC_0014518_downsampled,1024,680,1.5058823529411764
ISIC_0014522_downsampled,1024,680,1.5058823529411764
ISIC_0014526_downsampled,1024,680,1.5058823529411764
ISIC_0014527_downsampled,1024,680,1.5058823529411764
ISIC_0014529_downsampled,1024,680,1.5058823529411764
ISIC_0014535_downsampled,1024,680,1.5058823529411764
ISIC_0014541_downsampled,1024,680,1.5058823529411764
ISIC_0014543_downsampled,1024,680,1.5058823529411764
ISIC_0014545_downsampled,1024,680,1.5058823529411764
ISIC_0014546_downsampled,1024,680,1.5058823529411764
ISIC_0014547_downsampled,1024,680,1.5058823529411764
ISIC_0014554_downsampled,1024,680,1.5058823529411764
ISIC_0014557_downsampled,1024,680,1.5058823529411764
ISIC_0014558_downsampled,1024,680,1.5058823529411764
ISIC_0014559_downsampled,1024,680,1.5058823529411764
ISIC_0014567_downsampled,1024,764,1.3403141361256545
ISIC_0014568_downsampled,1024,764,1.3403141361256545
ISIC_0014569_downsampled,1024,764,1.3403141361256545
ISIC_0014570_downsampled,1024,764,1.3403141361256545
ISIC_0014571_downsampled,1024,764,1.3403141361256545
ISIC_0014574_downsampled,1024,764,1.3403141361256545
ISIC_0014575_downsampled,1024,764,1.3403141361256545
ISIC_0014576_downsampled,1024,764,1.3403141361256545
ISIC_0014577_downsampled,1024,764,1.3403141361256545
ISIC_0014578_downsampled,1024,764,1.3403141361256545
ISIC_0014579_downsampled,1024,764,1.3403141361256545
ISIC_0014581_downsampled,1024,764,1.3403141361256545
ISIC_0014582_downsampled,1024,764,1.3403141361256545
ISIC_0014583_downsampled,1024,764,1.3403141361256545
ISIC_0014585_downsampled,1024,682,1.501466275659824
ISIC_0014586_downsampled,1024,682,1.501466275659824
ISIC_0014588_downsampled,1024,764,1.3403141361256545
ISIC_0014589_downsampled,1024,764,1.3403141361256545
ISIC_0014590_downsampled,1024,764,1.3403141361256545
ISIC_0014591_downsampled,1024,764,1.3403141361256545
ISIC_0014592_downsampled,1024,764,1.3403141361256545
ISIC_0014593_downsampled,1024,764,1.3403141361256545
ISIC_0014595_downsampled,1024,764,1.3403141361256545
ISIC_0014596_downsampled,1024,764,1.3403141361256545
ISIC_0014598_downsampled,1024,764,1.3403141361256545
ISIC_0014599_downsampled,1024,764,1.3403141361256545
ISIC_0014600_downsampled,1024,764,1.3403141361256545
ISIC_0014601_downsampled,1024,764,1.3403141361256545
ISIC_0014602_downsampled,1024,764,1.3403141361256545
ISIC_0014603_downsampled,1024,764,1.3403141361256545
ISIC_0014605_downsampled,1024,764,1.3403141361256545
ISIC_0014606_downsampled,1024,764,1.3403141361256545
ISIC_0014607_downsampled,1024,764,1.3403141361256545
ISIC_0014608_downsampled,1024,764,1.3403141361256545
ISIC_0014609_downsampled,1024,764,1.3403141361256545
ISIC_0014610_downsampled,1024,764,1.3403141361256545
ISIC_0014611_downsampled,1024,764,1.3403141361256545
ISIC_0014612_downsampled,1024,764,1.3403141361256545
ISIC_0014613_downsampled,1024,764,1.3403141361256545
ISIC_0014615_downsampled,1024,764,1.3403141361256545
ISIC_0014616_downsampled,1024,764,1.3403141361256545
ISIC_0014617_downsampled,1024,764,1.3403141361256545
ISIC_0014619_downsampled,1024,764,1.3403141361256545
ISIC_0014620_downsampled,1024,764,1.3403141361256545
ISIC_0014621_downsampled,1024,764,1.3403141361256545
ISIC_0014622_downsampled,1024,764,1.3403141361256545
ISIC_0014623_downsampled,1024,764,1.3403141361256545
ISIC_0014625_downsampled,1024,764,1.3403141361256545
ISIC_0014626_downsampled,1024,764,1.3403141361256545
ISIC_0014627_downsampled,1024,764,1.3403141361256545
ISIC_0014628_downsampled,1024,764,1.3403141361256545
ISIC_0014629_downsampled,1024,764,1.3403141361256545
ISIC_0014630_downsampled,1024,764,1.3403141361256545
ISIC_0014631_downsampled,1024,764,1.3403141361256545
ISIC_0014632_downsampled,1024,764,1.3403141361256545
ISIC_0014633_downsampled,1024,764,1.3403141361256545
ISIC_0014634_downsampled,1024,764,1.3403141361256545
ISIC_0014635_downsampled,1024,764,1.3403141361256545
ISIC_0014636_downsampled,1024,764,1.3403141361256545
ISIC_0014637_downsampled,1024,764,1.3403141361256545
ISIC_0014638_downsampled,1024,764,1.3403141361256545
ISIC_0014639_downsampled,1024,764,1.3403141361256545
ISIC_0014640_downsampled,1024,764,1.3403141361256545
ISIC_0014642_downsampled,1024,764,1.3403141361256545
ISIC_0014643_downsampled,1024,764,1.3403141361256545
ISIC_0014644_downsampled,1024,682,1.501466275659824
ISIC_0014645_downsampled,1024,682,1.501466275659824
ISIC_0014646_downsampled,1024,764,1.3403141361256545
ISIC_0014647_downsampled,1024,764,1.3403141361256545
ISIC_0014648_downsampled,1024,764,1.3403141361256545
ISIC_0014649_downsampled,1024,764,1.3403141361256545
ISIC_0014650_downsampled,1024,764,1.3403141361256545
ISIC_0014651_downsampled,1024,764,1.3403141361256545
ISIC_0014654_downsampled,1024,764,1.3403141361256545
ISIC_0014658_downsampled,1024,674,1.5192878338278932
ISIC_0014661_downsampled,1024,682,1.501466275659824
ISIC_0014663_downsampled,1024,687,1.490538573508006
ISIC_0014664_downsampled,1024,682,1.501466275659824
ISIC_0014666_downsampled,1024,681,1.5036710719530102
ISIC_0014667_downsampled,1024,682,1.501466275659824
ISIC_0014677_downsampled,1024,681,1.5036710719530102
ISIC_0014680_downsampled,1024,679,1.508100147275405
ISIC_0014682_downsampled,1024,679,1.508100147275405
ISIC_0014683_downsampled,1024,680,1.5058823529411764
ISIC_0014684_downsampled,1024,682,1.501466275659824
ISIC_0014685_downsampled,1024,680,1.5058823529411764
ISIC_0014687_downsampled,1024,681,1.5036710719530102
ISIC_0014688_downsampled,1024,677,1.5125553914327918
ISIC_0014692_downsampled,1024,680,1.5058823529411764
ISIC_0014693_downsampled,1024,685,1.494890510948905
ISIC_0014694_downsampled,1024,683,1.499267935578331
ISIC_0014695_downsampled,1024,681,1.5036710719530102
ISIC_0014696_downsampled,1024,686,1.4927113702623906
ISIC_0014697_downsampled,1024,678,1.5103244837758112
ISIC_0014698_downsampled,1024,678,1.5103244837758112
ISIC_0014699_downsampled,1024,684,1.4970760233918128
ISIC_0014708_downsampled,1024,683,1.499267935578331
ISIC_0014711_downsampled,1024,681,1.5036710719530102
ISIC_0014712_downsampled,1024,683,1.499267935578331
ISIC_0014713_downsampled,1024,682,1.501466275659824
ISIC_0014714_downsampled,1024,683,1.499267935578331
ISIC_0014716_downsampled,1024,684,1.4970760233918128
ISIC_0014722_downsampled,1024,682,1.501466275659824
ISIC_0014723_downsampled,1024,679,1.508100147275405
ISIC_0014725_downsampled,1024,682,1.501466275659824
ISIC_0014726_downsampled,1024,684,1.4970760233918128
ISIC_0014727_downsampled,1024,684,1.4970760233918128
ISIC_0014728_downsampled,1024,679,1.508100147275405
ISIC_0014729_downsampled,1024,683,1.499267935578331
ISIC_0014730_downsampled,1024,681,1.5036710719530102
ISIC_0014731_downsampled,1024,681,1.5036710719530102
ISIC_0014735_downsampled,1024,677,1.5125553914327918
ISIC_0014739_downsampled,1024,679,1.508100147275405
ISIC_0014740_downsampled,1024,681,1.5036710719530102
ISIC_0014742_downsampled,1024,680,1.5058823529411764
ISIC_0014745_downsampled,1024,679,1.508100147275405
ISIC_0014746_downsampled,1024,681,1.5036710719530102
ISIC_0014748_downsampled,1024,678,1.5103244837758112
ISIC_0014749_downsampled,1024,686,1.4927113702623906
ISIC_0014753_downsampled,1024,681,1.5036710719530102
ISIC_0014754_downsampled,1024,677,1.5125553914327918
ISIC_0014755_downsampled,1024,681,1.5036710719530102
ISIC_0014760_downsampled,1024,683,1.499267935578331
ISIC_0014762_downsampled,1024,682,1.501466275659824
ISIC_0014765_downsampled,1024,680,1.5058823529411764
ISIC_0014766_downsampled,1024,683,1.499267935578331
ISIC_0014768_downsampled,1024,681,1.5036710719530102
ISIC_0014770_downsampled,1024,671,1.526080476900149
ISIC_0014771_downsampled,1024,683,1.499267935578331
ISIC_0014772_downsampled,1024,678,1.5103244837758112
ISIC_0014775_downsampled,1024,678,1.5103244837758112
ISIC_0014779_downsampled,1024,686,1.4927113702623906
ISIC_0014780_downsampled,1024,680,1.5058823529411764
ISIC_0014782_downsampled,1024,682,1.501466275659824
ISIC_0014783_downsampled,1024,679,1.508100147275405
ISIC_0014784_downsampled,1024,681,1.5036710719530102
ISIC_0014785_downsampled,1024,680,1.5058823529411764
ISIC_0014786_downsampled,1024,681,1.5036710719530102
ISIC_0014790_downsampled,1024,684,1.4970760233918128
ISIC_0014791_downsampled,1024,684,1.4970760233918128
ISIC_0014792_downsampled,1024,682,1.501466275659824
ISIC_0014793_downsampled,1024,686,1.4927113702623906
ISIC_0014794_downsampled,1024,686,1.4927113702623906
ISIC_0014795_downsampled,1024,681,1.5036710719530102
ISIC_0014796_downsampled,1024,681,1.5036710719530102
ISIC_0014798_downsampled,1024,682,1.501466275659824
ISIC_0014803_downsampled,1024,681,1.5036710719530102
ISIC_0014804_downsampled,1024,685,1.494890510948905
ISIC_0014805_downsampled,1024,685,1.494890510948905
ISIC_0014807_downsampled,1024,680,1.5058823529411764
ISIC_0014808_downsampled,1024,681,1.5036710719530102
ISIC_0014809_downsampled,1024,683,1.499267935578331
ISIC_0014811_downsampled,1024,684,1.4970760233918128
ISIC_0014814_downsampled,1024,683,1.499267935578331
ISIC_0014818_downsampled,1024,678,1.5103244837758112
ISIC_0014819_downsampled,1024,683,1.499267935578331
ISIC_0014821_downsampled,1024,681,1.5036710719530102
ISIC_0014822_downsampled,1024,679,1.508100147275405
ISIC_0014823_downsampled,1024,686,1.4927113702623906
ISIC_0014825_downsampled,1024,684,1.4970760233918128
ISIC_0014826_downsampled,1024,680,1.5058823529411764
ISIC_0014829_downsampled,1024,684,1.4970760233918128
ISIC_0014830_downsampled,1024,680,1.5058823529411764
ISIC_0014831_downsampled,1024,681,1.5036710719530102
ISIC_0014833_downsampled,1024,684,1.4970760233918128
ISIC_0014834_downsampled,1024,679,1.508100147275405
ISIC_0014835_downsampled,1024,683,1.499267935578331
ISIC_0014836_downsampled,1024,680,1.5058823529411764
ISIC_0014839_downsampled,1024,686,1.4927113702623906
ISIC_0014843_downsampled,1024,681,1.5036710719530102
ISIC_0014844_downsampled,1024,683,1.499267935578331
ISIC_0014845_downsampled,1024,680,1.5058823529411764
ISIC_0014848_downsampled,1024,682,1.501466275659824
ISIC_0014850_downsampled,1024,684,1.4970760233918128
ISIC_0014854_downsampled,1024,677,1.5125553914327918
ISIC_0014855_downsampled,1024,682,1.501466275659824
ISIC_0014857_downsampled,1024,685,1.494890510948905
ISIC_0014860_downsampled,1024,681,1.5036710719530102
ISIC_0014862_downsampled,1024,681,1.5036710719530102
ISIC_0014863_downsampled,1024,680,1.5058823529411764
ISIC_0014866_downsampled,1024,682,1.501466275659824
ISIC_0014867_downsampled,1024,684,1.4970760233918128
ISIC_0014869_downsampled,1024,686,1.4927113702623906
ISIC_0014872_downsampled,1024,684,1.4970760233918128
ISIC_0014876_downsampled,1024,681,1.5036710719530102
ISIC_0014879_downsampled,1024,683,1.499267935578331
ISIC_0014883_downsampled,1024,681,1.5036710719530102
ISIC_0014890_downsampled,1024,679,1.508100147275405
ISIC_0014891_downsampled,1024,681,1.5036710719530102
ISIC_0014897_downsampled,1024,684,1.4970760233918128
ISIC_0014898_downsampled,1024,683,1.499267935578331
ISIC_0014901_downsampled,1024,687,1.490538573508006
ISIC_0014903_downsampled,1024,684,1.4970760233918128
ISIC_0014904_downsampled,1024,681,1.5036710719530102
ISIC_0014911_downsampled,1024,677,1.5125553914327918
ISIC_0014912_downsampled,1024,677,1.5125553914327918
ISIC_0014913_downsampled,1024,677,1.5125553914327918
ISIC_0014915_downsampled,1024,680,1.5058823529411764
ISIC_0014921_downsampled,1024,677,1.5125553914327918
ISIC_0014922_downsampled,1024,681,1.5036710719530102
ISIC_0014923_downsampled,1024,682,1.501466275659824
ISIC_0014925_downsampled,1024,677,1.5125553914327918
ISIC_0014926_downsampled,1024,677,1.5125553914327918
ISIC_0014928_downsampled,1024,679,1.508100147275405
ISIC_0014929_downsampled,1024,677,1.5125553914327918
ISIC_0014930_downsampled,1024,678,1.5103244837758112
ISIC_0014931_downsampled,1024,679,1.508100147275405
ISIC_0014932_downsampled,1024,679,1.508100147275405
ISIC_0014933_downsampled,1024,673,1.5215453194650816
ISIC_0014937_downsampled,1024,679,1.508100147275405
ISIC_0014941_downsampled,1024,674,1.5192878338278932
ISIC_0014942_downsampled,1024,678,1.5103244837758112
ISIC_0014943_downsampled,1024,681,1.5036710719530102
ISIC_0014944_downsampled,1024,679,1.508100147275405
ISIC_0014945_downsampled,1024,679,1.508100147275405
ISIC_0014946_downsampled,1024,679,1.508100147275405
ISIC_0014947_downsampled,1024,679,1.508100147275405
ISIC_0014952_downsampled,1024,676,1.514792899408284
ISIC_0014955_downsampled,1024,679,1.508100147275405
ISIC_0014956_downsampled,1024,679,1.508100147275405
ISIC_0014957_downsampled,1024,681,1.5036710719530102
ISIC_0014958_downsampled,1024,682,1.501466275659824
ISIC_0014962_downsampled,1024,679,1.508100147275405
ISIC_0014963_downsampled,1024,682,1.501466275659824
ISIC_0014966_downsampled,1024,682,1.501466275659824
ISIC_0014969_downsampled,1024,682,1.501466275659824
ISIC_0014973_downsampled,1024,682,1.501466275659824
ISIC_0014974_downsampled,1024,684,1.4970760233918128
ISIC_0014975_downsampled,1024,682,1.501466275659824
ISIC_0014977_downsampled,1024,682,1.501466275659824
ISIC_0014982_downsampled,1024,681,1.5036710719530102
ISIC_0014983_downsampled,1024,683,1.499267935578331
ISIC_0014985_downsampled,1024,682,1.501466275659824
ISIC_0014987_downsampled,1024,683,1.499267935578331
ISIC_0014989_downsampled,1024,681,1.5036710719530102
ISIC_0014994_downsampled,1024,683,1.499267935578331
ISIC_0015002_downsampled,1024,683,1.499267935578331
ISIC_0015003_downsampled,1024,683,1.499267935578331
ISIC_0015004_downsampled,1024,688,1.4883720930232558
ISIC_0015005_downsampled,1024,683,1.499267935578331
ISIC_0015006_downsampled,1024,681,1.5036710719530102
ISIC_0015007_downsampled,1024,681,1.5036710719530102
ISIC_0015008_downsampled,1024,689,1.486211901306241
ISIC_0015009_downsampled,1024,681,1.5036710719530102
ISIC_0015011_downsampled,1024,686,1.4927113702623906
ISIC_0015015_downsampled,1024,684,1.4970760233918128
ISIC_0015016_downsampled,1024,681,1.5036710719530102
ISIC_0015018_downsampled,1024,681,1.5036710719530102
ISIC_0015020_downsampled,1024,686,1.4927113702623906
ISIC_0015021_downsampled,1024,682,1.501466275659824
ISIC_0015023_downsampled,1024,684,1.4970760233918128
ISIC_0015030_downsampled,1024,679,1.508100147275405
ISIC_0015031_downsampled,1024,676,1.514792899408284
ISIC_0015032_downsampled,1024,680,1.5058823529411764
ISIC_0015034_downsampled,1024,681,1.5036710719530102
ISIC_0015035_downsampled,1024,679,1.508100147275405
ISIC_0015037_downsampled,1024,682,1.501466275659824
ISIC_0015038_downsampled,1024,679,1.508100147275405
ISIC_0015043_downsampled,1024,680,1.5058823529411764
ISIC_0015044_downsampled,1024,683,1.499267935578331
ISIC_0015045_downsampled,1024,679,1.508100147275405
ISIC_0015046_downsampled,1024,681,1.5036710719530102
ISIC_0015050_downsampled,1024,679,1.508100147275405
ISIC_0015051_downsampled,1024,679,1.508100147275405
ISIC_0015056_downsampled,1024,682,1.501466275659824
ISIC_0015060_downsampled,1024,679,1.508100147275405
ISIC_0015062_downsampled,1024,679,1.508100147275405
ISIC_0015064_downsampled,1024,679,1.508100147275405
ISIC_0015071_downsampled,1024,677,1.5125553914327918
ISIC_0015078_downsampled,1024,686,1.4927113702623906
ISIC_0015089_downsampled,1024,680,1.5058823529411764
ISIC_0015102_downsampled,1024,680,1.5058823529411764
ISIC_0015108_downsampled,1024,681,1.5036710719530102
ISIC_0015109_downsampled,1024,682,1.501466275659824
ISIC_0015110_downsampled,1024,674,1.5192878338278932
ISIC_0015112_downsampled,1024,682,1.501466275659824
ISIC_0015115_downsampled,1024,677,1.5125553914327918
ISIC_0015119_downsampled,1024,679,1.508100147275405
ISIC_0015124_downsampled,1024,677,1.5125553914327918
ISIC_0015127_downsampled,1024,674,1.5192878338278932
ISIC_0015129_downsampled,1024,679,1.508100147275405
ISIC_0015132_downsampled,1024,677,1.5125553914327918
ISIC_0015133_downsampled,1024,683,1.499267935578331
ISIC_0015136_downsampled,1024,677,1.5125553914327918
ISIC_0015139_downsampled,1024,679,1.508100147275405
ISIC_0015140_downsampled,1024,673,1.5215453194650816
ISIC_0015142_downsampled,1024,674,1.5192878338278932
ISIC_0015144_downsampled,1024,681,1.5036710719530102
ISIC_0015146_downsampled,1024,679,1.508100147275405
ISIC_0015149_downsampled,1024,679,1.508100147275405
ISIC_0015152_downsampled,1024,682,1.501466275659824
ISIC_0015153_downsampled,1024,682,1.501466275659824
ISIC_0015156_downsampled,1024,681,1.5036710719530102
ISIC_0015160_downsampled,1024,679,1.508100147275405
ISIC_0015163_downsampled,1024,682,1.501466275659824
ISIC_0015166_downsampled,1024,689,1.486211901306241
ISIC_0015167_downsampled,1024,678,1.5103244837758112
ISIC_0015168_downsampled,1024,681,1.5036710719530102
ISIC_0015170_downsampled,1024,679,1.508100147275405
ISIC_0015171_downsampled,1024,677,1.5125553914327918
ISIC_0015173_downsampled,1024,686,1.4927113702623906
ISIC_0015174_downsampled,1024,683,1.499267935578331
ISIC_0015175_downsampled,1024,683,1.499267935578331
ISIC_0015179_downsampled,1024,679,1.508100147275405
ISIC_0015181_downsampled,1024,684,1.4970760233918128
ISIC_0015189_downsampled,1024,681,1.5036710719530102
ISIC_0015193_downsampled,1024,682,1.501466275659824
ISIC_0015200_downsampled,1024,679,1.508100147275405
ISIC_0015201_downsampled,1024,674,1.5192878338278932
ISIC_0015202_downsampled,1024,676,1.514792899408284
ISIC_0015203_downsampled,1024,681,1.5036710719530102
ISIC_0015204_downsampled,1024,681,1.5036710719530102
ISIC_0015206_downsampled,1024,684,1.4970760233918128
ISIC_0015207_downsampled,1024,681,1.5036710719530102
ISIC_0015208_downsampled,1024,683,1.499267935578331
ISIC_0015211_downsampled,1024,680,1.5058823529411764
ISIC_0015215_downsampled,1024,684,1.4970760233918128
ISIC_0015216_downsampled,1024,683,1.499267935578331
ISIC_0015217_downsampled,1024,680,1.5058823529411764
ISIC_0015218_downsampled,1024,681,1.5036710719530102
ISIC_0015219_downsampled,1024,684,1.4970760233918128
ISIC_0015223_downsampled,1024,677,1.5125553914327918
ISIC_0015224_downsampled,1024,683,1.499267935578331
ISIC_0015229_downsampled,1024,679,1.508100147275405
ISIC_0015232_downsampled,1024,684,1.4970760233918128
ISIC_0015233_downsampled,1024,678,1.5103244837758112
ISIC_0015237_downsampled,1024,680,1.5058823529411764
ISIC_0015241_downsampled,1024,683,1.499267935578331
ISIC_0015244_downsampled,1024,677,1.5125553914327918
ISIC_0015250_downsampled,1024,679,1.508100147275405
ISIC_0015251_downsampled,1024,682,1.501466275659824
ISIC_0015254_downsampled,1024,684,1.4970760233918128
ISIC_0015255_downsampled,1024,682,1.501466275659824
ISIC_0015256_downsampled,1024,684,1.4970760233918128
ISIC_0015258_downsampled,1024,679,1.508100147275405
ISIC_0015270_downsampled,1024,683,1.499267935578331
ISIC_0015273_downsampled,1024,679,1.508100147275405
ISIC_0015274_downsampled,1024,684,1.4970760233918128
ISIC_0015279_downsampled,1024,679,1.508100147275405
ISIC_0015283_downsampled,1024,681,1.5036710719530102
ISIC_0015284_downsampled,1024,680,1.5058823529411764
ISIC_0015291_downsampled,1024,682,1.501466275659824
ISIC_0015293_downsampled,1024,681,1.5036710719530102
ISIC_0015309_downsampled,1024,681,1.5036710719530102
ISIC_0015311_downsampled,1024,680,1.5058823529411764
ISIC_0015312_downsampled,1024,680,1.5058823529411764
ISIC_0015313_downsampled,1024,676,1.514792899408284
ISIC_0015331_downsampled,1024,679,1.508100147275405
ISIC_0015347_downsampled,1024,678,1.5103244837758112
ISIC_0015353_downsampled,1024,682,1.501466275659824
ISIC_0015355_downsampled,1024,681,1.5036710719530102
ISIC_0015360_downsampled,1024,676,1.514792899408284
ISIC_0015363_downsampled,1024,679,1.508100147275405
ISIC_0015364_downsampled,1024,681,1.5036710719530102
ISIC_0015368_downsampled,1024,681,1.5036710719530102
ISIC_0015369_downsampled,1024,682,1.501466275659824
ISIC_0015383_downsampled,1024,679,1.508100147275405
ISIC_0015386_downsampled,1024,676,1.514792899408284
ISIC_0015390_downsampled,1024,679,1.508100147275405
ISIC_0015395_downsampled,1024,679,1.508100147275405
ISIC_0015401_downsampled,1024,680,1.5058823529411764
ISIC_0015403_downsampled,1024,680,1.5058823529411764
ISIC_0015411_downsampled,1024,678,1.5103244837758112
ISIC_0015412_downsampled,1024,680,1.5058823529411764
ISIC_0015416_downsampled,1024,678,1.5103244837758112
ISIC_0015417_downsampled,1024,673,1.5215453194650816
ISIC_0015418_downsampled,1024,681,1.5036710719530102
ISIC_0015436_downsampled,1024,680,1.5058823529411764
ISIC_0015440_downsampled,1024,681,1.5036710719530102
ISIC_0015443_downsampled,1024,682,1.501466275659824
ISIC_0015445_downsampled,1024,684,1.4970760233918128
ISIC_0015455_downsampled,1024,678,1.5103244837758112
ISIC_0015464_downsampled,1024,681,1.5036710719530102
ISIC_0015466_downsampled,1024,684,1.4970760233918128
ISIC_0015476_downsampled,1024,681,1.5036710719530102
ISIC_0015483_downsampled,1024,684,1.4970760233918128
ISIC_0015485_downsampled,1024,683,1.499267935578331
ISIC_0015496_downsampled,1024,682,1.501466275659824
ISIC_0015510_downsampled,1024,680,1.5058823529411764
ISIC_0015526_downsampled,1024,680,1.5058823529411764
ISIC_0015537_downsampled,1024,678,1.5103244837758112
ISIC_0015544_downsampled,1024,686,1.4927113702623906
ISIC_0015559_downsampled,1024,676,1.514792899408284
ISIC_0015563_downsampled,1024,678,1.5103244837758112
ISIC_0015566_downsampled,1024,685,1.494890510948905
ISIC_0015582_downsampled,1024,676,1.514792899408284
ISIC_0015593_downsampled,1024,676,1.514792899408284
ISIC_0015603_downsampled,1024,679,1.508100147275405
ISIC_0015607_downsampled,1024,677,1.5125553914327918
ISIC_0015614_downsampled,1024,683,1.499267935578331
ISIC_0015617_downsampled,1024,680,1.5058823529411764
ISIC_0015625_downsampled,1024,676,1.514792899408284
ISIC_0015627_downsampled,1024,678,1.5103244837758112
ISIC_0015631_downsampled,1024,682,1.501466275659824
ISIC_0015636_downsampled,1024,684,1.4970760233918128
ISIC_0015638_downsampled,1024,681,1.5036710719530102
ISIC_0015641_downsampled,1024,678,1.5103244837758112
ISIC_0015645_downsampled,1024,680,1.5058823529411764
ISIC_0015937_downsampled,1024,682,1.501466275659824
ISIC_0015940_downsampled,1024,680,1.5058823529411764
ISIC_0015941_downsampled,1024,680,1.5058823529411764
ISIC_0015942_downsampled,1024,680,1.5058823529411764
ISIC_0015943_downsampled,1024,680,1.5058823529411764
ISIC_0015944_downsampled,1024,680,1.5058823529411764
ISIC_0015945_downsampled,1024,680,1.5058823529411764
ISIC_0015946_downsampled,1024,680,1.5058823529411764
ISIC_0015947_downsampled,1024,680,1.5058823529411764
ISIC_0015948_downsampled,1024,680,1.5058823529411764
ISIC_0015949_downsampled,1024,680,1.5058823529411764
ISIC_0015950_downsampled,1024,680,1.5058823529411764
ISIC_0015951_downsampled,1024,680,1.5058823529411764
ISIC_0015953_downsampled,1024,680,1.5058823529411764
ISIC_0015955_downsampled,1024,680,1.5058823529411764
ISIC_0015956_downsampled,1024,680,1.5058823529411764
ISIC_0015957_downsampled,1024,685,1.494890510948905
ISIC_0015958_downsampled,1024,685,1.494890510948905
ISIC_0015959_downsampled,1024,680,1.5058823529411764
ISIC_0015960_downsampled,1024,680,1.5058823529411764
ISIC_0015961_downsampled,1024,680,1.5058823529411764
ISIC_0015962_downsampled,1024,680,1.5058823529411764
ISIC_0015964_downsampled,1024,680,1.5058823529411764
ISIC_0015968_downsampled,1024,680,1.5058823529411764
ISIC_0015969_downsampled,1024,680,1.5058823529411764
ISIC_0015971_downsampled,1024,680,1.5058823529411764
ISIC_0015973_downsampled,1024,750,1.3653333333333333
ISIC_0015974_downsampled,1024,750,1.3653333333333333
ISIC_0015975_downsampled,1024,680,1.5058823529411764
ISIC_0015976_downsampled,1024,680,1.5058823529411764
ISIC_0015980_downsampled,1024,680,1.5058823529411764
ISIC_0015981_downsampled,1024,680,1.5058823529411764
ISIC_0015983_downsampled,1024,685,1.494890510948905
ISIC_0015984_downsampled,1024,685,1.494890510948905
ISIC_0015985_downsampled,1024,685,1.494890510948905
ISIC_0015987_downsampled,1024,680,1.5058823529411764
ISIC_0015988_downsampled,1024,680,1.5058823529411764
ISIC_0015989_downsampled,1024,680,1.5058823529411764
ISIC_0015990_downsampled,1024,680,1.5058823529411764
ISIC_0015992_downsampled,1024,685,1.494890510948905
ISIC_0015993_downsampled,1024,680,1.5058823529411764
ISIC_0015994_downsampled,1024,685,1.494890510948905
ISIC_0015995_downsampled,1024,680,1.5058823529411764
ISIC_0015996_downsampled,1024,680,1.5058823529411764
ISIC_0015997_downsampled,1024,685,1.494890510948905
ISIC_0015999_downsampled,1024,680,1.5058823529411764
ISIC_0016000_downsampled,1024,685,1.494890510948905
ISIC_0016005_downsampled,1024,680,1.5058823529411764
ISIC_0016006_downsampled,1024,680,1.5058823529411764
ISIC_0016007_downsampled,1024,680,1.5058823529411764
ISIC_0016008_downsampled,1024,680,1.5058823529411764
ISIC_0016009_downsampled,1024,680,1.5058823529411764
ISIC_0016011_downsampled,1024,680,1.5058823529411764
ISIC_0016013_downsampled,1024,680,1.5058823529411764
ISIC_0016014_downsampled,1024,680,1.5058823529411764
ISIC_0016015_downsampled,1024,680,1.5058823529411764
ISIC_0016016_downsampled,1024,680,1.5058823529411764
ISIC_0016017_downsampled,1024,680,1.5058823529411764
ISIC_0016019_downsampled,1024,680,1.5058823529411764
ISIC_0016022_downsampled,1024,680,1.5058823529411764
ISIC_0016024_downsampled,1024,685,1.494890510948905
ISIC_0016025_downsampled,1024,680,1.5058823529411764
ISIC_0016026_downsampled,1024,680,1.5058823529411764
ISIC_0016027_downsampled,1024,680,1.5058823529411764
ISIC_0016028_downsampled,1024,685,1.494890510948905
ISIC_0016029_downsampled,1024,680,1.5058823529411764
ISIC_0016030_downsampled,1024,680,1.5058823529411764
ISIC_0016031_downsampled,1024,680,1.5058823529411764
ISIC_0016033_downsampled,1024,685,1.494890510948905
ISIC_0016034_downsampled,1024,680,1.5058823529411764
ISIC_0016035_downsampled,1024,680,1.5058823529411764
ISIC_0016036_downsampled,1024,680,1.5058823529411764
ISIC_0016037_downsampled,1024,680,1.5058823529411764
ISIC_0016038_downsampled,1024,680,1.5058823529411764
ISIC_0016040_downsampled,1024,680,1.5058823529411764
ISIC_0016041_downsampled,1024,680,1.5058823529411764
ISIC_0016042_downsampled,1024,680,1.5058823529411764
ISIC_0016044_downsampled,1024,680,1.5058823529411764
ISIC_0016046_downsampled,1024,680,1.5058823529411764
ISIC_0016048_downsampled,1024,680,1.5058823529411764
ISIC_0016049_downsampled,1024,680,1.5058823529411764
ISIC_0016050_downsampled,1024,680,1.5058823529411764
ISIC_0016051_downsampled,1024,680,1.5058823529411764
ISIC_0016053_downsampled,1024,680,1.5058823529411764
ISIC_0016054_downsampled,1024,680,1.5058823529411764
ISIC_0016055_downsampled,1024,680,1.5058823529411764
ISIC_0016056_downsampled,1024,680,1.5058823529411764
ISIC_0016057_downsampled,1024,680,1.5058823529411764
ISIC_0016058_downsampled,1024,680,1.5058823529411764
ISIC_0016059_downsampled,1024,680,1.5058823529411764
ISIC_0016060_downsampled,1024,680,1.5058823529411764
ISIC_0016061_downsampled,1024,680,1.5058823529411764
ISIC_0016062_downsampled,1024,680,1.5058823529411764
ISIC_0016063_downsampled,1024,680,1.5058823529411764
ISIC_0016064_downsampled,1024,680,1.5058823529411764
ISIC_0016066_downsampled,1024,680,1.5058823529411764
ISIC_0016068_downsampled,1024,680,1.5058823529411764
ISIC_0016069_downsampled,1024,680,1.5058823529411764
ISIC_0016070_downsampled,1024,680,1.5058823529411764
ISIC_0016071_downsampled,1024,680,1.5058823529411764
ISIC_0016072_downsampled,1024,680,1.5058823529411764
ISIC_0024306,600,450,1.3333333333333333
ISIC_0024307,600,450,1.3333333333333333
ISIC_0024308,600,450,1.3333333333333333
ISIC_0024310,600,450,1.3333333333333333
ISIC_0024311,600,450,1.3333333333333333
ISIC_0024312,600,450,1.3333333333333333
ISIC_0024313,600,450,1.3333333333333333
ISIC_0024314,600,450,1.3333333333333333
ISIC_0024316,600,450,1.3333333333333333
ISIC_0024317,600,450,1.3333333333333333
ISIC_0024318,600,450,1.3333333333333333
ISIC_0024320,600,450,1.3333333333333333
ISIC_0024321,600,450,1.3333333333333333
ISIC_0024322,600,450,1.3333333333333333
ISIC_0024323,600,450,1.3333333333333333
ISIC_0024324,600,450,1.3333333333333333
ISIC_0024326,600,450,1.3333333333333333
ISIC_0024327,600,450,1.3333333333333333
ISIC_0024328,600,450,1.3333333333333333
ISIC_0024329,600,450,1.3333333333333333
ISIC_0024330,600,450,1.3333333333333333
ISIC_0024332,600,450,1.3333333333333333
ISIC_0024334,600,450,1.3333333333333333
ISIC_0024335,600,450,1.3333333333333333
ISIC_0024336,600,450,1.3333333333333333
ISIC_0024338,600,450,1.3333333333333333
ISIC_0024339,600,450,1.3333333333333333
ISIC_0024340,600,450,1.3333333333333333
ISIC_0024342,600,450,1.3333333333333333
ISIC_0024344,600,450,1.3333333333333333
ISIC_0024345,600,450,1.3333333333333333
ISIC_0024346,600,450,1.3333333333333333
ISIC_0024347,600,450,1.3333333333333333
ISIC_0024348,600,450,1.3333333333333333
ISIC_0024349,600,450,1.3333333333333333
ISIC_0024350,600,450,1.3333333333333333
ISIC_0024351,600,450,1.3333333333333333
ISIC_0024352,600,450,1.3333333333333333
ISIC_0024353,600,450,1.3333333333333333
ISIC_0024354,600,450,1.3333333333333333
ISIC_0024355,600,450,1.3333333333333333
ISIC_0024356,600,450,1.3333333333333333
ISIC_0024357,600,450,1.3333333333333333
ISIC_0024358,600,450,1.3333333333333333
ISIC_0024359,600,450,1.3333333333333333
ISIC_0024360,600,450,1.3333333333333333
ISIC_0024361,600,450,1.3333333333333333
ISIC_0024362,600,450,1.3333333333333333
ISIC_0024363,600,450,1.3333333333333333
ISIC_0024365,600,450,1.3333333333333333
ISIC_0024366,600,450,1.3333333333333333
ISIC_0024367,600,450,1.3333333333333333
ISIC_0024368,600,450,1.3333333333333333
ISIC_0024369,600,450,1.3333333333333333
ISIC_0024370,600,450,1.3333333333333333
ISIC_0024371,600,450,1.3333333333333333
ISIC_0024372,600,450,1.3333333333333333
ISIC_0024374,600,450,1.3333333333333333
ISIC_0024375,600,450,1.3333333333333333
ISIC_0024378,600,450,1.3333333333333333
ISIC_0024379,600,450,1.3333333333333333
ISIC_0024380,600,450,1.3333333333333333
ISIC_0024381,600,450,1.3333333333333333
ISIC_0024382,600,450,1.3333333333333333
ISIC_0024383,600,450,1.3333333333333333
ISIC_0024385,600,450,1.3333333333333333
ISIC_0024386,600,450,1.3333333333333333
ISIC_0024387,600,450,1.3333333333333333
ISIC_0024388,600,450,1.3333333333333333
ISIC_0024390,600,450,1.3333333333333333
ISIC_0024391,600,450,1.3333333333333333
ISIC_0024392,600,450,1.3333333333333333
ISIC_0024393,600,450,1.3333333333333333
ISIC_0024394,600,450,1.3333333333333333
ISIC_0024395,600,450,1.3333333333333333
ISIC_0024396,600,450,1.3333333333333333
ISIC_0024397,600,450,1.3333333333333333
ISIC_0024398,600,450,1.3333333333333333
ISIC_0024399,600,450,1.3333333333333333
ISIC_0024401,600,450,1.3333333333333333
ISIC_0024402,600,450,1.3333333333333333
ISIC_0024405,600,450,1.3333333333333333
ISIC_0024406,600,450,1.3333333333333333
ISIC_0024407,600,450,1.3333333333333333
ISIC_0024408,600,450,1.3333333333333333
ISIC_0024410,600,450,1.3333333333333333
ISIC_0024411,600,450,1.3333333333333333
ISIC_0024412,600,450,1.3333333333333333
ISIC_0024413,600,450,1.3333333333333333
ISIC_0024414,600,450,1.3333333333333333
ISIC_0024415,600,450,1.3333333333333333
ISIC_0024417,600,450,1.3333333333333333
ISIC_0024418,600,450,1.3333333333333333
ISIC_0024419,600,450,1.3333333333333333
ISIC_0024420,600,450,1.3333333333333333
ISIC_0024421,600,450,1.3333333333333333
ISIC_0024423,600,450,1.3333333333333333
ISIC_0024424,600,450,1.3333333333333333
ISIC_0024425,600,450,1.3333333333333333
ISIC_0024427,600,450,1.3333333333333333
ISIC_0024429,600,450,1.3333333333333333
ISIC_0024430,600,450,1.3333333333333333
ISIC_0024432,600,450,1.3333333333333333
ISIC_0024433,600,450,1.3333333333333333
ISIC_0024434,600,450,1.3333333333333333
ISIC_0024435,600,450,1.3333333333333333
ISIC_0024436,600,450,1.3333333333333333
ISIC_0024437,600,450,1.3333333333333333
ISIC_0024438,600,450,1.3333333333333333
ISIC_0024439,600,450,1.3333333333333333
ISIC_0024440,600,450,1.3333333333333333
ISIC_0024441,600,450,1.3333333333333333
ISIC_0024443,600,450,1.3333333333333333
ISIC_0024446,600,450,1.3333333333333333
ISIC_0024447,600,450,1.3333333333333333
ISIC_0024448,600,450,1.3333333333333333
ISIC_0024449,600,450,1.3333333333333333
ISIC_0024450,600,450,1.3333333333333333
ISIC_0024451,600,450,1.3333333333333333
ISIC_0024454,600,450,1.3333333333333333
ISIC_0024456,600,450,1.3333333333333333
ISIC_0024457,600,450,1.3333333333333333
ISIC_0024458,600,450,1.3333333333333333
ISIC_0024460,600,450,1.3333333333333333
ISIC_0024461,600,450,1.3333333333333333
ISIC_0024462,600,450,1.3333333333333333
ISIC_0024464,600,450,1.3333333333333333
ISIC_0024465,600,450,1.3333333333333333
ISIC_0024467,600,450,1.3333333333333333
ISIC_0024469,600,450,1.3333333333333333
ISIC_0024470,600,450,1.3333333333333333
ISIC_0024471,600,450,1.3333333333333333
ISIC_0024472,600,450,1.3333333333333333
ISIC_0024473,600,450,1.3333333333333333
ISIC_0024474,600,450,1.3333333333333333
ISIC_0024475,600,450,1.3333333333333333
ISIC_0024476,600,450,1.3333333333333333
ISIC_0024479,600,450,1.3333333333333333
ISIC_0024482,600,450,1.3333333333333333
ISIC_0024485,600,450,1.3333333333333333
ISIC_0024486,600,450,1.3333333333333333
ISIC_0024487,600,450,1.3333333333333333
ISIC_0024488,600,450,1.3333333333333333
ISIC_0024489,600,450,1.3333333333333333
ISIC_0024490,600,450,1.3333333333333333
ISIC_0024491,600,450,1.3333333333333333
ISIC_0024492,600,450,1.3333333333333333
ISIC_0024493,600,450,1.3333333333333333
ISIC_0024495,600,450,1.3333333333333333
ISIC_0024496,600,450,1.3333333333333333
ISIC_0024497,600,450,1.3333333333333333
ISIC_0024499,600,450,1.3333333333333333
ISIC_0024500,600,450,1.3333333333333333
ISIC_0024502,600,450,1.3333333333333333
ISIC_0024504,600,450,1.3333333333333333
ISIC_0024506,600,450,1.3333333333333333
ISIC_0024507,600,450,1.3333333333333333
ISIC_0024509,600,450,1.3333333333333333
ISIC_0024510,600,450,1.3333333333333333
ISIC_0024511,600,450,1.3333333333333333
ISIC_0024512,600,450,1.3333333333333333
ISIC_0024513,600,450,1.3333333333333333
ISIC_0024515,600,450,1.3333333333333333
ISIC_0024516,600,450,1.3333333333333333
ISIC_0024517,600,450,1.3333333333333333
ISIC_0024518,600,450,1.3333333333333333
ISIC_0024519,600,450,1.3333333333333333
ISIC_0024520,600,450,1.3333333333333333
ISIC_0024521,600,450,1.3333333333333333
ISIC_0024522,600,450,1.3333333333333333
ISIC_0024525,600,450,1.3333333333333333
ISIC_0024526,600,450,1.3333333333333333
ISIC_0024527,600,450,1.3333333333333333
ISIC_0024528,600,450,1.3333333333333333
ISIC_0024529,600,450,1.3333333333333333
ISIC_0024530,600,450,1.3333333333333333
ISIC_0024531,600,450,1.3333333333333333
ISIC_0024532,600,450,1.3333333333333333
ISIC_0024533,600,450,1.3333333333333333
ISIC_0024534,600,450,1.3333333333333333
ISIC_0024535,600,450,1.3333333333333333
ISIC_0024536,600,450,1.3333333333333333
ISIC_0024537,600,450,1.3333333333333333
ISIC_0024538,600,450,1.3333333333333333
ISIC_0024539,600,450,1.3333333333333333
ISIC_0024540,600,450,1.3333333333333333
ISIC_0024541,600,450,1.3333333333333333
ISIC_0024542,600,450,1.3333333333333333
ISIC_0024544,600,450,1.3333333333333333
ISIC_0024545,600,450,1.3333333333333333
ISIC_0024546,600,450,1.3333333333333333
ISIC_0024547,600,450,1.3333333333333333
ISIC_0024549,600,450,1.3333333333333333
ISIC_0024551,600,450,1.3333333333333333
ISIC_0024552,600,450,1.3333333333333333
ISIC_0024553,600,450,1.3333333333333333
ISIC_0024554,600,450,1.3333333333333333
ISIC_0024555,600,450,1.3333333333333333
ISIC_0024556,600,450,1.3333333333333333
ISIC_0024557,600,450,1.3333333333333333
ISIC_0024558,600,450,1.3333333333333333
ISIC_0024559,600,450,1.3333333333333333
ISIC_0024560,600,450,1.3333333333333333
ISIC_0024562,600,450,1.3333333333333333
ISIC_0024563,600,450,1.3333333333333333
ISIC_0024565,600,450,1.3333333333333333
ISIC_0024566,600,450,1.3333333333333333
ISIC_0024567,600,450,1.3333333333333333
ISIC_0024568,600,450,1.3333333333333333
ISIC_0024569,600,450,1.3333333333333333
ISIC_0024570,600,450,1.3333333333333333
ISIC_0024572,600,450,1.3333333333333333
ISIC_0024574,600,450,1.3333333333333333
ISIC_0024575,600,450,1.3333333333333333
ISIC_0024577,600,450,1.3333333333333333
ISIC_0024579,600,450,1.3333333333333333
ISIC_0024581,600,450,1.3333333333333333
ISIC_0024582,600,450,1.3333333333333333
ISIC_0024583,600,450,1.3333333333333333
ISIC_0024584,600,450,1.3333333333333333
ISIC_0024585,600,450,1.3333333333333333
ISIC_0024586,600,450,1.3333333333333333
ISIC_0024588,600,450,1.3333333333333333
ISIC_0024590,600,450,1.3333333333333333
ISIC_0024591,600,450,1.3333333333333333
ISIC_0024592,600,450,1.3333333333333333
ISIC_0024593,600,450,1.3333333333333333
ISIC_0024594,600,450,1.3333333333333333
ISIC_0024595,600,450,1.3333333333333333
ISIC_0024597,600,450,1.3333333333333333
ISIC_0024598,600,450,1.3333333333333333
ISIC_0024599,600,450,1.3333333333333333
ISIC_0024600,600,450,1.3333333333333333
ISIC_0024601,600,450,1.3333333333333333
ISIC_0024602,600,450,1.3333333333333333
ISIC_0024603,600,450,1.3333333333333333
ISIC_0024604,600,450,1.3333333333333333
ISIC_0024605,600,450,1.3333333333333333
ISIC_0024606,600,450,1.3333333333333333
ISIC_0024608,600,450,1.3333333333333333
ISIC_0024609,600,450,1.3333333333333333
ISIC_0024610,600,450,1.3333333333333333
ISIC_0024611,600,450,1.3333333333333333
ISIC_0024612,600,450,1.3333333333333333
ISIC_0024614,600,450,1.3333333333333333
ISIC_0024616,600,450,1.3333333333333333
ISIC_0024618,600,450,1.3333333333333333
ISIC_0024620,600,450,1.3333333333333333
ISIC_0024621,600,450,1.3333333333333333
ISIC_0024622,600,450,1.3333333333333333
ISIC_0024623,600,450,1.3333333333333333
ISIC_0024624,600,450,1.3333333333333333
ISIC_0024625,600,450,1.3333333333333333
ISIC_0024626,600,450,1.3333333333333333
ISIC_0024627,600,450,1.3333333333333333
ISIC_0024629,600,450,1.3333333333333333
ISIC_0024631,600,450,1.3333333333333333
ISIC_0024633,600,450,1.3333333333333333
ISIC_0024634,600,450,1.3333333333333333
ISIC_0024635,600,450,1.3333333333333333
ISIC_0024636,600,450,1.3333333333333333
ISIC_0024637,600,450,1.3333333333333333
ISIC_0024638,600,450,1.3333333333333333
ISIC_0024639,600,450,1.3333333333333333
ISIC_0024640,600,450,1.3333333333333333
ISIC_0024641,600,450,1.3333333333333333
ISIC_0024643,600,450,1.3333333333333333
ISIC_0024644,600,450,1.3333333333333333
ISIC_0024645,600,450,1.3333333333333333
ISIC_0024646,600,450,1.3333333333333333
ISIC_0024647,600,450,1.3333333333333333
ISIC_0024649,600,450,1.3333333333333333
ISIC_0024650,600,450,1.3333333333333333
ISIC_0024651,600,450,1.3333333333333333
ISIC_0024652,600,450,1.3333333333333333
ISIC_0024654,600,450,1.3333333333333333
ISIC_0024656,600,450,1.3333333333333333
ISIC_0024657,600,450,1.3333333333333333
ISIC_0024661,600,450,1.3333333333333333
ISIC_0024662,600,450,1.3333333333333333
ISIC_0024663,600,450,1.3333333333333333
ISIC_0024664,600,450,1.3333333333333333
ISIC_0024665,600,450,1.3333333333333333
ISIC_0024666,600,450,1.3333333333333333
ISIC_0024667,600,450,1.3333333333333333
ISIC_0024668,600,450,1.3333333333333333
ISIC_0024669,600,450,1.3333333333333333
ISIC_0024670,600,450,1.3333333333333333
ISIC_0024671,600,450,1.3333333333333333
ISIC_0024672,600,450,1.3333333333333333
ISIC_0024673,600,450,1.3333333333333333
ISIC_0024674,600,450,1.3333333333333333
ISIC_0024675,600,450,1.3333333333333333
ISIC_0024676,600,450,1.3333333333333333
ISIC_0024677,600,450,1.3333333333333333
ISIC_0024678,600,450,1.3333333333333333
ISIC_0024679,600,450,1.3333333333333333
ISIC_0024681,600,450,1.3333333333333333
ISIC_0024682,600,450,1.3333333333333333
ISIC_0024683,600,450,1.3333333333333333
ISIC_0024684,600,450,1.3333333333333333
ISIC_0024685,600,450,1.3333333333333333
ISIC_0024686,600,450,1.3333333333333333
ISIC_0024687,600,450,1.3333333333333333
ISIC_0024688,600,450,1.3333333333333333
ISIC_0024689,600,450,1.3333333333333333
ISIC_0024690,600,450,1.3333333333333333
ISIC_0024691,600,450,1.3333333333333333
ISIC_0024692,600,450,1.3333333333333333
ISIC_0024693,600,450,1.3333333333333333
ISIC_0024694,600,450,1.3333333333333333
ISIC_0024697,600,450,1.3333333333333333
ISIC_0024698,600,450,1.3333333333333333
ISIC_0024699,600,450,1.3333333333333333
ISIC_0024700,600,450,1.3333333333333333
ISIC_0024701,600,450,1.3333333333333333
ISIC_0024702,600,450,1.3333333333333333
ISIC_0024703,600,450,1.3333333333333333
ISIC_0024705,600,450,1.3333333333333333
ISIC_0024706,600,450,1.3333333333333333
ISIC_0024707,600,450,1.3333333333333333
ISIC_0024709,600,450,1.3333333333333333
ISIC_0024711,600,450,1.3333333333333333
ISIC_0024712,600,450,1.3333333333333333
ISIC_0024713,600,450,1.3333333333333333
ISIC_0024714,600,450,1.3333333333333333
ISIC_0024715,600,450,1.3333333333333333
ISIC_0024716,600,450,1.3333333333333333
ISIC_0024717,600,450,1.3333333333333333
ISIC_0024719,600,450,1.3333333333333333
ISIC_0024720,600,450,1.3333333333333333
ISIC_0024721,600,450,1.3333333333333333
ISIC_0024722,600,450,1.3333333333333333
ISIC_0024723,600,450,1.3333333333333333
ISIC_0024724,600,450,1.3333333333333333
ISIC_0024725,600,450,1.3333333333333333
ISIC_0024726,600,450,1.3333333333333333
ISIC_0024727,600,450,1.3333333333333333
ISIC_0024728,600,450,1.3333333333333333
ISIC_0024731,600,450,1.3333333333333333
ISIC_0024732,600,450,1.3333333333333333
ISIC_0024734,600,450,1.3333333333333333
ISIC_0024736,600,450,1.3333333333333333
ISIC_0024737,600,450,1.3333333333333333
ISIC_0024738,600,450,1.3333333333333333
ISIC_0024740,600,450,1.3333333333333333
ISIC_0024741,600,450,1.3333333333333333
ISIC_0024743,600,450,1.3333333333333333
ISIC_0024744,600,450,1.3333333333333333
ISIC_0024746,600,450,1.3333333333333333
ISIC_0024749,600,450,1.3333333333333333
ISIC_0024750,600,450,1.3333333333333333
ISIC_0024752,600,450,1.3333333333333333
ISIC_0024753,600,450,1.3333333333333333
ISIC_0024754,600,450,1.3333333333333333
ISIC_0024755,600,450,1.3333333333333333
ISIC_0024756,600,450,1.3333333333333333
ISIC_0024757,600,450,1.3333333333333333
ISIC_0024758,600,450,1.3333333333333333
ISIC_0024759,600,450,1.3333333333333333
ISIC_0024760,600,450,1.3333333333333333
ISIC_0024761,600,450,1.3333333333333333
ISIC_0024762,600,450,1.3333333333333333
ISIC_0024763,600,450,1.3333333333333333
ISIC_0024764,600,450,1.3333333333333333
ISIC_0024765,600,450,1.3333333333333333
ISIC_0024766,600,450,1.3333333333333333
ISIC_0024767,600,450,1.3333333333333333
ISIC_0024768,600,450,1.3333333333333333
ISIC_0024769,600,450,1.3333333333333333
ISIC_0024770,600,450,1.3333333333333333
ISIC_0024772,600,450,1.3333333333333333
ISIC_0024773,600,450,1.3333333333333333
ISIC_0024774,600,450,1.3333333333333333
ISIC_0024775,600,450,1.3333333333333333
ISIC_0024776,600,450,1.3333333333333333
ISIC_0024777,600,450,1.3333333333333333
ISIC_0024778,600,450,1.3333333333333333
ISIC_0024779,600,450,1.3333333333333333
ISIC_0024780,600,450,1.3333333333333333
ISIC_0024781,600,450,1.3333333333333333
ISIC_0024782,600,450,1.3333333333333333
ISIC_0024783,600,450,1.3333333333333333
ISIC_0024784,600,450,1.3333333333333333
ISIC_0024786,600,450,1.3333333333333333
ISIC_0024787,600,450,1.3333333333333333
ISIC_0024788,600,450,1.3333333333333333
ISIC_0024789,600,450,1.3333333333333333
ISIC_0024790,600,450,1.3333333333333333
ISIC_0024792,600,450,1.3333333333333333
ISIC_0024793,600,450,1.3333333333333333
ISIC_0024794,600,450,1.3333333333333333
ISIC_0024795,600,450,1.3333333333333333
ISIC_0024796,600,450,1.3333333333333333
ISIC_0024797,600,450,1.3333333333333333
ISIC_0024799,600,450,1.3333333333333333
ISIC_0024800,600,450,1.3333333333333333
ISIC_0024801,600,450,1.3333333333333333
ISIC_0024802,600,450,1.3333333333333333
ISIC_0024803,600,450,1.3333333333333333
ISIC_0024804,600,450,1.3333333333333333
ISIC_0024805,600,450,1.3333333333333333
ISIC_0024806,600,450,1.3333333333333333
ISIC_0024807,600,450,1.3333333333333333
ISIC_0024808,600,450,1.3333333333333333
ISIC_0024810,600,450,1.3333333333333333
ISIC_0024812,600,450,1.3333333333333333
ISIC_0024813,600,450,1.3333333333333333
ISIC_0024814,600,450,1.3333333333333333
ISIC_0024816,600,450,1.3333333333333333
ISIC_0024817,600,450,1.3333333333333333
ISIC_0024818,600,450,1.3333333333333333
ISIC_0024820,600,450,1.3333333333333333
ISIC_0024823,600,450,1.3333333333333333
ISIC_0024824,600,450,1.3333333333333333
ISIC_0024825,600,450,1.3333333333333333
ISIC_0024826,600,450,1.3333333333333333
ISIC_0024827,600,450,1.3333333333333333
ISIC_0024829,600,450,1.3333333333333333
ISIC_0024831,600,450,1.3333333333333333
ISIC_0024832,600,450,1.3333333333333333
ISIC_0024833,600,450,1.3333333333333333
ISIC_0024836,600,450,1.3333333333333333
ISIC_0024837,600,450,1.3333333333333333
ISIC_0024838,600,450,1.3333333333333333
ISIC_0024840,600,450,1.3333333333333333
ISIC_0024841,600,450,1.3333333333333333
ISIC_0024842,600,450,1.3333333333333333
ISIC_0024843,600,450,1.3333333333333333
ISIC_0024844,600,450,1.3333333333333333
ISIC_0024846,600,450,1.3333333333333333
ISIC_0024852,600,450,1.3333333333333333
ISIC_0024853,600,450,1.3333333333333333
ISIC_0024854,600,450,1.3333333333333333
ISIC_0024855,600,450,1.3333333333333333
ISIC_0024857,600,450,1.3333333333333333
ISIC_0024858,600,450,1.3333333333333333
ISIC_0024859,600,450,1.3333333333333333
ISIC_0024860,600,450,1.3333333333333333
ISIC_0024861,600,450,1.3333333333333333
ISIC_0024862,600,450,1.3333333333333333
ISIC_0024863,600,450,1.3333333333333333
ISIC_0024865,600,450,1.3333333333333333
ISIC_0024866,600,450,1.3333333333333333
ISIC_0024867,600,450,1.3333333333333333
ISIC_0024868,600,450,1.3333333333333333
ISIC_0024869,600,450,1.3333333333333333
ISIC_0024870,600,450,1.3333333333333333
ISIC_0024872,600,450,1.3333333333333333
ISIC_0024874,600,450,1.3333333333333333
ISIC_0024875,600,450,1.3333333333333333
ISIC_0024876,600,450,1.3333333333333333
ISIC_0024877,600,450,1.3333333333333333
ISIC_0024879,600,450,1.3333333333333333
ISIC_0024880,600,450,1.3333333333333333
ISIC_0024882,600,450,1.3333333333333333
ISIC_0024884,600,450,1.3333333333333333
ISIC_0024885,600,450,1.3333333333333333
ISIC_0024886,600,450,1.3333333333333333
ISIC_0024887,600,450,1.3333333333333333
ISIC_0024888,600,450,1.3333333333333333
ISIC_0024891,600,450,1.3333333333333333
ISIC_0024892,600,450,1.3333333333333333
ISIC_0024893,600,450,1.3333333333333333
ISIC_0024894,600,450,1.3333333333333333
ISIC_0024895,600,450,1.3333333333333333
ISIC_0024896,600,450,1.3333333333333333
ISIC_0024897,600,450,1.3333333333333333
ISIC_0024898,600,450,1.3333333333333333
ISIC_0024899,600,450,1.3333333333333333
ISIC_0024900,600,450,1.3333333333333333
ISIC_0024901,600,450,1.3333333333333333
ISIC_0024902,600,450,1.3333333333333333
ISIC_0024903,600,450,1.3333333333333333
ISIC_0024905,600,450,1.3333333333333333
ISIC_0024907,600,450,1.3333333333333333
ISIC_0024908,600,450,1.3333333333333333
ISIC_0024909,600,450,1.3333333333333333
ISIC_0024910,600,450,1.3333333333333333
ISIC_0024911,600,450,1.3333333333333333
ISIC_0024912,600,450,1.3333333333333333
ISIC_0024913,600,450,1.3333333333333333
ISIC_0024915,600,450,1.3333333333333333
ISIC_0024916,600,450,1.3333333333333333
ISIC_0024918,600,450,1.3333333333333333
ISIC_0024919,600,450,1.3333333333333333
ISIC_0024920,600,450,1.3333333333333333
ISIC_0024921,600,450,1.3333333333333333
ISIC_0024922,600,450,1.3333333333333333
ISIC_0024923,600,450,1.3333333333333333
ISIC_0024924,600,450,1.3333333333333333
ISIC_0024925,600,450,1.3333333333333333
ISIC_0024926,600,450,1.3333333333333333
ISIC_0024927,600,450,1.3333333333333333
ISIC_0024928,600,450,1.3333333333333333
ISIC_0024929,600,450,1.3333333333333333
ISIC_0024930,600,450,1.3333333333333333
ISIC_0024931,600,450,1.3333333333333333
ISIC_0024932,600,450,1.3333333333333333
ISIC_0024933,600,450,1.3333333333333333
ISIC_0024934,600,450,1.3333333333333333
ISIC_0024935,600,450,1.3333333333333333
ISIC_0024936,600,450,1.3333333333333333
ISIC_0024937,600,450,1.3333333333333333
ISIC_0024938,600,450,1.3333333333333333
ISIC_0024939,600,450,1.3333333333333333
ISIC_0024941,600,450,1.3333333333333333
ISIC_0024942,600,450,1.3333333333333333
ISIC_0024943,600,450,1.3333333333333333
ISIC_0024944,600,450,1.3333333333333333
ISIC_0024945,600,450,1.3333333333333333
ISIC_0024946,600,450,1.3333333333333333
ISIC_0024948,600,450,1.3333333333333333
ISIC_0024949,600,450,1.3333333333333333
ISIC_0024950,600,450,1.3333333333333333
ISIC_0024952,600,450,1.3333333333333333
ISIC_0024954,600,450,1.3333333333333333
ISIC_0024955,600,450,1.3333333333333333
ISIC_0024956,600,450,1.3333333333333333
ISIC_0024957,600,450,1.3333333333333333
ISIC_0024958,600,450,1.3333333333333333
ISIC_0024960,600,450,1.3333333333333333
ISIC_0024961,600,450,1.3333333333333333
ISIC_0024962,600,450,1.3333333333333333
ISIC_0024963,600,450,1.3333333333333333
ISIC_0024964,600,450,1.3333333333333333
ISIC_0024965,600,450,1.3333333333333333
ISIC_0024966,600,450,1.3333333333333333
ISIC_0024967,600,450,1.3333333333333333
ISIC_0024968,600,450,1.3333333333333333
ISIC_0024970,600,450,1.3333333333333333
ISIC_0024971,600,450,1.3333333333333333
ISIC_0024972,600,450,1.3333333333333333
ISIC_0024973,600,450,1.3333333333333333
ISIC_0024974,600,450,1.3333333333333333
ISIC_0024975,600,450,1.3333333333333333
ISIC_0024977,600,450,1.3333333333333333
ISIC_0024978,600,450,1.3333333333333333
ISIC_0024979,600,450,1.3333333333333333
ISIC_0024980,600,450,1.3333333333333333
ISIC_0024981,600,450,1.3333333333333333
ISIC_0024982,600,450,1.3333333333333333
ISIC_0024983,600,450,1.3333333333333333
ISIC_0024984,600,450,1.3333333333333333
ISIC_0024987,600,450,1.3333333333333333
ISIC_0024988,600,450,1.3333333333333333
ISIC_0024989,600,450,1.3333333333333333
ISIC_0024990,600,450,1.3333333333333333
ISIC_0024991,600,450,1.3333333333333333
ISIC_0024992,600,450,1.3333333333333333
ISIC_0024993,600,450,1.3333333333333333
ISIC_0024994,600,450,1.3333333333333333
ISIC_0024995,600,450,1.3333333333333333
ISIC_0024996,600,450,1.3333333333333333
ISIC_0024997,600,450,1.3333333333333333
ISIC_0024998,600,450,1.3333333333333333
ISIC_0024999,600,450,1.3333333333333333
ISIC_0025000,600,450,1.3333333333333333
ISIC_0025001,600,450,1.3333333333333333
ISIC_0025002,600,450,1.3333333333333333
ISIC_0025003,600,450,1.3333333333333333
ISIC_0025004,600,450,1.3333333333333333
ISIC_0025006,600,450,1.3333333333333333
ISIC_0025007,600,450,1.3333333333333333
ISIC_0025008,600,450,1.3333333333333333
ISIC_0025009,600,450,1.3333333333333333
ISIC_0025010,600,450,1.3333333333333333
ISIC_0025011,600,450,1.3333333333333333
ISIC_0025012,600,450,1.3333333333333333
ISIC_0025014,600,450,1.3333333333333333
ISIC_0025015,600,450,1.3333333333333333
ISIC_0025016,600,450,1.3333333333333333
ISIC_0025019,600,450,1.3333333333333333
ISIC_0025021,600,450,1.3333333333333333
ISIC_0025022,600,450,1.3333333333333333
ISIC_0025024,600,450,1.3333333333333333
ISIC_0025025,600,450,1.3333333333333333
ISIC_0025026,600,450,1.3333333333333333
ISIC_0025027,600,450,1.3333333333333333
ISIC_0025028,600,450,1.3333333333333333
ISIC_0025029,600,450,1.3333333333333333
ISIC_0025030,600,450,1.3333333333333333
ISIC_0025031,600,450,1.3333333333333333
ISIC_0025032,600,450,1.3333333333333333
ISIC_0025033,600,450,1.3333333333333333
ISIC_0025034,600,450,1.3333333333333333
ISIC_0025037,600,450,1.3333333333333333
ISIC_0025038,600,450,1.3333333333333333
ISIC_0025039,600,450,1.3333333333333333
ISIC_0025042,600,450,1.3333333333333333
ISIC_0025043,600,450,1.3333333333333333
ISIC_0025044,600,450,1.3333333333333333
ISIC_0025046,600,450,1.3333333333333333
ISIC_0025047,600,450,1.3333333333333333
ISIC_0025049,600,450,1.3333333333333333
ISIC_0025050,600,450,1.3333333333333333
ISIC_0025051,600,450,1.3333333333333333
ISIC_0025052,600,450,1.3333333333333333
ISIC_0025053,600,450,1.3333333333333333
ISIC_0025054,600,450,1.3333333333333333
ISIC_0025055,600,450,1.3333333333333333
ISIC_0025056,600,450,1.3333333333333333
ISIC_0025057,600,450,1.3333333333333333
ISIC_0025059,600,450,1.3333333333333333
ISIC_0025060,600,450,1.3333333333333333
ISIC_0025061,600,450,1.3333333333333333
ISIC_0025062,600,450,1.3333333333333333
ISIC_0025063,600,450,1.3333333333333333
ISIC_0025065,600,450,1.3333333333333333
ISIC_0025066,600,450,1.3333333333333333
ISIC_0025067,600,450,1.3333333333333333
ISIC_0025068,600,450,1.3333333333333333
ISIC_0025069,600,450,1.3333333333333333
ISIC_0025070,600,450,1.3333333333333333
ISIC_0025071,600,450,1.3333333333333333
ISIC_0025072,600,450,1.3333333333333333
ISIC_0025074,600,450,1.3333333333333333
ISIC_0025075,600,450,1.3333333333333333
ISIC_0025076,600,450,1.3333333333333333
ISIC_0025079,600,450,1.3333333333333333
ISIC_0025080,600,450,1.3333333333333333
ISIC_0025082,600,450,1.3333333333333333
ISIC_0025083,600,450,1.3333333333333333
ISIC_0025084,600,450,1.3333333333333333
ISIC_0025087,600,450,1.3333333333333333
ISIC_0025088,600,450,1.3333333333333333
ISIC_0025089,600,450,1.3333333333333333
ISIC_0025090,600,450,1.3333333333333333
ISIC_0025092,600,450,1.3333333333333333
ISIC_0025094,600,450,1.3333333333333333
ISIC_0025096,600,450,1.3333333333333333
ISIC_0025098,600,450,1.3333333333333333
ISIC_0025101,600,450,1.3333333333333333
ISIC_0025102,600,450,1.3333333333333333
ISIC_0025104,600,450,1.3333333333333333
ISIC_0025105,600,450,1.3333333333333333
ISIC_0025106,600,450,1.3333333333333333
ISIC_0025107,600,450,1.3333333333333333
ISIC_0025108,600,450,1.3333333333333333
ISIC_0025112,600,450,1.3333333333333333
ISIC_0025114,600,450,1.3333333333333333
ISIC_0025115,600,450,1.3333333333333333
ISIC_0025116,600,450,1.3333333333333333
ISIC_0025117,600,450,1.3333333333333333
ISIC_0025118,600,450,1.3333333333333333
ISIC_0025119,600,450,1.3333333333333333
ISIC_0025121,600,450,1.3333333333333333
ISIC_0025124,600,450,1.3333333333333333
ISIC_0025126,600,450,1.3333333333333333
ISIC_0025127,600,450,1.3333333333333333
ISIC_0025128,600,450,1.3333333333333333
ISIC_0025129,600,450,1.3333333333333333
ISIC_0025131,600,450,1.3333333333333333
ISIC_0025132,600,450,1.3333333333333333
ISIC_0025133,600,450,1.3333333333333333
ISIC_0025134,600,450,1.3333333333333333
ISIC_0025135,600,450,1.3333333333333333
ISIC_0025137,600,450,1.3333333333333333
ISIC_0025139,600,450,1.3333333333333333
ISIC_0025140,600,450,1.3333333333333333
ISIC_0025142,600,450,1.3333333333333333
ISIC_0025143,600,450,1.3333333333333333
ISIC_0025145,600,450,1.3333333333333333
ISIC_0025146,600,450,1.3333333333333333
ISIC_0025149,600,450,1.3333333333333333
ISIC_0025153,600,450,1.3333333333333333
ISIC_0025154,600,450,1.3333333333333333
ISIC_0025155,600,450,1.3333333333333333
ISIC_0025156,600,450,1.3333333333333333
ISIC_0025157,600,450,1.3333333333333333
ISIC_0025158,600,450,1.3333333333333333
ISIC_0025159,600,450,1.3333333333333333
ISIC_0025160,600,450,1.3333333333333333
ISIC_0025161,600,450,1.3333333333333333
ISIC_0025162,600,450,1.3333333333333333
ISIC_0025164,600,450,1.3333333333333333
ISIC_0025165,600,450,1.3333333333333333
ISIC_0025166,600,450,1.3333333333333333
ISIC_0025167,600,450,1.3333333333333333
ISIC_0025169,600,450,1.3333333333333333
ISIC_0025170,600,450,1.3333333333333333
ISIC_0025171,600,450,1.3333333333333333
ISIC_0025173,600,450,1.3333333333333333
ISIC_0025174,600,450,1.3333333333333333
ISIC_0025175,600,450,1.3333333333333333
ISIC_0025176,600,450,1.3333333333333333
ISIC_0025177,600,450,1.3333333333333333
ISIC_0025178,600,450,1.3333333333333333
ISIC_0025179,600,450,1.3333333333333333
ISIC_0025181,600,450,1.3333333333333333
ISIC_0025182,600,450,1.3333333333333333
ISIC_0025183,600,450,1.3333333333333333
ISIC_0025184,600,450,1.3333333333333333
ISIC_0025185,600,450,1.3333333333333333
ISIC_0025186,600,450,1.3333333333333333
ISIC_0025187,600,450,1.3333333333333333
ISIC_0025188,600,450,1.3333333333333333
ISIC_0025189,600,450,1.3333333333333333
ISIC_0025190,600,450,1.3333333333333333
ISIC_0025191,600,450,1.3333333333333333
ISIC_0025192,600,450,1.3333333333333333
ISIC_0025193,600,450,1.3333333333333333
ISIC_0025194,600,450,1.3333333333333333
ISIC_0025196,600,450,1.3333333333333333
ISIC_0025197,600,450,1.3333333333333333
ISIC_0025198,600,450,1.3333333333333333
ISIC_0025199,600,450,1.3333333333333333
ISIC_0025200,600,450,1.3333333333333333
ISIC_0025202,600,450,1.3333333333333333
ISIC_0025203,600,450,1.3333333333333333
ISIC_0025204,600,450,1.3333333333333333
ISIC_0025206,600,450,1.3333333333333333
ISIC_0025207,600,450,1.3333333333333333
ISIC_0025208,600,450,1.3333333333333333
ISIC_0025209,600,450,1.3333333333333333
ISIC_0025210,600,450,1.3333333333333333
ISIC_0025211,600,450,1.3333333333333333
ISIC_0025212,600,450,1.3333333333333333
ISIC_0025213,600,450,1.3333333333333333
ISIC_0025214,600,450,1.3333333333333333
ISIC_0025215,600,450,1.3333333333333333
ISIC_0025216,600,450,1.3333333333333333
ISIC_0025217,600,450,1.3333333333333333
ISIC_0025218,600,450,1.3333333333333333
ISIC_0025220,600,450,1.3333333333333333
ISIC_0025221,600,450,1.3333333333333333
ISIC_0025222,600,450,1.3333333333333333
ISIC_0025223,600,450,1.3333333333333333
ISIC_0025224,600,450,1.3333333333333333
ISIC_0025226,600,450,1.3333333333333333
ISIC_0025227,600,450,1.3333333333333333
ISIC_0025228,600,450,1.3333333333333333
ISIC_0025229,600,450,1.3333333333333333
ISIC_0025230,600,450,1.3333333333333333
ISIC_0025231,600,450,1.3333333333333333
ISIC_0025232,600,450,1.3333333333333333
ISIC_0025233,600,450,1.3333333333333333
ISIC_0025234,600,450,1.3333333333333333
ISIC_0025235,600,450,1.3333333333333333
ISIC_0025237,600,450,1.3333333333333333
ISIC_0025238,600,450,1.3333333333333333
ISIC_0025239,600,450,1.3333333333333333
ISIC_0025240,600,450,1.3333333333333333
ISIC_0025241,600,450,1.3333333333333333
ISIC_0025242,600,450,1.3333333333333333
ISIC_0025243,600,450,1.3333333333333333
ISIC_0025244,600,450,1.3333333333333333
ISIC_0025245,600,450,1.3333333333333333
ISIC_0025246,600,450,1.3333333333333333
ISIC_0025247,600,450,1.3333333333333333
ISIC_0025249,600,450,1.3333333333333333
ISIC_0025250,600,450,1.3333333333333333
ISIC_0025252,600,450,1.3333333333333333
ISIC_0025253,600,450,1.3333333333333333
ISIC_0025254,600,450,1.3333333333333333
ISIC_0025255,600,450,1.3333333333333333
ISIC_0025256,600,450,1.3333333333333333
ISIC_0025257,600,450,1.3333333333333333
ISIC_0025258,600,450,1.3333333333333333
ISIC_0025259,600,450,1.3333333333333333
ISIC_0025260,600,450,1.3333333333333333
ISIC_0025262,600,450,1.3333333333333333
ISIC_0025263,600,450,1.3333333333333333
ISIC_0025264,600,450,1.3333333333333333
ISIC_0025266,600,450,1.3333333333333333
ISIC_0025267,600,450,1.3333333333333333
ISIC_0025269,600,450,1.3333333333333333
ISIC_0025270,600,450,1.3333333333333333
ISIC_0025271,600,450,1.3333333333333333
ISIC_0025273,600,450,1.3333333333333333
ISIC_0025276,600,450,1.3333333333333333
ISIC_0025278,600,450,1.3333333333333333
ISIC_0025279,600,450,1.3333333333333333
ISIC_0025280,600,450,1.3333333333333333
ISIC_0025281,600,450,1.3333333333333333
ISIC_0025283,600,450,1.3333333333333333
ISIC_0025285,600,450,1.3333333333333333
ISIC_0025286,600,450,1.3333333333333333
ISIC_0025287,600,450,1.3333333333333333
ISIC_0025288,600,450,1.3333333333333333
ISIC_0025290,600,450,1.3333333333333333
ISIC_0025291,600,450,1.3333333333333333
ISIC_0025292,600,450,1.3333333333333333
ISIC_0025293,600,450,1.3333333333333333
ISIC_0025294,600,450,1.3333333333333333
ISIC_0025295,600,450,1.3333333333333333
ISIC_0025296,600,450,1.3333333333333333
ISIC_0025297,600,450,1.3333333333333333
ISIC_0025298,600,450,1.3333333333333333
ISIC_0025299,600,450,1.3333333333333333
ISIC_0025302,600,450,1.3333333333333333
ISIC_0025303,600,450,1.3333333333333333
ISIC_0025304,600,450,1.3333333333333333
ISIC_0025306,600,450,1.3333333333333333
ISIC_0025307,600,450,1.3333333333333333
ISIC_0025308,600,450,1.3333333333333333
ISIC_0025309,600,450,1.3333333333333333
ISIC_0025310,600,450,1.3333333333333333
ISIC_0025311,600,450,1.3333333333333333
ISIC_0025312,600,450,1.3333333333333333
ISIC_0025313,600,450,1.3333333333333333
ISIC_0025315,600,450,1.3333333333333333
ISIC_0025316,600,450,1.3333333333333333
ISIC_0025317,600,450,1.3333333333333333
ISIC_0025318,600,450,1.3333333333333333
ISIC_0025319,600,450,1.3333333333333333
ISIC_0025320,600,450,1.3333333333333333
ISIC_0025321,600,450,1.3333333333333333
ISIC_0025323,600,450,1.3333333333333333
ISIC_0025324,600,450,1.3333333333333333
ISIC_0025325,600,450,1.3333333333333333
ISIC_0025326,600,450,1.3333333333333333
ISIC_0025327,600,450,1.3333333333333333
ISIC_0025328,600,450,1.3333333333333333
ISIC_0025330,600,450,1.3333333333333333
ISIC_0025331,600,450,1.3333333333333333
ISIC_0025332,600,450,1.3333333333333333
ISIC_0025333,600,450,1.3333333333333333
ISIC_0025334,600,450,1.3333333333333333
ISIC_0025335,600,450,1.3333333333333333
ISIC_0025336,600,450,1.3333333333333333
ISIC_0025339,600,450,1.3333333333333333
ISIC_0025341,600,450,1.3333333333333333
ISIC_0025342,600,450,1.3333333333333333
ISIC_0025343,600,450,1.3333333333333333
ISIC_0025345,600,450,1.3333333333333333
ISIC_0025346,600,450,1.3333333333333333
ISIC_0025347,600,450,1.3333333333333333
ISIC_0025348,600,450,1.3333333333333333
ISIC_0025352,600,450,1.3333333333333333
ISIC_0025353,600,450,1.3333333333333333
ISIC_0025354,600,450,1.3333333333333333
ISIC_0025355,600,450,1.3333333333333333
ISIC_0025356,600,450,1.3333333333333333
ISIC_0025358,600,450,1.3333333333333333
ISIC_0025360,600,450,1.3333333333333333
ISIC_0025361,600,450,1.3333333333333333
ISIC_0025363,600,450,1.3333333333333333
ISIC_0025365,600,450,1.3333333333333333
ISIC_0025367,600,450,1.3333333333333333
ISIC_0025368,600,450,1.3333333333333333
ISIC_0025370,600,450,1.3333333333333333
ISIC_0025371,600,450,1.3333333333333333
ISIC_0025372,600,450,1.3333333333333333
ISIC_0025373,600,450,1.3333333333333333
ISIC_0025375,600,450,1.3333333333333333
ISIC_0025376,600,450,1.3333333333333333
ISIC_0025377,600,450,1.3333333333333333
ISIC_0025380,600,450,1.3333333333333333
ISIC_0025381,600,450,1.3333333333333333
ISIC_0025382,600,450,1.3333333333333333
ISIC_0025383,600,450,1.3333333333333333
ISIC_0025386,600,450,1.3333333333333333
ISIC_0025387,600,450,1.3333333333333333
ISIC_0025388,600,450,1.3333333333333333
ISIC_0025389,600,450,1.3333333333333333
ISIC_0025390,600,450,1.3333333333333333
ISIC_0025391,600,450,1.3333333333333333
ISIC_0025392,600,450,1.3333333333333333
ISIC_0025393,600,450,1.3333333333333333
ISIC_0025394,600,450,1.3333333333333333
ISIC_0025395,600,450,1.3333333333333333
ISIC_0025397,600,450,1.3333333333333333
ISIC_0025398,600,450,1.3333333333333333
ISIC_0025399,600,450,1.3333333333333333
ISIC_0025400,600,450,1.3333333333333333
ISIC_0025401,600,450,1.3333333333333333
ISIC_0025402,600,450,1.3333333333333333
ISIC_0025404,600,450,1.3333333333333333
ISIC_0025405,600,450,1.3333333333333333
ISIC_0025407,600,450,1.3333333333333333
ISIC_0025408,600,450,1.3333333333333333
ISIC_0025409,600,450,1.3333333333333333
ISIC_0025410,600,450,1.3333333333333333
ISIC_0025411,600,450,1.3333333333333333
ISIC_0025412,600,450,1.3333333333333333
ISIC_0025413,600,450,1.3333333333333333
ISIC_0025414,600,450,1.3333333333333333
ISIC_0025418,600,450,1.3333333333333333
ISIC_0025419,600,450,1.3333333333333333
ISIC_0025420,600,450,1.3333333333333333
ISIC_0025421,600,450,1.3333333333333333
ISIC_0025423,600,450,1.3333333333333333
ISIC_0025424,600,450,1.3333333333333333
ISIC_0025425,600,450,1.3333333333333333
ISIC_0025427,600,450,1.3333333333333333
ISIC_0025428,600,450,1.3333333333333333
ISIC_0025429,600,450,1.3333333333333333
ISIC_0025430,600,450,1.3333333333333333
ISIC_0025433,600,450,1.3333333333333333
ISIC_0025434,600,450,1.3333333333333333
ISIC_0025435,600,450,1.3333333333333333
ISIC_0025436,600,450,1.3333333333333333
ISIC_0025437,600,450,1.3333333333333333
ISIC_0025439,600,450,1.3333333333333333
ISIC_0025440,600,450,1.3333333333333333
ISIC_0025441,600,450,1.3333333333333333
ISIC_0025442,600,450,1.3333333333333333
ISIC_0025443,600,450,1.3333333333333333
ISIC_0025444,600,450,1.3333333333333333
ISIC_0025445,600,450,1.3333333333333333
ISIC_0025446,600,450,1.3333333333333333
ISIC_0025447,600,450,1.3333333333333333
ISIC_0025448,600,450,1.3333333333333333
ISIC_0025449,600,450,1.3333333333333333
ISIC_0025450,600,450,1.3333333333333333
ISIC_0025451,600,450,1.3333333333333333
ISIC_0025452,600,450,1.3333333333333333
ISIC_0025454,600,450,1.3333333333333333
ISIC_0025455,600,450,1.3333333333333333
ISIC_0025456,600,450,1.3333333333333333
ISIC_0025457,600,450,1.3333333333333333
ISIC_0025458,600,450,1.3333333333333333
ISIC_0025459,600,450,1.3333333333333333
ISIC_0025460,600,450,1.3333333333333333
ISIC_0025461,600,450,1.3333333333333333
ISIC_0025463,600,450,1.3333333333333333
ISIC_0025464,600,450,1.3333333333333333
ISIC_0025465,600,450,1.3333333333333333
ISIC_0025466,600,450,1.3333333333333333
ISIC_0025467,600,450,1.3333333333333333
ISIC_0025469,600,450,1.3333333333333333
ISIC_0025471,600,450,1.3333333333333333
ISIC_0025472,600,450,1.3333333333333333
ISIC_0025473,600,450,1.3333333333333333
ISIC_0025474,600,450,1.3333333333333333
ISIC_0025475,600,450,1.3333333333333333
ISIC_0025476,600,450,1.3333333333333333
ISIC_0025479,600,450,1.3333333333333333
ISIC_0025481,600,450,1.3333333333333333
ISIC_0025482,600,450,1.3333333333333333
ISIC_0025483,600,450,1.3333333333333333
ISIC_0025485,600,450,1.3333333333333333
ISIC_0025486,600,450,1.3333333333333333
ISIC_0025487,600,450,1.3333333333333333
ISIC_0025488,600,450,1.3333333333333333
ISIC_0025490,600,450,1.3333333333333333
ISIC_0025491,600,450,1.3333333333333333
ISIC_0025492,600,450,1.3333333333333333
ISIC_0025493,600,450,1.3333333333333333
ISIC_0025494,600,450,1.3333333333333333
ISIC_0025495,600,450,1.3333333333333333
ISIC_0025496,600,450,1.3333333333333333
ISIC_0025497,600,450,1.3333333333333333
ISIC_0025498,600,450,1.3333333333333333
ISIC_0025499,600,450,1.3333333333333333
ISIC_0025500,600,450,1.3333333333333333
ISIC_0025501,600,450,1.3333333333333333
ISIC_0025502,600,450,1.3333333333333333
ISIC_0025503,600,450,1.3333333333333333
ISIC_0025505,600,450,1.3333333333333333
ISIC_0025506,600,450,1.3333333333333333
ISIC_0025507,600,450,1.3333333333333333
ISIC_0025508,600,450,1.3333333333333333
ISIC_0025509,600,450,1.3333333333333333
ISIC_0025510,600,450,1.3333333333333333
ISIC_0025511,600,450,1.3333333333333333
ISIC_0025512,600,450,1.3333333333333333
ISIC_0025513,600,450,1.3333333333333333
ISIC_0025514,600,450,1.3333333333333333
ISIC_0025515,600,450,1.3333333333333333
ISIC_0025517,600,450,1.3333333333333333
ISIC_0025518,600,450,1.3333333333333333
ISIC_0025519,600,450,1.3333333333333333
ISIC_0025520,600,450,1.3333333333333333
ISIC_0025521,600,450,1.3333333333333333
ISIC_0025522,600,450,1.3333333333333333
ISIC_0025523,600,450,1.3333333333333333
ISIC_0025524,600,450,1.3333333333333333
ISIC_0025525,600,450,1.3333333333333333
ISIC_0025526,600,450,1.3333333333333333
ISIC_0025527,600,450,1.3333333333333333
ISIC_0025528,600,450,1.3333333333333333
ISIC_0025529,600,450,1.3333333333333333
ISIC_0025530,600,450,1.3333333333333333
ISIC_0025532,600,450,1.3333333333333333
ISIC_0025533,600,450,1.3333333333333333
ISIC_0025534,600,450,1.3333333333333333
ISIC_0025535,600,450,1.3333333333333333
ISIC_0025536,600,450,1.3333333333333333
ISIC_0025537,600,450,1.3333333333333333
ISIC_0025538,600,450,1.3333333333333333
ISIC_0025539,600,450,1.3333333333333333
ISIC_0025540,600,450,1.3333333333333333
ISIC_0025541,600,450,1.3333333333333333
ISIC_0025542,600,450,1.3333333333333333
ISIC_0025543,600,450,1.3333333333333333
ISIC_0025545,600,450,1.3333333333333333
ISIC_0025546,600,450,1.3333333333333333
ISIC_0025547,600,450,1.3333333333333333
ISIC_0025548,600,450,1.3333333333333333
ISIC_0025549,600,450,1.3333333333333333
ISIC_0025550,600,450,1.3333333333333333
ISIC_0025551,600,450,1.3333333333333333
ISIC_0025552,600,450,1.3333333333333333
ISIC_0025553,600,450,1.3333333333333333
ISIC_0025554,600,450,1.3333333333333333
ISIC_0025555,600,450,1.3333333333333333
ISIC_0025558,600,450,1.3333333333333333
ISIC_0025559,600,450,1.3333333333333333
ISIC_0025560,600,450,1.3333333333333333
ISIC_0025561,600,450,1.3333333333333333
ISIC_0025562,600,450,1.3333333333333333
ISIC_0025563,600,450,1.3333333333333333
ISIC_0025564,600,450,1.3333333333333333
ISIC_0025565,600,450,1.3333333333333333
ISIC_0025566,600,450,1.3333333333333333
ISIC_0025567,600,450,1.3333333333333333
ISIC_0025569,600,450,1.3333333333333333
ISIC_0025570,600,450,1.3333333333333333
ISIC_0025571,600,450,1.3333333333333333
ISIC_0025573,600,450,1.3333333333333333
ISIC_0025575,600,450,1.3333333333333333
ISIC_0025576,600,450,1.3333333333333333
ISIC_0025577,600,450,1.3333333333333333
ISIC_0025578,600,450,1.3333333333333333
ISIC_0025579,600,450,1.3333333333333333
ISIC_0025581,600,450,1.3333333333333333
ISIC_0025582,600,450,1.3333333333333333
ISIC_0025583,600,450,1.3333333333333333
ISIC_0025584,600,450,1.3333333333333333
ISIC_0025586,600,450,1.3333333333333333
ISIC_0025587,600,450,1.3333333333333333
ISIC_0025589,600,450,1.3333333333333333
ISIC_0025590,600,450,1.3333333333333333
ISIC_0025592,600,450,1.3333333333333333
ISIC_0025593,600,450,1.3333333333333333
ISIC_0025598,600,450,1.3333333333333333
ISIC_0025599,600,450,1.3333333333333333
ISIC_0025600,600,450,1.3333333333333333
ISIC_0025601,600,450,1.3333333333333333
ISIC_0025603,600,450,1.3333333333333333
ISIC_0025604,600,450,1.3333333333333333
ISIC_0025605,600,450,1.3333333333333333
ISIC_0025606,600,450,1.3333333333333333
ISIC_0025607,600,450,1.3333333333333333
ISIC_0025608,600,450,1.3333333333333333
ISIC_0025609,600,450,1.3333333333333333
ISIC_0025611,600,450,1.3333333333333333
ISIC_0025612,600,450,1.3333333333333333
ISIC_0025613,600,450,1.3333333333333333
ISIC_0025614,600,450,1.3333333333333333
ISIC_0025616,600,450,1.3333333333333333
ISIC_0025618,600,450,1.3333333333333333
ISIC_0025619,600,450,1.3333333333333333
ISIC_0025620,600,450,1.3333333333333333
ISIC_0025621,600,450,1.3333333333333333
ISIC_0025622,600,450,1.3333333333333333
ISIC_0025623,600,450,1.3333333333333333
ISIC_0025624,600,450,1.3333333333333333
ISIC_0025625,600,450,1.3333333333333333
ISIC_0025626,600,450,1.3333333333333333
ISIC_0025627,600,450,1.3333333333333333
ISIC_0025628,600,450,1.3333333333333333
ISIC_0025629,600,450,1.3333333333333333
ISIC_0025630,600,450,1.3333333333333333
ISIC_0025631,600,450,1.3333333333333333
ISIC_0025632,600,450,1.3333333333333333
ISIC_0025633,600,450,1.3333333333333333
ISIC_0025635,600,450,1.3333333333333333
ISIC_0025636,600,450,1.3333333333333333
ISIC_0025637,600,450,1.3333333333333333
ISIC_0025639,600,450,1.3333333333333333
ISIC_0025640,600,450,1.3333333333333333
ISIC_0025641,600,450,1.3333333333333333
ISIC_0025642,600,450,1.3333333333333333
ISIC_0025643,600,450,1.3333333333333333
ISIC_0025644,600,450,1.3333333333333333
ISIC_0025645,600,450,1.3333333333333333
ISIC_0025646,600,450,1.3333333333333333
ISIC_0025647,600,450,1.3333333333333333
ISIC_0025648,600,450,1.3333333333333333
ISIC_0025649,600,450,1.3333333333333333
ISIC_0025650,600,450,1.3333333333333333
ISIC_0025652,600,450,1.3333333333333333
ISIC_0025654,600,450,1.3333333333333333
ISIC_0025655,600,450,1.3333333333333333
ISIC_0025656,600,450,1.3333333333333333
ISIC_0025658,600,450,1.3333333333333333
ISIC_0025659,600,450,1.3333333333333333
ISIC_0025660,600,450,1.3333333333333333
ISIC_0025661,600,450,1.3333333333333333
ISIC_0025662,600,450,1.3333333333333333
ISIC_0025663,600,450,1.3333333333333333
ISIC_0025664,600,450,1.3333333333333333
ISIC_0025665,600,450,1.3333333333333333
ISIC_0025666,600,450,1.3333333333333333
ISIC_0025668,600,450,1.3333333333333333
ISIC_0025669,600,450,1.3333333333333333
ISIC_0025670,600,450,1.3333333333333333
ISIC_0025671,600,450,1.3333333333333333
ISIC_0025672,600,450,1.3333333333333333
ISIC_0025675,600,450,1.3333333333333333
ISIC_0025676,600,450,1.3333333333333333
ISIC_0025677,600,450,1.3333333333333333
ISIC_0025678,600,450,1.3333333333333333
ISIC_0025679,600,450,1.3333333333333333
ISIC_0025680,600,450,1.3333333333333333
ISIC_0025681,600,450,1.3333333333333333
ISIC_0025682,600,450,1.3333333333333333
ISIC_0025683,600,450,1.3333333333333333
ISIC_0025684,600,450,1.3333333333333333
ISIC_0025686,600,450,1.3333333333333333
ISIC_0025687,600,450,1.3333333333333333
ISIC_0025688,600,450,1.3333333333333333
ISIC_0025689,600,450,1.3333333333333333
ISIC_0025690,600,450,1.3333333333333333
ISIC_0025691,600,450,1.3333333333333333
ISIC_0025692,600,450,1.3333333333333333
ISIC_0025693,600,450,1.3333333333333333
ISIC_0025694,600,450,1.3333333333333333
ISIC_0025696,600,450,1.3333333333333333
ISIC_0025697,600,450,1.3333333333333333
ISIC_0025701,600,450,1.3333333333333333
ISIC_0025703,600,450,1.3333333333333333
ISIC_0025705,600,450,1.3333333333333333
ISIC_0025706,600,450,1.3333333333333333
ISIC_0025707,600,450,1.3333333333333333
ISIC_0025708,600,450,1.3333333333333333
ISIC_0025709,600,450,1.3333333333333333
ISIC_0025711,600,450,1.3333333333333333
ISIC_0025712,600,450,1.3333333333333333
ISIC_0025713,600,450,1.3333333333333333
ISIC_0025714,600,450,1.3333333333333333
ISIC_0025715,600,450,1.3333333333333333
ISIC_0025716,600,450,1.3333333333333333
ISIC_0025717,600,450,1.3333333333333333
ISIC_0025718,600,450,1.3333333333333333
ISIC_0025719,600,450,1.3333333333333333
ISIC_0025720,600,450,1.3333333333333333
ISIC_0025722,600,450,1.3333333333333333
ISIC_0025724,600,450,1.3333333333333333
ISIC_0025725,600,450,1.3333333333333333
ISIC_0025727,600,450,1.3333333333333333
ISIC_0025728,600,450,1.3333333333333333
ISIC_0025729,600,450,1.3333333333333333
ISIC_0025730,600,450,1.3333333333333333
ISIC_0025731,600,450,1.3333333333333333
ISIC_0025732,600,450,1.3333333333333333
ISIC_0025733,600,450,1.3333333333333333
ISIC_0025735,600,450,1.3333333333333333
ISIC_0025736,600,450,1.3333333333333333
ISIC_0025737,600,450,1.3333333333333333
ISIC_0025738,600,450,1.3333333333333333
ISIC_0025739,600,450,1.3333333333333333
ISIC_0025740,600,450,1.3333333333333333
ISIC_0025741,600,450,1.3333333333333333
ISIC_0025742,600,450,1.3333333333333333
ISIC_0025743,600,450,1.3333333333333333
ISIC_0025744,600,450,1.3333333333333333
ISIC_0025745,600,450,1.3333333333333333
ISIC_0025746,600,450,1.3333333333333333
ISIC_0025747,600,450,1.3333333333333333
ISIC_0025748,600,450,1.3333333333333333
ISIC_0025750,600,450,1.3333333333333333
ISIC_0025751,600,450,1.3333333333333333
ISIC_0025752,600,450,1.3333333333333333
ISIC_0025754,600,450,1.3333333333333333
ISIC_0025755,600,450,1.3333333333333333
ISIC_0025756,600,450,1.3333333333333333
ISIC_0025758,600,450,1.3333333333333333
ISIC_0025759,600,450,1.3333333333333333
ISIC_0025760,600,450,1.3333333333333333
ISIC_0025762,600,450,1.3333333333333333
ISIC_0025763,600,450,1.3333333333333333
ISIC_0025764,600,450,1.3333333333333333
ISIC_0025768,600,450,1.3333333333333333
ISIC_0025769,600,450,1.3333333333333333
ISIC_0025770,600,450,1.3333333333333333
ISIC_0025771,600,450,1.3333333333333333
ISIC_0025772,600,450,1.3333333333333333
ISIC_0025773,600,450,1.3333333333333333
ISIC_0025774,600,450,1.3333333333333333
ISIC_0025775,600,450,1.3333333333333333
ISIC_0025777,600,450,1.3333333333333333
ISIC_0025778,600,450,1.3333333333333333
ISIC_0025779,600,450,1.3333333333333333
ISIC_0025781,600,450,1.3333333333333333
ISIC_0025782,600,450,1.3333333333333333
ISIC_0025783,600,450,1.3333333333333333
ISIC_0025784,600,450,1.3333333333333333
ISIC_0025785,600,450,1.3333333333333333
ISIC_0025786,600,450,1.3333333333333333
ISIC_0025787,600,450,1.3333333333333333
ISIC_0025788,600,450,1.3333333333333333
ISIC_0025789,600,450,1.3333333333333333
ISIC_0025790,600,450,1.3333333333333333
ISIC_0025792,600,450,1.3333333333333333
ISIC_0025793,600,450,1.3333333333333333
ISIC_0025794,600,450,1.3333333333333333
ISIC_0025795,600,450,1.3333333333333333
ISIC_0025796,600,450,1.3333333333333333
ISIC_0025798,600,450,1.3333333333333333
ISIC_0025799,600,450,1.3333333333333333
ISIC_0025800,600,450,1.3333333333333333
ISIC_0025801,600,450,1.3333333333333333
ISIC_0025802,600,450,1.3333333333333333
ISIC_0025803,600,450,1.3333333333333333
ISIC_0025804,600,450,1.3333333333333333
ISIC_0025805,600,450,1.3333333333333333
ISIC_0025806,600,450,1.3333333333333333
ISIC_0025807,600,450,1.3333333333333333
ISIC_0025808,600,450,1.3333333333333333
ISIC_0025809,600,450,1.3333333333333333
ISIC_0025810,600,450,1.3333333333333333
ISIC_0025811,600,450,1.3333333333333333
ISIC_0025812,600,450,1.3333333333333333
ISIC_0025813,600,450,1.3333333333333333
ISIC_0025814,600,450,1.3333333333333333
ISIC_0025816,600,450,1.3333333333333333
ISIC_0025817,600,450,1.3333333333333333
ISIC_0025819,600,450,1.3333333333333333
ISIC_0025820,600,450,1.3333333333333333
ISIC_0025821,600,450,1.3333333333333333
ISIC_0025822,600,450,1.3333333333333333
ISIC_0025823,600,450,1.3333333333333333
ISIC_0025824,600,450,1.3333333333333333
ISIC_0025828,600,450,1.3333333333333333
ISIC_0025829,600,450,1.3333333333333333
ISIC_0025830,600,450,1.3333333333333333
ISIC_0025831,600,450,1.3333333333333333
ISIC_0025832,600,450,1.3333333333333333
ISIC_0025833,600,450,1.3333333333333333
ISIC_0025834,600,450,1.3333333333333333
ISIC_0025835,600,450,1.3333333333333333
ISIC_0025836,600,450,1.3333333333333333
ISIC_0025837,600,450,1.3333333333333333
ISIC_0025838,600,450,1.3333333333333333
ISIC_0025839,600,450,1.3333333333333333
ISIC_0025840,600,450,1.3333333333333333
ISIC_0025841,600,450,1.3333333333333333
ISIC_0025842,600,450,1.3333333333333333
ISIC_0025843,600,450,1.3333333333333333
ISIC_0025844,600,450,1.3333333333333333
ISIC_0025845,600,450,1.3333333333333333
ISIC_0025847,600,450,1.3333333333333333
ISIC_0025848,600,450,1.3333333333333333
ISIC_0025849,600,450,1.3333333333333333
ISIC_0025850,600,450,1.3333333333333333
ISIC_0025851,600,450,1.3333333333333333
ISIC_0025852,600,450,1.3333333333333333
ISIC_0025853,600,450,1.3333333333333333
ISIC_0025854,600,450,1.3333333333333333
ISIC_0025855,600,450,1.3333333333333333
ISIC_0025856,600,450,1.3333333333333333
ISIC_0025858,600,450,1.3333333333333333
ISIC_0025860,600,450,1.3333333333333333
ISIC_0025862,600,450,1.3333333333333333
ISIC_0025863,600,450,1.3333333333333333
ISIC_0025864,600,450,1.3333333333333333
ISIC_0025865,600,450,1.3333333333333333
ISIC_0025866,600,450,1.3333333333333333
ISIC_0025867,600,450,1.3333333333333333
ISIC_0025868,600,450,1.3333333333333333
ISIC_0025869,600,450,1.3333333333333333
ISIC_0025870,600,450,1.3333333333333333
ISIC_0025871,600,450,1.3333333333333333
ISIC_0025872,600,450,1.3333333333333333
ISIC_0025873,600,450,1.3333333333333333
ISIC_0025874,600,450,1.3333333333333333
ISIC_0025875,600,450,1.3333333333333333
ISIC_0025876,600,450,1.3333333333333333
ISIC_0025877,600,450,1.3333333333333333
ISIC_0025878,600,450,1.3333333333333333
ISIC_0025879,600,450,1.3333333333333333
ISIC_0025880,600,450,1.3333333333333333
ISIC_0025881,600,450,1.3333333333333333
ISIC_0025882,600,450,1.3333333333333333
ISIC_0025883,600,450,1.3333333333333333
ISIC_0025884,600,450,1.3333333333333333
ISIC_0025885,600,450,1.3333333333333333
ISIC_0025886,600,450,1.3333333333333333
ISIC_0025887,600,450,1.3333333333333333
ISIC_0025889,600,450,1.3333333333333333
ISIC_0025890,600,450,1.3333333333333333
ISIC_0025891,600,450,1.3333333333333333
ISIC_0025892,600,450,1.3333333333333333
ISIC_0025893,600,450,1.3333333333333333
ISIC_0025894,600,450,1.3333333333333333
ISIC_0025895,600,450,1.3333333333333333
ISIC_0025896,600,450,1.3333333333333333
ISIC_0025898,600,450,1.3333333333333333
ISIC_0025900,600,450,1.3333333333333333
ISIC_0025901,600,450,1.3333333333333333
ISIC_0025903,600,450,1.3333333333333333
ISIC_0025904,600,450,1.3333333333333333
ISIC_0025905,600,450,1.3333333333333333
ISIC_0025906,600,450,1.3333333333333333
ISIC_0025907,600,450,1.3333333333333333
ISIC_0025909,600,450,1.3333333333333333
ISIC_0025910,600,450,1.3333333333333333
ISIC_0025911,600,450,1.3333333333333333
ISIC_0025912,600,450,1.3333333333333333
ISIC_0025913,600,450,1.3333333333333333
ISIC_0025914,600,450,1.3333333333333333
ISIC_0025915,600,450,1.3333333333333333
ISIC_0025917,600,450,1.3333333333333333
ISIC_0025918,600,450,1.3333333333333333
ISIC_0025919,600,450,1.3333333333333333
ISIC_0025920,600,450,1.3333333333333333
ISIC_0025921,600,450,1.3333333333333333
ISIC_0025922,600,450,1.3333333333333333
ISIC_0025923,600,450,1.3333333333333333
ISIC_0025924,600,450,1.3333333333333333
ISIC_0025927,600,450,1.3333333333333333
ISIC_0025933,600,450,1.3333333333333333
ISIC_0025934,600,450,1.3333333333333333
ISIC_0025936,600,450,1.3333333333333333
ISIC_0025937,600,450,1.3333333333333333
ISIC_0025938,600,450,1.3333333333333333
ISIC_0025939,600,450,1.3333333333333333
ISIC_0025940,600,450,1.3333333333333333
ISIC_0025941,600,450,1.3333333333333333
ISIC_0025942,600,450,1.3333333333333333
ISIC_0025944,600,450,1.3333333333333333
ISIC_0025946,600,450,1.3333333333333333
ISIC_0025948,600,450,1.3333333333333333
ISIC_0025949,600,450,1.3333333333333333
ISIC_0025950,600,450,1.3333333333333333
ISIC_0025953,600,450,1.3333333333333333
ISIC_0025954,600,450,1.3333333333333333
ISIC_0025955,600,450,1.3333333333333333
ISIC_0025957,600,450,1.3333333333333333
ISIC_0025958,600,450,1.3333333333333333
ISIC_0025960,600,450,1.3333333333333333
ISIC_0025961,600,450,1.3333333333333333
ISIC_0025962,600,450,1.3333333333333333
ISIC_0025963,600,450,1.3333333333333333
ISIC_0025964,600,450,1.3333333333333333
ISIC_0025966,600,450,1.3333333333333333
ISIC_0025968,600,450,1.3333333333333333
ISIC_0025969,600,450,1.3333333333333333
ISIC_0025970,600,450,1.3333333333333333
ISIC_0025973,600,450,1.3333333333333333
ISIC_0025974,600,450,1.3333333333333333
ISIC_0025977,600,450,1.3333333333333333
ISIC_0025978,600,450,1.3333333333333333
ISIC_0025980,600,450,1.3333333333333333
ISIC_0025981,600,450,1.3333333333333333
ISIC_0025982,600,450,1.3333333333333333
ISIC_0025983,600,450,1.3333333333333333
ISIC_0025985,600,450,1.3333333333333333
ISIC_0025987,600,450,1.3333333333333333
ISIC_0025989,600,450,1.3333333333333333
ISIC_0025990,600,450,1.3333333333333333
ISIC_0025994,600,450,1.3333333333333333
ISIC_0025995,600,450,1.3333333333333333
ISIC_0025996,600,450,1.3333333333333333
ISIC_0025997,600,450,1.3333333333333333
ISIC_0025998,600,450,1.3333333333333333
ISIC_0026000,600,450,1.3333333333333333
ISIC_0026002,600,450,1.3333333333333333
ISIC_0026003,600,450,1.3333333333333333
ISIC_0026004,600,450,1.3333333333333333
ISIC_0026005,600,450,1.3333333333333333
ISIC_0026007,600,450,1.3333333333333333
ISIC_0026008,600,450,1.3333333333333333
ISIC_0026009,600,450,1.3333333333333333
ISIC_0026010,600,450,1.3333333333333333
ISIC_0026012,600,450,1.3333333333333333
ISIC_0026013,600,450,1.3333333333333333
ISIC_0026014,600,450,1.3333333333333333
ISIC_0026015,600,450,1.3333333333333333
ISIC_0026016,600,450,1.3333333333333333
ISIC_0026017,600,450,1.3333333333333333
ISIC_0026018,600,450,1.3333333333333333
ISIC_0026019,600,450,1.3333333333333333
ISIC_0026020,600,450,1.3333333333333333
ISIC_0026023,600,450,1.3333333333333333
ISIC_0026025,600,450,1.3333333333333333
ISIC_0026026,600,450,1.3333333333333333
ISIC_0026027,600,450,1.3333333333333333
ISIC_0026028,600,450,1.3333333333333333
ISIC_0026029,600,450,1.3333333333333333
ISIC_0026030,600,450,1.3333333333333333
ISIC_0026032,600,450,1.3333333333333333
ISIC_0026033,600,450,1.3333333333333333
ISIC_0026034,600,450,1.3333333333333333
ISIC_0026035,600,450,1.3333333333333333
ISIC_0026040,600,450,1.3333333333333333
ISIC_0026041,600,450,1.3333333333333333
ISIC_0026043,600,450,1.3333333333333333
ISIC_0026044,600,450,1.3333333333333333
ISIC_0026045,600,450,1.3333333333333333
ISIC_0026046,600,450,1.3333333333333333
ISIC_0026047,600,450,1.3333333333333333
ISIC_0026048,600,450,1.3333333333333333
ISIC_0026049,600,450,1.3333333333333333
ISIC_0026050,600,450,1.3333333333333333
ISIC_0026052,600,450,1.3333333333333333
ISIC_0026054,600,450,1.3333333333333333
ISIC_0026055,600,450,1.3333333333333333
ISIC_0026056,600,450,1.3333333333333333
ISIC_0026057,600,450,1.3333333333333333
ISIC_0026061,600,450,1.3333333333333333
ISIC_0026062,600,450,1.3333333333333333
ISIC_0026063,600,450,1.3333333333333333
ISIC_0026065,600,450,1.3333333333333333
ISIC_0026066,600,450,1.3333333333333333
ISIC_0026067,600,450,1.3333333333333333
ISIC_0026069,600,450,1.3333333333333333
ISIC_0026070,600,450,1.3333333333333333
ISIC_0026071,600,450,1.3333333333333333
ISIC_0026072,600,450,1.3333333333333333
ISIC_0026073,600,450,1.3333333333333333
ISIC_0026074,600,450,1.3333333333333333
ISIC_0026075,600,450,1.3333333333333333
ISIC_0026076,600,450,1.3333333333333333
ISIC_0026077,600,450,1.3333333333333333
ISIC_0026078,600,450,1.3333333333333333
ISIC_0026079,600,450,1.3333333333333333
ISIC_0026080,600,450,1.3333333333333333
ISIC_0026082,600,450,1.3333333333333333
ISIC_0026083,600,450,1.3333333333333333
ISIC_0026084,600,450,1.3333333333333333
ISIC_0026085,600,450,1.3333333333333333
ISIC_0026086,600,450,1.3333333333333333
ISIC_0026087,600,450,1.3333333333333333
ISIC_0026088,600,450,1.3333333333333333
ISIC_0026089,600,450,1.3333333333333333
ISIC_0026090,600,450,1.3333333333333333
ISIC_0026091,600,450,1.3333333333333333
ISIC_0026093,600,450,1.3333333333333333
ISIC_0026094,600,450,1.3333333333333333
ISIC_0026095,600,450,1.3333333333333333
ISIC_0026096,600,450,1.3333333333333333
ISIC_0026099,600,450,1.3333333333333333
ISIC_0026100,600,450,1.3333333333333333
ISIC_0026101,600,450,1.3333333333333333
ISIC_0026102,600,450,1.3333333333333333
ISIC_0026103,600,450,1.3333333333333333
ISIC_0026104,600,450,1.3333333333333333
ISIC_0026105,600,450,1.3333333333333333
ISIC_0026108,600,450,1.3333333333333333
ISIC_0026109,600,450,1.3333333333333333
ISIC_0026110,600,450,1.3333333333333333
ISIC_0026113,600,450,1.3333333333333333
ISIC_0026114,600,450,1.3333333333333333
ISIC_0026115,600,450,1.3333333333333333
ISIC_0026116,600,450,1.3333333333333333
ISIC_0026117,600,450,1.3333333333333333
ISIC_0026119,600,450,1.3333333333333333
ISIC_0026120,600,450,1.3333333333333333
ISIC_0026121,600,450,1.3333333333333333
ISIC_0026124,600,450,1.3333333333333333
ISIC_0026125,600,450,1.3333333333333333
ISIC_0026126,600,450,1.3333333333333333
ISIC_0026127,600,450,1.3333333333333333
ISIC_0026129,600,450,1.3333333333333333
ISIC_0026130,600,450,1.3333333333333333
ISIC_0026131,600,450,1.3333333333333333
ISIC_0026132,600,450,1.3333333333333333
ISIC_0026133,600,450,1.3333333333333333
ISIC_0026135,600,450,1.3333333333333333
ISIC_0026136,600,450,1.3333333333333333
ISIC_0026139,600,450,1.3333333333333333
ISIC_0026140,600,450,1.3333333333333333
ISIC_0026142,600,450,1.3333333333333333
ISIC_0026143,600,450,1.3333333333333333
ISIC_0026145,600,450,1.3333333333333333
ISIC_0026147,600,450,1.3333333333333333
ISIC_0026148,600,450,1.3333333333333333
ISIC_0026150,600,450,1.3333333333333333
ISIC_0026151,600,450,1.3333333333333333
ISIC_0026152,600,450,1.3333333333333333
ISIC_0026153,600,450,1.3333333333333333
ISIC_0026154,600,450,1.3333333333333333
ISIC_0026155,600,450,1.3333333333333333
ISIC_0026156,600,450,1.3333333333333333
ISIC_0026157,600,450,1.3333333333333333
ISIC_0026158,600,450,1.3333333333333333
ISIC_0026159,600,450,1.3333333333333333
ISIC_0026160,600,450,1.3333333333333333
ISIC_0026163,600,450,1.3333333333333333
ISIC_0026164,600,450,1.3333333333333333
ISIC_0026165,600,450,1.3333333333333333
ISIC_0026166,600,450,1.3333333333333333
ISIC_0026167,600,450,1.3333333333333333
ISIC_0026168,600,450,1.3333333333333333
ISIC_0026169,600,450,1.3333333333333333
ISIC_0026170,600,450,1.3333333333333333
ISIC_0026172,600,450,1.3333333333333333
ISIC_0026173,600,450,1.3333333333333333
ISIC_0026174,600,450,1.3333333333333333
ISIC_0026175,600,450,1.3333333333333333
ISIC_0026176,600,450,1.3333333333333333
ISIC_0026177,600,450,1.3333333333333333
ISIC_0026178,600,450,1.3333333333333333
ISIC_0026179,600,450,1.3333333333333333
ISIC_0026180,600,450,1.3333333333333333
ISIC_0026181,600,450,1.3333333333333333
ISIC_0026182,600,450,1.3333333333333333
ISIC_0026183,600,450,1.3333333333333333
ISIC_0026184,600,450,1.3333333333333333
ISIC_0026185,600,450,1.3333333333333333
ISIC_0026186,600,450,1.3333333333333333
ISIC_0026188,600,450,1.3333333333333333
ISIC_0026190,600,450,1.3333333333333333
ISIC_0026191,600,450,1.3333333333333333
ISIC_0026192,600,450,1.3333333333333333
ISIC_0026193,600,450,1.3333333333333333
ISIC_0026195,600,450,1.3333333333333333
ISIC_0026196,600,450,1.3333333333333333
ISIC_0026197,600,450,1.3333333333333333
ISIC_0026198,600,450,1.3333333333333333
ISIC_0026201,600,450,1.3333333333333333
ISIC_0026202,600,450,1.3333333333333333
ISIC_0026203,600,450,1.3333333333333333
ISIC_0026204,600,450,1.3333333333333333
ISIC_0026205,600,450,1.3333333333333333
ISIC_0026206,600,450,1.3333333333333333
ISIC_0026207,600,450,1.3333333333333333
ISIC_0026208,600,450,1.3333333333333333
ISIC_0026209,600,450,1.3333333333333333
ISIC_0026211,600,450,1.3333333333333333
ISIC_0026212,600,450,1.3333333333333333
ISIC_0026214,600,450,1.3333333333333333
ISIC_0026215,600,450,1.3333333333333333
ISIC_0026216,600,450,1.3333333333333333
ISIC_0026217,600,450,1.3333333333333333
ISIC_0026218,600,450,1.3333333333333333
ISIC_0026219,600,450,1.3333333333333333
ISIC_0026220,600,450,1.3333333333333333
ISIC_0026221,600,450,1.3333333333333333
ISIC_0026222,600,450,1.3333333333333333
ISIC_0026223,600,450,1.3333333333333333
ISIC_0026225,600,450,1.3333333333333333
ISIC_0026226,600,450,1.3333333333333333
ISIC_0026227,600,450,1.3333333333333333
ISIC_0026229,600,450,1.3333333333333333
ISIC_0026230,600,450,1.3333333333333333
ISIC_0026231,600,450,1.3333333333333333
ISIC_0026233,600,450,1.3333333333333333
ISIC_0026234,600,450,1.3333333333333333
ISIC_0026235,600,450,1.3333333333333333
ISIC_0026236,600,450,1.3333333333333333
ISIC_0026237,600,450,1.3333333333333333
ISIC_0026239,600,450,1.3333333333333333
ISIC_0026241,600,450,1.3333333333333333
ISIC_0026242,600,450,1.3333333333333333
ISIC_0026243,600,450,1.3333333333333333
ISIC_0026244,600,450,1.3333333333333333
ISIC_0026246,600,450,1.3333333333333333
ISIC_0026247,600,450,1.3333333333333333
ISIC_0026249,600,450,1.3333333333333333
ISIC_0026250,600,450,1.3333333333333333
ISIC_0026251,600,450,1.3333333333333333
ISIC_0026252,600,450,1.3333333333333333
ISIC_0026253,600,450,1.3333333333333333
ISIC_0026254,600,450,1.3333333333333333
ISIC_0026255,600,450,1.3333333333333333
ISIC_0026256,600,450,1.3333333333333333
ISIC_0026257,600,450,1.3333333333333333
ISIC_0026258,600,450,1.3333333333333333
ISIC_0026259,600,450,1.3333333333333333
ISIC_0026260,600,450,1.3333333333333333
ISIC_0026262,600,450,1.3333333333333333
ISIC_0026264,600,450,1.3333333333333333
ISIC_0026266,600,450,1.3333333333333333
ISIC_0026267,600,450,1.3333333333333333
ISIC_0026268,600,450,1.3333333333333333
ISIC_0026270,600,450,1.3333333333333333
ISIC_0026271,600,450,1.3333333333333333
ISIC_0026276,600,450,1.3333333333333333
ISIC_0026277,600,450,1.3333333333333333
ISIC_0026278,600,450,1.3333333333333333
ISIC_0026281,600,450,1.3333333333333333
ISIC_0026282,600,450,1.3333333333333333
ISIC_0026284,600,450,1.3333333333333333
ISIC_0026285,600,450,1.3333333333333333
ISIC_0026286,600,450,1.3333333333333333
ISIC_0026287,600,450,1.3333333333333333
ISIC_0026288,600,450,1.3333333333333333
ISIC_0026289,600,450,1.3333333333333333
ISIC_0026290,600,450,1.3333333333333333
ISIC_0026291,600,450,1.3333333333333333
ISIC_0026292,600,450,1.3333333333333333
ISIC_0026293,600,450,1.3333333333333333
ISIC_0026297,600,450,1.3333333333333333
ISIC_0026298,600,450,1.3333333333333333
ISIC_0026299,600,450,1.3333333333333333
ISIC_0026300,600,450,1.3333333333333333
ISIC_0026301,600,450,1.3333333333333333
ISIC_0026302,600,450,1.3333333333333333
ISIC_0026303,600,450,1.3333333333333333
ISIC_0026304,600,450,1.3333333333333333
ISIC_0026305,600,450,1.3333333333333333
ISIC_0026306,600,450,1.3333333333333333
ISIC_0026307,600,450,1.3333333333333333
ISIC_0026308,600,450,1.3333333333333333
ISIC_0026309,600,450,1.3333333333333333
ISIC_0026311,600,450,1.3333333333333333
ISIC_0026312,600,450,1.3333333333333333
ISIC_0026313,600,450,1.3333333333333333
ISIC_0026314,600,450,1.3333333333333333
ISIC_0026315,600,450,1.3333333333333333
ISIC_0026316,600,450,1.3333333333333333
ISIC_0026317,600,450,1.3333333333333333
ISIC_0026318,600,450,1.3333333333333333
ISIC_0026319,600,450,1.3333333333333333
ISIC_0026320,600,450,1.3333333333333333
ISIC_0026321,600,450,1.3333333333333333
ISIC_0026322,600,450,1.3333333333333333
ISIC_0026323,600,450,1.3333333333333333
ISIC_0026325,600,450,1.3333333333333333
ISIC_0026326,600,450,1.3333333333333333
ISIC_0026328,600,450,1.3333333333333333
ISIC_0026329,600,450,1.3333333333333333
ISIC_0026332,600,450,1.3333333333333333
ISIC_0026334,600,450,1.3333333333333333
ISIC_0026335,600,450,1.3333333333333333
ISIC_0026336,600,450,1.3333333333333333
ISIC_0026337,600,450,1.3333333333333333
ISIC_0026340,600,450,1.3333333333333333
ISIC_0026342,600,450,1.3333333333333333
ISIC_0026343,600,450,1.3333333333333333
ISIC_0026345,600,450,1.3333333333333333
ISIC_0026346,600,450,1.3333333333333333
ISIC_0026348,600,450,1.3333333333333333
ISIC_0026349,600,450,1.3333333333333333
ISIC_0026350,600,450,1.3333333333333333
ISIC_0026351,600,450,1.3333333333333333
ISIC_0026352,600,450,1.3333333333333333
ISIC_0026353,600,450,1.3333333333333333
ISIC_0026354,600,450,1.3333333333333333
ISIC_0026355,600,450,1.3333333333333333
ISIC_0026356,600,450,1.3333333333333333
ISIC_0026358,600,450,1.3333333333333333
ISIC_0026359,600,450,1.3333333333333333
ISIC_0026360,600,450,1.3333333333333333
ISIC_0026361,600,450,1.3333333333333333
ISIC_0026362,600,450,1.3333333333333333
ISIC_0026363,600,450,1.3333333333333333
ISIC_0026364,600,450,1.3333333333333333
ISIC_0026365,600,450,1.3333333333333333
ISIC_0026367,600,450,1.3333333333333333
ISIC_0026368,600,450,1.3333333333333333
ISIC_0026369,600,450,1.3333333333333333
ISIC_0026370,600,450,1.3333333333333333
ISIC_0026371,600,450,1.3333333333333333
ISIC_0026372,600,450,1.3333333333333333
ISIC_0026373,600,450,1.3333333333333333
ISIC_0026374,600,450,1.3333333333333333
ISIC_0026376,600,450,1.3333333333333333
ISIC_0026377,600,450,1.3333333333333333
ISIC_0026378,600,450,1.3333333333333333
ISIC_0026379,600,450,1.3333333333333333
ISIC_0026380,600,450,1.3333333333333333
ISIC_0026381,600,450,1.3333333333333333
ISIC_0026382,600,450,1.3333333333333333
ISIC_0026383,600,450,1.3333333333333333
ISIC_0026384,600,450,1.3333333333333333
ISIC_0026385,600,450,1.3333333333333333
ISIC_0026386,600,450,1.3333333333333333
ISIC_0026387,600,450,1.3333333333333333
ISIC_0026388,600,450,1.3333333333333333
ISIC_0026390,600,450,1.3333333333333333
ISIC_0026394,600,450,1.3333333333333333
ISIC_0026395,600,450,1.3333333333333333
ISIC_0026396,600,450,1.3333333333333333
ISIC_0026397,600,450,1.3333333333333333
ISIC_0026398,600,450,1.3333333333333333
ISIC_0026399,600,450,1.3333333333333333
ISIC_0026400,600,450,1.3333333333333333
ISIC_0026401,600,450,1.3333333333333333
ISIC_0026402,600,450,1.3333333333333333
ISIC_0026403,600,450,1.3333333333333333
ISIC_0026405,600,450,1.3333333333333333
ISIC_0026406,600,450,1.3333333333333333
ISIC_0026407,600,450,1.3333333333333333
ISIC_0026408,600,450,1.3333333333333333
ISIC_0026409,600,450,1.3333333333333333
ISIC_0026410,600,450,1.3333333333333333
ISIC_0026412,600,450,1.3333333333333333
ISIC_0026413,600,450,1.3333333333333333
ISIC_0026415,600,450,1.3333333333333333
ISIC_0026416,600,450,1.3333333333333333
ISIC_0026417,600,450,1.3333333333333333
ISIC_0026418,600,450,1.3333333333333333
ISIC_0026419,600,450,1.3333333333333333
ISIC_0026420,600,450,1.3333333333333333
ISIC_0026421,600,450,1.3333333333333333
ISIC_0026422,600,450,1.3333333333333333
ISIC_0026423,600,450,1.3333333333333333
ISIC_0026424,600,450,1.3333333333333333
ISIC_0026425,600,450,1.3333333333333333
ISIC_0026426,600,450,1.3333333333333333
ISIC_0026428,600,450,1.3333333333333333
ISIC_0026429,600,450,1.3333333333333333
ISIC_0026430,600,450,1.3333333333333333
ISIC_0026431,600,450,1.3333333333333333
ISIC_0026433,600,450,1.3333333333333333
ISIC_0026434,600,450,1.3333333333333333
ISIC_0026435,600,450,1.3333333333333333
ISIC_0026436,600,450,1.3333333333333333
ISIC_0026437,600,450,1.3333333333333333
ISIC_0026438,600,450,1.3333333333333333
ISIC_0026440,600,450,1.3333333333333333
ISIC_0026441,600,450,1.3333333333333333
ISIC_0026443,600,450,1.3333333333333333
ISIC_0026444,600,450,1.3333333333333333
ISIC_0026445,600,450,1.3333333333333333
ISIC_0026448,600,450,1.3333333333333333
ISIC_0026449,600,450,1.3333333333333333
ISIC_0026450,600,450,1.3333333333333333
ISIC_0026451,600,450,1.3333333333333333
ISIC_0026452,600,450,1.3333333333333333
ISIC_0026453,600,450,1.3333333333333333
ISIC_0026454,600,450,1.3333333333333333
ISIC_0026456,600,450,1.3333333333333333
ISIC_0026457,600,450,1.3333333333333333
ISIC_0026459,600,450,1.3333333333333333
ISIC_0026460,600,450,1.3333333333333333
ISIC_0026461,600,450,1.3333333333333333
ISIC_0026462,600,450,1.3333333333333333
ISIC_0026463,600,450,1.3333333333333333
ISIC_0026464,600,450,1.3333333333333333
ISIC_0026465,600,450,1.3333333333333333
ISIC_0026466,600,450,1.3333333333333333
ISIC_0026467,600,450,1.3333333333333333
ISIC_0026470,600,450,1.3333333333333333
ISIC_0026471,600,450,1.3333333333333333
ISIC_0026472,600,450,1.3333333333333333
ISIC_0026474,600,450,1.3333333333333333
ISIC_0026475,600,450,1.3333333333333333
ISIC_0026476,600,450,1.3333333333333333
ISIC_0026477,600,450,1.3333333333333333
ISIC_0026480,600,450,1.3333333333333333
ISIC_0026481,600,450,1.3333333333333333
ISIC_0026482,600,450,1.3333333333333333
ISIC_0026484,600,450,1.3333333333333333
ISIC_0026485,600,450,1.3333333333333333
ISIC_0026487,600,450,1.3333333333333333
ISIC_0026490,600,450,1.3333333333333333
ISIC_0026491,600,450,1.3333333333333333
ISIC_0026492,600,450,1.3333333333333333
ISIC_0026494,600,450,1.3333333333333333
ISIC_0026496,600,450,1.3333333333333333
ISIC_0026497,600,450,1.3333333333333333
ISIC_0026498,600,450,1.3333333333333333
ISIC_0026500,600,450,1.3333333333333333
ISIC_0026502,600,450,1.3333333333333333
ISIC_0026504,600,450,1.3333333333333333
ISIC_0026505,600,450,1.3333333333333333
ISIC_0026506,600,450,1.3333333333333333
ISIC_0026507,600,450,1.3333333333333333
ISIC_0026508,600,450,1.3333333333333333
ISIC_0026509,600,450,1.3333333333333333
ISIC_0026511,600,450,1.3333333333333333
ISIC_0026512,600,450,1.3333333333333333
ISIC_0026513,600,450,1.3333333333333333
ISIC_0026514,600,450,1.3333333333333333
ISIC_0026515,600,450,1.3333333333333333
ISIC_0026516,600,450,1.3333333333333333
ISIC_0026518,600,450,1.3333333333333333
ISIC_0026519,600,450,1.3333333333333333
ISIC_0026521,600,450,1.3333333333333333
ISIC_0026522,600,450,1.3333333333333333
ISIC_0026524,600,450,1.3333333333333333
ISIC_0026525,600,450,1.3333333333333333
ISIC_0026526,600,450,1.3333333333333333
ISIC_0026527,600,450,1.3333333333333333
ISIC_0026529,600,450,1.3333333333333333
ISIC_0026531,600,450,1.3333333333333333
ISIC_0026532,600,450,1.3333333333333333
ISIC_0026533,600,450,1.3333333333333333
ISIC_0026534,600,450,1.3333333333333333
ISIC_0026535,600,450,1.3333333333333333
ISIC_0026536,600,450,1.3333333333333333
ISIC_0026537,600,450,1.3333333333333333
ISIC_0026538,600,450,1.3333333333333333
ISIC_0026540,600,450,1.3333333333333333
ISIC_0026541,600,450,1.3333333333333333
ISIC_0026542,600,450,1.3333333333333333
ISIC_0026544,600,450,1.3333333333333333
ISIC_0026545,600,450,1.3333333333333333
ISIC_0026546,600,450,1.3333333333333333
ISIC_0026549,600,450,1.3333333333333333
ISIC_0026552,600,450,1.3333333333333333
ISIC_0026553,600,450,1.3333333333333333
ISIC_0026555,600,450,1.3333333333333333
ISIC_0026556,600,450,1.3333333333333333
ISIC_0026557,600,450,1.3333333333333333
ISIC_0026560,600,450,1.3333333333333333
ISIC_0026562,600,450,1.3333333333333333
ISIC_0026563,600,450,1.3333333333333333
ISIC_0026564,600,450,1.3333333333333333
ISIC_0026565,600,450,1.3333333333333333
ISIC_0026566,600,450,1.3333333333333333
ISIC_0026567,600,450,1.3333333333333333
ISIC_0026568,600,450,1.3333333333333333
ISIC_0026569,600,450,1.3333333333333333
ISIC_0026570,600,450,1.3333333333333333
ISIC_0026572,600,450,1.3333333333333333
ISIC_0026573,600,450,1.3333333333333333
ISIC_0026574,600,450,1.3333333333333333
ISIC_0026575,600,450,1.3333333333333333
ISIC_0026576,600,450,1.3333333333333333
ISIC_0026578,600,450,1.3333333333333333
ISIC_0026580,600,450,1.3333333333333333
ISIC_0026581,600,450,1.3333333333333333
ISIC_0026582,600,450,1.3333333333333333
ISIC_0026583,600,450,1.3333333333333333
ISIC_0026584,600,450,1.3333333333333333
ISIC_0026585,600,450,1.3333333333333333
ISIC_0026586,600,450,1.3333333333333333
ISIC_0026590,600,450,1.3333333333333333
ISIC_0026592,600,450,1.3333333333333333
ISIC_0026593,600,450,1.3333333333333333
ISIC_0026594,600,450,1.3333333333333333
ISIC_0026595,600,450,1.3333333333333333
ISIC_0026596,600,450,1.3333333333333333
ISIC_0026597,600,450,1.3333333333333333
ISIC_0026598,600,450,1.3333333333333333
ISIC_0026599,600,450,1.3333333333333333
ISIC_0026600,600,450,1.3333333333333333
ISIC_0026601,600,450,1.3333333333333333
ISIC_0026604,600,450,1.3333333333333333
ISIC_0026605,600,450,1.3333333333333333
ISIC_0026607,600,450,1.3333333333333333
ISIC_0026608,600,450,1.3333333333333333
ISIC_0026609,600,450,1.3333333333333333
ISIC_0026611,600,450,1.3333333333333333
ISIC_0026612,600,450,1.3333333333333333
ISIC_0026614,600,450,1.3333333333333333
ISIC_0026615,600,450,1.3333333333333333
ISIC_0026616,600,450,1.3333333333333333
ISIC_0026617,600,450,1.3333333333333333
ISIC_0026618,600,450,1.3333333333333333
ISIC_0026619,600,450,1.3333333333333333
ISIC_0026620,600,450,1.3333333333333333
ISIC_0026621,600,450,1.3333333333333333
ISIC_0026622,600,450,1.3333333333333333
ISIC_0026623,600,450,1.3333333333333333
ISIC_0026624,600,450,1.3333333333333333
ISIC_0026625,600,450,1.3333333333333333
ISIC_0026626,600,450,1.3333333333333333
ISIC_0026627,600,450,1.3333333333333333
ISIC_0026629,600,450,1.3333333333333333
ISIC_0026631,600,450,1.3333333333333333
ISIC_0026632,600,450,1.3333333333333333
ISIC_0026633,600,450,1.3333333333333333
ISIC_0026634,600,450,1.3333333333333333
ISIC_0026635,600,450,1.3333333333333333
ISIC_0026636,600,450,1.3333333333333333
ISIC_0026639,600,450,1.3333333333333333
ISIC_0026640,600,450,1.3333333333333333
ISIC_0026641,600,450,1.3333333333333333
ISIC_0026645,600,450,1.3333333333333333
ISIC_0026646,600,450,1.3333333333333333
ISIC_0026648,600,450,1.3333333333333333
ISIC_0026649,600,450,1.3333333333333333
ISIC_0026650,600,450,1.3333333333333333
ISIC_0026652,600,450,1.3333333333333333
ISIC_0026653,600,450,1.3333333333333333
ISIC_0026654,600,450,1.3333333333333333
ISIC_0026655,600,450,1.3333333333333333
ISIC_0026657,600,450,1.3333333333333333
ISIC_0026658,600,450,1.3333333333333333
ISIC_0026659,600,450,1.3333333333333333
ISIC_0026661,600,450,1.3333333333333333
ISIC_0026662,600,450,1.3333333333333333
ISIC_0026663,600,450,1.3333333333333333
ISIC_0026665,600,450,1.3333333333333333
ISIC_0026666,600,450,1.3333333333333333
ISIC_0026667,600,450,1.3333333333333333
ISIC_0026669,600,450,1.3333333333333333
ISIC_0026670,600,450,1.3333333333333333
ISIC_0026671,600,450,1.3333333333333333
ISIC_0026672,600,450,1.3333333333333333
ISIC_0026673,600,450,1.3333333333333333
ISIC_0026674,600,450,1.3333333333333333
ISIC_0026675,600,450,1.3333333333333333
ISIC_0026676,600,450,1.3333333333333333
ISIC_0026679,600,450,1.3333333333333333
ISIC_0026680,600,450,1.3333333333333333
ISIC_0026681,600,450,1.3333333333333333
ISIC_0026682,600,450,1.3333333333333333
ISIC_0026684,600,450,1.3333333333333333
ISIC_0026685,600,450,1.3333333333333333
ISIC_0026686,600,450,1.3333333333333333
ISIC_0026687,600,450,1.3333333333333333
ISIC_0026688,600,450,1.3333333333333333
ISIC_0026689,600,450,1.3333333333333333
ISIC_0026690,600,450,1.3333333333333333
ISIC_0026691,600,450,1.3333333333333333
ISIC_0026692,600,450,1.3333333333333333
ISIC_0026693,600,450,1.3333333333333333
ISIC_0026694,600,450,1.3333333333333333
ISIC_0026695,600,450,1.3333333333333333
ISIC_0026696,600,450,1.3333333333333333
ISIC_0026698,600,450,1.3333333333333333
ISIC_0026699,600,450,1.3333333333333333
ISIC_0026700,600,450,1.3333333333333333
ISIC_0026701,600,450,1.3333333333333333
ISIC_0026702,600,450,1.3333333333333333
ISIC_0026703,600,450,1.3333333333333333
ISIC_0026705,600,450,1.3333333333333333
ISIC_0026706,600,450,1.3333333333333333
ISIC_0026707,600,450,1.3333333333333333
ISIC_0026709,600,450,1.3333333333333333
ISIC_0026711,600,450,1.3333333333333333
ISIC_0026712,600,450,1.3333333333333333
ISIC_0026713,600,450,1.3333333333333333
ISIC_0026714,600,450,1.3333333333333333
ISIC_0026715,600,450,1.3333333333333333
ISIC_0026717,600,450,1.3333333333333333
ISIC_0026718,600,450,1.3333333333333333
ISIC_0026719,600,450,1.3333333333333333
ISIC_0026721,600,450,1.3333333333333333
ISIC_0026722,600,450,1.3333333333333333
ISIC_0026723,600,450,1.3333333333333333
ISIC_0026724,600,450,1.3333333333333333
ISIC_0026725,600,450,1.3333333333333333
ISIC_0026726,600,450,1.3333333333333333
ISIC_0026727,600,450,1.3333333333333333
ISIC_0026729,600,450,1.3333333333333333
ISIC_0026730,600,450,1.3333333333333333
ISIC_0026731,600,450,1.3333333333333333
ISIC_0026733,600,450,1.3333333333333333
ISIC_0026734,600,450,1.3333333333333333
ISIC_0026735,600,450,1.3333333333333333
ISIC_0026737,600,450,1.3333333333333333
ISIC_0026739,600,450,1.3333333333333333
ISIC_0026740,600,450,1.3333333333333333
ISIC_0026741,600,450,1.3333333333333333
ISIC_0026742,600,450,1.3333333333333333
ISIC_0026743,600,450,1.3333333333333333
ISIC_0026744,600,450,1.3333333333333333
ISIC_0026745,600,450,1.3333333333333333
ISIC_0026746,600,450,1.3333333333333333
ISIC_0026747,600,450,1.3333333333333333
ISIC_0026748,600,450,1.3333333333333333
ISIC_0026750,600,450,1.3333333333333333
ISIC_0026751,600,450,1.3333333333333333
ISIC_0026752,600,450,1.3333333333333333
ISIC_0026753,600,450,1.3333333333333333
ISIC_0026754,600,450,1.3333333333333333
ISIC_0026756,600,450,1.3333333333333333
ISIC_0026759,600,450,1.3333333333333333
ISIC_0026760,600,450,1.3333333333333333
ISIC_0026761,600,450,1.3333333333333333
ISIC_0026762,600,450,1.3333333333333333
ISIC_0026764,600,450,1.3333333333333333
ISIC_0026765,600,450,1.3333333333333333
ISIC_0026768,600,450,1.3333333333333333
ISIC_0026769,600,450,1.3333333333333333
ISIC_0026770,600,450,1.3333333333333333
ISIC_0026771,600,450,1.3333333333333333
ISIC_0026772,600,450,1.3333333333333333
ISIC_0026773,600,450,1.3333333333333333
ISIC_0026775,600,450,1.3333333333333333
ISIC_0026777,600,450,1.3333333333333333
ISIC_0026778,600,450,1.3333333333333333
ISIC_0026779,600,450,1.3333333333333333
ISIC_0026780,600,450,1.3333333333333333
ISIC_0026781,600,450,1.3333333333333333
ISIC_0026783,600,450,1.3333333333333333
ISIC_0026784,600,450,1.3333333333333333
ISIC_0026785,600,450,1.3333333333333333
ISIC_0026787,600,450,1.3333333333333333
ISIC_0026788,600,450,1.3333333333333333
ISIC_0026790,600,450,1.3333333333333333
ISIC_0026791,600,450,1.3333333333333333
ISIC_0026792,600,450,1.3333333333333333
ISIC_0026795,600,450,1.3333333333333333
ISIC_0026796,600,450,1.3333333333333333
ISIC_0026797,600,450,1.3333333333333333
ISIC_0026798,600,450,1.3333333333333333
ISIC_0026799,600,450,1.3333333333333333
ISIC_0026800,600,450,1.3333333333333333
ISIC_0026801,600,450,1.3333333333333333
ISIC_0026802,600,450,1.3333333333333333
ISIC_0026803,600,450,1.3333333333333333
ISIC_0026804,600,450,1.3333333333333333
ISIC_0026806,600,450,1.3333333333333333
ISIC_0026807,600,450,1.3333333333333333
ISIC_0026808,600,450,1.3333333333333333
ISIC_0026809,600,450,1.3333333333333333
ISIC_0026811,600,450,1.3333333333333333
ISIC_0026812,600,450,1.3333333333333333
ISIC_0026813,600,450,1.3333333333333333
ISIC_0026814,600,450,1.3333333333333333
ISIC_0026815,600,450,1.3333333333333333
ISIC_0026816,600,450,1.3333333333333333
ISIC_0026817,600,450,1.3333333333333333
ISIC_0026818,600,450,1.3333333333333333
ISIC_0026820,600,450,1.3333333333333333
ISIC_0026821,600,450,1.3333333333333333
ISIC_0026822,600,450,1.3333333333333333
ISIC_0026824,600,450,1.3333333333333333
ISIC_0026825,600,450,1.3333333333333333
ISIC_0026826,600,450,1.3333333333333333
ISIC_0026827,600,450,1.3333333333333333
ISIC_0026828,600,450,1.3333333333333333
ISIC_0026829,600,450,1.3333333333333333
ISIC_0026831,600,450,1.3333333333333333
ISIC_0026832,600,450,1.3333333333333333
ISIC_0026833,600,450,1.3333333333333333
ISIC_0026834,600,450,1.3333333333333333
ISIC_0026835,600,450,1.3333333333333333
ISIC_0026836,600,450,1.3333333333333333
ISIC_0026837,600,450,1.3333333333333333
ISIC_0026838,600,450,1.3333333333333333
ISIC_0026839,600,450,1.3333333333333333
ISIC_0026842,600,450,1.3333333333333333
ISIC_0026844,600,450,1.3333333333333333
ISIC_0026845,600,450,1.3333333333333333
ISIC_0026846,600,450,1.3333333333333333
ISIC_0026848,600,450,1.3333333333333333
ISIC_0026849,600,450,1.3333333333333333
ISIC_0026850,600,450,1.3333333333333333
ISIC_0026851,600,450,1.3333333333333333
ISIC_0026853,600,450,1.3333333333333333
ISIC_0026854,600,450,1.3333333333333333
ISIC_0026855,600,450,1.3333333333333333
ISIC_0026857,600,450,1.3333333333333333
ISIC_0026858,600,450,1.3333333333333333
ISIC_0026860,600,450,1.3333333333333333
ISIC_0026861,600,450,1.3333333333333333
ISIC_0026862,600,450,1.3333333333333333
ISIC_0026863,600,450,1.3333333333333333
ISIC_0026866,600,450,1.3333333333333333
ISIC_0026868,600,450,1.3333333333333333
ISIC_0026869,600,450,1.3333333333333333
ISIC_0026870,600,450,1.3333333333333333
ISIC_0026871,600,450,1.3333333333333333
ISIC_0026872,600,450,1.3333333333333333
ISIC_0026873,600,450,1.3333333333333333
ISIC_0026874,600,450,1.3333333333333333
ISIC_0026875,600,450,1.3333333333333333
ISIC_0026877,600,450,1.3333333333333333
ISIC_0026878,600,450,1.3333333333333333
ISIC_0026879,600,450,1.3333333333333333
ISIC_0026880,600,450,1.3333333333333333
ISIC_0026883,600,450,1.3333333333333333
ISIC_0026884,600,450,1.3333333333333333
ISIC_0026886,600,450,1.3333333333333333
ISIC_0026888,600,450,1.3333333333333333
ISIC_0026889,600,450,1.3333333333333333
ISIC_0026890,600,450,1.3333333333333333
ISIC_0026892,600,450,1.3333333333333333
ISIC_0026893,600,450,1.3333333333333333
ISIC_0026894,600,450,1.3333333333333333
ISIC_0026895,600,450,1.3333333333333333
ISIC_0026896,600,450,1.3333333333333333
ISIC_0026897,600,450,1.3333333333333333
ISIC_0026898,600,450,1.3333333333333333
ISIC_0026899,600,450,1.3333333333333333
ISIC_0026900,600,450,1.3333333333333333
ISIC_0026901,600,450,1.3333333333333333
ISIC_0026902,600,450,1.3333333333333333
ISIC_0026904,600,450,1.3333333333333333
ISIC_0026906,600,450,1.3333333333333333
ISIC_0026907,600,450,1.3333333333333333
ISIC_0026908,600,450,1.3333333333333333
ISIC_0026909,600,450,1.3333333333333333
ISIC_0026910,600,450,1.3333333333333333
ISIC_0026911,600,450,1.3333333333333333
ISIC_0026913,600,450,1.3333333333333333
ISIC_0026914,600,450,1.3333333333333333
ISIC_0026915,600,450,1.3333333333333333
ISIC_0026916,600,450,1.3333333333333333
ISIC_0026917,600,450,1.3333333333333333
ISIC_0026918,600,450,1.3333333333333333
ISIC_0026919,600,450,1.3333333333333333
ISIC_0026920,600,450,1.3333333333333333
ISIC_0026921,600,450,1.3333333333333333
ISIC_0026922,600,450,1.3333333333333333
ISIC_0026923,600,450,1.3333333333333333
ISIC_0026924,600,450,1.3333333333333333
ISIC_0026928,600,450,1.3333333333333333
ISIC_0026929,600,450,1.3333333333333333
ISIC_0026930,600,450,1.3333333333333333
ISIC_0026931,600,450,1.3333333333333333
ISIC_0026932,600,450,1.3333333333333333
ISIC_0026933,600,450,1.3333333333333333
ISIC_0026934,600,450,1.3333333333333333
ISIC_0026935,600,450,1.3333333333333333
ISIC_0026936,600,450,1.3333333333333333
ISIC_0026937,600,450,1.3333333333333333
ISIC_0026938,600,450,1.3333333333333333
ISIC_0026939,600,450,1.3333333333333333
ISIC_0026940,600,450,1.3333333333333333
ISIC_0026941,600,450,1.3333333333333333
ISIC_0026942,600,450,1.3333333333333333
ISIC_0026943,600,450,1.3333333333333333
ISIC_0026945,600,450,1.3333333333333333
ISIC_0026946,600,450,1.3333333333333333
ISIC_0026948,600,450,1.3333333333333333
ISIC_0026949,600,450,1.3333333333333333
ISIC_0026950,600,450,1.3333333333333333
ISIC_0026951,600,450,1.3333333333333333
ISIC_0026953,600,450,1.3333333333333333
ISIC_0026954,600,450,1.3333333333333333
ISIC_0026957,600,450,1.3333333333333333
ISIC_0026958,600,450,1.3333333333333333
ISIC_0026959,600,450,1.3333333333333333
ISIC_0026961,600,450,1.3333333333333333
ISIC_0026962,600,450,1.3333333333333333
ISIC_0026964,600,450,1.3333333333333333
ISIC_0026965,600,450,1.3333333333333333
ISIC_0026966,600,450,1.3333333333333333
ISIC_0026967,600,450,1.3333333333333333
ISIC_0026968,600,450,1.3333333333333333
ISIC_0026969,600,450,1.3333333333333333
ISIC_0026970,600,450,1.3333333333333333
ISIC_0026972,600,450,1.3333333333333333
ISIC_0026974,600,450,1.3333333333333333
ISIC_0026975,600,450,1.3333333333333333
ISIC_0026977,600,450,1.3333333333333333
ISIC_0026978,600,450,1.3333333333333333
ISIC_0026980,600,450,1.3333333333333333
ISIC_0026981,600,450,1.3333333333333333
ISIC_0026982,600,450,1.3333333333333333
ISIC_0026984,600,450,1.3333333333333333
ISIC_0026985,600,450,1.3333333333333333
ISIC_0026986,600,450,1.3333333333333333
ISIC_0026987,600,450,1.3333333333333333
ISIC_0026988,600,450,1.3333333333333333
ISIC_0026989,600,450,1.3333333333333333
ISIC_0026990,600,450,1.3333333333333333
ISIC_0026992,600,450,1.3333333333333333
ISIC_0026993,600,450,1.3333333333333333
ISIC_0026994,600,450,1.3333333333333333
ISIC_0026996,600,450,1.3333333333333333
ISIC_0026997,600,450,1.3333333333333333
ISIC_0026998,600,450,1.3333333333333333
ISIC_0026999,600,450,1.3333333333333333
ISIC_0027000,600,450,1.3333333333333333
ISIC_0027002,600,450,1.3333333333333333
ISIC_0027004,600,450,1.3333333333333333
ISIC_0027006,600,450,1.3333333333333333
ISIC_0027007,600,450,1.3333333333333333
ISIC_0027008,600,450,1.3333333333333333
ISIC_0027009,600,450,1.3333333333333333
ISIC_0027010,600,450,1.3333333333333333
ISIC_0027011,600,450,1.3333333333333333
ISIC_0027012,600,450,1.3333333333333333
ISIC_0027013,600,450,1.3333333333333333
ISIC_0027015,600,450,1.3333333333333333
ISIC_0027016,600,450,1.3333333333333333
ISIC_0027019,600,450,1.3333333333333333
ISIC_0027020,600,450,1.3333333333333333
ISIC_0027021,600,450,1.3333333333333333
ISIC_0027022,600,450,1.3333333333333333
ISIC_0027023,600,450,1.3333333333333333
ISIC_0027024,600,450,1.3333333333333333
ISIC_0027025,600,450,1.3333333333333333
ISIC_0027026,600,450,1.3333333333333333
ISIC_0027028,600,450,1.3333333333333333
ISIC_0027029,600,450,1.3333333333333333
ISIC_0027031,600,450,1.3333333333333333
ISIC_0027032,600,450,1.3333333333333333
ISIC_0027034,600,450,1.3333333333333333
ISIC_0027035,600,450,1.3333333333333333
ISIC_0027036,600,450,1.3333333333333333
ISIC_0027037,600,450,1.3333333333333333
ISIC_0027038,600,450,1.3333333333333333
ISIC_0027039,600,450,1.3333333333333333
ISIC_0027040,600,450,1.3333333333333333
ISIC_0027043,600,450,1.3333333333333333
ISIC_0027044,600,450,1.3333333333333333
ISIC_0027045,600,450,1.3333333333333333
ISIC_0027046,600,450,1.3333333333333333
ISIC_0027047,600,450,1.3333333333333333
ISIC_0027048,600,450,1.3333333333333333
ISIC_0027049,600,450,1.3333333333333333
ISIC_0027051,600,450,1.3333333333333333
ISIC_0027052,600,450,1.3333333333333333
ISIC_0027053,600,450,1.3333333333333333
ISIC_0027054,600,450,1.3333333333333333
ISIC_0027055,600,450,1.3333333333333333
ISIC_0027056,600,450,1.3333333333333333
ISIC_0027057,600,450,1.3333333333333333
ISIC_0027058,600,450,1.3333333333333333
ISIC_0027059,600,450,1.3333333333333333
ISIC_0027060,600,450,1.3333333333333333
ISIC_0027061,600,450,1.3333333333333333
ISIC_0027062,600,450,1.3333333333333333
ISIC_0027063,600,450,1.3333333333333333
ISIC_0027064,600,450,1.3333333333333333
ISIC_0027066,600,450,1.3333333333333333
ISIC_0027067,600,450,1.3333333333333333
ISIC_0027068,600,450,1.3333333333333333
ISIC_0027069,600,450,1.3333333333333333
ISIC_0027070,600,450,1.3333333333333333
ISIC_0027071,600,450,1.3333333333333333
ISIC_0027072,600,450,1.3333333333333333
ISIC_0027073,600,450,1.3333333333333333
ISIC_0027074,600,450,1.3333333333333333
ISIC_0027075,600,450,1.3333333333333333
ISIC_0027076,600,450,1.3333333333333333
ISIC_0027077,600,450,1.3333333333333333
ISIC_0027078,600,450,1.3333333333333333
ISIC_0027079,600,450,1.3333333333333333
ISIC_0027080,600,450,1.3333333333333333
ISIC_0027081,600,450,1.3333333333333333
ISIC_0027082,600,450,1.3333333333333333
ISIC_0027084,600,450,1.3333333333333333
ISIC_0027085,600,450,1.3333333333333333
ISIC_0027086,600,450,1.3333333333333333
ISIC_0027087,600,450,1.3333333333333333
ISIC_0027088,600,450,1.3333333333333333
ISIC_0027089,600,450,1.3333333333333333
ISIC_0027090,600,450,1.3333333333333333
ISIC_0027091,600,450,1.3333333333333333
ISIC_0027094,600,450,1.3333333333333333
ISIC_0027097,600,450,1.3333333333333333
ISIC_0027098,600,450,1.3333333333333333
ISIC_0027099,600,450,1.3333333333333333
ISIC_0027100,600,450,1.3333333333333333
ISIC_0027101,600,450,1.3333333333333333
ISIC_0027102,600,450,1.3333333333333333
ISIC_0027104,600,450,1.3333333333333333
ISIC_0027105,600,450,1.3333333333333333
ISIC_0027106,600,450,1.3333333333333333
ISIC_0027107,600,450,1.3333333333333333
ISIC_0027108,600,450,1.3333333333333333
ISIC_0027109,600,450,1.3333333333333333
ISIC_0027110,600,450,1.3333333333333333
ISIC_0027111,600,450,1.3333333333333333
ISIC_0027112,600,450,1.3333333333333333
ISIC_0027113,600,450,1.3333333333333333
ISIC_0027114,600,450,1.3333333333333333
ISIC_0027115,600,450,1.3333333333333333
ISIC_0027116,600,450,1.3333333333333333
ISIC_0027117,600,450,1.3333333333333333
ISIC_0027118,600,450,1.3333333333333333
ISIC_0027119,600,450,1.3333333333333333
ISIC_0027121,600,450,1.3333333333333333
ISIC_0027122,600,450,1.3333333333333333
ISIC_0027123,600,450,1.3333333333333333
ISIC_0027124,600,450,1.3333333333333333
ISIC_0027125,600,450,1.3333333333333333
ISIC_0027126,600,450,1.3333333333333333
ISIC_0027128,600,450,1.3333333333333333
ISIC_0027129,600,450,1.3333333333333333
ISIC_0027130,600,450,1.3333333333333333
ISIC_0027131,600,450,1.3333333333333333
ISIC_0027132,600,450,1.3333333333333333
ISIC_0027134,600,450,1.3333333333333333
ISIC_0027136,600,450,1.3333333333333333
ISIC_0027138,600,450,1.3333333333333333
ISIC_0027139,600,450,1.3333333333333333
ISIC_0027140,600,450,1.3333333333333333
ISIC_0027141,600,450,1.3333333333333333
ISIC_0027142,600,450,1.3333333333333333
ISIC_0027143,600,450,1.3333333333333333
ISIC_0027144,600,450,1.3333333333333333
ISIC_0027145,600,450,1.3333333333333333
ISIC_0027146,600,450,1.3333333333333333
ISIC_0027147,600,450,1.3333333333333333
ISIC_0027148,600,450,1.3333333333333333
ISIC_0027149,600,450,1.3333333333333333
ISIC_0027150,600,450,1.3333333333333333
ISIC_0027151,600,450,1.3333333333333333
ISIC_0027152,600,450,1.3333333333333333
ISIC_0027153,600,450,1.3333333333333333
ISIC_0027154,600,450,1.3333333333333333
ISIC_0027157,600,450,1.3333333333333333
ISIC_0027158,600,450,1.3333333333333333
ISIC_0027160,600,450,1.3333333333333333
ISIC_0027161,600,450,1.3333333333333333
ISIC_0027162,600,450,1.3333333333333333
ISIC_0027163,600,450,1.3333333333333333
ISIC_0027165,600,450,1.3333333333333333
ISIC_0027167,600,450,1.3333333333333333
ISIC_0027168,600,450,1.3333333333333333
ISIC_0027169,600,450,1.3333333333333333
ISIC_0027170,600,450,1.3333333333333333
ISIC_0027171,600,450,1.3333333333333333
ISIC_0027172,600,450,1.3333333333333333
ISIC_0027173,600,450,1.3333333333333333
ISIC_0027174,600,450,1.3333333333333333
ISIC_0027175,600,450,1.3333333333333333
ISIC_0027176,600,450,1.3333333333333333
ISIC_0027177,600,450,1.3333333333333333
ISIC_0027178,600,450,1.3333333333333333
ISIC_0027180,600,450,1.3333333333333333
ISIC_0027181,600,450,1.3333333333333333
ISIC_0027183,600,450,1.3333333333333333
ISIC_0027184,600,450,1.3333333333333333
ISIC_0027186,600,450,1.3333333333333333
ISIC_0027187,600,450,1.3333333333333333
ISIC_0027188,600,450,1.3333333333333333
ISIC_0027189,600,450,1.3333333333333333
ISIC_0027190,600,450,1.3333333333333333
ISIC_0027191,600,450,1.3333333333333333
ISIC_0027192,600,450,1.3333333333333333
ISIC_0027193,600,450,1.3333333333333333
ISIC_0027195,600,450,1.3333333333333333
ISIC_0027197,600,450,1.3333333333333333
ISIC_0027198,600,450,1.3333333333333333
ISIC_0027199,600,450,1.3333333333333333
ISIC_0027200,600,450,1.3333333333333333
ISIC_0027202,600,450,1.3333333333333333
ISIC_0027204,600,450,1.3333333333333333
ISIC_0027205,600,450,1.3333333333333333
ISIC_0027206,600,450,1.3333333333333333
ISIC_0027207,600,450,1.3333333333333333
ISIC_0027208,600,450,1.3333333333333333
ISIC_0027210,600,450,1.3333333333333333
ISIC_0027211,600,450,1.3333333333333333
ISIC_0027212,600,450,1.3333333333333333
ISIC_0027213,600,450,1.3333333333333333
ISIC_0027214,600,450,1.3333333333333333
ISIC_0027215,600,450,1.3333333333333333
ISIC_0027216,600,450,1.3333333333333333
ISIC_0027217,600,450,1.3333333333333333
ISIC_0027218,600,450,1.3333333333333333
ISIC_0027220,600,450,1.3333333333333333
ISIC_0027221,600,450,1.3333333333333333
ISIC_0027222,600,450,1.3333333333333333
ISIC_0027223,600,450,1.3333333333333333
ISIC_0027224,600,450,1.3333333333333333
ISIC_0027225,600,450,1.3333333333333333
ISIC_0027227,600,450,1.3333333333333333
ISIC_0027228,600,450,1.3333333333333333
ISIC_0027229,600,450,1.3333333333333333
ISIC_0027230,600,450,1.3333333333333333
ISIC_0027231,600,450,1.3333333333333333
ISIC_0027233,600,450,1.3333333333333333
ISIC_0027234,600,450,1.3333333333333333
ISIC_0027235,600,450,1.3333333333333333
ISIC_0027236,600,450,1.3333333333333333
ISIC_0027237,600,450,1.3333333333333333
ISIC_0027238,600,450,1.3333333333333333
ISIC_0027240,600,450,1.3333333333333333
ISIC_0027241,600,450,1.3333333333333333
ISIC_0027242,600,450,1.3333333333333333
ISIC_0027243,600,450,1.3333333333333333
ISIC_0027244,600,450,1.3333333333333333
ISIC_0027245,600,450,1.3333333333333333
ISIC_0027246,600,450,1.3333333333333333
ISIC_0027247,600,450,1.3333333333333333
ISIC_0027248,600,450,1.3333333333333333
ISIC_0027249,600,450,1.3333333333333333
ISIC_0027250,600,450,1.3333333333333333
ISIC_0027251,600,450,1.3333333333333333
ISIC_0027253,600,450,1.3333333333333333
ISIC_0027255,600,450,1.3333333333333333
ISIC_0027256,600,450,1.3333333333333333
ISIC_0027257,600,450,1.3333333333333333
ISIC_0027258,600,450,1.3333333333333333
ISIC_0027259,600,450,1.3333333333333333
ISIC_0027262,600,450,1.3333333333333333
ISIC_0027264,600,450,1.3333333333333333
ISIC_0027266,600,450,1.3333333333333333
ISIC_0027267,600,450,1.3333333333333333
ISIC_0027268,600,450,1.3333333333333333
ISIC_0027269,600,450,1.3333333333333333
ISIC_0027271,600,450,1.3333333333333333
ISIC_0027272,600,450,1.3333333333333333
ISIC_0027273,600,450,1.3333333333333333
ISIC_0027274,600,450,1.3333333333333333
ISIC_0027276,600,450,1.3333333333333333
ISIC_0027277,600,450,1.3333333333333333
ISIC_0027278,600,450,1.3333333333333333
ISIC_0027279,600,450,1.3333333333333333
ISIC_0027280,600,450,1.3333333333333333
ISIC_0027281,600,450,1.3333333333333333
ISIC_0027282,600,450,1.3333333333333333
ISIC_0027283,600,450,1.3333333333333333
ISIC_0027284,600,450,1.3333333333333333
ISIC_0027285,600,450,1.3333333333333333
ISIC_0027286,600,450,1.3333333333333333
ISIC_0027289,600,450,1.3333333333333333
ISIC_0027290,600,450,1.3333333333333333
ISIC_0027291,600,450,1.3333333333333333
ISIC_0027292,600,450,1.3333333333333333
ISIC_0027293,600,450,1.3333333333333333
ISIC_0027295,600,450,1.3333333333333333
ISIC_0027296,600,450,1.3333333333333333
ISIC_0027297,600,450,1.3333333333333333
ISIC_0027298,600,450,1.3333333333333333
ISIC_0027299,600,450,1.3333333333333333
ISIC_0027300,600,450,1.3333333333333333
ISIC_0027301,600,450,1.3333333333333333
ISIC_0027302,600,450,1.3333333333333333
ISIC_0027303,600,450,1.3333333333333333
ISIC_0027304,600,450,1.3333333333333333
ISIC_0027305,600,450,1.3333333333333333
ISIC_0027306,600,450,1.3333333333333333
ISIC_0027308,600,450,1.3333333333333333
ISIC_0027309,600,450,1.3333333333333333
ISIC_0027310,600,450,1.3333333333333333
ISIC_0027311,600,450,1.3333333333333333
ISIC_0027312,600,450,1.3333333333333333
ISIC_0027313,600,450,1.3333333333333333
ISIC_0027314,600,450,1.3333333333333333
ISIC_0027315,600,450,1.3333333333333333
ISIC_0027316,600,450,1.3333333333333333
ISIC_0027317,600,450,1.3333333333333333
ISIC_0027318,600,450,1.3333333333333333
ISIC_0027319,600,450,1.3333333333333333
ISIC_0027320,600,450,1.3333333333333333
ISIC_0027321,600,450,1.3333333333333333
ISIC_0027323,600,450,1.3333333333333333
ISIC_0027324,600,450,1.3333333333333333
ISIC_0027325,600,450,1.3333333333333333
ISIC_0027327,600,450,1.3333333333333333
ISIC_0027328,600,450,1.3333333333333333
ISIC_0027329,600,450,1.3333333333333333
ISIC_0027330,600,450,1.3333333333333333
ISIC_0027331,600,450,1.3333333333333333
ISIC_0027334,600,450,1.3333333333333333
ISIC_0027335,600,450,1.3333333333333333
ISIC_0027337,600,450,1.3333333333333333
ISIC_0027338,600,450,1.3333333333333333
ISIC_0027339,600,450,1.3333333333333333
ISIC_0027340,600,450,1.3333333333333333
ISIC_0027342,600,450,1.3333333333333333
ISIC_0027343,600,450,1.3333333333333333
ISIC_0027344,600,450,1.3333333333333333
ISIC_0027345,600,450,1.3333333333333333
ISIC_0027346,600,450,1.3333333333333333
ISIC_0027347,600,450,1.3333333333333333
ISIC_0027348,600,450,1.3333333333333333
ISIC_0027349,600,450,1.3333333333333333
ISIC_0027350,600,450,1.3333333333333333
ISIC_0027351,600,450,1.3333333333333333
ISIC_0027352,600,450,1.3333333333333333
ISIC_0027354,600,450,1.3333333333333333
ISIC_0027355,600,450,1.3333333333333333
ISIC_0027356,600,450,1.3333333333333333
ISIC_0027357,600,450,1.3333333333333333
ISIC_0027358,600,450,1.3333333333333333
ISIC_0027359,600,450,1.3333333333333333
ISIC_0027361,600,450,1.3333333333333333
ISIC_0027362,600,450,1.3333333333333333
ISIC_0027363,600,450,1.3333333333333333
ISIC_0027365,600,450,1.3333333333333333
ISIC_0027367,600,450,1.3333333333333333
ISIC_0027369,600,450,1.3333333333333333
ISIC_0027370,600,450,1.3333333333333333
ISIC_0027371,600,450,1.3333333333333333
ISIC_0027372,600,450,1.3333333333333333
ISIC_0027373,600,450,1.3333333333333333
ISIC_0027374,600,450,1.3333333333333333
ISIC_0027375,600,450,1.3333333333333333
ISIC_0027376,600,450,1.3333333333333333
ISIC_0027377,600,450,1.3333333333333333
ISIC_0027378,600,450,1.3333333333333333
ISIC_0027379,600,450,1.3333333333333333
ISIC_0027380,600,450,1.3333333333333333
ISIC_0027381,600,450,1.3333333333333333
ISIC_0027382,600,450,1.3333333333333333
ISIC_0027383,600,450,1.3333333333333333
ISIC_0027384,600,450,1.3333333333333333
ISIC_0027385,600,450,1.3333333333333333
ISIC_0027386,600,450,1.3333333333333333
ISIC_0027387,600,450,1.3333333333333333
ISIC_0027388,600,450,1.3333333333333333
ISIC_0027389,600,450,1.3333333333333333
ISIC_0027390,600,450,1.3333333333333333
ISIC_0027393,600,450,1.3333333333333333
ISIC_0027394,600,450,1.3333333333333333
ISIC_0027395,600,450,1.3333333333333333
ISIC_0027396,600,450,1.3333333333333333
ISIC_0027397,600,450,1.3333333333333333
ISIC_0027398,600,450,1.3333333333333333
ISIC_0027399,600,450,1.3333333333333333
ISIC_0027400,600,450,1.3333333333333333
ISIC_0027401,600,450,1.3333333333333333
ISIC_0027403,600,450,1.3333333333333333
ISIC_0027404,600,450,1.3333333333333333
ISIC_0027406,600,450,1.3333333333333333
ISIC_0027407,600,450,1.3333333333333333
ISIC_0027409,600,450,1.3333333333333333
ISIC_0027410,600,450,1.3333333333333333
ISIC_0027411,600,450,1.3333333333333333
ISIC_0027413,600,450,1.3333333333333333
ISIC_0027414,600,450,1.3333333333333333
ISIC_0027415,600,450,1.3333333333333333
ISIC_0027416,600,450,1.3333333333333333
ISIC_0027417,600,450,1.3333333333333333
ISIC_0027418,600,450,1.3333333333333333
ISIC_0027419,600,450,1.3333333333333333
ISIC_0027420,600,450,1.3333333333333333
ISIC_0027422,600,450,1.3333333333333333
ISIC_0027423,600,450,1.3333333333333333
ISIC_0027424,600,450,1.3333333333333333
ISIC_0027425,600,450,1.3333333333333333
ISIC_0027426,600,450,1.3333333333333333
ISIC_0027428,600,450,1.3333333333333333
ISIC_0027429,600,450,1.3333333333333333
ISIC_0027431,600,450,1.3333333333333333
ISIC_0027432,600,450,1.3333333333333333
ISIC_0027433,600,450,1.3333333333333333
ISIC_0027434,600,450,1.3333333333333333
ISIC_0027435,600,450,1.3333333333333333
ISIC_0027436,600,450,1.3333333333333333
ISIC_0027437,600,450,1.3333333333333333
ISIC_0027438,600,450,1.3333333333333333
ISIC_0027439,600,450,1.3333333333333333
ISIC_0027440,600,450,1.3333333333333333
ISIC_0027441,600,450,1.3333333333333333
ISIC_0027443,600,450,1.3333333333333333
ISIC_0027445,600,450,1.3333333333333333
ISIC_0027446,600,450,1.3333333333333333
ISIC_0027447,600,450,1.3333333333333333
ISIC_0027448,600,450,1.3333333333333333
ISIC_0027449,600,450,1.3333333333333333
ISIC_0027450,600,450,1.3333333333333333
ISIC_0027452,600,450,1.3333333333333333
ISIC_0027454,600,450,1.3333333333333333
ISIC_0027455,600,450,1.3333333333333333
ISIC_0027456,600,450,1.3333333333333333
ISIC_0027457,600,450,1.3333333333333333
ISIC_0027458,600,450,1.3333333333333333
ISIC_0027459,600,450,1.3333333333333333
ISIC_0027460,600,450,1.3333333333333333
ISIC_0027461,600,450,1.3333333333333333
ISIC_0027462,600,450,1.3333333333333333
ISIC_0027463,600,450,1.3333333333333333
ISIC_0027464,600,450,1.3333333333333333
ISIC_0027465,600,450,1.3333333333333333
ISIC_0027466,600,450,1.3333333333333333
ISIC_0027468,600,450,1.3333333333333333
ISIC_0027469,600,450,1.3333333333333333
ISIC_0027470,600,450,1.3333333333333333
ISIC_0027471,600,450,1.3333333333333333
ISIC_0027472,600,450,1.3333333333333333
ISIC_0027475,600,450,1.3333333333333333
ISIC_0027476,600,450,1.3333333333333333
ISIC_0027477,600,450,1.3333333333333333
ISIC_0027478,600,450,1.3333333333333333
ISIC_0027479,600,450,1.3333333333333333
ISIC_0027480,600,450,1.3333333333333333
ISIC_0027481,600,450,1.3333333333333333
ISIC_0027483,600,450,1.3333333333333333
ISIC_0027485,600,450,1.3333333333333333
ISIC_0027486,600,450,1.3333333333333333
ISIC_0027488,600,450,1.3333333333333333
ISIC_0027489,600,450,1.3333333333333333
ISIC_0027490,600,450,1.3333333333333333
ISIC_0027491,600,450,1.3333333333333333
ISIC_0027492,600,450,1.3333333333333333
ISIC_0027493,600,450,1.3333333333333333
ISIC_0027494,600,450,1.3333333333333333
ISIC_0027495,600,450,1.3333333333333333
ISIC_0027497,600,450,1.3333333333333333
ISIC_0027498,600,450,1.3333333333333333
ISIC_0027499,600,450,1.3333333333333333
ISIC_0027501,600,450,1.3333333333333333
ISIC_0027502,600,450,1.3333333333333333
ISIC_0027503,600,450,1.3333333333333333
ISIC_0027504,600,450,1.3333333333333333
ISIC_0027507,600,450,1.3333333333333333
ISIC_0027508,600,450,1.3333333333333333
ISIC_0027509,600,450,1.3333333333333333
ISIC_0027510,600,450,1.3333333333333333
ISIC_0027512,600,450,1.3333333333333333
ISIC_0027513,600,450,1.3333333333333333
ISIC_0027514,600,450,1.3333333333333333
ISIC_0027515,600,450,1.3333333333333333
ISIC_0027516,600,450,1.3333333333333333
ISIC_0027517,600,450,1.3333333333333333
ISIC_0027519,600,450,1.3333333333333333
ISIC_0027520,600,450,1.3333333333333333
ISIC_0027521,600,450,1.3333333333333333
ISIC_0027522,600,450,1.3333333333333333
ISIC_0027523,600,450,1.3333333333333333
ISIC_0027524,600,450,1.3333333333333333
ISIC_0027527,600,450,1.3333333333333333
ISIC_0027528,600,450,1.3333333333333333
ISIC_0027530,600,450,1.3333333333333333
ISIC_0027532,600,450,1.3333333333333333
ISIC_0027534,600,450,1.3333333333333333
ISIC_0027536,600,450,1.3333333333333333
ISIC_0027537,600,450,1.3333333333333333
ISIC_0027538,600,450,1.3333333333333333
ISIC_0027539,600,450,1.3333333333333333
ISIC_0027540,600,450,1.3333333333333333
ISIC_0027541,600,450,1.3333333333333333
ISIC_0027542,600,450,1.3333333333333333
ISIC_0027543,600,450,1.3333333333333333
ISIC_0027544,600,450,1.3333333333333333
ISIC_0027545,600,450,1.3333333333333333
ISIC_0027546,600,450,1.3333333333333333
ISIC_0027547,600,450,1.3333333333333333
ISIC_0027548,600,450,1.3333333333333333
ISIC_0027549,600,450,1.3333333333333333
ISIC_0027550,600,450,1.3333333333333333
ISIC_0027551,600,450,1.3333333333333333
ISIC_0027553,600,450,1.3333333333333333
ISIC_0027555,600,450,1.3333333333333333
ISIC_0027556,600,450,1.3333333333333333
ISIC_0027557,600,450,1.3333333333333333
ISIC_0027558,600,450,1.3333333333333333
ISIC_0027559,600,450,1.3333333333333333
ISIC_0027560,600,450,1.3333333333333333
ISIC_0027561,600,450,1.3333333333333333
ISIC_0027562,600,450,1.3333333333333333
ISIC_0027564,600,450,1.3333333333333333
ISIC_0027565,600,450,1.3333333333333333
ISIC_0027566,600,450,1.3333333333333333
ISIC_0027567,600,450,1.3333333333333333
ISIC_0027568,600,450,1.3333333333333333
ISIC_0027570,600,450,1.3333333333333333
ISIC_0027571,600,450,1.3333333333333333
ISIC_0027572,600,450,1.3333333333333333
ISIC_0027573,600,450,1.3333333333333333
ISIC_0027574,600,450,1.3333333333333333
ISIC_0027575,600,450,1.3333333333333333
ISIC_0027577,600,450,1.3333333333333333
ISIC_0027580,600,450,1.3333333333333333
ISIC_0027581,600,450,1.3333333333333333
ISIC_0027582,600,450,1.3333333333333333
ISIC_0027583,600,450,1.3333333333333333
ISIC_0027584,600,450,1.3333333333333333
ISIC_0027585,600,450,1.3333333333333333
ISIC_0027586,600,450,1.3333333333333333
ISIC_0027587,600,450,1.3333333333333333
ISIC_0027588,600,450,1.3333333333333333
ISIC_0027589,600,450,1.3333333333333333
ISIC_0027590,600,450,1.3333333333333333
ISIC_0027591,600,450,1.3333333333333333
ISIC_0027592,600,450,1.3333333333333333
ISIC_0027593,600,450,1.3333333333333333
ISIC_0027594,600,450,1.3333333333333333
ISIC_0027596,600,450,1.3333333333333333
ISIC_0027597,600,450,1.3333333333333333
ISIC_0027600,600,450,1.3333333333333333
ISIC_0027605,600,450,1.3333333333333333
ISIC_0027606,600,450,1.3333333333333333
ISIC_0027608,600,450,1.3333333333333333
ISIC_0027609,600,450,1.3333333333333333
ISIC_0027610,600,450,1.3333333333333333
ISIC_0027613,600,450,1.3333333333333333
ISIC_0027614,600,450,1.3333333333333333
ISIC_0027616,600,450,1.3333333333333333
ISIC_0027617,600,450,1.3333333333333333
ISIC_0027620,600,450,1.3333333333333333
ISIC_0027621,600,450,1.3333333333333333
ISIC_0027622,600,450,1.3333333333333333
ISIC_0027623,600,450,1.3333333333333333
ISIC_0027625,600,450,1.3333333333333333
ISIC_0027627,600,450,1.3333333333333333
ISIC_0027628,600,450,1.3333333333333333
ISIC_0027629,600,450,1.3333333333333333
ISIC_0027630,600,450,1.3333333333333333
ISIC_0027631,600,450,1.3333333333333333
ISIC_0027632,600,450,1.3333333333333333
ISIC_0027633,600,450,1.3333333333333333
ISIC_0027634,600,450,1.3333333333333333
ISIC_0027635,600,450,1.3333333333333333
ISIC_0027636,600,450,1.3333333333333333
ISIC_0027638,600,450,1.3333333333333333
ISIC_0027639,600,450,1.3333333333333333
ISIC_0027640,600,450,1.3333333333333333
ISIC_0027641,600,450,1.3333333333333333
ISIC_0027642,600,450,1.3333333333333333
ISIC_0027643,600,450,1.3333333333333333
ISIC_0027644,600,450,1.3333333333333333
ISIC_0027645,600,450,1.3333333333333333
ISIC_0027646,600,450,1.3333333333333333
ISIC_0027647,600,450,1.3333333333333333
ISIC_0027648,600,450,1.3333333333333333
ISIC_0027649,600,450,1.3333333333333333
ISIC_0027650,600,450,1.3333333333333333
ISIC_0027651,600,450,1.3333333333333333
ISIC_0027652,600,450,1.3333333333333333
ISIC_0027653,600,450,1.3333333333333333
ISIC_0027655,600,450,1.3333333333333333
ISIC_0027656,600,450,1.3333333333333333
ISIC_0027657,600,450,1.3333333333333333
ISIC_0027658,600,450,1.3333333333333333
ISIC_0027660,600,450,1.3333333333333333
ISIC_0027661,600,450,1.3333333333333333
ISIC_0027662,600,450,1.3333333333333333
ISIC_0027663,600,450,1.3333333333333333
ISIC_0027664,600,450,1.3333333333333333
ISIC_0027665,600,450,1.3333333333333333
ISIC_0027666,600,450,1.3333333333333333
ISIC_0027668,600,450,1.3333333333333333
ISIC_0027670,600,450,1.3333333333333333
ISIC_0027671,600,450,1.3333333333333333
ISIC_0027673,600,450,1.3333333333333333
ISIC_0027676,600,450,1.3333333333333333
ISIC_0027677,600,450,1.3333333333333333
ISIC_0027678,600,450,1.3333333333333333
ISIC_0027679,600,450,1.3333333333333333
ISIC_0027680,600,450,1.3333333333333333
ISIC_0027681,600,450,1.3333333333333333
ISIC_0027683,600,450,1.3333333333333333
ISIC_0027684,600,450,1.3333333333333333
ISIC_0027685,600,450,1.3333333333333333
ISIC_0027686,600,450,1.3333333333333333
ISIC_0027687,600,450,1.3333333333333333
ISIC_0027689,600,450,1.3333333333333333
ISIC_0027690,600,450,1.3333333333333333
ISIC_0027692,600,450,1.3333333333333333
ISIC_0027694,600,450,1.3333333333333333
ISIC_0027695,600,450,1.3333333333333333
ISIC_0027699,600,450,1.3333333333333333
ISIC_0027700,600,450,1.3333333333333333
ISIC_0027701,600,450,1.3333333333333333
ISIC_0027702,600,450,1.3333333333333333
ISIC_0027703,600,450,1.3333333333333333
ISIC_0027704,600,450,1.3333333333333333
ISIC_0027705,600,450,1.3333333333333333
ISIC_0027706,600,450,1.3333333333333333
ISIC_0027707,600,450,1.3333333333333333
ISIC_0027709,600,450,1.3333333333333333
ISIC_0027711,600,450,1.3333333333333333
ISIC_0027712,600,450,1.3333333333333333
ISIC_0027713,600,450,1.3333333333333333
ISIC_0027714,600,450,1.3333333333333333
ISIC_0027715,600,450,1.3333333333333333
ISIC_0027716,600,450,1.3333333333333333
ISIC_0027717,600,450,1.3333333333333333
ISIC_0027718,600,450,1.3333333333333333
ISIC_0027723,600,450,1.3333333333333333
ISIC_0027725,600,450,1.3333333333333333
ISIC_0027726,600,450,1.3333333333333333
ISIC_0027727,600,450,1.3333333333333333
ISIC_0027728,600,450,1.3333333333333333
ISIC_0027729,600,450,1.3333333333333333
ISIC_0027730,600,450,1.3333333333333333
ISIC_0027732,600,450,1.3333333333333333
ISIC_0027733,600,450,1.3333333333333333
ISIC_0027734,600,450,1.3333333333333333
ISIC_0027735,600,450,1.3333333333333333
ISIC_0027736,600,450,1.3333333333333333
ISIC_0027737,600,450,1.3333333333333333
ISIC_0027741,600,450,1.3333333333333333
ISIC_0027742,600,450,1.3333333333333333
ISIC_0027743,600,450,1.3333333333333333
ISIC_0027744,600,450,1.3333333333333333
ISIC_0027745,600,450,1.3333333333333333
ISIC_0027746,600,450,1.3333333333333333
ISIC_0027747,600,450,1.3333333333333333
ISIC_0027748,600,450,1.3333333333333333
ISIC_0027749,600,450,1.3333333333333333
ISIC_0027750,600,450,1.3333333333333333
ISIC_0027753,600,450,1.3333333333333333
ISIC_0027755,600,450,1.3333333333333333
ISIC_0027758,600,450,1.3333333333333333
ISIC_0027759,600,450,1.3333333333333333
ISIC_0027760,600,450,1.3333333333333333
ISIC_0027761,600,450,1.3333333333333333
ISIC_0027762,600,450,1.3333333333333333
ISIC_0027764,600,450,1.3333333333333333
ISIC_0027765,600,450,1.3333333333333333
ISIC_0027766,600,450,1.3333333333333333
ISIC_0027768,600,450,1.3333333333333333
ISIC_0027769,600,450,1.3333333333333333
ISIC_0027771,600,450,1.3333333333333333
ISIC_0027773,600,450,1.3333333333333333
ISIC_0027774,600,450,1.3333333333333333
ISIC_0027775,600,450,1.3333333333333333
ISIC_0027776,600,450,1.3333333333333333
ISIC_0027777,600,450,1.3333333333333333
ISIC_0027778,600,450,1.3333333333333333
ISIC_0027779,600,450,1.3333333333333333
ISIC_0027780,600,450,1.3333333333333333
ISIC_0027781,600,450,1.3333333333333333
ISIC_0027782,600,450,1.3333333333333333
ISIC_0027783,600,450,1.3333333333333333
ISIC_0027785,600,450,1.3333333333333333
ISIC_0027786,600,450,1.3333333333333333
ISIC_0027787,600,450,1.3333333333333333
ISIC_0027788,600,450,1.3333333333333333
ISIC_0027789,600,450,1.3333333333333333
ISIC_0027791,600,450,1.3333333333333333
ISIC_0027792,600,450,1.3333333333333333
ISIC_0027793,600,450,1.3333333333333333
ISIC_0027794,600,450,1.3333333333333333
ISIC_0027796,600,450,1.3333333333333333
ISIC_0027797,600,450,1.3333333333333333
ISIC_0027798,600,450,1.3333333333333333
ISIC_0027799,600,450,1.3333333333333333
ISIC_0027800,600,450,1.3333333333333333
ISIC_0027802,600,450,1.3333333333333333
ISIC_0027803,600,450,1.3333333333333333
ISIC_0027804,600,450,1.3333333333333333
ISIC_0027805,600,450,1.3333333333333333
ISIC_0027806,600,450,1.3333333333333333
ISIC_0027807,600,450,1.3333333333333333
ISIC_0027808,600,450,1.3333333333333333
ISIC_0027809,600,450,1.3333333333333333
ISIC_0027810,600,450,1.3333333333333333
ISIC_0027817,600,450,1.3333333333333333
ISIC_0027818,600,450,1.3333333333333333
ISIC_0027821,600,450,1.3333333333333333
ISIC_0027823,600,450,1.3333333333333333
ISIC_0027825,600,450,1.3333333333333333
ISIC_0027826,600,450,1.3333333333333333
ISIC_0027827,600,450,1.3333333333333333
ISIC_0027828,600,450,1.3333333333333333
ISIC_0027829,600,450,1.3333333333333333
ISIC_0027830,600,450,1.3333333333333333
ISIC_0027832,600,450,1.3333333333333333
ISIC_0027833,600,450,1.3333333333333333
ISIC_0027834,600,450,1.3333333333333333
ISIC_0027835,600,450,1.3333333333333333
ISIC_0027836,600,450,1.3333333333333333
ISIC_0027837,600,450,1.3333333333333333
ISIC_0027839,600,450,1.3333333333333333
ISIC_0027840,600,450,1.3333333333333333
ISIC_0027841,600,450,1.3333333333333333
ISIC_0027842,600,450,1.3333333333333333
ISIC_0027844,600,450,1.3333333333333333
ISIC_0027846,600,450,1.3333333333333333
ISIC_0027847,600,450,1.3333333333333333
ISIC_0027849,600,450,1.3333333333333333
ISIC_0027850,600,450,1.3333333333333333
ISIC_0027851,600,450,1.3333333333333333
ISIC_0027852,600,450,1.3333333333333333
ISIC_0027853,600,450,1.3333333333333333
ISIC_0027855,600,450,1.3333333333333333
ISIC_0027856,600,450,1.3333333333333333
ISIC_0027858,600,450,1.3333333333333333
ISIC_0027859,600,450,1.3333333333333333
ISIC_0027860,600,450,1.3333333333333333
ISIC_0027861,600,450,1.3333333333333333
ISIC_0027862,600,450,1.3333333333333333
ISIC_0027863,600,450,1.3333333333333333
ISIC_0027864,600,450,1.3333333333333333
ISIC_0027866,600,450,1.3333333333333333
ISIC_0027867,600,450,1.3333333333333333
ISIC_0027868,600,450,1.3333333333333333
ISIC_0027870,600,450,1.3333333333333333
ISIC_0027871,600,450,1.3333333333333333
ISIC_0027872,600,450,1.3333333333333333
ISIC_0027873,600,450,1.3333333333333333
ISIC_0027874,600,450,1.3333333333333333
ISIC_0027875,600,450,1.3333333333333333
ISIC_0027876,600,450,1.3333333333333333
ISIC_0027877,600,450,1.3333333333333333
ISIC_0027879,600,450,1.3333333333333333
ISIC_0027881,600,450,1.3333333333333333
ISIC_0027882,600,450,1.3333333333333333
ISIC_0027883,600,450,1.3333333333333333
ISIC_0027884,600,450,1.3333333333333333
ISIC_0027885,600,450,1.3333333333333333
ISIC_0027886,600,450,1.3333333333333333
ISIC_0027887,600,450,1.3333333333333333
ISIC_0027890,600,450,1.3333333333333333
ISIC_0027891,600,450,1.3333333333333333
ISIC_0027893,600,450,1.3333333333333333
ISIC_0027894,600,450,1.3333333333333333
ISIC_0027896,600,450,1.3333333333333333
ISIC_0027897,600,450,1.3333333333333333
ISIC_0027898,600,450,1.3333333333333333
ISIC_0027899,600,450,1.3333333333333333
ISIC_0027900,600,450,1.3333333333333333
ISIC_0027901,600,450,1.3333333333333333
ISIC_0027903,600,450,1.3333333333333333
ISIC_0027904,600,450,1.3333333333333333
ISIC_0027905,600,450,1.3333333333333333
ISIC_0027906,600,450,1.3333333333333333
ISIC_0027907,600,450,1.3333333333333333
ISIC_0027908,600,450,1.3333333333333333
ISIC_0027909,600,450,1.3333333333333333
ISIC_0027910,600,450,1.3333333333333333
ISIC_0027912,600,450,1.3333333333333333
ISIC_0027914,600,450,1.3333333333333333
ISIC_0027915,600,450,1.3333333333333333
ISIC_0027916,600,450,1.3333333333333333
ISIC_0027917,600,450,1.3333333333333333
ISIC_0027919,600,450,1.3333333333333333
ISIC_0027920,600,450,1.3333333333333333
ISIC_0027921,600,450,1.3333333333333333
ISIC_0027922,600,450,1.3333333333333333
ISIC_0027924,600,450,1.3333333333333333
ISIC_0027926,600,450,1.3333333333333333
ISIC_0027927,600,450,1.3333333333333333
ISIC_0027929,600,450,1.3333333333333333
ISIC_0027930,600,450,1.3333333333333333
ISIC_0027931,600,450,1.3333333333333333
ISIC_0027933,600,450,1.3333333333333333
ISIC_0027934,600,450,1.3333333333333333
ISIC_0027935,600,450,1.3333333333333333
ISIC_0027936,600,450,1.3333333333333333
ISIC_0027937,600,450,1.3333333333333333
ISIC_0027938,600,450,1.3333333333333333
ISIC_0027940,600,450,1.3333333333333333
ISIC_0027941,600,450,1.3333333333333333
ISIC_0027942,600,450,1.3333333333333333
ISIC_0027943,600,450,1.3333333333333333
ISIC_0027944,600,450,1.3333333333333333
ISIC_0027945,600,450,1.3333333333333333
ISIC_0027946,600,450,1.3333333333333333
ISIC_0027948,600,450,1.3333333333333333
ISIC_0027950,600,450,1.3333333333333333
ISIC_0027951,600,450,1.3333333333333333
ISIC_0027952,600,450,1.3333333333333333
ISIC_0027954,600,450,1.3333333333333333
ISIC_0027956,600,450,1.3333333333333333
ISIC_0027957,600,450,1.3333333333333333
ISIC_0027958,600,450,1.3333333333333333
ISIC_0027961,600,450,1.3333333333333333
ISIC_0027962,600,450,1.3333333333333333
ISIC_0027964,600,450,1.3333333333333333
ISIC_0027966,600,450,1.3333333333333333
ISIC_0027967,600,450,1.3333333333333333
ISIC_0027968,600,450,1.3333333333333333
ISIC_0027969,600,450,1.3333333333333333
ISIC_0027970,600,450,1.3333333333333333
ISIC_0027971,600,450,1.3333333333333333
ISIC_0027973,600,450,1.3333333333333333
ISIC_0027974,600,450,1.3333333333333333
ISIC_0027975,600,450,1.3333333333333333
ISIC_0027976,600,450,1.3333333333333333
ISIC_0027977,600,450,1.3333333333333333
ISIC_0027978,600,450,1.3333333333333333
ISIC_0027979,600,450,1.3333333333333333
ISIC_0027980,600,450,1.3333333333333333
ISIC_0027982,600,450,1.3333333333333333
ISIC_0027983,600,450,1.3333333333333333
ISIC_0027984,600,450,1.3333333333333333
ISIC_0027985,600,450,1.3333333333333333
ISIC_0027986,600,450,1.3333333333333333
ISIC_0027987,600,450,1.3333333333333333
ISIC_0027988,600,450,1.3333333333333333
ISIC_0027990,600,450,1.3333333333333333
ISIC_0027991,600,450,1.3333333333333333
ISIC_0027992,600,450,1.3333333333333333
ISIC_0027994,600,450,1.3333333333333333
ISIC_0027995,600,450,1.3333333333333333
ISIC_0027997,600,450,1.3333333333333333
ISIC_0027998,600,450,1.3333333333333333
ISIC_0027999,600,450,1.3333333333333333
ISIC_0028000,600,450,1.3333333333333333
ISIC_0028001,600,450,1.3333333333333333
ISIC_0028002,600,450,1.3333333333333333
ISIC_0028003,600,450,1.3333333333333333
ISIC_0028004,600,450,1.3333333333333333
ISIC_0028005,600,450,1.3333333333333333
ISIC_0028006,600,450,1.3333333333333333
ISIC_0028007,600,450,1.3333333333333333
ISIC_0028008,600,450,1.3333333333333333
ISIC_0028009,600,450,1.3333333333333333
ISIC_0028010,600,450,1.3333333333333333
ISIC_0028011,600,450,1.3333333333333333
ISIC_0028013,600,450,1.3333333333333333
ISIC_0028014,600,450,1.3333333333333333
ISIC_0028015,600,450,1.3333333333333333
ISIC_0028016,600,450,1.3333333333333333
ISIC_0028017,600,450,1.3333333333333333
ISIC_0028018,600,450,1.3333333333333333
ISIC_0028019,600,450,1.3333333333333333
ISIC_0028020,600,450,1.3333333333333333
ISIC_0028021,600,450,1.3333333333333333
ISIC_0028023,600,450,1.3333333333333333
ISIC_0028024,600,450,1.3333333333333333
ISIC_0028025,600,450,1.3333333333333333
ISIC_0028026,600,450,1.3333333333333333
ISIC_0028027,600,450,1.3333333333333333
ISIC_0028028,600,450,1.3333333333333333
ISIC_0028029,600,450,1.3333333333333333
ISIC_0028030,600,450,1.3333333333333333
ISIC_0028031,600,450,1.3333333333333333
ISIC_0028032,600,450,1.3333333333333333
ISIC_0028033,600,450,1.3333333333333333
ISIC_0028034,600,450,1.3333333333333333
ISIC_0028038,600,450,1.3333333333333333
ISIC_0028039,600,450,1.3333333333333333
ISIC_0028042,600,450,1.3333333333333333
ISIC_0028043,600,450,1.3333333333333333
ISIC_0028044,600,450,1.3333333333333333
ISIC_0028045,600,450,1.3333333333333333
ISIC_0028046,600,450,1.3333333333333333
ISIC_0028048,600,450,1.3333333333333333
ISIC_0028050,600,450,1.3333333333333333
ISIC_0028051,600,450,1.3333333333333333
ISIC_0028052,600,450,1.3333333333333333
ISIC_0028053,600,450,1.3333333333333333
ISIC_0028054,600,450,1.3333333333333333
ISIC_0028055,600,450,1.3333333333333333
ISIC_0028056,600,450,1.3333333333333333
ISIC_0028057,600,450,1.3333333333333333
ISIC_0028058,600,450,1.3333333333333333
ISIC_0028059,600,450,1.3333333333333333
ISIC_0028060,600,450,1.3333333333333333
ISIC_0028061,600,450,1.3333333333333333
ISIC_0028062,600,450,1.3333333333333333
ISIC_0028063,600,450,1.3333333333333333
ISIC_0028065,600,450,1.3333333333333333
ISIC_0028066,600,450,1.3333333333333333
ISIC_0028067,600,450,1.3333333333333333
ISIC_0028068,600,450,1.3333333333333333
ISIC_0028069,600,450,1.3333333333333333
ISIC_0028071,600,450,1.3333333333333333
ISIC_0028072,600,450,1.3333333333333333
ISIC_0028074,600,450,1.3333333333333333
ISIC_0028076,600,450,1.3333333333333333
ISIC_0028078,600,450,1.3333333333333333
ISIC_0028079,600,450,1.3333333333333333
ISIC_0028080,600,450,1.3333333333333333
ISIC_0028081,600,450,1.3333333333333333
ISIC_0028083,600,450,1.3333333333333333
ISIC_0028084,600,450,1.3333333333333333
ISIC_0028085,600,450,1.3333333333333333
ISIC_0028088,600,450,1.3333333333333333
ISIC_0028089,600,450,1.3333333333333333
ISIC_0028090,600,450,1.3333333333333333
ISIC_0028091,600,450,1.3333333333333333
ISIC_0028092,600,450,1.3333333333333333
ISIC_0028093,600,450,1.3333333333333333
ISIC_0028094,600,450,1.3333333333333333
ISIC_0028095,600,450,1.3333333333333333
ISIC_0028096,600,450,1.3333333333333333
ISIC_0028098,600,450,1.3333333333333333
ISIC_0028099,600,450,1.3333333333333333
ISIC_0028102,600,450,1.3333333333333333
ISIC_0028103,600,450,1.3333333333333333
ISIC_0028104,600,450,1.3333333333333333
ISIC_0028105,600,450,1.3333333333333333
ISIC_0028107,600,450,1.3333333333333333
ISIC_0028108,600,450,1.3333333333333333
ISIC_0028109,600,450,1.3333333333333333
ISIC_0028110,600,450,1.3333333333333333
ISIC_0028113,600,450,1.3333333333333333
ISIC_0028114,600,450,1.3333333333333333
ISIC_0028115,600,450,1.3333333333333333
ISIC_0028116,600,450,1.3333333333333333
ISIC_0028119,600,450,1.3333333333333333
ISIC_0028120,600,450,1.3333333333333333
ISIC_0028121,600,450,1.3333333333333333
ISIC_0028123,600,450,1.3333333333333333
ISIC_0028124,600,450,1.3333333333333333
ISIC_0028126,600,450,1.3333333333333333
ISIC_0028127,600,450,1.3333333333333333
ISIC_0028129,600,450,1.3333333333333333
ISIC_0028131,600,450,1.3333333333333333
ISIC_0028134,600,450,1.3333333333333333
ISIC_0028135,600,450,1.3333333333333333
ISIC_0028136,600,450,1.3333333333333333
ISIC_0028137,600,450,1.3333333333333333
ISIC_0028138,600,450,1.3333333333333333
ISIC_0028139,600,450,1.3333333333333333
ISIC_0028141,600,450,1.3333333333333333
ISIC_0028142,600,450,1.3333333333333333
ISIC_0028143,600,450,1.3333333333333333
ISIC_0028144,600,450,1.3333333333333333
ISIC_0028145,600,450,1.3333333333333333
ISIC_0028147,600,450,1.3333333333333333
ISIC_0028149,600,450,1.3333333333333333
ISIC_0028150,600,450,1.3333333333333333
ISIC_0028152,600,450,1.3333333333333333
ISIC_0028154,600,450,1.3333333333333333
ISIC_0028155,600,450,1.3333333333333333
ISIC_0028156,600,450,1.3333333333333333
ISIC_0028157,600,450,1.3333333333333333
ISIC_0028159,600,450,1.3333333333333333
ISIC_0028160,600,450,1.3333333333333333
ISIC_0028162,600,450,1.3333333333333333
ISIC_0028163,600,450,1.3333333333333333
ISIC_0028164,600,450,1.3333333333333333
ISIC_0028165,600,450,1.3333333333333333
ISIC_0028166,600,450,1.3333333333333333
ISIC_0028167,600,450,1.3333333333333333
ISIC_0028168,600,450,1.3333333333333333
ISIC_0028169,600,450,1.3333333333333333
ISIC_0028170,600,450,1.3333333333333333
ISIC_0028171,600,450,1.3333333333333333
ISIC_0028173,600,450,1.3333333333333333
ISIC_0028174,600,450,1.3333333333333333
ISIC_0028175,600,450,1.3333333333333333
ISIC_0028176,600,450,1.3333333333333333
ISIC_0028177,600,450,1.3333333333333333
ISIC_0028178,600,450,1.3333333333333333
ISIC_0028180,600,450,1.3333333333333333
ISIC_0028181,600,450,1.3333333333333333
ISIC_0028182,600,450,1.3333333333333333
ISIC_0028183,600,450,1.3333333333333333
ISIC_0028184,600,450,1.3333333333333333
ISIC_0028185,600,450,1.3333333333333333
ISIC_0028186,600,450,1.3333333333333333
ISIC_0028187,600,450,1.3333333333333333
ISIC_0028189,600,450,1.3333333333333333
ISIC_0028190,600,450,1.3333333333333333
ISIC_0028193,600,450,1.3333333333333333
ISIC_0028197,600,450,1.3333333333333333
ISIC_0028198,600,450,1.3333333333333333
ISIC_0028199,600,450,1.3333333333333333
ISIC_0028200,600,450,1.3333333333333333
ISIC_0028201,600,450,1.3333333333333333
ISIC_0028203,600,450,1.3333333333333333
ISIC_0028205,600,450,1.3333333333333333
ISIC_0028207,600,450,1.3333333333333333
ISIC_0028208,600,450,1.3333333333333333
ISIC_0028209,600,450,1.3333333333333333
ISIC_0028212,600,450,1.3333333333333333
ISIC_0028215,600,450,1.3333333333333333
ISIC_0028217,600,450,1.3333333333333333
ISIC_0028218,600,450,1.3333333333333333
ISIC_0028219,600,450,1.3333333333333333
ISIC_0028220,600,450,1.3333333333333333
ISIC_0028221,600,450,1.3333333333333333
ISIC_0028223,600,450,1.3333333333333333
ISIC_0028224,600,450,1.3333333333333333
ISIC_0028225,600,450,1.3333333333333333
ISIC_0028226,600,450,1.3333333333333333
ISIC_0028227,600,450,1.3333333333333333
ISIC_0028228,600,450,1.3333333333333333
ISIC_0028229,600,450,1.3333333333333333
ISIC_0028230,600,450,1.3333333333333333
ISIC_0028232,600,450,1.3333333333333333
ISIC_0028233,600,450,1.3333333333333333
ISIC_0028235,600,450,1.3333333333333333
ISIC_0028236,600,450,1.3333333333333333
ISIC_0028237,600,450,1.3333333333333333
ISIC_0028238,600,450,1.3333333333333333
ISIC_0028240,600,450,1.3333333333333333
ISIC_0028243,600,450,1.3333333333333333
ISIC_0028246,600,450,1.3333333333333333
ISIC_0028248,600,450,1.3333333333333333
ISIC_0028249,600,450,1.3333333333333333
ISIC_0028250,600,450,1.3333333333333333
ISIC_0028251,600,450,1.3333333333333333
ISIC_0028253,600,450,1.3333333333333333
ISIC_0028254,600,450,1.3333333333333333
ISIC_0028255,600,450,1.3333333333333333
ISIC_0028256,600,450,1.3333333333333333
ISIC_0028257,600,450,1.3333333333333333
ISIC_0028258,600,450,1.3333333333333333
ISIC_0028259,600,450,1.3333333333333333
ISIC_0028260,600,450,1.3333333333333333
ISIC_0028261,600,450,1.3333333333333333
ISIC_0028262,600,450,1.3333333333333333
ISIC_0028263,600,450,1.3333333333333333
ISIC_0028264,600,450,1.3333333333333333
ISIC_0028266,600,450,1.3333333333333333
ISIC_0028267,600,450,1.3333333333333333
ISIC_0028268,600,450,1.3333333333333333
ISIC_0028269,600,450,1.3333333333333333
ISIC_0028270,600,450,1.3333333333333333
ISIC_0028271,600,450,1.3333333333333333
ISIC_0028273,600,450,1.3333333333333333
ISIC_0028274,600,450,1.3333333333333333
ISIC_0028275,600,450,1.3333333333333333
ISIC_0028277,600,450,1.3333333333333333
ISIC_0028279,600,450,1.3333333333333333
ISIC_0028280,600,450,1.3333333333333333
ISIC_0028281,600,450,1.3333333333333333
ISIC_0028282,600,450,1.3333333333333333
ISIC_0028283,600,450,1.3333333333333333
ISIC_0028284,600,450,1.3333333333333333
ISIC_0028286,600,450,1.3333333333333333
ISIC_0028290,600,450,1.3333333333333333
ISIC_0028293,600,450,1.3333333333333333
ISIC_0028295,600,450,1.3333333333333333
ISIC_0028297,600,450,1.3333333333333333
ISIC_0028298,600,450,1.3333333333333333
ISIC_0028299,600,450,1.3333333333333333
ISIC_0028300,600,450,1.3333333333333333
ISIC_0028301,600,450,1.3333333333333333
ISIC_0028302,600,450,1.3333333333333333
ISIC_0028303,600,450,1.3333333333333333
ISIC_0028304,600,450,1.3333333333333333
ISIC_0028305,600,450,1.3333333333333333
ISIC_0028306,600,450,1.3333333333333333
ISIC_0028307,600,450,1.3333333333333333
ISIC_0028308,600,450,1.3333333333333333
ISIC_0028309,600,450,1.3333333333333333
ISIC_0028310,600,450,1.3333333333333333
ISIC_0028311,600,450,1.3333333333333333
ISIC_0028313,600,450,1.3333333333333333
ISIC_0028314,600,450,1.3333333333333333
ISIC_0028315,600,450,1.3333333333333333
ISIC_0028316,600,450,1.3333333333333333
ISIC_0028319,600,450,1.3333333333333333
ISIC_0028321,600,450,1.3333333333333333
ISIC_0028322,600,450,1.3333333333333333
ISIC_0028324,600,450,1.3333333333333333
ISIC_0028325,600,450,1.3333333333333333
ISIC_0028326,600,450,1.3333333333333333
ISIC_0028328,600,450,1.3333333333333333
ISIC_0028329,600,450,1.3333333333333333
ISIC_0028330,600,450,1.3333333333333333
ISIC_0028332,600,450,1.3333333333333333
ISIC_0028333,600,450,1.3333333333333333
ISIC_0028334,600,450,1.3333333333333333
ISIC_0028335,600,450,1.3333333333333333
ISIC_0028336,600,450,1.3333333333333333
ISIC_0028340,600,450,1.3333333333333333
ISIC_0028341,600,450,1.3333333333333333
ISIC_0028343,600,450,1.3333333333333333
ISIC_0028344,600,450,1.3333333333333333
ISIC_0028345,600,450,1.3333333333333333
ISIC_0028347,600,450,1.3333333333333333
ISIC_0028348,600,450,1.3333333333333333
ISIC_0028349,600,450,1.3333333333333333
ISIC_0028351,600,450,1.3333333333333333
ISIC_0028353,600,450,1.3333333333333333
ISIC_0028354,600,450,1.3333333333333333
ISIC_0028355,600,450,1.3333333333333333
ISIC_0028356,600,450,1.3333333333333333
ISIC_0028357,600,450,1.3333333333333333
ISIC_0028358,600,450,1.3333333333333333
ISIC_0028359,600,450,1.3333333333333333
ISIC_0028360,600,450,1.3333333333333333
ISIC_0028362,600,450,1.3333333333333333
ISIC_0028363,600,450,1.3333333333333333
ISIC_0028364,600,450,1.3333333333333333
ISIC_0028365,600,450,1.3333333333333333
ISIC_0028366,600,450,1.3333333333333333
ISIC_0028368,600,450,1.3333333333333333
ISIC_0028369,600,450,1.3333333333333333
ISIC_0028370,600,450,1.3333333333333333
ISIC_0028371,600,450,1.3333333333333333
ISIC_0028373,600,450,1.3333333333333333
ISIC_0028374,600,450,1.3333333333333333
ISIC_0028376,600,450,1.3333333333333333
ISIC_0028377,600,450,1.3333333333333333
ISIC_0028379,600,450,1.3333333333333333
ISIC_0028380,600,450,1.3333333333333333
ISIC_0028383,600,450,1.3333333333333333
ISIC_0028384,600,450,1.3333333333333333
ISIC_0028385,600,450,1.3333333333333333
ISIC_0028386,600,450,1.3333333333333333
ISIC_0028387,600,450,1.3333333333333333
ISIC_0028388,600,450,1.3333333333333333
ISIC_0028389,600,450,1.3333333333333333
ISIC_0028390,600,450,1.3333333333333333
ISIC_0028391,600,450,1.3333333333333333
ISIC_0028392,600,450,1.3333333333333333
ISIC_0028393,600,450,1.3333333333333333
ISIC_0028395,600,450,1.3333333333333333
ISIC_0028396,600,450,1.3333333333333333
ISIC_0028397,600,450,1.3333333333333333
ISIC_0028398,600,450,1.3333333333333333
ISIC_0028399,600,450,1.3333333333333333
ISIC_0028400,600,450,1.3333333333333333
ISIC_0028401,600,450,1.3333333333333333
ISIC_0028402,600,450,1.3333333333333333
ISIC_0028403,600,450,1.3333333333333333
ISIC_0028404,600,450,1.3333333333333333
ISIC_0028405,600,450,1.3333333333333333
ISIC_0028407,600,450,1.3333333333333333
ISIC_0028408,600,450,1.3333333333333333
ISIC_0028409,600,450,1.3333333333333333
ISIC_0028410,600,450,1.3333333333333333
ISIC_0028412,600,450,1.3333333333333333
ISIC_0028413,600,450,1.3333333333333333
ISIC_0028417,600,450,1.3333333333333333
ISIC_0028418,600,450,1.3333333333333333
ISIC_0028419,600,450,1.3333333333333333
ISIC_0028420,600,450,1.3333333333333333
ISIC_0028421,600,450,1.3333333333333333
ISIC_0028422,600,450,1.3333333333333333
ISIC_0028423,600,450,1.3333333333333333
ISIC_0028424,600,450,1.3333333333333333
ISIC_0028426,600,450,1.3333333333333333
ISIC_0028427,600,450,1.3333333333333333
ISIC_0028428,600,450,1.3333333333333333
ISIC_0028429,600,450,1.3333333333333333
ISIC_0028430,600,450,1.3333333333333333
ISIC_0028431,600,450,1.3333333333333333
ISIC_0028432,600,450,1.3333333333333333
ISIC_0028433,600,450,1.3333333333333333
ISIC_0028434,600,450,1.3333333333333333
ISIC_0028435,600,450,1.3333333333333333
ISIC_0028436,600,450,1.3333333333333333
ISIC_0028437,600,450,1.3333333333333333
ISIC_0028438,600,450,1.3333333333333333
ISIC_0028439,600,450,1.3333333333333333
ISIC_0028440,600,450,1.3333333333333333
ISIC_0028441,600,450,1.3333333333333333
ISIC_0028442,600,450,1.3333333333333333
ISIC_0028443,600,450,1.3333333333333333
ISIC_0028444,600,450,1.3333333333333333
ISIC_0028445,600,450,1.3333333333333333
ISIC_0028446,600,450,1.3333333333333333
ISIC_0028447,600,450,1.3333333333333333
ISIC_0028448,600,450,1.3333333333333333
ISIC_0028449,600,450,1.3333333333333333
ISIC_0028450,600,450,1.3333333333333333
ISIC_0028452,600,450,1.3333333333333333
ISIC_0028453,600,450,1.3333333333333333
ISIC_0028454,600,450,1.3333333333333333
ISIC_0028456,600,450,1.3333333333333333
ISIC_0028458,600,450,1.3333333333333333
ISIC_0028459,600,450,1.3333333333333333
ISIC_0028461,600,450,1.3333333333333333
ISIC_0028463,600,450,1.3333333333333333
ISIC_0028465,600,450,1.3333333333333333
ISIC_0028466,600,450,1.3333333333333333
ISIC_0028467,600,450,1.3333333333333333
ISIC_0028468,600,450,1.3333333333333333
ISIC_0028469,600,450,1.3333333333333333
ISIC_0028470,600,450,1.3333333333333333
ISIC_0028471,600,450,1.3333333333333333
ISIC_0028472,600,450,1.3333333333333333
ISIC_0028473,600,450,1.3333333333333333
ISIC_0028475,600,450,1.3333333333333333
ISIC_0028477,600,450,1.3333333333333333
ISIC_0028478,600,450,1.3333333333333333
ISIC_0028480,600,450,1.3333333333333333
ISIC_0028481,600,450,1.3333333333333333
ISIC_0028482,600,450,1.3333333333333333
ISIC_0028483,600,450,1.3333333333333333
ISIC_0028484,600,450,1.3333333333333333
ISIC_0028485,600,450,1.3333333333333333
ISIC_0028486,600,450,1.3333333333333333
ISIC_0028487,600,450,1.3333333333333333
ISIC_0028488,600,450,1.3333333333333333
ISIC_0028489,600,450,1.3333333333333333
ISIC_0028491,600,450,1.3333333333333333
ISIC_0028492,600,450,1.3333333333333333
ISIC_0028493,600,450,1.3333333333333333
ISIC_0028494,600,450,1.3333333333333333
ISIC_0028495,600,450,1.3333333333333333
ISIC_0028496,600,450,1.3333333333333333
ISIC_0028497,600,450,1.3333333333333333
ISIC_0028498,600,450,1.3333333333333333
ISIC_0028499,600,450,1.3333333333333333
ISIC_0028500,600,450,1.3333333333333333
ISIC_0028501,600,450,1.3333333333333333
ISIC_0028502,600,450,1.3333333333333333
ISIC_0028503,600,450,1.3333333333333333
ISIC_0028504,600,450,1.3333333333333333
ISIC_0028506,600,450,1.3333333333333333
ISIC_0028507,600,450,1.3333333333333333
ISIC_0028508,600,450,1.3333333333333333
ISIC_0028509,600,450,1.3333333333333333
ISIC_0028510,600,450,1.3333333333333333
ISIC_0028511,600,450,1.3333333333333333
ISIC_0028512,600,450,1.3333333333333333
ISIC_0028513,600,450,1.3333333333333333
ISIC_0028514,600,450,1.3333333333333333
ISIC_0028515,600,450,1.3333333333333333
ISIC_0028516,600,450,1.3333333333333333
ISIC_0028517,600,450,1.3333333333333333
ISIC_0028518,600,450,1.3333333333333333
ISIC_0028519,600,450,1.3333333333333333
ISIC_0028520,600,450,1.3333333333333333
ISIC_0028521,600,450,1.3333333333333333
ISIC_0028522,600,450,1.3333333333333333
ISIC_0028523,600,450,1.3333333333333333
ISIC_0028524,600,450,1.3333333333333333
ISIC_0028525,600,450,1.3333333333333333
ISIC_0028527,600,450,1.3333333333333333
ISIC_0028528,600,450,1.3333333333333333
ISIC_0028529,600,450,1.3333333333333333
ISIC_0028530,600,450,1.3333333333333333
ISIC_0028531,600,450,1.3333333333333333
ISIC_0028533,600,450,1.3333333333333333
ISIC_0028534,600,450,1.3333333333333333
ISIC_0028535,600,450,1.3333333333333333
ISIC_0028537,600,450,1.3333333333333333
ISIC_0028538,600,450,1.3333333333333333
ISIC_0028540,600,450,1.3333333333333333
ISIC_0028542,600,450,1.3333333333333333
ISIC_0028543,600,450,1.3333333333333333
ISIC_0028545,600,450,1.3333333333333333
ISIC_0028547,600,450,1.3333333333333333
ISIC_0028548,600,450,1.3333333333333333
ISIC_0028549,600,450,1.3333333333333333
ISIC_0028551,600,450,1.3333333333333333
ISIC_0028553,600,450,1.3333333333333333
ISIC_0028554,600,450,1.3333333333333333
ISIC_0028556,600,450,1.3333333333333333
ISIC_0028557,600,450,1.3333333333333333
ISIC_0028559,600,450,1.3333333333333333
ISIC_0028560,600,450,1.3333333333333333
ISIC_0028561,600,450,1.3333333333333333
ISIC_0028562,600,450,1.3333333333333333
ISIC_0028563,600,450,1.3333333333333333
ISIC_0028564,600,450,1.3333333333333333
ISIC_0028565,600,450,1.3333333333333333
ISIC_0028566,600,450,1.3333333333333333
ISIC_0028567,600,450,1.3333333333333333
ISIC_0028569,600,450,1.3333333333333333
ISIC_0028570,600,450,1.3333333333333333
ISIC_0028572,600,450,1.3333333333333333
ISIC_0028573,600,450,1.3333333333333333
ISIC_0028574,600,450,1.3333333333333333
ISIC_0028576,600,450,1.3333333333333333
ISIC_0028579,600,450,1.3333333333333333
ISIC_0028580,600,450,1.3333333333333333
ISIC_0028581,600,450,1.3333333333333333
ISIC_0028584,600,450,1.3333333333333333
ISIC_0028585,600,450,1.3333333333333333
ISIC_0028586,600,450,1.3333333333333333
ISIC_0028587,600,450,1.3333333333333333
ISIC_0028588,600,450,1.3333333333333333
ISIC_0028589,600,450,1.3333333333333333
ISIC_0028592,600,450,1.3333333333333333
ISIC_0028593,600,450,1.3333333333333333
ISIC_0028594,600,450,1.3333333333333333
ISIC_0028596,600,450,1.3333333333333333
ISIC_0028598,600,450,1.3333333333333333
ISIC_0028600,600,450,1.3333333333333333
ISIC_0028601,600,450,1.3333333333333333
ISIC_0028602,600,450,1.3333333333333333
ISIC_0028603,600,450,1.3333333333333333
ISIC_0028604,600,450,1.3333333333333333
ISIC_0028605,600,450,1.3333333333333333
ISIC_0028606,600,450,1.3333333333333333
ISIC_0028607,600,450,1.3333333333333333
ISIC_0028608,600,450,1.3333333333333333
ISIC_0028609,600,450,1.3333333333333333
ISIC_0028610,600,450,1.3333333333333333
ISIC_0028611,600,450,1.3333333333333333
ISIC_0028614,600,450,1.3333333333333333
ISIC_0028616,600,450,1.3333333333333333
ISIC_0028617,600,450,1.3333333333333333
ISIC_0028618,600,450,1.3333333333333333
ISIC_0028619,600,450,1.3333333333333333
ISIC_0028621,600,450,1.3333333333333333
ISIC_0028622,600,450,1.3333333333333333
ISIC_0028623,600,450,1.3333333333333333
ISIC_0028624,600,450,1.3333333333333333
ISIC_0028625,600,450,1.3333333333333333
ISIC_0028626,600,450,1.3333333333333333
ISIC_0028627,600,450,1.3333333333333333
ISIC_0028628,600,450,1.3333333333333333
ISIC_0028629,600,450,1.3333333333333333
ISIC_0028630,600,450,1.3333333333333333
ISIC_0028632,600,450,1.3333333333333333
ISIC_0028633,600,450,1.3333333333333333
ISIC_0028634,600,450,1.3333333333333333
ISIC_0028635,600,450,1.3333333333333333
ISIC_0028636,600,450,1.3333333333333333
ISIC_0028637,600,450,1.3333333333333333
ISIC_0028638,600,450,1.3333333333333333
ISIC_0028639,600,450,1.3333333333333333
ISIC_0028640,600,450,1.3333333333333333
ISIC_0028641,600,450,1.3333333333333333
ISIC_0028642,600,450,1.3333333333333333
ISIC_0028643,600,450,1.3333333333333333
ISIC_0028644,600,450,1.3333333333333333
ISIC_0028645,600,450,1.3333333333333333
ISIC_0028647,600,450,1.3333333333333333
ISIC_0028648,600,450,1.3333333333333333
ISIC_0028649,600,450,1.3333333333333333
ISIC_0028650,600,450,1.3333333333333333
ISIC_0028651,600,450,1.3333333333333333
ISIC_0028652,600,450,1.3333333333333333
ISIC_0028654,600,450,1.3333333333333333
ISIC_0028656,600,450,1.3333333333333333
ISIC_0028659,600,450,1.3333333333333333
ISIC_0028661,600,450,1.3333333333333333
ISIC_0028663,600,450,1.3333333333333333
ISIC_0028665,600,450,1.3333333333333333
ISIC_0028666,600,450,1.3333333333333333
ISIC_0028667,600,450,1.3333333333333333
ISIC_0028669,600,450,1.3333333333333333
ISIC_0028670,600,450,1.3333333333333333
ISIC_0028672,600,450,1.3333333333333333
ISIC_0028673,600,450,1.3333333333333333
ISIC_0028675,600,450,1.3333333333333333
ISIC_0028676,600,450,1.3333333333333333
ISIC_0028677,600,450,1.3333333333333333
ISIC_0028678,600,450,1.3333333333333333
ISIC_0028679,600,450,1.3333333333333333
ISIC_0028680,600,450,1.3333333333333333
ISIC_0028681,600,450,1.3333333333333333
ISIC_0028682,600,450,1.3333333333333333
ISIC_0028683,600,450,1.3333333333333333
ISIC_0028684,600,450,1.3333333333333333
ISIC_0028686,600,450,1.3333333333333333
ISIC_0028689,600,450,1.3333333333333333
ISIC_0028690,600,450,1.3333333333333333
ISIC_0028691,600,450,1.3333333333333333
ISIC_0028694,600,450,1.3333333333333333
ISIC_0028696,600,450,1.3333333333333333
ISIC_0028698,600,450,1.3333333333333333
ISIC_0028699,600,450,1.3333333333333333
ISIC_0028700,600,450,1.3333333333333333
ISIC_0028701,600,450,1.3333333333333333
ISIC_0028702,600,450,1.3333333333333333
ISIC_0028706,600,450,1.3333333333333333
ISIC_0028709,600,450,1.3333333333333333
ISIC_0028710,600,450,1.3333333333333333
ISIC_0028712,600,450,1.3333333333333333
ISIC_0028713,600,450,1.3333333333333333
ISIC_0028714,600,450,1.3333333333333333
ISIC_0028715,600,450,1.3333333333333333
ISIC_0028716,600,450,1.3333333333333333
ISIC_0028717,600,450,1.3333333333333333
ISIC_0028718,600,450,1.3333333333333333
ISIC_0028719,600,450,1.3333333333333333
ISIC_0028720,600,450,1.3333333333333333
ISIC_0028721,600,450,1.3333333333333333
ISIC_0028723,600,450,1.3333333333333333
ISIC_0028724,600,450,1.3333333333333333
ISIC_0028725,600,450,1.3333333333333333
ISIC_0028727,600,450,1.3333333333333333
ISIC_0028729,600,450,1.3333333333333333
ISIC_0028730,600,450,1.3333333333333333
ISIC_0028731,600,450,1.3333333333333333
ISIC_0028732,600,450,1.3333333333333333
ISIC_0028733,600,450,1.3333333333333333
ISIC_0028734,600,450,1.3333333333333333
ISIC_0028735,600,450,1.3333333333333333
ISIC_0028737,600,450,1.3333333333333333
ISIC_0028738,600,450,1.3333333333333333
ISIC_0028739,600,450,1.3333333333333333
ISIC_0028740,600,450,1.3333333333333333
ISIC_0028741,600,450,1.3333333333333333
ISIC_0028742,600,450,1.3333333333333333
ISIC_0028743,600,450,1.3333333333333333
ISIC_0028744,600,450,1.3333333333333333
ISIC_0028745,600,450,1.3333333333333333
ISIC_0028746,600,450,1.3333333333333333
ISIC_0028751,600,450,1.3333333333333333
ISIC_0028753,600,450,1.3333333333333333
ISIC_0028754,600,450,1.3333333333333333
ISIC_0028755,600,450,1.3333333333333333
ISIC_0028757,600,450,1.3333333333333333
ISIC_0028758,600,450,1.3333333333333333
ISIC_0028759,600,450,1.3333333333333333
ISIC_0028760,600,450,1.3333333333333333
ISIC_0028761,600,450,1.3333333333333333
ISIC_0028762,600,450,1.3333333333333333
ISIC_0028763,600,450,1.3333333333333333
ISIC_0028765,600,450,1.3333333333333333
ISIC_0028766,600,450,1.3333333333333333
ISIC_0028768,600,450,1.3333333333333333
ISIC_0028769,600,450,1.3333333333333333
ISIC_0028770,600,450,1.3333333333333333
ISIC_0028771,600,450,1.3333333333333333
ISIC_0028772,600,450,1.3333333333333333
ISIC_0028773,600,450,1.3333333333333333
ISIC_0028774,600,450,1.3333333333333333
ISIC_0028775,600,450,1.3333333333333333
ISIC_0028776,600,450,1.3333333333333333
ISIC_0028777,600,450,1.3333333333333333
ISIC_0028778,600,450,1.3333333333333333
ISIC_0028780,600,450,1.3333333333333333
ISIC_0028781,600,450,1.3333333333333333
ISIC_0028782,600,450,1.3333333333333333
ISIC_0028783,600,450,1.3333333333333333
ISIC_0028784,600,450,1.3333333333333333
ISIC_0028785,600,450,1.3333333333333333
ISIC_0028786,600,450,1.3333333333333333
ISIC_0028787,600,450,1.3333333333333333
ISIC_0028788,600,450,1.3333333333333333
ISIC_0028789,600,450,1.3333333333333333
ISIC_0028790,600,450,1.3333333333333333
ISIC_0028791,600,450,1.3333333333333333
ISIC_0028792,600,450,1.3333333333333333
ISIC_0028793,600,450,1.3333333333333333
ISIC_0028794,600,450,1.3333333333333333
ISIC_0028797,600,450,1.3333333333333333
ISIC_0028798,600,450,1.3333333333333333
ISIC_0028800,600,450,1.3333333333333333
ISIC_0028801,600,450,1.3333333333333333
ISIC_0028802,600,450,1.3333333333333333
ISIC_0028803,600,450,1.3333333333333333
ISIC_0028806,600,450,1.3333333333333333
ISIC_0028807,600,450,1.3333333333333333
ISIC_0028808,600,450,1.3333333333333333
ISIC_0028809,600,450,1.3333333333333333
ISIC_0028810,600,450,1.3333333333333333
ISIC_0028811,600,450,1.3333333333333333
ISIC_0028812,600,450,1.3333333333333333
ISIC_0028813,600,450,1.3333333333333333
ISIC_0028814,600,450,1.3333333333333333
ISIC_0028815,600,450,1.3333333333333333
ISIC_0028816,600,450,1.3333333333333333
ISIC_0028817,600,450,1.3333333333333333
ISIC_0028820,600,450,1.3333333333333333
ISIC_0028822,600,450,1.3333333333333333
ISIC_0028823,600,450,1.3333333333333333
ISIC_0028824,600,450,1.3333333333333333
ISIC_0028825,600,450,1.3333333333333333
ISIC_0028826,600,450,1.3333333333333333
ISIC_0028827,600,450,1.3333333333333333
ISIC_0028828,600,450,1.3333333333333333
ISIC_0028829,600,450,1.3333333333333333
ISIC_0028831,600,450,1.3333333333333333
ISIC_0028832,600,450,1.3333333333333333
ISIC_0028833,600,450,1.3333333333333333
ISIC_0028834,600,450,1.3333333333333333
ISIC_0028835,600,450,1.3333333333333333
ISIC_0028837,600,450,1.3333333333333333
ISIC_0028838,600,450,1.3333333333333333
ISIC_0028840,600,450,1.3333333333333333
ISIC_0028841,600,450,1.3333333333333333
ISIC_0028843,600,450,1.3333333333333333
ISIC_0028844,600,450,1.3333333333333333
ISIC_0028846,600,450,1.3333333333333333
ISIC_0028847,600,450,1.3333333333333333
ISIC_0028850,600,450,1.3333333333333333
ISIC_0028851,600,450,1.3333333333333333
ISIC_0028852,600,450,1.3333333333333333
ISIC_0028853,600,450,1.3333333333333333
ISIC_0028854,600,450,1.3333333333333333
ISIC_0028855,600,450,1.3333333333333333
ISIC_0028856,600,450,1.3333333333333333
ISIC_0028857,600,450,1.3333333333333333
ISIC_0028858,600,450,1.3333333333333333
ISIC_0028859,600,450,1.3333333333333333
ISIC_0028860,600,450,1.3333333333333333
ISIC_0028861,600,450,1.3333333333333333
ISIC_0028862,600,450,1.3333333333333333
ISIC_0028863,600,450,1.3333333333333333
ISIC_0028864,600,450,1.3333333333333333
ISIC_0028866,600,450,1.3333333333333333
ISIC_0028867,600,450,1.3333333333333333
ISIC_0028868,600,450,1.3333333333333333
ISIC_0028869,600,450,1.3333333333333333
ISIC_0028871,600,450,1.3333333333333333
ISIC_0028872,600,450,1.3333333333333333
ISIC_0028873,600,450,1.3333333333333333
ISIC_0028874,600,450,1.3333333333333333
ISIC_0028875,600,450,1.3333333333333333
ISIC_0028877,600,450,1.3333333333333333
ISIC_0028878,600,450,1.3333333333333333
ISIC_0028879,600,450,1.3333333333333333
ISIC_0028880,600,450,1.3333333333333333
ISIC_0028882,600,450,1.3333333333333333
ISIC_0028883,600,450,1.3333333333333333
ISIC_0028884,600,450,1.3333333333333333
ISIC_0028885,600,450,1.3333333333333333
ISIC_0028886,600,450,1.3333333333333333
ISIC_0028887,600,450,1.3333333333333333
ISIC_0028888,600,450,1.3333333333333333
ISIC_0028889,600,450,1.3333333333333333
ISIC_0028890,600,450,1.3333333333333333
ISIC_0028891,600,450,1.3333333333333333
ISIC_0028892,600,450,1.3333333333333333
ISIC_0028893,600,450,1.3333333333333333
ISIC_0028894,600,450,1.3333333333333333
ISIC_0028895,600,450,1.3333333333333333
ISIC_0028896,600,450,1.3333333333333333
ISIC_0028897,600,450,1.3333333333333333
ISIC_0028898,600,450,1.3333333333333333
ISIC_0028899,600,450,1.3333333333333333
ISIC_0028901,600,450,1.3333333333333333
ISIC_0028902,600,450,1.3333333333333333
ISIC_0028903,600,450,1.3333333333333333
ISIC_0028904,600,450,1.3333333333333333
ISIC_0028905,600,450,1.3333333333333333
ISIC_0028906,600,450,1.3333333333333333
ISIC_0028907,600,450,1.3333333333333333
ISIC_0028908,600,450,1.3333333333333333
ISIC_0028909,600,450,1.3333333333333333
ISIC_0028910,600,450,1.3333333333333333
ISIC_0028912,600,450,1.3333333333333333
ISIC_0028913,600,450,1.3333333333333333
ISIC_0028914,600,450,1.3333333333333333
ISIC_0028915,600,450,1.3333333333333333
ISIC_0028916,600,450,1.3333333333333333
ISIC_0028917,600,450,1.3333333333333333
ISIC_0028918,600,450,1.3333333333333333
ISIC_0028920,600,450,1.3333333333333333
ISIC_0028921,600,450,1.3333333333333333
ISIC_0028922,600,450,1.3333333333333333
ISIC_0028923,600,450,1.3333333333333333
ISIC_0028924,600,450,1.3333333333333333
ISIC_0028925,600,450,1.3333333333333333
ISIC_0028928,600,450,1.3333333333333333
ISIC_0028929,600,450,1.3333333333333333
ISIC_0028930,600,450,1.3333333333333333
ISIC_0028932,600,450,1.3333333333333333
ISIC_0028934,600,450,1.3333333333333333
ISIC_0028937,600,450,1.3333333333333333
ISIC_0028938,600,450,1.3333333333333333
ISIC_0028939,600,450,1.3333333333333333
ISIC_0028940,600,450,1.3333333333333333
ISIC_0028941,600,450,1.3333333333333333
ISIC_0028943,600,450,1.3333333333333333
ISIC_0028945,600,450,1.3333333333333333
ISIC_0028948,600,450,1.3333333333333333
ISIC_0028949,600,450,1.3333333333333333
ISIC_0028950,600,450,1.3333333333333333
ISIC_0028951,600,450,1.3333333333333333
ISIC_0028952,600,450,1.3333333333333333
ISIC_0028953,600,450,1.3333333333333333
ISIC_0028954,600,450,1.3333333333333333
ISIC_0028955,600,450,1.3333333333333333
ISIC_0028956,600,450,1.3333333333333333
ISIC_0028959,600,450,1.3333333333333333
ISIC_0028960,600,450,1.3333333333333333
ISIC_0028962,600,450,1.3333333333333333
ISIC_0028963,600,450,1.3333333333333333
ISIC_0028964,600,450,1.3333333333333333
ISIC_0028967,600,450,1.3333333333333333
ISIC_0028969,600,450,1.3333333333333333
ISIC_0028970,600,450,1.3333333333333333
ISIC_0028972,600,450,1.3333333333333333
ISIC_0028973,600,450,1.3333333333333333
ISIC_0028974,600,450,1.3333333333333333
ISIC_0028975,600,450,1.3333333333333333
ISIC_0028976,600,450,1.3333333333333333
ISIC_0028977,600,450,1.3333333333333333
ISIC_0028979,600,450,1.3333333333333333
ISIC_0028980,600,450,1.3333333333333333
ISIC_0028981,600,450,1.3333333333333333
ISIC_0028983,600,450,1.3333333333333333
ISIC_0028984,600,450,1.3333333333333333
ISIC_0028985,600,450,1.3333333333333333
ISIC_0028986,600,450,1.3333333333333333
ISIC_0028987,600,450,1.3333333333333333
ISIC_0028989,600,450,1.3333333333333333
ISIC_0028991,600,450,1.3333333333333333
ISIC_0028992,600,450,1.3333333333333333
ISIC_0028993,600,450,1.3333333333333333
ISIC_0028994,600,450,1.3333333333333333
ISIC_0028995,600,450,1.3333333333333333
ISIC_0028996,600,450,1.3333333333333333
ISIC_0028997,600,450,1.3333333333333333
ISIC_0028998,600,450,1.3333333333333333
ISIC_0029000,600,450,1.3333333333333333
ISIC_0029001,600,450,1.3333333333333333
ISIC_0029002,600,450,1.3333333333333333
ISIC_0029003,600,450,1.3333333333333333
ISIC_0029004,600,450,1.3333333333333333
ISIC_0029005,600,450,1.3333333333333333
ISIC_0029006,600,450,1.3333333333333333
ISIC_0029007,600,450,1.3333333333333333
ISIC_0029008,600,450,1.3333333333333333
ISIC_0029009,600,450,1.3333333333333333
ISIC_0029010,600,450,1.3333333333333333
ISIC_0029011,600,450,1.3333333333333333
ISIC_0029013,600,450,1.3333333333333333
ISIC_0029014,600,450,1.3333333333333333
ISIC_0029015,600,450,1.3333333333333333
ISIC_0029018,600,450,1.3333333333333333
ISIC_0029019,600,450,1.3333333333333333
ISIC_0029020,600,450,1.3333333333333333
ISIC_0029022,600,450,1.3333333333333333
ISIC_0029023,600,450,1.3333333333333333
ISIC_0029024,600,450,1.3333333333333333
ISIC_0029026,600,450,1.3333333333333333
ISIC_0029028,600,450,1.3333333333333333
ISIC_0029029,600,450,1.3333333333333333
ISIC_0029030,600,450,1.3333333333333333
ISIC_0029032,600,450,1.3333333333333333
ISIC_0029033,600,450,1.3333333333333333
ISIC_0029034,600,450,1.3333333333333333
ISIC_0029035,600,450,1.3333333333333333
ISIC_0029036,600,450,1.3333333333333333
ISIC_0029037,600,450,1.3333333333333333
ISIC_0029038,600,450,1.3333333333333333
ISIC_0029041,600,450,1.3333333333333333
ISIC_0029042,600,450,1.3333333333333333
ISIC_0029043,600,450,1.3333333333333333
ISIC_0029044,600,450,1.3333333333333333
ISIC_0029045,600,450,1.3333333333333333
ISIC_0029047,600,450,1.3333333333333333
ISIC_0029048,600,450,1.3333333333333333
ISIC_0029049,600,450,1.3333333333333333
ISIC_0029050,600,450,1.3333333333333333
ISIC_0029051,600,450,1.3333333333333333
ISIC_0029052,600,450,1.3333333333333333
ISIC_0029053,600,450,1.3333333333333333
ISIC_0029054,600,450,1.3333333333333333
ISIC_0029055,600,450,1.3333333333333333
ISIC_0029056,600,450,1.3333333333333333
ISIC_0029057,600,450,1.3333333333333333
ISIC_0029058,600,450,1.3333333333333333
ISIC_0029059,600,450,1.3333333333333333
ISIC_0029060,600,450,1.3333333333333333
ISIC_0029061,600,450,1.3333333333333333
ISIC_0029064,600,450,1.3333333333333333
ISIC_0029065,600,450,1.3333333333333333
ISIC_0029067,600,450,1.3333333333333333
ISIC_0029068,600,450,1.3333333333333333
ISIC_0029070,600,450,1.3333333333333333
ISIC_0029072,600,450,1.3333333333333333
ISIC_0029073,600,450,1.3333333333333333
ISIC_0029074,600,450,1.3333333333333333
ISIC_0029075,600,450,1.3333333333333333
ISIC_0029078,600,450,1.3333333333333333
ISIC_0029079,600,450,1.3333333333333333
ISIC_0029081,600,450,1.3333333333333333
ISIC_0029082,600,450,1.3333333333333333
ISIC_0029083,600,450,1.3333333333333333
ISIC_0029084,600,450,1.3333333333333333
ISIC_0029085,600,450,1.3333333333333333
ISIC_0029086,600,450,1.3333333333333333
ISIC_0029087,600,450,1.3333333333333333
ISIC_0029089,600,450,1.3333333333333333
ISIC_0029090,600,450,1.3333333333333333
ISIC_0029091,600,450,1.3333333333333333
ISIC_0029092,600,450,1.3333333333333333
ISIC_0029093,600,450,1.3333333333333333
ISIC_0029095,600,450,1.3333333333333333
ISIC_0029096,600,450,1.3333333333333333
ISIC_0029097,600,450,1.3333333333333333
ISIC_0029099,600,450,1.3333333333333333
ISIC_0029100,600,450,1.3333333333333333
ISIC_0029102,600,450,1.3333333333333333
ISIC_0029103,600,450,1.3333333333333333
ISIC_0029104,600,450,1.3333333333333333
ISIC_0029105,600,450,1.3333333333333333
ISIC_0029106,600,450,1.3333333333333333
ISIC_0029107,600,450,1.3333333333333333
ISIC_0029108,600,450,1.3333333333333333
ISIC_0029111,600,450,1.3333333333333333
ISIC_0029113,600,450,1.3333333333333333
ISIC_0029114,600,450,1.3333333333333333
ISIC_0029116,600,450,1.3333333333333333
ISIC_0029117,600,450,1.3333333333333333
ISIC_0029118,600,450,1.3333333333333333
ISIC_0029119,600,450,1.3333333333333333
ISIC_0029120,600,450,1.3333333333333333
ISIC_0029121,600,450,1.3333333333333333
ISIC_0029122,600,450,1.3333333333333333
ISIC_0029123,600,450,1.3333333333333333
ISIC_0029124,600,450,1.3333333333333333
ISIC_0029125,600,450,1.3333333333333333
ISIC_0029126,600,450,1.3333333333333333
ISIC_0029127,600,450,1.3333333333333333
ISIC_0029129,600,450,1.3333333333333333
ISIC_0029130,600,450,1.3333333333333333
ISIC_0029131,600,450,1.3333333333333333
ISIC_0029135,600,450,1.3333333333333333
ISIC_0029136,600,450,1.3333333333333333
ISIC_0029137,600,450,1.3333333333333333
ISIC_0029138,600,450,1.3333333333333333
ISIC_0029139,600,450,1.3333333333333333
ISIC_0029141,600,450,1.3333333333333333
ISIC_0029142,600,450,1.3333333333333333
ISIC_0029144,600,450,1.3333333333333333
ISIC_0029145,600,450,1.3333333333333333
ISIC_0029146,600,450,1.3333333333333333
ISIC_0029147,600,450,1.3333333333333333
ISIC_0029148,600,450,1.3333333333333333
ISIC_0029149,600,450,1.3333333333333333
ISIC_0029151,600,450,1.3333333333333333
ISIC_0029152,600,450,1.3333333333333333
ISIC_0029153,600,450,1.3333333333333333
ISIC_0029154,600,450,1.3333333333333333
ISIC_0029155,600,450,1.3333333333333333
ISIC_0029156,600,450,1.3333333333333333
ISIC_0029157,600,450,1.3333333333333333
ISIC_0029158,600,450,1.3333333333333333
ISIC_0029159,600,450,1.3333333333333333
ISIC_0029162,600,450,1.3333333333333333
ISIC_0029164,600,450,1.3333333333333333
ISIC_0029165,600,450,1.3333333333333333
ISIC_0029166,600,450,1.3333333333333333
ISIC_0029167,600,450,1.3333333333333333
ISIC_0029168,600,450,1.3333333333333333
ISIC_0029170,600,450,1.3333333333333333
ISIC_0029171,600,450,1.3333333333333333
ISIC_0029172,600,450,1.3333333333333333
ISIC_0029175,600,450,1.3333333333333333
ISIC_0029176,600,450,1.3333333333333333
ISIC_0029177,600,450,1.3333333333333333
ISIC_0029178,600,450,1.3333333333333333
ISIC_0029179,600,450,1.3333333333333333
ISIC_0029180,600,450,1.3333333333333333
ISIC_0029181,600,450,1.3333333333333333
ISIC_0029182,600,450,1.3333333333333333
ISIC_0029183,600,450,1.3333333333333333
ISIC_0029184,600,450,1.3333333333333333
ISIC_0029186,600,450,1.3333333333333333
ISIC_0029187,600,450,1.3333333333333333
ISIC_0029188,600,450,1.3333333333333333
ISIC_0029189,600,450,1.3333333333333333
ISIC_0029190,600,450,1.3333333333333333
ISIC_0029191,600,450,1.3333333333333333
ISIC_0029192,600,450,1.3333333333333333
ISIC_0029194,600,450,1.3333333333333333
ISIC_0029196,600,450,1.3333333333333333
ISIC_0029197,600,450,1.3333333333333333
ISIC_0029198,600,450,1.3333333333333333
ISIC_0029199,600,450,1.3333333333333333
ISIC_0029200,600,450,1.3333333333333333
ISIC_0029202,600,450,1.3333333333333333
ISIC_0029203,600,450,1.3333333333333333
ISIC_0029204,600,450,1.3333333333333333
ISIC_0029205,600,450,1.3333333333333333
ISIC_0029206,600,450,1.3333333333333333
ISIC_0029207,600,450,1.3333333333333333
ISIC_0029208,600,450,1.3333333333333333
ISIC_0029209,600,450,1.3333333333333333
ISIC_0029210,600,450,1.3333333333333333
ISIC_0029211,600,450,1.3333333333333333
ISIC_0029213,600,450,1.3333333333333333
ISIC_0029214,600,450,1.3333333333333333
ISIC_0029215,600,450,1.3333333333333333
ISIC_0029217,600,450,1.3333333333333333
ISIC_0029218,600,450,1.3333333333333333
ISIC_0029219,600,450,1.3333333333333333
ISIC_0029222,600,450,1.3333333333333333
ISIC_0029224,600,450,1.3333333333333333
ISIC_0029226,600,450,1.3333333333333333
ISIC_0029227,600,450,1.3333333333333333
ISIC_0029228,600,450,1.3333333333333333
ISIC_0029229,600,450,1.3333333333333333
ISIC_0029230,600,450,1.3333333333333333
ISIC_0029231,600,450,1.3333333333333333
ISIC_0029233,600,450,1.3333333333333333
ISIC_0029234,600,450,1.3333333333333333
ISIC_0029235,600,450,1.3333333333333333
ISIC_0029236,600,450,1.3333333333333333
ISIC_0029237,600,450,1.3333333333333333
ISIC_0029238,600,450,1.3333333333333333
ISIC_0029239,600,450,1.3333333333333333
ISIC_0029241,600,450,1.3333333333333333
ISIC_0029243,600,450,1.3333333333333333
ISIC_0029244,600,450,1.3333333333333333
ISIC_0029247,600,450,1.3333333333333333
ISIC_0029249,600,450,1.3333333333333333
ISIC_0029250,600,450,1.3333333333333333
ISIC_0029252,600,450,1.3333333333333333
ISIC_0029253,600,450,1.3333333333333333
ISIC_0029255,600,450,1.3333333333333333
ISIC_0029256,600,450,1.3333333333333333
ISIC_0029257,600,450,1.3333333333333333
ISIC_0029258,600,450,1.3333333333333333
ISIC_0029259,600,450,1.3333333333333333
ISIC_0029261,600,450,1.3333333333333333
ISIC_0029262,600,450,1.3333333333333333
ISIC_0029263,600,450,1.3333333333333333
ISIC_0029264,600,450,1.3333333333333333
ISIC_0029265,600,450,1.3333333333333333
ISIC_0029266,600,450,1.3333333333333333
ISIC_0029267,600,450,1.3333333333333333
ISIC_0029268,600,450,1.3333333333333333
ISIC_0029269,600,450,1.3333333333333333
ISIC_0029270,600,450,1.3333333333333333
ISIC_0029271,600,450,1.3333333333333333
ISIC_0029272,600,450,1.3333333333333333
ISIC_0029273,600,450,1.3333333333333333
ISIC_0029274,600,450,1.3333333333333333
ISIC_0029275,600,450,1.3333333333333333
ISIC_0029276,600,450,1.3333333333333333
ISIC_0029277,600,450,1.3333333333333333
ISIC_0029278,600,450,1.3333333333333333
ISIC_0029279,600,450,1.3333333333333333
ISIC_0029281,600,450,1.3333333333333333
ISIC_0029283,600,450,1.3333333333333333
ISIC_0029284,600,450,1.3333333333333333
ISIC_0029285,600,450,1.3333333333333333
ISIC_0029286,600,450,1.3333333333333333
ISIC_0029287,600,450,1.3333333333333333
ISIC_0029288,600,450,1.3333333333333333
ISIC_0029289,600,450,1.3333333333333333
ISIC_0029290,600,450,1.3333333333333333
ISIC_0029291,600,450,1.3333333333333333
ISIC_0029292,600,450,1.3333333333333333
ISIC_0029293,600,450,1.3333333333333333
ISIC_0029294,600,450,1.3333333333333333
ISIC_0029295,600,450,1.3333333333333333
ISIC_0029296,600,450,1.3333333333333333
ISIC_0029297,600,450,1.3333333333333333
ISIC_0029298,600,450,1.3333333333333333
ISIC_0029299,600,450,1.3333333333333333
ISIC_0029300,600,450,1.3333333333333333
ISIC_0029302,600,450,1.3333333333333333
ISIC_0029303,600,450,1.3333333333333333
ISIC_0029304,600,450,1.3333333333333333
ISIC_0029305,600,450,1.3333333333333333
ISIC_0029306,600,450,1.3333333333333333
ISIC_0029308,600,450,1.3333333333333333
ISIC_0029309,600,450,1.3333333333333333
ISIC_0029310,600,450,1.3333333333333333
ISIC_0029312,600,450,1.3333333333333333
ISIC_0029313,600,450,1.3333333333333333
ISIC_0029315,600,450,1.3333333333333333
ISIC_0029316,600,450,1.3333333333333333
ISIC_0029317,600,450,1.3333333333333333
ISIC_0029318,600,450,1.3333333333333333
ISIC_0029319,600,450,1.3333333333333333
ISIC_0029320,600,450,1.3333333333333333
ISIC_0029322,600,450,1.3333333333333333
ISIC_0029324,600,450,1.3333333333333333
ISIC_0029325,600,450,1.3333333333333333
ISIC_0029326,600,450,1.3333333333333333
ISIC_0029327,600,450,1.3333333333333333
ISIC_0029328,600,450,1.3333333333333333
ISIC_0029329,600,450,1.3333333333333333
ISIC_0029330,600,450,1.3333333333333333
ISIC_0029331,600,450,1.3333333333333333
ISIC_0029332,600,450,1.3333333333333333
ISIC_0029333,600,450,1.3333333333333333
ISIC_0029334,600,450,1.3333333333333333
ISIC_0029335,600,450,1.3333333333333333
ISIC_0029336,600,450,1.3333333333333333
ISIC_0029337,600,450,1.3333333333333333
ISIC_0029338,600,450,1.3333333333333333
ISIC_0029339,600,450,1.3333333333333333
ISIC_0029340,600,450,1.3333333333333333
ISIC_0029341,600,450,1.3333333333333333
ISIC_0029343,600,450,1.3333333333333333
ISIC_0029344,600,450,1.3333333333333333
ISIC_0029345,600,450,1.3333333333333333
ISIC_0029346,600,450,1.3333333333333333
ISIC_0029347,600,450,1.3333333333333333
ISIC_0029348,600,450,1.3333333333333333
ISIC_0029351,600,450,1.3333333333333333
ISIC_0029352,600,450,1.3333333333333333
ISIC_0029353,600,450,1.3333333333333333
ISIC_0029354,600,450,1.3333333333333333
ISIC_0029355,600,450,1.3333333333333333
ISIC_0029357,600,450,1.3333333333333333
ISIC_0029358,600,450,1.3333333333333333
ISIC_0029359,600,450,1.3333333333333333
ISIC_0029360,600,450,1.3333333333333333
ISIC_0029363,600,450,1.3333333333333333
ISIC_0029364,600,450,1.3333333333333333
ISIC_0029365,600,450,1.3333333333333333
ISIC_0029366,600,450,1.3333333333333333
ISIC_0029367,600,450,1.3333333333333333
ISIC_0029369,600,450,1.3333333333333333
ISIC_0029370,600,450,1.3333333333333333
ISIC_0029371,600,450,1.3333333333333333
ISIC_0029372,600,450,1.3333333333333333
ISIC_0029373,600,450,1.3333333333333333
ISIC_0029374,600,450,1.3333333333333333
ISIC_0029375,600,450,1.3333333333333333
ISIC_0029377,600,450,1.3333333333333333
ISIC_0029379,600,450,1.3333333333333333
ISIC_0029380,600,450,1.3333333333333333
ISIC_0029381,600,450,1.3333333333333333
ISIC_0029382,600,450,1.3333333333333333
ISIC_0029383,600,450,1.3333333333333333
ISIC_0029384,600,450,1.3333333333333333
ISIC_0029386,600,450,1.3333333333333333
ISIC_0029387,600,450,1.3333333333333333
ISIC_0029388,600,450,1.3333333333333333
ISIC_0029389,600,450,1.3333333333333333
ISIC_0029390,600,450,1.3333333333333333
ISIC_0029391,600,450,1.3333333333333333
ISIC_0029393,600,450,1.3333333333333333
ISIC_0029394,600,450,1.3333333333333333
ISIC_0029395,600,450,1.3333333333333333
ISIC_0029397,600,450,1.3333333333333333
ISIC_0029399,600,450,1.3333333333333333
ISIC_0029400,600,450,1.3333333333333333
ISIC_0029401,600,450,1.3333333333333333
ISIC_0029402,600,450,1.3333333333333333
ISIC_0029403,600,450,1.3333333333333333
ISIC_0029404,600,450,1.3333333333333333
ISIC_0029405,600,450,1.3333333333333333
ISIC_0029406,600,450,1.3333333333333333
ISIC_0029407,600,450,1.3333333333333333
ISIC_0029408,600,450,1.3333333333333333
ISIC_0029410,600,450,1.3333333333333333
ISIC_0029411,600,450,1.3333333333333333
ISIC_0029412,600,450,1.3333333333333333
ISIC_0029413,600,450,1.3333333333333333
ISIC_0029414,600,450,1.3333333333333333
ISIC_0029416,600,450,1.3333333333333333
ISIC_0029417,600,450,1.3333333333333333
ISIC_0029418,600,450,1.3333333333333333
ISIC_0029419,600,450,1.3333333333333333
ISIC_0029421,600,450,1.3333333333333333
ISIC_0029422,600,450,1.3333333333333333
ISIC_0029423,600,450,1.3333333333333333
ISIC_0029425,600,450,1.3333333333333333
ISIC_0029426,600,450,1.3333333333333333
ISIC_0029427,600,450,1.3333333333333333
ISIC_0029428,600,450,1.3333333333333333
ISIC_0029429,600,450,1.3333333333333333
ISIC_0029430,600,450,1.3333333333333333
ISIC_0029432,600,450,1.3333333333333333
ISIC_0029433,600,450,1.3333333333333333
ISIC_0029435,600,450,1.3333333333333333
ISIC_0029437,600,450,1.3333333333333333
ISIC_0029438,600,450,1.3333333333333333
ISIC_0029440,600,450,1.3333333333333333
ISIC_0029441,600,450,1.3333333333333333
ISIC_0029443,600,450,1.3333333333333333
ISIC_0029444,600,450,1.3333333333333333
ISIC_0029445,600,450,1.3333333333333333
ISIC_0029446,600,450,1.3333333333333333
ISIC_0029447,600,450,1.3333333333333333
ISIC_0029448,600,450,1.3333333333333333
ISIC_0029450,600,450,1.3333333333333333
ISIC_0029451,600,450,1.3333333333333333
ISIC_0029452,600,450,1.3333333333333333
ISIC_0029453,600,450,1.3333333333333333
ISIC_0029455,600,450,1.3333333333333333
ISIC_0029456,600,450,1.3333333333333333
ISIC_0029458,600,450,1.3333333333333333
ISIC_0029460,600,450,1.3333333333333333
ISIC_0029461,600,450,1.3333333333333333
ISIC_0029462,600,450,1.3333333333333333
ISIC_0029464,600,450,1.3333333333333333
ISIC_0029466,600,450,1.3333333333333333
ISIC_0029467,600,450,1.3333333333333333
ISIC_0029468,600,450,1.3333333333333333
ISIC_0029470,600,450,1.3333333333333333
ISIC_0029471,600,450,1.3333333333333333
ISIC_0029472,600,450,1.3333333333333333
ISIC_0029473,600,450,1.3333333333333333
ISIC_0029474,600,450,1.3333333333333333
ISIC_0029475,600,450,1.3333333333333333
ISIC_0029476,600,450,1.3333333333333333
ISIC_0029477,600,450,1.3333333333333333
ISIC_0029478,600,450,1.3333333333333333
ISIC_0029479,600,450,1.3333333333333333
ISIC_0029480,600,450,1.3333333333333333
ISIC_0029481,600,450,1.3333333333333333
ISIC_0029482,600,450,1.3333333333333333
ISIC_0029483,600,450,1.3333333333333333
ISIC_0029484,600,450,1.3333333333333333
ISIC_0029485,600,450,1.3333333333333333
ISIC_0029486,600,450,1.3333333333333333
ISIC_0029487,600,450,1.3333333333333333
ISIC_0029488,600,450,1.3333333333333333
ISIC_0029489,600,450,1.3333333333333333
ISIC_0029490,600,450,1.3333333333333333
ISIC_0029491,600,450,1.3333333333333333
ISIC_0029492,600,450,1.3333333333333333
ISIC_0029493,600,450,1.3333333333333333
ISIC_0029494,600,450,1.3333333333333333
ISIC_0029495,600,450,1.3333333333333333
ISIC_0029496,600,450,1.3333333333333333
ISIC_0029497,600,450,1.3333333333333333
ISIC_0029499,600,450,1.3333333333333333
ISIC_0029500,600,450,1.3333333333333333
ISIC_0029501,600,450,1.3333333333333333
ISIC_0029502,600,450,1.3333333333333333
ISIC_0029504,600,450,1.3333333333333333
ISIC_0029505,600,450,1.3333333333333333
ISIC_0029506,600,450,1.3333333333333333
ISIC_0029507,600,450,1.3333333333333333
ISIC_0029509,600,450,1.3333333333333333
ISIC_0029510,600,450,1.3333333333333333
ISIC_0029511,600,450,1.3333333333333333
ISIC_0029512,600,450,1.3333333333333333
ISIC_0029513,600,450,1.3333333333333333
ISIC_0029515,600,450,1.3333333333333333
ISIC_0029516,600,450,1.3333333333333333
ISIC_0029517,600,450,1.3333333333333333
ISIC_0029518,600,450,1.3333333333333333
ISIC_0029519,600,450,1.3333333333333333
ISIC_0029520,600,450,1.3333333333333333
ISIC_0029521,600,450,1.3333333333333333
ISIC_0029522,600,450,1.3333333333333333
ISIC_0029523,600,450,1.3333333333333333
ISIC_0029524,600,450,1.3333333333333333
ISIC_0029525,600,450,1.3333333333333333
ISIC_0029526,600,450,1.3333333333333333
ISIC_0029528,600,450,1.3333333333333333
ISIC_0029530,600,450,1.3333333333333333
ISIC_0029531,600,450,1.3333333333333333
ISIC_0029532,600,450,1.3333333333333333
ISIC_0029533,600,450,1.3333333333333333
ISIC_0029534,600,450,1.3333333333333333
ISIC_0029536,600,450,1.3333333333333333
ISIC_0029537,600,450,1.3333333333333333
ISIC_0029538,600,450,1.3333333333333333
ISIC_0029540,600,450,1.3333333333333333
ISIC_0029541,600,450,1.3333333333333333
ISIC_0029542,600,450,1.3333333333333333
ISIC_0029543,600,450,1.3333333333333333
ISIC_0029544,600,450,1.3333333333333333
ISIC_0029545,600,450,1.3333333333333333
ISIC_0029546,600,450,1.3333333333333333
ISIC_0029547,600,450,1.3333333333333333
ISIC_0029549,600,450,1.3333333333333333
ISIC_0029550,600,450,1.3333333333333333
ISIC_0029551,600,450,1.3333333333333333
ISIC_0029552,600,450,1.3333333333333333
ISIC_0029553,600,450,1.3333333333333333
ISIC_0029555,600,450,1.3333333333333333
ISIC_0029556,600,450,1.3333333333333333
ISIC_0029557,600,450,1.3333333333333333
ISIC_0029558,600,450,1.3333333333333333
ISIC_0029559,600,450,1.3333333333333333
ISIC_0029560,600,450,1.3333333333333333
ISIC_0029562,600,450,1.3333333333333333
ISIC_0029563,600,450,1.3333333333333333
ISIC_0029564,600,450,1.3333333333333333
ISIC_0029567,600,450,1.3333333333333333
ISIC_0029570,600,450,1.3333333333333333
ISIC_0029571,600,450,1.3333333333333333
ISIC_0029572,600,450,1.3333333333333333
ISIC_0029573,600,450,1.3333333333333333
ISIC_0029574,600,450,1.3333333333333333
ISIC_0029576,600,450,1.3333333333333333
ISIC_0029577,600,450,1.3333333333333333
ISIC_0029578,600,450,1.3333333333333333
ISIC_0029579,600,450,1.3333333333333333
ISIC_0029580,600,450,1.3333333333333333
ISIC_0029581,600,450,1.3333333333333333
ISIC_0029583,600,450,1.3333333333333333
ISIC_0029585,600,450,1.3333333333333333
ISIC_0029589,600,450,1.3333333333333333
ISIC_0029591,600,450,1.3333333333333333
ISIC_0029593,600,450,1.3333333333333333
ISIC_0029594,600,450,1.3333333333333333
ISIC_0029595,600,450,1.3333333333333333
ISIC_0029596,600,450,1.3333333333333333
ISIC_0029597,600,450,1.3333333333333333
ISIC_0029598,600,450,1.3333333333333333
ISIC_0029600,600,450,1.3333333333333333
ISIC_0029601,600,450,1.3333333333333333
ISIC_0029602,600,450,1.3333333333333333
ISIC_0029603,600,450,1.3333333333333333
ISIC_0029604,600,450,1.3333333333333333
ISIC_0029605,600,450,1.3333333333333333
ISIC_0029606,600,450,1.3333333333333333
ISIC_0029609,600,450,1.3333333333333333
ISIC_0029610,600,450,1.3333333333333333
ISIC_0029611,600,450,1.3333333333333333
ISIC_0029612,600,450,1.3333333333333333
ISIC_0029613,600,450,1.3333333333333333
ISIC_0029614,600,450,1.3333333333333333
ISIC_0029615,600,450,1.3333333333333333
ISIC_0029616,600,450,1.3333333333333333
ISIC_0029618,600,450,1.3333333333333333
ISIC_0029619,600,450,1.3333333333333333
ISIC_0029620,600,450,1.3333333333333333
ISIC_0029621,600,450,1.3333333333333333
ISIC_0029622,600,450,1.3333333333333333
ISIC_0029623,600,450,1.3333333333333333
ISIC_0029624,600,450,1.3333333333333333
ISIC_0029625,600,450,1.3333333333333333
ISIC_0029626,600,450,1.3333333333333333
ISIC_0029627,600,450,1.3333333333333333
ISIC_0029629,600,450,1.3333333333333333
ISIC_0029631,600,450,1.3333333333333333
ISIC_0029632,600,450,1.3333333333333333
ISIC_0029633,600,450,1.3333333333333333
ISIC_0029634,600,450,1.3333333333333333
ISIC_0029635,600,450,1.3333333333333333
ISIC_0029636,600,450,1.3333333333333333
ISIC_0029637,600,450,1.3333333333333333
ISIC_0029638,600,450,1.3333333333333333
ISIC_0029639,600,450,1.3333333333333333
ISIC_0029640,600,450,1.3333333333333333
ISIC_0029642,600,450,1.3333333333333333
ISIC_0029643,600,450,1.3333333333333333
ISIC_0029644,600,450,1.3333333333333333
ISIC_0029645,600,450,1.3333333333333333
ISIC_0029646,600,450,1.3333333333333333
ISIC_0029647,600,450,1.3333333333333333
ISIC_0029648,600,450,1.3333333333333333
ISIC_0029649,600,450,1.3333333333333333
ISIC_0029651,600,450,1.3333333333333333
ISIC_0029652,600,450,1.3333333333333333
ISIC_0029653,600,450,1.3333333333333333
ISIC_0029654,600,450,1.3333333333333333
ISIC_0029655,600,450,1.3333333333333333
ISIC_0029656,600,450,1.3333333333333333
ISIC_0029657,600,450,1.3333333333333333
ISIC_0029658,600,450,1.3333333333333333
ISIC_0029659,600,450,1.3333333333333333
ISIC_0029660,600,450,1.3333333333333333
ISIC_0029661,600,450,1.3333333333333333
ISIC_0029662,600,450,1.3333333333333333
ISIC_0029663,600,450,1.3333333333333333
ISIC_0029664,600,450,1.3333333333333333
ISIC_0029665,600,450,1.3333333333333333
ISIC_0029668,600,450,1.3333333333333333
ISIC_0029669,600,450,1.3333333333333333
ISIC_0029670,600,450,1.3333333333333333
ISIC_0029671,600,450,1.3333333333333333
ISIC_0029672,600,450,1.3333333333333333
ISIC_0029673,600,450,1.3333333333333333
ISIC_0029674,600,450,1.3333333333333333
ISIC_0029675,600,450,1.3333333333333333
ISIC_0029676,600,450,1.3333333333333333
ISIC_0029677,600,450,1.3333333333333333
ISIC_0029678,600,450,1.3333333333333333
ISIC_0029679,600,450,1.3333333333333333
ISIC_0029680,600,450,1.3333333333333333
ISIC_0029681,600,450,1.3333333333333333
ISIC_0029682,600,450,1.3333333333333333
ISIC_0029684,600,450,1.3333333333333333
ISIC_0029685,600,450,1.3333333333333333
ISIC_0029686,600,450,1.3333333333333333
ISIC_0029687,600,450,1.3333333333333333
ISIC_0029688,600,450,1.3333333333333333
ISIC_0029690,600,450,1.3333333333333333
ISIC_0029692,600,450,1.3333333333333333
ISIC_0029693,600,450,1.3333333333333333
ISIC_0029695,600,450,1.3333333333333333
ISIC_0029696,600,450,1.3333333333333333
ISIC_0029698,600,450,1.3333333333333333
ISIC_0029699,600,450,1.3333333333333333
ISIC_0029701,600,450,1.3333333333333333
ISIC_0029702,600,450,1.3333333333333333
ISIC_0029703,600,450,1.3333333333333333
ISIC_0029704,600,450,1.3333333333333333
ISIC_0029705,600,450,1.3333333333333333
ISIC_0029706,600,450,1.3333333333333333
ISIC_0029707,600,450,1.3333333333333333
ISIC_0029708,600,450,1.3333333333333333
ISIC_0029710,600,450,1.3333333333333333
ISIC_0029711,600,450,1.3333333333333333
ISIC_0029712,600,450,1.3333333333333333
ISIC_0029713,600,450,1.3333333333333333
ISIC_0029714,600,450,1.3333333333333333
ISIC_0029715,600,450,1.3333333333333333
ISIC_0029716,600,450,1.3333333333333333
ISIC_0029717,600,450,1.3333333333333333
ISIC_0029718,600,450,1.3333333333333333
ISIC_0029719,600,450,1.3333333333333333
ISIC_0029720,600,450,1.3333333333333333
ISIC_0029721,600,450,1.3333333333333333
ISIC_0029722,600,450,1.3333333333333333
ISIC_0029724,600,450,1.3333333333333333
ISIC_0029725,600,450,1.3333333333333333
ISIC_0029726,600,450,1.3333333333333333
ISIC_0029727,600,450,1.3333333333333333
ISIC_0029728,600,450,1.3333333333333333
ISIC_0029729,600,450,1.3333333333333333
ISIC_0029730,600,450,1.3333333333333333
ISIC_0029731,600,450,1.3333333333333333
ISIC_0029733,600,450,1.3333333333333333
ISIC_0029735,600,450,1.3333333333333333
ISIC_0029736,600,450,1.3333333333333333
ISIC_0029737,600,450,1.3333333333333333
ISIC_0029738,600,450,1.3333333333333333
ISIC_0029740,600,450,1.3333333333333333
ISIC_0029742,600,450,1.3333333333333333
ISIC_0029743,600,450,1.3333333333333333
ISIC_0029744,600,450,1.3333333333333333
ISIC_0029745,600,450,1.3333333333333333
ISIC_0029746,600,450,1.3333333333333333
ISIC_0029747,600,450,1.3333333333333333
ISIC_0029748,600,450,1.3333333333333333
ISIC_0029749,600,450,1.3333333333333333
ISIC_0029750,600,450,1.3333333333333333
ISIC_0029751,600,450,1.3333333333333333
ISIC_0029752,600,450,1.3333333333333333
ISIC_0029753,600,450,1.3333333333333333
ISIC_0029754,600,450,1.3333333333333333
ISIC_0029755,600,450,1.3333333333333333
ISIC_0029756,600,450,1.3333333333333333
ISIC_0029757,600,450,1.3333333333333333
ISIC_0029758,600,450,1.3333333333333333
ISIC_0029759,600,450,1.3333333333333333
ISIC_0029760,600,450,1.3333333333333333
ISIC_0029761,600,450,1.3333333333333333
ISIC_0029762,600,450,1.3333333333333333
ISIC_0029763,600,450,1.3333333333333333
ISIC_0029765,600,450,1.3333333333333333
ISIC_0029766,600,450,1.3333333333333333
ISIC_0029767,600,450,1.3333333333333333
ISIC_0029768,600,450,1.3333333333333333
ISIC_0029769,600,450,1.3333333333333333
ISIC_0029770,600,450,1.3333333333333333
ISIC_0029771,600,450,1.3333333333333333
ISIC_0029772,600,450,1.3333333333333333
ISIC_0029773,600,450,1.3333333333333333
ISIC_0029776,600,450,1.3333333333333333
ISIC_0029777,600,450,1.3333333333333333
ISIC_0029780,600,450,1.3333333333333333
ISIC_0029782,600,450,1.3333333333333333
ISIC_0029783,600,450,1.3333333333333333
ISIC_0029784,600,450,1.3333333333333333
ISIC_0029785,600,450,1.3333333333333333
ISIC_0029786,600,450,1.3333333333333333
ISIC_0029787,600,450,1.3333333333333333
ISIC_0029789,600,450,1.3333333333333333
ISIC_0029790,600,450,1.3333333333333333
ISIC_0029791,600,450,1.3333333333333333
ISIC_0029792,600,450,1.3333333333333333
ISIC_0029793,600,450,1.3333333333333333
ISIC_0029794,600,450,1.3333333333333333
ISIC_0029796,600,450,1.3333333333333333
ISIC_0029797,600,450,1.3333333333333333
ISIC_0029798,600,450,1.3333333333333333
ISIC_0029800,600,450,1.3333333333333333
ISIC_0029801,600,450,1.3333333333333333
ISIC_0029802,600,450,1.3333333333333333
ISIC_0029803,600,450,1.3333333333333333
ISIC_0029804,600,450,1.3333333333333333
ISIC_0029807,600,450,1.3333333333333333
ISIC_0029808,600,450,1.3333333333333333
ISIC_0029809,600,450,1.3333333333333333
ISIC_0029811,600,450,1.3333333333333333
ISIC_0029813,600,450,1.3333333333333333
ISIC_0029814,600,450,1.3333333333333333
ISIC_0029815,600,450,1.3333333333333333
ISIC_0029816,600,450,1.3333333333333333
ISIC_0029817,600,450,1.3333333333333333
ISIC_0029818,600,450,1.3333333333333333
ISIC_0029821,600,450,1.3333333333333333
ISIC_0029822,600,450,1.3333333333333333
ISIC_0029823,600,450,1.3333333333333333
ISIC_0029824,600,450,1.3333333333333333
ISIC_0029825,600,450,1.3333333333333333
ISIC_0029826,600,450,1.3333333333333333
ISIC_0029827,600,450,1.3333333333333333
ISIC_0029828,600,450,1.3333333333333333
ISIC_0029829,600,450,1.3333333333333333
ISIC_0029830,600,450,1.3333333333333333
ISIC_0029831,600,450,1.3333333333333333
ISIC_0029832,600,450,1.3333333333333333
ISIC_0029833,600,450,1.3333333333333333
ISIC_0029834,600,450,1.3333333333333333
ISIC_0029837,600,450,1.3333333333333333
ISIC_0029838,600,450,1.3333333333333333
ISIC_0029839,600,450,1.3333333333333333
ISIC_0029841,600,450,1.3333333333333333
ISIC_0029842,600,450,1.3333333333333333
ISIC_0029843,600,450,1.3333333333333333
ISIC_0029844,600,450,1.3333333333333333
ISIC_0029845,600,450,1.3333333333333333
ISIC_0029846,600,450,1.3333333333333333
ISIC_0029847,600,450,1.3333333333333333
ISIC_0029848,600,450,1.3333333333333333
ISIC_0029849,600,450,1.3333333333333333
ISIC_0029850,600,450,1.3333333333333333
ISIC_0029851,600,450,1.3333333333333333
ISIC_0029852,600,450,1.3333333333333333
ISIC_0029853,600,450,1.3333333333333333
ISIC_0029856,600,450,1.3333333333333333
ISIC_0029857,600,450,1.3333333333333333
ISIC_0029858,600,450,1.3333333333333333
ISIC_0029859,600,450,1.3333333333333333
ISIC_0029860,600,450,1.3333333333333333
ISIC_0029861,600,450,1.3333333333333333
ISIC_0029862,600,450,1.3333333333333333
ISIC_0029863,600,450,1.3333333333333333
ISIC_0029864,600,450,1.3333333333333333
ISIC_0029866,600,450,1.3333333333333333
ISIC_0029867,600,450,1.3333333333333333
ISIC_0029868,600,450,1.3333333333333333
ISIC_0029869,600,450,1.3333333333333333
ISIC_0029870,600,450,1.3333333333333333
ISIC_0029871,600,450,1.3333333333333333
ISIC_0029872,600,450,1.3333333333333333
ISIC_0029874,600,450,1.3333333333333333
ISIC_0029875,600,450,1.3333333333333333
ISIC_0029876,600,450,1.3333333333333333
ISIC_0029877,600,450,1.3333333333333333
ISIC_0029878,600,450,1.3333333333333333
ISIC_0029880,600,450,1.3333333333333333
ISIC_0029881,600,450,1.3333333333333333
ISIC_0029882,600,450,1.3333333333333333
ISIC_0029883,600,450,1.3333333333333333
ISIC_0029885,600,450,1.3333333333333333
ISIC_0029886,600,450,1.3333333333333333
ISIC_0029887,600,450,1.3333333333333333
ISIC_0029888,600,450,1.3333333333333333
ISIC_0029890,600,450,1.3333333333333333
ISIC_0029891,600,450,1.3333333333333333
ISIC_0029892,600,450,1.3333333333333333
ISIC_0029894,600,450,1.3333333333333333
ISIC_0029896,600,450,1.3333333333333333
ISIC_0029897,600,450,1.3333333333333333
ISIC_0029898,600,450,1.3333333333333333
ISIC_0029899,600,450,1.3333333333333333
ISIC_0029900,600,450,1.3333333333333333
ISIC_0029902,600,450,1.3333333333333333
ISIC_0029903,600,450,1.3333333333333333
ISIC_0029904,600,450,1.3333333333333333
ISIC_0029907,600,450,1.3333333333333333
ISIC_0029908,600,450,1.3333333333333333
ISIC_0029909,600,450,1.3333333333333333
ISIC_0029910,600,450,1.3333333333333333
ISIC_0029911,600,450,1.3333333333333333
ISIC_0029912,600,450,1.3333333333333333
ISIC_0029913,600,450,1.3333333333333333
ISIC_0029914,600,450,1.3333333333333333
ISIC_0029916,600,450,1.3333333333333333
ISIC_0029917,600,450,1.3333333333333333
ISIC_0029920,600,450,1.3333333333333333
ISIC_0029921,600,450,1.3333333333333333
ISIC_0029923,600,450,1.3333333333333333
ISIC_0029924,600,450,1.3333333333333333
ISIC_0029925,600,450,1.3333333333333333
ISIC_0029926,600,450,1.3333333333333333
ISIC_0029927,600,450,1.3333333333333333
ISIC_0029929,600,450,1.3333333333333333
ISIC_0029930,600,450,1.3333333333333333
ISIC_0029931,600,450,1.3333333333333333
ISIC_0029932,600,450,1.3333333333333333
ISIC_0029933,600,450,1.3333333333333333
ISIC_0029934,600,450,1.3333333333333333
ISIC_0029935,600,450,1.3333333333333333
ISIC_0029936,600,450,1.3333333333333333
ISIC_0029938,600,450,1.3333333333333333
ISIC_0029939,600,450,1.3333333333333333
ISIC_0029942,600,450,1.3333333333333333
ISIC_0029943,600,450,1.3333333333333333
ISIC_0029945,600,450,1.3333333333333333
ISIC_0029946,600,450,1.3333333333333333
ISIC_0029947,600,450,1.3333333333333333
ISIC_0029948,600,450,1.3333333333333333
ISIC_0029949,600,450,1.3333333333333333
ISIC_0029950,600,450,1.3333333333333333
ISIC_0029951,600,450,1.3333333333333333
ISIC_0029952,600,450,1.3333333333333333
ISIC_0029953,600,450,1.3333333333333333
ISIC_0029955,600,450,1.3333333333333333
ISIC_0029956,600,450,1.3333333333333333
ISIC_0029957,600,450,1.3333333333333333
ISIC_0029958,600,450,1.3333333333333333
ISIC_0029959,600,450,1.3333333333333333
ISIC_0029960,600,450,1.3333333333333333
ISIC_0029961,600,450,1.3333333333333333
ISIC_0029962,600,450,1.3333333333333333
ISIC_0029963,600,450,1.3333333333333333
ISIC_0029964,600,450,1.3333333333333333
ISIC_0029965,600,450,1.3333333333333333
ISIC_0029967,600,450,1.3333333333333333
ISIC_0029968,600,450,1.3333333333333333
ISIC_0029969,600,450,1.3333333333333333
ISIC_0029970,600,450,1.3333333333333333
ISIC_0029972,600,450,1.3333333333333333
ISIC_0029973,600,450,1.3333333333333333
ISIC_0029974,600,450,1.3333333333333333
ISIC_0029975,600,450,1.3333333333333333
ISIC_0029976,600,450,1.3333333333333333
ISIC_0029977,600,450,1.3333333333333333
ISIC_0029978,600,450,1.3333333333333333
ISIC_0029979,600,450,1.3333333333333333
ISIC_0029980,600,450,1.3333333333333333
ISIC_0029981,600,450,1.3333333333333333
ISIC_0029983,600,450,1.3333333333333333
ISIC_0029984,600,450,1.3333333333333333
ISIC_0029985,600,450,1.3333333333333333
ISIC_0029986,600,450,1.3333333333333333
ISIC_0029987,600,450,1.3333333333333333
ISIC_0029988,600,450,1.3333333333333333
ISIC_0029989,600,450,1.3333333333333333
ISIC_0029990,600,450,1.3333333333333333
ISIC_0029991,600,450,1.3333333333333333
ISIC_0029993,600,450,1.3333333333333333
ISIC_0029994,600,450,1.3333333333333333
ISIC_0029995,600,450,1.3333333333333333
ISIC_0029996,600,450,1.3333333333333333
ISIC_0029997,600,450,1.3333333333333333
ISIC_0029998,600,450,1.3333333333333333
ISIC_0029999,600,450,1.3333333333333333
ISIC_0030001,600,450,1.3333333333333333
ISIC_0030002,600,450,1.3333333333333333
ISIC_0030004,600,450,1.3333333333333333
ISIC_0030006,600,450,1.3333333333333333
ISIC_0030008,600,450,1.3333333333333333
ISIC_0030009,600,450,1.3333333333333333
ISIC_0030012,600,450,1.3333333333333333
ISIC_0030013,600,450,1.3333333333333333
ISIC_0030014,600,450,1.3333333333333333
ISIC_0030016,600,450,1.3333333333333333
ISIC_0030017,600,450,1.3333333333333333
ISIC_0030018,600,450,1.3333333333333333
ISIC_0030021,600,450,1.3333333333333333
ISIC_0030023,600,450,1.3333333333333333
ISIC_0030024,600,450,1.3333333333333333
ISIC_0030025,600,450,1.3333333333333333
ISIC_0030026,600,450,1.3333333333333333
ISIC_0030027,600,450,1.3333333333333333
ISIC_0030028,600,450,1.3333333333333333
ISIC_0030029,600,450,1.3333333333333333
ISIC_0030030,600,450,1.3333333333333333
ISIC_0030032,600,450,1.3333333333333333
ISIC_0030034,600,450,1.3333333333333333
ISIC_0030035,600,450,1.3333333333333333
ISIC_0030036,600,450,1.3333333333333333
ISIC_0030038,600,450,1.3333333333333333
ISIC_0030039,600,450,1.3333333333333333
ISIC_0030040,600,450,1.3333333333333333
ISIC_0030041,600,450,1.3333333333333333
ISIC_0030042,600,450,1.3333333333333333
ISIC_0030043,600,450,1.3333333333333333
ISIC_0030044,600,450,1.3333333333333333
ISIC_0030045,600,450,1.3333333333333333
ISIC_0030050,600,450,1.3333333333333333
ISIC_0030052,600,450,1.3333333333333333
ISIC_0030053,600,450,1.3333333333333333
ISIC_0030054,600,450,1.3333333333333333
ISIC_0030055,600,450,1.3333333333333333
ISIC_0030056,600,450,1.3333333333333333
ISIC_0030057,600,450,1.3333333333333333
ISIC_0030058,600,450,1.3333333333333333
ISIC_0030059,600,450,1.3333333333333333
ISIC_0030060,600,450,1.3333333333333333
ISIC_0030061,600,450,1.3333333333333333
ISIC_0030062,600,450,1.3333333333333333
ISIC_0030063,600,450,1.3333333333333333
ISIC_0030064,600,450,1.3333333333333333
ISIC_0030065,600,450,1.3333333333333333
ISIC_0030067,600,450,1.3333333333333333
ISIC_0030068,600,450,1.3333333333333333
ISIC_0030069,600,450,1.3333333333333333
ISIC_0030070,600,450,1.3333333333333333
ISIC_0030071,600,450,1.3333333333333333
ISIC_0030072,600,450,1.3333333333333333
ISIC_0030073,600,450,1.3333333333333333
ISIC_0030076,600,450,1.3333333333333333
ISIC_0030078,600,450,1.3333333333333333
ISIC_0030079,600,450,1.3333333333333333
ISIC_0030080,600,450,1.3333333333333333
ISIC_0030081,600,450,1.3333333333333333
ISIC_0030082,600,450,1.3333333333333333
ISIC_0030083,600,450,1.3333333333333333
ISIC_0030085,600,450,1.3333333333333333
ISIC_0030086,600,450,1.3333333333333333
ISIC_0030088,600,450,1.3333333333333333
ISIC_0030089,600,450,1.3333333333333333
ISIC_0030090,600,450,1.3333333333333333
ISIC_0030092,600,450,1.3333333333333333
ISIC_0030093,600,450,1.3333333333333333
ISIC_0030094,600,450,1.3333333333333333
ISIC_0030095,600,450,1.3333333333333333
ISIC_0030096,600,450,1.3333333333333333
ISIC_0030098,600,450,1.3333333333333333
ISIC_0030099,600,450,1.3333333333333333
ISIC_0030100,600,450,1.3333333333333333
ISIC_0030101,600,450,1.3333333333333333
ISIC_0030102,600,450,1.3333333333333333
ISIC_0030103,600,450,1.3333333333333333
ISIC_0030104,600,450,1.3333333333333333
ISIC_0030105,600,450,1.3333333333333333
ISIC_0030107,600,450,1.3333333333333333
ISIC_0030108,600,450,1.3333333333333333
ISIC_0030109,600,450,1.3333333333333333
ISIC_0030110,600,450,1.3333333333333333
ISIC_0030111,600,450,1.3333333333333333
ISIC_0030113,600,450,1.3333333333333333
ISIC_0030114,600,450,1.3333333333333333
ISIC_0030116,600,450,1.3333333333333333
ISIC_0030117,600,450,1.3333333333333333
ISIC_0030118,600,450,1.3333333333333333
ISIC_0030119,600,450,1.3333333333333333
ISIC_0030121,600,450,1.3333333333333333
ISIC_0030122,600,450,1.3333333333333333
ISIC_0030123,600,450,1.3333333333333333
ISIC_0030124,600,450,1.3333333333333333
ISIC_0030125,600,450,1.3333333333333333
ISIC_0030126,600,450,1.3333333333333333
ISIC_0030127,600,450,1.3333333333333333
ISIC_0030128,600,450,1.3333333333333333
ISIC_0030129,600,450,1.3333333333333333
ISIC_0030130,600,450,1.3333333333333333
ISIC_0030131,600,450,1.3333333333333333
ISIC_0030132,600,450,1.3333333333333333
ISIC_0030133,600,450,1.3333333333333333
ISIC_0030135,600,450,1.3333333333333333
ISIC_0030137,600,450,1.3333333333333333
ISIC_0030139,600,450,1.3333333333333333
ISIC_0030140,600,450,1.3333333333333333
ISIC_0030141,600,450,1.3333333333333333
ISIC_0030142,600,450,1.3333333333333333
ISIC_0030143,600,450,1.3333333333333333
ISIC_0030144,600,450,1.3333333333333333
ISIC_0030145,600,450,1.3333333333333333
ISIC_0030148,600,450,1.3333333333333333
ISIC_0030149,600,450,1.3333333333333333
ISIC_0030150,600,450,1.3333333333333333
ISIC_0030151,600,450,1.3333333333333333
ISIC_0030152,600,450,1.3333333333333333
ISIC_0030153,600,450,1.3333333333333333
ISIC_0030154,600,450,1.3333333333333333
ISIC_0030155,600,450,1.3333333333333333
ISIC_0030156,600,450,1.3333333333333333
ISIC_0030157,600,450,1.3333333333333333
ISIC_0030158,600,450,1.3333333333333333
ISIC_0030159,600,450,1.3333333333333333
ISIC_0030161,600,450,1.3333333333333333
ISIC_0030162,600,450,1.3333333333333333
ISIC_0030163,600,450,1.3333333333333333
ISIC_0030164,600,450,1.3333333333333333
ISIC_0030165,600,450,1.3333333333333333
ISIC_0030166,600,450,1.3333333333333333
ISIC_0030167,600,450,1.3333333333333333
ISIC_0030170,600,450,1.3333333333333333
ISIC_0030172,600,450,1.3333333333333333
ISIC_0030174,600,450,1.3333333333333333
ISIC_0030176,600,450,1.3333333333333333
ISIC_0030178,600,450,1.3333333333333333
ISIC_0030179,600,450,1.3333333333333333
ISIC_0030180,600,450,1.3333333333333333
ISIC_0030181,600,450,1.3333333333333333
ISIC_0030182,600,450,1.3333333333333333
ISIC_0030183,600,450,1.3333333333333333
ISIC_0030184,600,450,1.3333333333333333
ISIC_0030185,600,450,1.3333333333333333
ISIC_0030186,600,450,1.3333333333333333
ISIC_0030187,600,450,1.3333333333333333
ISIC_0030188,600,450,1.3333333333333333
ISIC_0030189,600,450,1.3333333333333333
ISIC_0030190,600,450,1.3333333333333333
ISIC_0030192,600,450,1.3333333333333333
ISIC_0030195,600,450,1.3333333333333333
ISIC_0030196,600,450,1.3333333333333333
ISIC_0030197,600,450,1.3333333333333333
ISIC_0030198,600,450,1.3333333333333333
ISIC_0030199,600,450,1.3333333333333333
ISIC_0030200,600,450,1.3333333333333333
ISIC_0030201,600,450,1.3333333333333333
ISIC_0030202,600,450,1.3333333333333333
ISIC_0030203,600,450,1.3333333333333333
ISIC_0030204,600,450,1.3333333333333333
ISIC_0030205,600,450,1.3333333333333333
ISIC_0030206,600,450,1.3333333333333333
ISIC_0030207,600,450,1.3333333333333333
ISIC_0030209,600,450,1.3333333333333333
ISIC_0030210,600,450,1.3333333333333333
ISIC_0030211,600,450,1.3333333333333333
ISIC_0030212,600,450,1.3333333333333333
ISIC_0030213,600,450,1.3333333333333333
ISIC_0030214,600,450,1.3333333333333333
ISIC_0030215,600,450,1.3333333333333333
ISIC_0030216,600,450,1.3333333333333333
ISIC_0030217,600,450,1.3333333333333333
ISIC_0030218,600,450,1.3333333333333333
ISIC_0030219,600,450,1.3333333333333333
ISIC_0030221,600,450,1.3333333333333333
ISIC_0030222,600,450,1.3333333333333333
ISIC_0030224,600,450,1.3333333333333333
ISIC_0030225,600,450,1.3333333333333333
ISIC_0030226,600,450,1.3333333333333333
ISIC_0030227,600,450,1.3333333333333333
ISIC_0030228,600,450,1.3333333333333333
ISIC_0030229,600,450,1.3333333333333333
ISIC_0030230,600,450,1.3333333333333333
ISIC_0030231,600,450,1.3333333333333333
ISIC_0030232,600,450,1.3333333333333333
ISIC_0030233,600,450,1.3333333333333333
ISIC_0030234,600,450,1.3333333333333333
ISIC_0030236,600,450,1.3333333333333333
ISIC_0030241,600,450,1.3333333333333333
ISIC_0030242,600,450,1.3333333333333333
ISIC_0030243,600,450,1.3333333333333333
ISIC_0030245,600,450,1.3333333333333333
ISIC_0030246,600,450,1.3333333333333333
ISIC_0030247,600,450,1.3333333333333333
ISIC_0030248,600,450,1.3333333333333333
ISIC_0030250,600,450,1.3333333333333333
ISIC_0030251,600,450,1.3333333333333333
ISIC_0030252,600,450,1.3333333333333333
ISIC_0030253,600,450,1.3333333333333333
ISIC_0030254,600,450,1.3333333333333333
ISIC_0030255,600,450,1.3333333333333333
ISIC_0030257,600,450,1.3333333333333333
ISIC_0030258,600,450,1.3333333333333333
ISIC_0030259,600,450,1.3333333333333333
ISIC_0030261,600,450,1.3333333333333333
ISIC_0030262,600,450,1.3333333333333333
ISIC_0030263,600,450,1.3333333333333333
ISIC_0030264,600,450,1.3333333333333333
ISIC_0030266,600,450,1.3333333333333333
ISIC_0030268,600,450,1.3333333333333333
ISIC_0030272,600,450,1.3333333333333333
ISIC_0030273,600,450,1.3333333333333333
ISIC_0030275,600,450,1.3333333333333333
ISIC_0030276,600,450,1.3333333333333333
ISIC_0030277,600,450,1.3333333333333333
ISIC_0030278,600,450,1.3333333333333333
ISIC_0030279,600,450,1.3333333333333333
ISIC_0030280,600,450,1.3333333333333333
ISIC_0030282,600,450,1.3333333333333333
ISIC_0030283,600,450,1.3333333333333333
ISIC_0030284,600,450,1.3333333333333333
ISIC_0030285,600,450,1.3333333333333333
ISIC_0030286,600,450,1.3333333333333333
ISIC_0030288,600,450,1.3333333333333333
ISIC_0030290,600,450,1.3333333333333333
ISIC_0030291,600,450,1.3333333333333333
ISIC_0030292,600,450,1.3333333333333333
ISIC_0030293,600,450,1.3333333333333333
ISIC_0030294,600,450,1.3333333333333333
ISIC_0030295,600,450,1.3333333333333333
ISIC_0030296,600,450,1.3333333333333333
ISIC_0030297,600,450,1.3333333333333333
ISIC_0030298,600,450,1.3333333333333333
ISIC_0030299,600,450,1.3333333333333333
ISIC_0030300,600,450,1.3333333333333333
ISIC_0030301,600,450,1.3333333333333333
ISIC_0030302,600,450,1.3333333333333333
ISIC_0030303,600,450,1.3333333333333333
ISIC_0030304,600,450,1.3333333333333333
ISIC_0030306,600,450,1.3333333333333333
ISIC_0030308,600,450,1.3333333333333333
ISIC_0030309,600,450,1.3333333333333333
ISIC_0030310,600,450,1.3333333333333333
ISIC_0030311,600,450,1.3333333333333333
ISIC_0030312,600,450,1.3333333333333333
ISIC_0030313,600,450,1.3333333333333333
ISIC_0030314,600,450,1.3333333333333333
ISIC_0030315,600,450,1.3333333333333333
ISIC_0030316,600,450,1.3333333333333333
ISIC_0030317,600,450,1.3333333333333333
ISIC_0030318,600,450,1.3333333333333333
ISIC_0030319,600,450,1.3333333333333333
ISIC_0030320,600,450,1.3333333333333333
ISIC_0030321,600,450,1.3333333333333333
ISIC_0030323,600,450,1.3333333333333333
ISIC_0030324,600,450,1.3333333333333333
ISIC_0030326,600,450,1.3333333333333333
ISIC_0030327,600,450,1.3333333333333333
ISIC_0030328,600,450,1.3333333333333333
ISIC_0030329,600,450,1.3333333333333333
ISIC_0030330,600,450,1.3333333333333333
ISIC_0030331,600,450,1.3333333333333333
ISIC_0030332,600,450,1.3333333333333333
ISIC_0030334,600,450,1.3333333333333333
ISIC_0030335,600,450,1.3333333333333333
ISIC_0030336,600,450,1.3333333333333333
ISIC_0030337,600,450,1.3333333333333333
ISIC_0030338,600,450,1.3333333333333333
ISIC_0030340,600,450,1.3333333333333333
ISIC_0030341,600,450,1.3333333333333333
ISIC_0030342,600,450,1.3333333333333333
ISIC_0030343,600,450,1.3333333333333333
ISIC_0030344,600,450,1.3333333333333333
ISIC_0030345,600,450,1.3333333333333333
ISIC_0030346,600,450,1.3333333333333333
ISIC_0030348,600,450,1.3333333333333333
ISIC_0030349,600,450,1.3333333333333333
ISIC_0030350,600,450,1.3333333333333333
ISIC_0030352,600,450,1.3333333333333333
ISIC_0030355,600,450,1.3333333333333333
ISIC_0030356,600,450,1.3333333333333333
ISIC_0030358,600,450,1.3333333333333333
ISIC_0030359,600,450,1.3333333333333333
ISIC_0030360,600,450,1.3333333333333333
ISIC_0030361,600,450,1.3333333333333333
ISIC_0030362,600,450,1.3333333333333333
ISIC_0030363,600,450,1.3333333333333333
ISIC_0030364,600,450,1.3333333333333333
ISIC_0030365,600,450,1.3333333333333333
ISIC_0030367,600,450,1.3333333333333333
ISIC_0030368,600,450,1.3333333333333333
ISIC_0030369,600,450,1.3333333333333333
ISIC_0030370,600,450,1.3333333333333333
ISIC_0030371,600,450,1.3333333333333333
ISIC_0030372,600,450,1.3333333333333333
ISIC_0030373,600,450,1.3333333333333333
ISIC_0030374,600,450,1.3333333333333333
ISIC_0030375,600,450,1.3333333333333333
ISIC_0030377,600,450,1.3333333333333333
ISIC_0030378,600,450,1.3333333333333333
ISIC_0030379,600,450,1.3333333333333333
ISIC_0030380,600,450,1.3333333333333333
ISIC_0030382,600,450,1.3333333333333333
ISIC_0030383,600,450,1.3333333333333333
ISIC_0030384,600,450,1.3333333333333333
ISIC_0030386,600,450,1.3333333333333333
ISIC_0030387,600,450,1.3333333333333333
ISIC_0030388,600,450,1.3333333333333333
ISIC_0030389,600,450,1.3333333333333333
ISIC_0030390,600,450,1.3333333333333333
ISIC_0030392,600,450,1.3333333333333333
ISIC_0030393,600,450,1.3333333333333333
ISIC_0030395,600,450,1.3333333333333333
ISIC_0030396,600,450,1.3333333333333333
ISIC_0030398,600,450,1.3333333333333333
ISIC_0030399,600,450,1.3333333333333333
ISIC_0030400,600,450,1.3333333333333333
ISIC_0030401,600,450,1.3333333333333333
ISIC_0030402,600,450,1.3333333333333333
ISIC_0030403,600,450,1.3333333333333333
ISIC_0030404,600,450,1.3333333333333333
ISIC_0030405,600,450,1.3333333333333333
ISIC_0030406,600,450,1.3333333333333333
ISIC_0030407,600,450,1.3333333333333333
ISIC_0030408,600,450,1.3333333333333333
ISIC_0030409,600,450,1.3333333333333333
ISIC_0030410,600,450,1.3333333333333333
ISIC_0030411,600,450,1.3333333333333333
ISIC_0030412,600,450,1.3333333333333333
ISIC_0030414,600,450,1.3333333333333333
ISIC_0030416,600,450,1.3333333333333333
ISIC_0030417,600,450,1.3333333333333333
ISIC_0030418,600,450,1.3333333333333333
ISIC_0030419,600,450,1.3333333333333333
ISIC_0030420,600,450,1.3333333333333333
ISIC_0030421,600,450,1.3333333333333333
ISIC_0030423,600,450,1.3333333333333333
ISIC_0030425,600,450,1.3333333333333333
ISIC_0030426,600,450,1.3333333333333333
ISIC_0030428,600,450,1.3333333333333333
ISIC_0030429,600,450,1.3333333333333333
ISIC_0030430,600,450,1.3333333333333333
ISIC_0030432,600,450,1.3333333333333333
ISIC_0030434,600,450,1.3333333333333333
ISIC_0030435,600,450,1.3333333333333333
ISIC_0030437,600,450,1.3333333333333333
ISIC_0030438,600,450,1.3333333333333333
ISIC_0030439,600,450,1.3333333333333333
ISIC_0030440,600,450,1.3333333333333333
ISIC_0030441,600,450,1.3333333333333333
ISIC_0030443,600,450,1.3333333333333333
ISIC_0030444,600,450,1.3333333333333333
ISIC_0030445,600,450,1.3333333333333333
ISIC_0030447,600,450,1.3333333333333333
ISIC_0030448,600,450,1.3333333333333333
ISIC_0030449,600,450,1.3333333333333333
ISIC_0030451,600,450,1.3333333333333333
ISIC_0030452,600,450,1.3333333333333333
ISIC_0030453,600,450,1.3333333333333333
ISIC_0030454,600,450,1.3333333333333333
ISIC_0030455,600,450,1.3333333333333333
ISIC_0030456,600,450,1.3333333333333333
ISIC_0030459,600,450,1.3333333333333333
ISIC_0030461,600,450,1.3333333333333333
ISIC_0030462,600,450,1.3333333333333333
ISIC_0030463,600,450,1.3333333333333333
ISIC_0030464,600,450,1.3333333333333333
ISIC_0030465,600,450,1.3333333333333333
ISIC_0030466,600,450,1.3333333333333333
ISIC_0030467,600,450,1.3333333333333333
ISIC_0030468,600,450,1.3333333333333333
ISIC_0030469,600,450,1.3333333333333333
ISIC_0030472,600,450,1.3333333333333333
ISIC_0030473,600,450,1.3333333333333333
ISIC_0030474,600,450,1.3333333333333333
ISIC_0030476,600,450,1.3333333333333333
ISIC_0030478,600,450,1.3333333333333333
ISIC_0030479,600,450,1.3333333333333333
ISIC_0030480,600,450,1.3333333333333333
ISIC_0030481,600,450,1.3333333333333333
ISIC_0030482,600,450,1.3333333333333333
ISIC_0030483,600,450,1.3333333333333333
ISIC_0030484,600,450,1.3333333333333333
ISIC_0030485,600,450,1.3333333333333333
ISIC_0030486,600,450,1.3333333333333333
ISIC_0030488,600,450,1.3333333333333333
ISIC_0030489,600,450,1.3333333333333333
ISIC_0030491,600,450,1.3333333333333333
ISIC_0030492,600,450,1.3333333333333333
ISIC_0030493,600,450,1.3333333333333333
ISIC_0030494,600,450,1.3333333333333333
ISIC_0030495,600,450,1.3333333333333333
ISIC_0030496,600,450,1.3333333333333333
ISIC_0030497,600,450,1.3333333333333333
ISIC_0030498,600,450,1.3333333333333333
ISIC_0030499,600,450,1.3333333333333333
ISIC_0030500,600,450,1.3333333333333333
ISIC_0030501,600,450,1.3333333333333333
ISIC_0030503,600,450,1.3333333333333333
ISIC_0030504,600,450,1.3333333333333333
ISIC_0030506,600,450,1.3333333333333333
ISIC_0030507,600,450,1.3333333333333333
ISIC_0030508,600,450,1.3333333333333333
ISIC_0030509,600,450,1.3333333333333333
ISIC_0030511,600,450,1.3333333333333333
ISIC_0030513,600,450,1.3333333333333333
ISIC_0030514,600,450,1.3333333333333333
ISIC_0030517,600,450,1.3333333333333333
ISIC_0030518,600,450,1.3333333333333333
ISIC_0030519,600,450,1.3333333333333333
ISIC_0030520,600,450,1.3333333333333333
ISIC_0030521,600,450,1.3333333333333333
ISIC_0030523,600,450,1.3333333333333333
ISIC_0030526,600,450,1.3333333333333333
ISIC_0030531,600,450,1.3333333333333333
ISIC_0030532,600,450,1.3333333333333333
ISIC_0030533,600,450,1.3333333333333333
ISIC_0030534,600,450,1.3333333333333333
ISIC_0030536,600,450,1.3333333333333333
ISIC_0030538,600,450,1.3333333333333333
ISIC_0030539,600,450,1.3333333333333333
ISIC_0030540,600,450,1.3333333333333333
ISIC_0030541,600,450,1.3333333333333333
ISIC_0030542,600,450,1.3333333333333333
ISIC_0030544,600,450,1.3333333333333333
ISIC_0030545,600,450,1.3333333333333333
ISIC_0030547,600,450,1.3333333333333333
ISIC_0030548,600,450,1.3333333333333333
ISIC_0030549,600,450,1.3333333333333333
ISIC_0030551,600,450,1.3333333333333333
ISIC_0030552,600,450,1.3333333333333333
ISIC_0030553,600,450,1.3333333333333333
ISIC_0030554,600,450,1.3333333333333333
ISIC_0030555,600,450,1.3333333333333333
ISIC_0030558,600,450,1.3333333333333333
ISIC_0030561,600,450,1.3333333333333333
ISIC_0030562,600,450,1.3333333333333333
ISIC_0030563,600,450,1.3333333333333333
ISIC_0030564,600,450,1.3333333333333333
ISIC_0030565,600,450,1.3333333333333333
ISIC_0030566,600,450,1.3333333333333333
ISIC_0030567,600,450,1.3333333333333333
ISIC_0030568,600,450,1.3333333333333333
ISIC_0030569,600,450,1.3333333333333333
ISIC_0030570,600,450,1.3333333333333333
ISIC_0030571,600,450,1.3333333333333333
ISIC_0030573,600,450,1.3333333333333333
ISIC_0030574,600,450,1.3333333333333333
ISIC_0030575,600,450,1.3333333333333333
ISIC_0030576,600,450,1.3333333333333333
ISIC_0030577,600,450,1.3333333333333333
ISIC_0030578,600,450,1.3333333333333333
ISIC_0030579,600,450,1.3333333333333333
ISIC_0030580,600,450,1.3333333333333333
ISIC_0030581,600,450,1.3333333333333333
ISIC_0030582,600,450,1.3333333333333333
ISIC_0030585,600,450,1.3333333333333333
ISIC_0030586,600,450,1.3333333333333333
ISIC_0030587,600,450,1.3333333333333333
ISIC_0030588,600,450,1.3333333333333333
ISIC_0030590,600,450,1.3333333333333333
ISIC_0030591,600,450,1.3333333333333333
ISIC_0030592,600,450,1.3333333333333333
ISIC_0030594,600,450,1.3333333333333333
ISIC_0030595,600,450,1.3333333333333333
ISIC_0030596,600,450,1.3333333333333333
ISIC_0030597,600,450,1.3333333333333333
ISIC_0030599,600,450,1.3333333333333333
ISIC_0030600,600,450,1.3333333333333333
ISIC_0030601,600,450,1.3333333333333333
ISIC_0030602,600,450,1.3333333333333333
ISIC_0030603,600,450,1.3333333333333333
ISIC_0030604,600,450,1.3333333333333333
ISIC_0030605,600,450,1.3333333333333333
ISIC_0030607,600,450,1.3333333333333333
ISIC_0030608,600,450,1.3333333333333333
ISIC_0030610,600,450,1.3333333333333333
ISIC_0030611,600,450,1.3333333333333333
ISIC_0030612,600,450,1.3333333333333333
ISIC_0030613,600,450,1.3333333333333333
ISIC_0030615,600,450,1.3333333333333333
ISIC_0030616,600,450,1.3333333333333333
ISIC_0030617,600,450,1.3333333333333333
ISIC_0030620,600,450,1.3333333333333333
ISIC_0030621,600,450,1.3333333333333333
ISIC_0030622,600,450,1.3333333333333333
ISIC_0030623,600,450,1.3333333333333333
ISIC_0030624,600,450,1.3333333333333333
ISIC_0030626,600,450,1.3333333333333333
ISIC_0030627,600,450,1.3333333333333333
ISIC_0030628,600,450,1.3333333333333333
ISIC_0030629,600,450,1.3333333333333333
ISIC_0030630,600,450,1.3333333333333333
ISIC_0030631,600,450,1.3333333333333333
ISIC_0030632,600,450,1.3333333333333333
ISIC_0030633,600,450,1.3333333333333333
ISIC_0030634,600,450,1.3333333333333333
ISIC_0030635,600,450,1.3333333333333333
ISIC_0030638,600,450,1.3333333333333333
ISIC_0030639,600,450,1.3333333333333333
ISIC_0030640,600,450,1.3333333333333333
ISIC_0030641,600,450,1.3333333333333333
ISIC_0030642,600,450,1.3333333333333333
ISIC_0030643,600,450,1.3333333333333333
ISIC_0030644,600,450,1.3333333333333333
ISIC_0030645,600,450,1.3333333333333333
ISIC_0030646,600,450,1.3333333333333333
ISIC_0030648,600,450,1.3333333333333333
ISIC_0030649,600,450,1.3333333333333333
ISIC_0030651,600,450,1.3333333333333333
ISIC_0030652,600,450,1.3333333333333333
ISIC_0030653,600,450,1.3333333333333333
ISIC_0030654,600,450,1.3333333333333333
ISIC_0030656,600,450,1.3333333333333333
ISIC_0030658,600,450,1.3333333333333333
ISIC_0030659,600,450,1.3333333333333333
ISIC_0030661,600,450,1.3333333333333333
ISIC_0030662,600,450,1.3333333333333333
ISIC_0030663,600,450,1.3333333333333333
ISIC_0030664,600,450,1.3333333333333333
ISIC_0030665,600,450,1.3333333333333333
ISIC_0030666,600,450,1.3333333333333333
ISIC_0030667,600,450,1.3333333333333333
ISIC_0030668,600,450,1.3333333333333333
ISIC_0030669,600,450,1.3333333333333333
ISIC_0030670,600,450,1.3333333333333333
ISIC_0030671,600,450,1.3333333333333333
ISIC_0030672,600,450,1.3333333333333333
ISIC_0030673,600,450,1.3333333333333333
ISIC_0030674,600,450,1.3333333333333333
ISIC_0030675,600,450,1.3333333333333333
ISIC_0030676,600,450,1.3333333333333333
ISIC_0030677,600,450,1.3333333333333333
ISIC_0030678,600,450,1.3333333333333333
ISIC_0030680,600,450,1.3333333333333333
ISIC_0030681,600,450,1.3333333333333333
ISIC_0030683,600,450,1.3333333333333333
ISIC_0030684,600,450,1.3333333333333333
ISIC_0030685,600,450,1.3333333333333333
ISIC_0030686,600,450,1.3333333333333333
ISIC_0030687,600,450,1.3333333333333333
ISIC_0030688,600,450,1.3333333333333333
ISIC_0030689,600,450,1.3333333333333333
ISIC_0030692,600,450,1.3333333333333333
ISIC_0030695,600,450,1.3333333333333333
ISIC_0030697,600,450,1.3333333333333333
ISIC_0030698,600,450,1.3333333333333333
ISIC_0030699,600,450,1.3333333333333333
ISIC_0030701,600,450,1.3333333333333333
ISIC_0030702,600,450,1.3333333333333333
ISIC_0030703,600,450,1.3333333333333333
ISIC_0030706,600,450,1.3333333333333333
ISIC_0030707,600,450,1.3333333333333333
ISIC_0030709,600,450,1.3333333333333333
ISIC_0030711,600,450,1.3333333333333333
ISIC_0030712,600,450,1.3333333333333333
ISIC_0030713,600,450,1.3333333333333333
ISIC_0030714,600,450,1.3333333333333333
ISIC_0030715,600,450,1.3333333333333333
ISIC_0030716,600,450,1.3333333333333333
ISIC_0030717,600,450,1.3333333333333333
ISIC_0030718,600,450,1.3333333333333333
ISIC_0030719,600,450,1.3333333333333333
ISIC_0030721,600,450,1.3333333333333333
ISIC_0030723,600,450,1.3333333333333333
ISIC_0030724,600,450,1.3333333333333333
ISIC_0030725,600,450,1.3333333333333333
ISIC_0030726,600,450,1.3333333333333333
ISIC_0030729,600,450,1.3333333333333333
ISIC_0030730,600,450,1.3333333333333333
ISIC_0030733,600,450,1.3333333333333333
ISIC_0030734,600,450,1.3333333333333333
ISIC_0030736,600,450,1.3333333333333333
ISIC_0030737,600,450,1.3333333333333333
ISIC_0030738,600,450,1.3333333333333333
ISIC_0030739,600,450,1.3333333333333333
ISIC_0030740,600,450,1.3333333333333333
ISIC_0030742,600,450,1.3333333333333333
ISIC_0030747,600,450,1.3333333333333333
ISIC_0030748,600,450,1.3333333333333333
ISIC_0030750,600,450,1.3333333333333333
ISIC_0030751,600,450,1.3333333333333333
ISIC_0030753,600,450,1.3333333333333333
ISIC_0030754,600,450,1.3333333333333333
ISIC_0030755,600,450,1.3333333333333333
ISIC_0030757,600,450,1.3333333333333333
ISIC_0030759,600,450,1.3333333333333333
ISIC_0030760,600,450,1.3333333333333333
ISIC_0030761,600,450,1.3333333333333333
ISIC_0030762,600,450,1.3333333333333333
ISIC_0030763,600,450,1.3333333333333333
ISIC_0030766,600,450,1.3333333333333333
ISIC_0030768,600,450,1.3333333333333333
ISIC_0030769,600,450,1.3333333333333333
ISIC_0030770,600,450,1.3333333333333333
ISIC_0030771,600,450,1.3333333333333333
ISIC_0030772,600,450,1.3333333333333333
ISIC_0030774,600,450,1.3333333333333333
ISIC_0030775,600,450,1.3333333333333333
ISIC_0030776,600,450,1.3333333333333333
ISIC_0030777,600,450,1.3333333333333333
ISIC_0030778,600,450,1.3333333333333333
ISIC_0030780,600,450,1.3333333333333333
ISIC_0030781,600,450,1.3333333333333333
ISIC_0030782,600,450,1.3333333333333333
ISIC_0030783,600,450,1.3333333333333333
ISIC_0030784,600,450,1.3333333333333333
ISIC_0030786,600,450,1.3333333333333333
ISIC_0030788,600,450,1.3333333333333333
ISIC_0030789,600,450,1.3333333333333333
ISIC_0030791,600,450,1.3333333333333333
ISIC_0030792,600,450,1.3333333333333333
ISIC_0030793,600,450,1.3333333333333333
ISIC_0030794,600,450,1.3333333333333333
ISIC_0030795,600,450,1.3333333333333333
ISIC_0030796,600,450,1.3333333333333333
ISIC_0030797,600,450,1.3333333333333333
ISIC_0030798,600,450,1.3333333333333333
ISIC_0030799,600,450,1.3333333333333333
ISIC_0030800,600,450,1.3333333333333333
ISIC_0030801,600,450,1.3333333333333333
ISIC_0030802,600,450,1.3333333333333333
ISIC_0030803,600,450,1.3333333333333333
ISIC_0030806,600,450,1.3333333333333333
ISIC_0030807,600,450,1.3333333333333333
ISIC_0030808,600,450,1.3333333333333333
ISIC_0030809,600,450,1.3333333333333333
ISIC_0030811,600,450,1.3333333333333333
ISIC_0030812,600,450,1.3333333333333333
ISIC_0030813,600,450,1.3333333333333333
ISIC_0030814,600,450,1.3333333333333333
ISIC_0030816,600,450,1.3333333333333333
ISIC_0030817,600,450,1.3333333333333333
ISIC_0030818,600,450,1.3333333333333333
ISIC_0030819,600,450,1.3333333333333333
ISIC_0030821,600,450,1.3333333333333333
ISIC_0030822,600,450,1.3333333333333333
ISIC_0030825,600,450,1.3333333333333333
ISIC_0030827,600,450,1.3333333333333333
ISIC_0030828,600,450,1.3333333333333333
ISIC_0030829,600,450,1.3333333333333333
ISIC_0030830,600,450,1.3333333333333333
ISIC_0030831,600,450,1.3333333333333333
ISIC_0030833,600,450,1.3333333333333333
ISIC_0030834,600,450,1.3333333333333333
ISIC_0030835,600,450,1.3333333333333333
ISIC_0030836,600,450,1.3333333333333333
ISIC_0030838,600,450,1.3333333333333333
ISIC_0030840,600,450,1.3333333333333333
ISIC_0030841,600,450,1.3333333333333333
ISIC_0030842,600,450,1.3333333333333333
ISIC_0030843,600,450,1.3333333333333333
ISIC_0030845,600,450,1.3333333333333333
ISIC_0030846,600,450,1.3333333333333333
ISIC_0030847,600,450,1.3333333333333333
ISIC_0030848,600,450,1.3333333333333333
ISIC_0030849,600,450,1.3333333333333333
ISIC_0030850,600,450,1.3333333333333333
ISIC_0030851,600,450,1.3333333333333333
ISIC_0030852,600,450,1.3333333333333333
ISIC_0030853,600,450,1.3333333333333333
ISIC_0030854,600,450,1.3333333333333333
ISIC_0030855,600,450,1.3333333333333333
ISIC_0030859,600,450,1.3333333333333333
ISIC_0030860,600,450,1.3333333333333333
ISIC_0030862,600,450,1.3333333333333333
ISIC_0030863,600,450,1.3333333333333333
ISIC_0030864,600,450,1.3333333333333333
ISIC_0030865,600,450,1.3333333333333333
ISIC_0030866,600,450,1.3333333333333333
ISIC_0030869,600,450,1.3333333333333333
ISIC_0030870,600,450,1.3333333333333333
ISIC_0030871,600,450,1.3333333333333333
ISIC_0030872,600,450,1.3333333333333333
ISIC_0030873,600,450,1.3333333333333333
ISIC_0030875,600,450,1.3333333333333333
ISIC_0030876,600,450,1.3333333333333333
ISIC_0030877,600,450,1.3333333333333333
ISIC_0030878,600,450,1.3333333333333333
ISIC_0030879,600,450,1.3333333333333333
ISIC_0030880,600,450,1.3333333333333333
ISIC_0030881,600,450,1.3333333333333333
ISIC_0030882,600,450,1.3333333333333333
ISIC_0030883,600,450,1.3333333333333333
ISIC_0030884,600,450,1.3333333333333333
ISIC_0030885,600,450,1.3333333333333333
ISIC_0030886,600,450,1.3333333333333333
ISIC_0030887,600,450,1.3333333333333333
ISIC_0030889,600,450,1.3333333333333333
ISIC_0030893,600,450,1.3333333333333333
ISIC_0030894,600,450,1.3333333333333333
ISIC_0030895,600,450,1.3333333333333333
ISIC_0030896,600,450,1.3333333333333333
ISIC_0030897,600,450,1.3333333333333333
ISIC_0030898,600,450,1.3333333333333333
ISIC_0030899,600,450,1.3333333333333333
ISIC_0030900,600,450,1.3333333333333333
ISIC_0030901,600,450,1.3333333333333333
ISIC_0030903,600,450,1.3333333333333333
ISIC_0030906,600,450,1.3333333333333333
ISIC_0030907,600,450,1.3333333333333333
ISIC_0030908,600,450,1.3333333333333333
ISIC_0030909,600,450,1.3333333333333333
ISIC_0030910,600,450,1.3333333333333333
ISIC_0030911,600,450,1.3333333333333333
ISIC_0030912,600,450,1.3333333333333333
ISIC_0030913,600,450,1.3333333333333333
ISIC_0030914,600,450,1.3333333333333333
ISIC_0030916,600,450,1.3333333333333333
ISIC_0030917,600,450,1.3333333333333333
ISIC_0030918,600,450,1.3333333333333333
ISIC_0030919,600,450,1.3333333333333333
ISIC_0030920,600,450,1.3333333333333333
ISIC_0030921,600,450,1.3333333333333333
ISIC_0030922,600,450,1.3333333333333333
ISIC_0030923,600,450,1.3333333333333333
ISIC_0030924,600,450,1.3333333333333333
ISIC_0030925,600,450,1.3333333333333333
ISIC_0030927,600,450,1.3333333333333333
ISIC_0030928,600,450,1.3333333333333333
ISIC_0030929,600,450,1.3333333333333333
ISIC_0030930,600,450,1.3333333333333333
ISIC_0030931,600,450,1.3333333333333333
ISIC_0030932,600,450,1.3333333333333333
ISIC_0030933,600,450,1.3333333333333333
ISIC_0030934,600,450,1.3333333333333333
ISIC_0030935,600,450,1.3333333333333333
ISIC_0030937,600,450,1.3333333333333333
ISIC_0030939,600,450,1.3333333333333333
ISIC_0030940,600,450,1.3333333333333333
ISIC_0030941,600,450,1.3333333333333333
ISIC_0030942,600,450,1.3333333333333333
ISIC_0030943,600,450,1.3333333333333333
ISIC_0030945,600,450,1.3333333333333333
ISIC_0030947,600,450,1.3333333333333333
ISIC_0030949,600,450,1.3333333333333333
ISIC_0030950,600,450,1.3333333333333333
ISIC_0030951,600,450,1.3333333333333333
ISIC_0030952,600,450,1.3333333333333333
ISIC_0030953,600,450,1.3333333333333333
ISIC_0030954,600,450,1.3333333333333333
ISIC_0030955,600,450,1.3333333333333333
ISIC_0030956,600,450,1.3333333333333333
ISIC_0030958,600,450,1.3333333333333333
ISIC_0030959,600,450,1.3333333333333333
ISIC_0030960,600,450,1.3333333333333333
ISIC_0030961,600,450,1.3333333333333333
ISIC_0030962,600,450,1.3333333333333333
ISIC_0030963,600,450,1.3333333333333333
ISIC_0030964,600,450,1.3333333333333333
ISIC_0030967,600,450,1.3333333333333333
ISIC_0030968,600,450,1.3333333333333333
ISIC_0030969,600,450,1.3333333333333333
ISIC_0030970,600,450,1.3333333333333333
ISIC_0030971,600,450,1.3333333333333333
ISIC_0030972,600,450,1.3333333333333333
ISIC_0030973,600,450,1.3333333333333333
ISIC_0030974,600,450,1.3333333333333333
ISIC_0030975,600,450,1.3333333333333333
ISIC_0030976,600,450,1.3333333333333333
ISIC_0030977,600,450,1.3333333333333333
ISIC_0030978,600,450,1.3333333333333333
ISIC_0030979,600,450,1.3333333333333333
ISIC_0030980,600,450,1.3333333333333333
ISIC_0030982,600,450,1.3333333333333333
ISIC_0030983,600,450,1.3333333333333333
ISIC_0030985,600,450,1.3333333333333333
ISIC_0030986,600,450,1.3333333333333333
ISIC_0030987,600,450,1.3333333333333333
ISIC_0030988,600,450,1.3333333333333333
ISIC_0030989,600,450,1.3333333333333333
ISIC_0030990,600,450,1.3333333333333333
ISIC_0030991,600,450,1.3333333333333333
ISIC_0030992,600,450,1.3333333333333333
ISIC_0030993,600,450,1.3333333333333333
ISIC_0030994,600,450,1.3333333333333333
ISIC_0030995,600,450,1.3333333333333333
ISIC_0030998,600,450,1.3333333333333333
ISIC_0030999,600,450,1.3333333333333333
ISIC_0031001,600,450,1.3333333333333333
ISIC_0031002,600,450,1.3333333333333333
ISIC_0031005,600,450,1.3333333333333333
ISIC_0031006,600,450,1.3333333333333333
ISIC_0031007,600,450,1.3333333333333333
ISIC_0031008,600,450,1.3333333333333333
ISIC_0031011,600,450,1.3333333333333333
ISIC_0031012,600,450,1.3333333333333333
ISIC_0031017,600,450,1.3333333333333333
ISIC_0031018,600,450,1.3333333333333333
ISIC_0031021,600,450,1.3333333333333333
ISIC_0031022,600,450,1.3333333333333333
ISIC_0031024,600,450,1.3333333333333333
ISIC_0031025,600,450,1.3333333333333333
ISIC_0031026,600,450,1.3333333333333333
ISIC_0031027,600,450,1.3333333333333333
ISIC_0031028,600,450,1.3333333333333333
ISIC_0031029,600,450,1.3333333333333333
ISIC_0031030,600,450,1.3333333333333333
ISIC_0031031,600,450,1.3333333333333333
ISIC_0031032,600,450,1.3333333333333333
ISIC_0031033,600,450,1.3333333333333333
ISIC_0031036,600,450,1.3333333333333333
ISIC_0031037,600,450,1.3333333333333333
ISIC_0031039,600,450,1.3333333333333333
ISIC_0031040,600,450,1.3333333333333333
ISIC_0031041,600,450,1.3333333333333333
ISIC_0031042,600,450,1.3333333333333333
ISIC_0031043,600,450,1.3333333333333333
ISIC_0031045,600,450,1.3333333333333333
ISIC_0031046,600,450,1.3333333333333333
ISIC_0031047,600,450,1.3333333333333333
ISIC_0031048,600,450,1.3333333333333333
ISIC_0031049,600,450,1.3333333333333333
ISIC_0031050,600,450,1.3333333333333333
ISIC_0031051,600,450,1.3333333333333333
ISIC_0031052,600,450,1.3333333333333333
ISIC_0031053,600,450,1.3333333333333333
ISIC_0031054,600,450,1.3333333333333333
ISIC_0031055,600,450,1.3333333333333333
ISIC_0031056,600,450,1.3333333333333333
ISIC_0031058,600,450,1.3333333333333333
ISIC_0031059,600,450,1.3333333333333333
ISIC_0031060,600,450,1.3333333333333333
ISIC_0031061,600,450,1.3333333333333333
ISIC_0031062,600,450,1.3333333333333333
ISIC_0031063,600,450,1.3333333333333333
ISIC_0031064,600,450,1.3333333333333333
ISIC_0031065,600,450,1.3333333333333333
ISIC_0031066,600,450,1.3333333333333333
ISIC_0031067,600,450,1.3333333333333333
ISIC_0031068,600,450,1.3333333333333333
ISIC_0031069,600,450,1.3333333333333333
ISIC_0031072,600,450,1.3333333333333333
ISIC_0031073,600,450,1.3333333333333333
ISIC_0031075,600,450,1.3333333333333333
ISIC_0031076,600,450,1.3333333333333333
ISIC_0031077,600,450,1.3333333333333333
ISIC_0031078,600,450,1.3333333333333333
ISIC_0031079,600,450,1.3333333333333333
ISIC_0031082,600,450,1.3333333333333333
ISIC_0031083,600,450,1.3333333333333333
ISIC_0031084,600,450,1.3333333333333333
ISIC_0031086,600,450,1.3333333333333333
ISIC_0031087,600,450,1.3333333333333333
ISIC_0031088,600,450,1.3333333333333333
ISIC_0031090,600,450,1.3333333333333333
ISIC_0031091,600,450,1.3333333333333333
ISIC_0031095,600,450,1.3333333333333333
ISIC_0031099,600,450,1.3333333333333333
ISIC_0031100,600,450,1.3333333333333333
ISIC_0031101,600,450,1.3333333333333333
ISIC_0031102,600,450,1.3333333333333333
ISIC_0031103,600,450,1.3333333333333333
ISIC_0031104,600,450,1.3333333333333333
ISIC_0031105,600,450,1.3333333333333333
ISIC_0031106,600,450,1.3333333333333333
ISIC_0031109,600,450,1.3333333333333333
ISIC_0031110,600,450,1.3333333333333333
ISIC_0031112,600,450,1.3333333333333333
ISIC_0031115,600,450,1.3333333333333333
ISIC_0031116,600,450,1.3333333333333333
ISIC_0031117,600,450,1.3333333333333333
ISIC_0031118,600,450,1.3333333333333333
ISIC_0031119,600,450,1.3333333333333333
ISIC_0031120,600,450,1.3333333333333333
ISIC_0031122,600,450,1.3333333333333333
ISIC_0031124,600,450,1.3333333333333333
ISIC_0031126,600,450,1.3333333333333333
ISIC_0031127,600,450,1.3333333333333333
ISIC_0031129,600,450,1.3333333333333333
ISIC_0031131,600,450,1.3333333333333333
ISIC_0031132,600,450,1.3333333333333333
ISIC_0031133,600,450,1.3333333333333333
ISIC_0031134,600,450,1.3333333333333333
ISIC_0031135,600,450,1.3333333333333333
ISIC_0031136,600,450,1.3333333333333333
ISIC_0031137,600,450,1.3333333333333333
ISIC_0031138,600,450,1.3333333333333333
ISIC_0031139,600,450,1.3333333333333333
ISIC_0031140,600,450,1.3333333333333333
ISIC_0031142,600,450,1.3333333333333333
ISIC_0031144,600,450,1.3333333333333333
ISIC_0031145,600,450,1.3333333333333333
ISIC_0031147,600,450,1.3333333333333333
ISIC_0031148,600,450,1.3333333333333333
ISIC_0031150,600,450,1.3333333333333333
ISIC_0031151,600,450,1.3333333333333333
ISIC_0031152,600,450,1.3333333333333333
ISIC_0031153,600,450,1.3333333333333333
ISIC_0031154,600,450,1.3333333333333333
ISIC_0031155,600,450,1.3333333333333333
ISIC_0031157,600,450,1.3333333333333333
ISIC_0031158,600,450,1.3333333333333333
ISIC_0031159,600,450,1.3333333333333333
ISIC_0031160,600,450,1.3333333333333333
ISIC_0031161,600,450,1.3333333333333333
ISIC_0031162,600,450,1.3333333333333333
ISIC_0031163,600,450,1.3333333333333333
ISIC_0031164,600,450,1.3333333333333333
ISIC_0031165,600,450,1.3333333333333333
ISIC_0031168,600,450,1.3333333333333333
ISIC_0031169,600,450,1.3333333333333333
ISIC_0031170,600,450,1.3333333333333333
ISIC_0031173,600,450,1.3333333333333333
ISIC_0031174,600,450,1.3333333333333333
ISIC_0031175,600,450,1.3333333333333333
ISIC_0031176,600,450,1.3333333333333333
ISIC_0031177,600,450,1.3333333333333333
ISIC_0031178,600,450,1.3333333333333333
ISIC_0031179,600,450,1.3333333333333333
ISIC_0031180,600,450,1.3333333333333333
ISIC_0031183,600,450,1.3333333333333333
ISIC_0031184,600,450,1.3333333333333333
ISIC_0031185,600,450,1.3333333333333333
ISIC_0031186,600,450,1.3333333333333333
ISIC_0031187,600,450,1.3333333333333333
ISIC_0031188,600,450,1.3333333333333333
ISIC_0031189,600,450,1.3333333333333333
ISIC_0031190,600,450,1.3333333333333333
ISIC_0031191,600,450,1.3333333333333333
ISIC_0031193,600,450,1.3333333333333333
ISIC_0031194,600,450,1.3333333333333333
ISIC_0031195,600,450,1.3333333333333333
ISIC_0031196,600,450,1.3333333333333333
ISIC_0031197,600,450,1.3333333333333333
ISIC_0031198,600,450,1.3333333333333333
ISIC_0031200,600,450,1.3333333333333333
ISIC_0031203,600,450,1.3333333333333333
ISIC_0031204,600,450,1.3333333333333333
ISIC_0031207,600,450,1.3333333333333333
ISIC_0031208,600,450,1.3333333333333333
ISIC_0031209,600,450,1.3333333333333333
ISIC_0031210,600,450,1.3333333333333333
ISIC_0031211,600,450,1.3333333333333333
ISIC_0031212,600,450,1.3333333333333333
ISIC_0031213,600,450,1.3333333333333333
ISIC_0031214,600,450,1.3333333333333333
ISIC_0031216,600,450,1.3333333333333333
ISIC_0031217,600,450,1.3333333333333333
ISIC_0031218,600,450,1.3333333333333333
ISIC_0031219,600,450,1.3333333333333333
ISIC_0031220,600,450,1.3333333333333333
ISIC_0031221,600,450,1.3333333333333333
ISIC_0031222,600,450,1.3333333333333333
ISIC_0031223,600,450,1.3333333333333333
ISIC_0031224,600,450,1.3333333333333333
ISIC_0031225,600,450,1.3333333333333333
ISIC_0031226,600,450,1.3333333333333333
ISIC_0031227,600,450,1.3333333333333333
ISIC_0031228,600,450,1.3333333333333333
ISIC_0031229,600,450,1.3333333333333333
ISIC_0031230,600,450,1.3333333333333333
ISIC_0031231,600,450,1.3333333333333333
ISIC_0031232,600,450,1.3333333333333333
ISIC_0031234,600,450,1.3333333333333333
ISIC_0031235,600,450,1.3333333333333333
ISIC_0031236,600,450,1.3333333333333333
ISIC_0031237,600,450,1.3333333333333333
ISIC_0031238,600,450,1.3333333333333333
ISIC_0031239,600,450,1.3333333333333333
ISIC_0031241,600,450,1.3333333333333333
ISIC_0031242,600,450,1.3333333333333333
ISIC_0031243,600,450,1.3333333333333333
ISIC_0031244,600,450,1.3333333333333333
ISIC_0031245,600,450,1.3333333333333333
ISIC_0031246,600,450,1.3333333333333333
ISIC_0031247,600,450,1.3333333333333333
ISIC_0031248,600,450,1.3333333333333333
ISIC_0031249,600,450,1.3333333333333333
ISIC_0031250,600,450,1.3333333333333333
ISIC_0031251,600,450,1.3333333333333333
ISIC_0031252,600,450,1.3333333333333333
ISIC_0031253,600,450,1.3333333333333333
ISIC_0031254,600,450,1.3333333333333333
ISIC_0031255,600,450,1.3333333333333333
ISIC_0031256,600,450,1.3333333333333333
ISIC_0031257,600,450,1.3333333333333333
ISIC_0031259,600,450,1.3333333333333333
ISIC_0031261,600,450,1.3333333333333333
ISIC_0031263,600,450,1.3333333333333333
ISIC_0031264,600,450,1.3333333333333333
ISIC_0031266,600,450,1.3333333333333333
ISIC_0031267,600,450,1.3333333333333333
ISIC_0031268,600,450,1.3333333333333333
ISIC_0031269,600,450,1.3333333333333333
ISIC_0031270,600,450,1.3333333333333333
ISIC_0031271,600,450,1.3333333333333333
ISIC_0031272,600,450,1.3333333333333333
ISIC_0031275,600,450,1.3333333333333333
ISIC_0031277,600,450,1.3333333333333333
ISIC_0031279,600,450,1.3333333333333333
ISIC_0031280,600,450,1.3333333333333333
ISIC_0031281,600,450,1.3333333333333333
ISIC_0031282,600,450,1.3333333333333333
ISIC_0031283,600,450,1.3333333333333333
ISIC_0031284,600,450,1.3333333333333333
ISIC_0031286,600,450,1.3333333333333333
ISIC_0031287,600,450,1.3333333333333333
ISIC_0031288,600,450,1.3333333333333333
ISIC_0031289,600,450,1.3333333333333333
ISIC_0031290,600,450,1.3333333333333333
ISIC_0031291,600,450,1.3333333333333333
ISIC_0031292,600,450,1.3333333333333333
ISIC_0031293,600,450,1.3333333333333333
ISIC_0031294,600,450,1.3333333333333333
ISIC_0031295,600,450,1.3333333333333333
ISIC_0031296,600,450,1.3333333333333333
ISIC_0031297,600,450,1.3333333333333333
ISIC_0031298,600,450,1.3333333333333333
ISIC_0031299,600,450,1.3333333333333333
ISIC_0031300,600,450,1.3333333333333333
ISIC_0031303,600,450,1.3333333333333333
ISIC_0031304,600,450,1.3333333333333333
ISIC_0031306,600,450,1.3333333333333333
ISIC_0031307,600,450,1.3333333333333333
ISIC_0031308,600,450,1.3333333333333333
ISIC_0031309,600,450,1.3333333333333333
ISIC_0031310,600,450,1.3333333333333333
ISIC_0031312,600,450,1.3333333333333333
ISIC_0031314,600,450,1.3333333333333333
ISIC_0031315,600,450,1.3333333333333333
ISIC_0031317,600,450,1.3333333333333333
ISIC_0031318,600,450,1.3333333333333333
ISIC_0031319,600,450,1.3333333333333333
ISIC_0031320,600,450,1.3333333333333333
ISIC_0031321,600,450,1.3333333333333333
ISIC_0031322,600,450,1.3333333333333333
ISIC_0031323,600,450,1.3333333333333333
ISIC_0031324,600,450,1.3333333333333333
ISIC_0031325,600,450,1.3333333333333333
ISIC_0031326,600,450,1.3333333333333333
ISIC_0031327,600,450,1.3333333333333333
ISIC_0031328,600,450,1.3333333333333333
ISIC_0031332,600,450,1.3333333333333333
ISIC_0031333,600,450,1.3333333333333333
ISIC_0031334,600,450,1.3333333333333333
ISIC_0031335,600,450,1.3333333333333333
ISIC_0031336,600,450,1.3333333333333333
ISIC_0031337,600,450,1.3333333333333333
ISIC_0031338,600,450,1.3333333333333333
ISIC_0031339,600,450,1.3333333333333333
ISIC_0031340,600,450,1.3333333333333333
ISIC_0031341,600,450,1.3333333333333333
ISIC_0031342,600,450,1.3333333333333333
ISIC_0031345,600,450,1.3333333333333333
ISIC_0031347,600,450,1.3333333333333333
ISIC_0031348,600,450,1.3333333333333333
ISIC_0031350,600,450,1.3333333333333333
ISIC_0031351,600,450,1.3333333333333333
ISIC_0031353,600,450,1.3333333333333333
ISIC_0031354,600,450,1.3333333333333333
ISIC_0031355,600,450,1.3333333333333333
ISIC_0031356,600,450,1.3333333333333333
ISIC_0031357,600,450,1.3333333333333333
ISIC_0031358,600,450,1.3333333333333333
ISIC_0031359,600,450,1.3333333333333333
ISIC_0031360,600,450,1.3333333333333333
ISIC_0031361,600,450,1.3333333333333333
ISIC_0031362,600,450,1.3333333333333333
ISIC_0031363,600,450,1.3333333333333333
ISIC_0031364,600,450,1.3333333333333333
ISIC_0031365,600,450,1.3333333333333333
ISIC_0031366,600,450,1.3333333333333333
ISIC_0031367,600,450,1.3333333333333333
ISIC_0031368,600,450,1.3333333333333333
ISIC_0031370,600,450,1.3333333333333333
ISIC_0031371,600,450,1.3333333333333333
ISIC_0031372,600,450,1.3333333333333333
ISIC_0031373,600,450,1.3333333333333333
ISIC_0031374,600,450,1.3333333333333333
ISIC_0031375,600,450,1.3333333333333333
ISIC_0031376,600,450,1.3333333333333333
ISIC_0031377,600,450,1.3333333333333333
ISIC_0031378,600,450,1.3333333333333333
ISIC_0031381,600,450,1.3333333333333333
ISIC_0031382,600,450,1.3333333333333333
ISIC_0031383,600,450,1.3333333333333333
ISIC_0031384,600,450,1.3333333333333333
ISIC_0031386,600,450,1.3333333333333333
ISIC_0031388,600,450,1.3333333333333333
ISIC_0031389,600,450,1.3333333333333333
ISIC_0031390,600,450,1.3333333333333333
ISIC_0031391,600,450,1.3333333333333333
ISIC_0031392,600,450,1.3333333333333333
ISIC_0031393,600,450,1.3333333333333333
ISIC_0031394,600,450,1.3333333333333333
ISIC_0031395,600,450,1.3333333333333333
ISIC_0031398,600,450,1.3333333333333333
ISIC_0031400,600,450,1.3333333333333333
ISIC_0031401,600,450,1.3333333333333333
ISIC_0031402,600,450,1.3333333333333333
ISIC_0031403,600,450,1.3333333333333333
ISIC_0031404,600,450,1.3333333333333333
ISIC_0031405,600,450,1.3333333333333333
ISIC_0031406,600,450,1.3333333333333333
ISIC_0031407,600,450,1.3333333333333333
ISIC_0031408,600,450,1.3333333333333333
ISIC_0031409,600,450,1.3333333333333333
ISIC_0031410,600,450,1.3333333333333333
ISIC_0031411,600,450,1.3333333333333333
ISIC_0031412,600,450,1.3333333333333333
ISIC_0031413,600,450,1.3333333333333333
ISIC_0031414,600,450,1.3333333333333333
ISIC_0031415,600,450,1.3333333333333333
ISIC_0031416,600,450,1.3333333333333333
ISIC_0031417,600,450,1.3333333333333333
ISIC_0031420,600,450,1.3333333333333333
ISIC_0031421,600,450,1.3333333333333333
ISIC_0031423,600,450,1.3333333333333333
ISIC_0031424,600,450,1.3333333333333333
ISIC_0031425,600,450,1.3333333333333333
ISIC_0031426,600,450,1.3333333333333333
ISIC_0031427,600,450,1.3333333333333333
ISIC_0031428,600,450,1.3333333333333333
ISIC_0031429,600,450,1.3333333333333333
ISIC_0031430,600,450,1.3333333333333333
ISIC_0031431,600,450,1.3333333333333333
ISIC_0031432,600,450,1.3333333333333333
ISIC_0031433,600,450,1.3333333333333333
ISIC_0031434,600,450,1.3333333333333333
ISIC_0031435,600,450,1.3333333333333333
ISIC_0031437,600,450,1.3333333333333333
ISIC_0031438,600,450,1.3333333333333333
ISIC_0031439,600,450,1.3333333333333333
ISIC_0031441,600,450,1.3333333333333333
ISIC_0031443,600,450,1.3333333333333333
ISIC_0031444,600,450,1.3333333333333333
ISIC_0031445,600,450,1.3333333333333333
ISIC_0031446,600,450,1.3333333333333333
ISIC_0031447,600,450,1.3333333333333333
ISIC_0031448,600,450,1.3333333333333333
ISIC_0031449,600,450,1.3333333333333333
ISIC_0031450,600,450,1.3333333333333333
ISIC_0031451,600,450,1.3333333333333333
ISIC_0031452,600,450,1.3333333333333333
ISIC_0031454,600,450,1.3333333333333333
ISIC_0031456,600,450,1.3333333333333333
ISIC_0031457,600,450,1.3333333333333333
ISIC_0031458,600,450,1.3333333333333333
ISIC_0031460,600,450,1.3333333333333333
ISIC_0031461,600,450,1.3333333333333333
ISIC_0031463,600,450,1.3333333333333333
ISIC_0031464,600,450,1.3333333333333333
ISIC_0031465,600,450,1.3333333333333333
ISIC_0031466,600,450,1.3333333333333333
ISIC_0031467,600,450,1.3333333333333333
ISIC_0031469,600,450,1.3333333333333333
ISIC_0031470,600,450,1.3333333333333333
ISIC_0031472,600,450,1.3333333333333333
ISIC_0031473,600,450,1.3333333333333333
ISIC_0031474,600,450,1.3333333333333333
ISIC_0031477,600,450,1.3333333333333333
ISIC_0031478,600,450,1.3333333333333333
ISIC_0031479,600,450,1.3333333333333333
ISIC_0031480,600,450,1.3333333333333333
ISIC_0031481,600,450,1.3333333333333333
ISIC_0031482,600,450,1.3333333333333333
ISIC_0031483,600,450,1.3333333333333333
ISIC_0031484,600,450,1.3333333333333333
ISIC_0031486,600,450,1.3333333333333333
ISIC_0031487,600,450,1.3333333333333333
ISIC_0031488,600,450,1.3333333333333333
ISIC_0031489,600,450,1.3333333333333333
ISIC_0031490,600,450,1.3333333333333333
ISIC_0031491,600,450,1.3333333333333333
ISIC_0031492,600,450,1.3333333333333333
ISIC_0031493,600,450,1.3333333333333333
ISIC_0031494,600,450,1.3333333333333333
ISIC_0031495,600,450,1.3333333333333333
ISIC_0031497,600,450,1.3333333333333333
ISIC_0031498,600,450,1.3333333333333333
ISIC_0031499,600,450,1.3333333333333333
ISIC_0031500,600,450,1.3333333333333333
ISIC_0031501,600,450,1.3333333333333333
ISIC_0031502,600,450,1.3333333333333333
ISIC_0031503,600,450,1.3333333333333333
ISIC_0031504,600,450,1.3333333333333333
ISIC_0031506,600,450,1.3333333333333333
ISIC_0031507,600,450,1.3333333333333333
ISIC_0031508,600,450,1.3333333333333333
ISIC_0031509,600,450,1.3333333333333333
ISIC_0031510,600,450,1.3333333333333333
ISIC_0031511,600,450,1.3333333333333333
ISIC_0031512,600,450,1.3333333333333333
ISIC_0031513,600,450,1.3333333333333333
ISIC_0031514,600,450,1.3333333333333333
ISIC_0031516,600,450,1.3333333333333333
ISIC_0031521,600,450,1.3333333333333333
ISIC_0031525,600,450,1.3333333333333333
ISIC_0031526,600,450,1.3333333333333333
ISIC_0031530,600,450,1.3333333333333333
ISIC_0031531,600,450,1.3333333333333333
ISIC_0031533,600,450,1.3333333333333333
ISIC_0031536,600,450,1.3333333333333333
ISIC_0031537,600,450,1.3333333333333333
ISIC_0031538,600,450,1.3333333333333333
ISIC_0031539,600,450,1.3333333333333333
ISIC_0031541,600,450,1.3333333333333333
ISIC_0031542,600,450,1.3333333333333333
ISIC_0031545,600,450,1.3333333333333333
ISIC_0031546,600,450,1.3333333333333333
ISIC_0031547,600,450,1.3333333333333333
ISIC_0031548,600,450,1.3333333333333333
ISIC_0031549,600,450,1.3333333333333333
ISIC_0031550,600,450,1.3333333333333333
ISIC_0031551,600,450,1.3333333333333333
ISIC_0031552,600,450,1.3333333333333333
ISIC_0031553,600,450,1.3333333333333333
ISIC_0031554,600,450,1.3333333333333333
ISIC_0031556,600,450,1.3333333333333333
ISIC_0031557,600,450,1.3333333333333333
ISIC_0031558,600,450,1.3333333333333333
ISIC_0031560,600,450,1.3333333333333333
ISIC_0031561,600,450,1.3333333333333333
ISIC_0031562,600,450,1.3333333333333333
ISIC_0031563,600,450,1.3333333333333333
ISIC_0031564,600,450,1.3333333333333333
ISIC_0031565,600,450,1.3333333333333333
ISIC_0031568,600,450,1.3333333333333333
ISIC_0031569,600,450,1.3333333333333333
ISIC_0031570,600,450,1.3333333333333333
ISIC_0031571,600,450,1.3333333333333333
ISIC_0031575,600,450,1.3333333333333333
ISIC_0031577,600,450,1.3333333333333333
ISIC_0031578,600,450,1.3333333333333333
ISIC_0031579,600,450,1.3333333333333333
ISIC_0031580,600,450,1.3333333333333333
ISIC_0031581,600,450,1.3333333333333333
ISIC_0031582,600,450,1.3333333333333333
ISIC_0031583,600,450,1.3333333333333333
ISIC_0031585,600,450,1.3333333333333333
ISIC_0031586,600,450,1.3333333333333333
ISIC_0031587,600,450,1.3333333333333333
ISIC_0031589,600,450,1.3333333333333333
ISIC_0031591,600,450,1.3333333333333333
ISIC_0031595,600,450,1.3333333333333333
ISIC_0031596,600,450,1.3333333333333333
ISIC_0031597,600,450,1.3333333333333333
ISIC_0031598,600,450,1.3333333333333333
ISIC_0031599,600,450,1.3333333333333333
ISIC_0031601,600,450,1.3333333333333333
ISIC_0031602,600,450,1.3333333333333333
ISIC_0031603,600,450,1.3333333333333333
ISIC_0031604,600,450,1.3333333333333333
ISIC_0031605,600,450,1.3333333333333333
ISIC_0031608,600,450,1.3333333333333333
ISIC_0031609,600,450,1.3333333333333333
ISIC_0031610,600,450,1.3333333333333333
ISIC_0031611,600,450,1.3333333333333333
ISIC_0031612,600,450,1.3333333333333333
ISIC_0031614,600,450,1.3333333333333333
ISIC_0031617,600,450,1.3333333333333333
ISIC_0031618,600,450,1.3333333333333333
ISIC_0031619,600,450,1.3333333333333333
ISIC_0031620,600,450,1.3333333333333333
ISIC_0031621,600,450,1.3333333333333333
ISIC_0031624,600,450,1.3333333333333333
ISIC_0031625,600,450,1.3333333333333333
ISIC_0031626,600,450,1.3333333333333333
ISIC_0031627,600,450,1.3333333333333333
ISIC_0031630,600,450,1.3333333333333333
ISIC_0031631,600,450,1.3333333333333333
ISIC_0031633,600,450,1.3333333333333333
ISIC_0031634,600,450,1.3333333333333333
ISIC_0031635,600,450,1.3333333333333333
ISIC_0031637,600,450,1.3333333333333333
ISIC_0031639,600,450,1.3333333333333333
ISIC_0031641,600,450,1.3333333333333333
ISIC_0031642,600,450,1.3333333333333333
ISIC_0031643,600,450,1.3333333333333333
ISIC_0031644,600,450,1.3333333333333333
ISIC_0031645,600,450,1.3333333333333333
ISIC_0031647,600,450,1.3333333333333333
ISIC_0031648,600,450,1.3333333333333333
ISIC_0031649,600,450,1.3333333333333333
ISIC_0031650,600,450,1.3333333333333333
ISIC_0031652,600,450,1.3333333333333333
ISIC_0031653,600,450,1.3333333333333333
ISIC_0031654,600,450,1.3333333333333333
ISIC_0031655,600,450,1.3333333333333333
ISIC_0031656,600,450,1.3333333333333333
ISIC_0031658,600,450,1.3333333333333333
ISIC_0031659,600,450,1.3333333333333333
ISIC_0031663,600,450,1.3333333333333333
ISIC_0031664,600,450,1.3333333333333333
ISIC_0031665,600,450,1.3333333333333333
ISIC_0031667,600,450,1.3333333333333333
ISIC_0031668,600,450,1.3333333333333333
ISIC_0031670,600,450,1.3333333333333333
ISIC_0031671,600,450,1.3333333333333333
ISIC_0031672,600,450,1.3333333333333333
ISIC_0031673,600,450,1.3333333333333333
ISIC_0031674,600,450,1.3333333333333333
ISIC_0031677,600,450,1.3333333333333333
ISIC_0031678,600,450,1.3333333333333333
ISIC_0031680,600,450,1.3333333333333333
ISIC_0031681,600,450,1.3333333333333333
ISIC_0031682,600,450,1.3333333333333333
ISIC_0031683,600,450,1.3333333333333333
ISIC_0031684,600,450,1.3333333333333333
ISIC_0031685,600,450,1.3333333333333333
ISIC_0031686,600,450,1.3333333333333333
ISIC_0031687,600,450,1.3333333333333333
ISIC_0031688,600,450,1.3333333333333333
ISIC_0031689,600,450,1.3333333333333333
ISIC_0031691,600,450,1.3333333333333333
ISIC_0031694,600,450,1.3333333333333333
ISIC_0031695,600,450,1.3333333333333333
ISIC_0031696,600,450,1.3333333333333333
ISIC_0031698,600,450,1.3333333333333333
ISIC_0031699,600,450,1.3333333333333333
ISIC_0031700,600,450,1.3333333333333333
ISIC_0031701,600,450,1.3333333333333333
ISIC_0031702,600,450,1.3333333333333333
ISIC_0031703,600,450,1.3333333333333333
ISIC_0031704,600,450,1.3333333333333333
ISIC_0031705,600,450,1.3333333333333333
ISIC_0031706,600,450,1.3333333333333333
ISIC_0031707,600,450,1.3333333333333333
ISIC_0031710,600,450,1.3333333333333333
ISIC_0031713,600,450,1.3333333333333333
ISIC_0031714,600,450,1.3333333333333333
ISIC_0031715,600,450,1.3333333333333333
ISIC_0031718,600,450,1.3333333333333333
ISIC_0031719,600,450,1.3333333333333333
ISIC_0031720,600,450,1.3333333333333333
ISIC_0031721,600,450,1.3333333333333333
ISIC_0031722,600,450,1.3333333333333333
ISIC_0031723,600,450,1.3333333333333333
ISIC_0031725,600,450,1.3333333333333333
ISIC_0031726,600,450,1.3333333333333333
ISIC_0031727,600,450,1.3333333333333333
ISIC_0031728,600,450,1.3333333333333333
ISIC_0031730,600,450,1.3333333333333333
ISIC_0031731,600,450,1.3333333333333333
ISIC_0031733,600,450,1.3333333333333333
ISIC_0031734,600,450,1.3333333333333333
ISIC_0031735,600,450,1.3333333333333333
ISIC_0031737,600,450,1.3333333333333333
ISIC_0031738,600,450,1.3333333333333333
ISIC_0031739,600,450,1.3333333333333333
ISIC_0031743,600,450,1.3333333333333333
ISIC_0031744,600,450,1.3333333333333333
ISIC_0031745,600,450,1.3333333333333333
ISIC_0031746,600,450,1.3333333333333333
ISIC_0031748,600,450,1.3333333333333333
ISIC_0031749,600,450,1.3333333333333333
ISIC_0031752,600,450,1.3333333333333333
ISIC_0031753,600,450,1.3333333333333333
ISIC_0031754,600,450,1.3333333333333333
ISIC_0031755,600,450,1.3333333333333333
ISIC_0031756,600,450,1.3333333333333333
ISIC_0031757,600,450,1.3333333333333333
ISIC_0031758,600,450,1.3333333333333333
ISIC_0031759,600,450,1.3333333333333333
ISIC_0031760,600,450,1.3333333333333333
ISIC_0031764,600,450,1.3333333333333333
ISIC_0031765,600,450,1.3333333333333333
ISIC_0031766,600,450,1.3333333333333333
ISIC_0031767,600,450,1.3333333333333333
ISIC_0031769,600,450,1.3333333333333333
ISIC_0031770,600,450,1.3333333333333333
ISIC_0031771,600,450,1.3333333333333333
ISIC_0031772,600,450,1.3333333333333333
ISIC_0031773,600,450,1.3333333333333333
ISIC_0031775,600,450,1.3333333333333333
ISIC_0031776,600,450,1.3333333333333333
ISIC_0031777,600,450,1.3333333333333333
ISIC_0031778,600,450,1.3333333333333333
ISIC_0031779,600,450,1.3333333333333333
ISIC_0031781,600,450,1.3333333333333333
ISIC_0031782,600,450,1.3333333333333333
ISIC_0031783,600,450,1.3333333333333333
ISIC_0031786,600,450,1.3333333333333333
ISIC_0031787,600,450,1.3333333333333333
ISIC_0031788,600,450,1.3333333333333333
ISIC_0031789,600,450,1.3333333333333333
ISIC_0031792,600,450,1.3333333333333333
ISIC_0031793,600,450,1.3333333333333333
ISIC_0031796,600,450,1.3333333333333333
ISIC_0031797,600,450,1.3333333333333333
ISIC_0031798,600,450,1.3333333333333333
ISIC_0031799,600,450,1.3333333333333333
ISIC_0031800,600,450,1.3333333333333333
ISIC_0031801,600,450,1.3333333333333333
ISIC_0031802,600,450,1.3333333333333333
ISIC_0031803,600,450,1.3333333333333333
ISIC_0031804,600,450,1.3333333333333333
ISIC_0031805,600,450,1.3333333333333333
ISIC_0031807,600,450,1.3333333333333333
ISIC_0031809,600,450,1.3333333333333333
ISIC_0031810,600,450,1.3333333333333333
ISIC_0031811,600,450,1.3333333333333333
ISIC_0031812,600,450,1.3333333333333333
ISIC_0031815,600,450,1.3333333333333333
ISIC_0031817,600,450,1.3333333333333333
ISIC_0031818,600,450,1.3333333333333333
ISIC_0031819,600,450,1.3333333333333333
ISIC_0031820,600,450,1.3333333333333333
ISIC_0031821,600,450,1.3333333333333333
ISIC_0031822,600,450,1.3333333333333333
ISIC_0031824,600,450,1.3333333333333333
ISIC_0031825,600,450,1.3333333333333333
ISIC_0031826,600,450,1.3333333333333333
ISIC_0031828,600,450,1.3333333333333333
ISIC_0031829,600,450,1.3333333333333333
ISIC_0031831,600,450,1.3333333333333333
ISIC_0031832,600,450,1.3333333333333333
ISIC_0031834,600,450,1.3333333333333333
ISIC_0031838,600,450,1.3333333333333333
ISIC_0031840,600,450,1.3333333333333333
ISIC_0031841,600,450,1.3333333333333333
ISIC_0031842,600,450,1.3333333333333333
ISIC_0031843,600,450,1.3333333333333333
ISIC_0031844,600,450,1.3333333333333333
ISIC_0031846,600,450,1.3333333333333333
ISIC_0031848,600,450,1.3333333333333333
ISIC_0031849,600,450,1.3333333333333333
ISIC_0031852,600,450,1.3333333333333333
ISIC_0031853,600,450,1.3333333333333333
ISIC_0031856,600,450,1.3333333333333333
ISIC_0031857,600,450,1.3333333333333333
ISIC_0031858,600,450,1.3333333333333333
ISIC_0031859,600,450,1.3333333333333333
ISIC_0031860,600,450,1.3333333333333333
ISIC_0031861,600,450,1.3333333333333333
ISIC_0031862,600,450,1.3333333333333333
ISIC_0031864,600,450,1.3333333333333333
ISIC_0031865,600,450,1.3333333333333333
ISIC_0031866,600,450,1.3333333333333333
ISIC_0031867,600,450,1.3333333333333333
ISIC_0031868,600,450,1.3333333333333333
ISIC_0031869,600,450,1.3333333333333333
ISIC_0031871,600,450,1.3333333333333333
ISIC_0031872,600,450,1.3333333333333333
ISIC_0031873,600,450,1.3333333333333333
ISIC_0031874,600,450,1.3333333333333333
ISIC_0031875,600,450,1.3333333333333333
ISIC_0031876,600,450,1.3333333333333333
ISIC_0031877,600,450,1.3333333333333333
ISIC_0031878,600,450,1.3333333333333333
ISIC_0031879,600,450,1.3333333333333333
ISIC_0031880,600,450,1.3333333333333333
ISIC_0031882,600,450,1.3333333333333333
ISIC_0031883,600,450,1.3333333333333333
ISIC_0031884,600,450,1.3333333333333333
ISIC_0031885,600,450,1.3333333333333333
ISIC_0031886,600,450,1.3333333333333333
ISIC_0031887,600,450,1.3333333333333333
ISIC_0031888,600,450,1.3333333333333333
ISIC_0031890,600,450,1.3333333333333333
ISIC_0031891,600,450,1.3333333333333333
ISIC_0031892,600,450,1.3333333333333333
ISIC_0031893,600,450,1.3333333333333333
ISIC_0031894,600,450,1.3333333333333333
ISIC_0031895,600,450,1.3333333333333333
ISIC_0031896,600,450,1.3333333333333333
ISIC_0031897,600,450,1.3333333333333333
ISIC_0031899,600,450,1.3333333333333333
ISIC_0031900,600,450,1.3333333333333333
ISIC_0031901,600,450,1.3333333333333333
ISIC_0031902,600,450,1.3333333333333333
ISIC_0031903,600,450,1.3333333333333333
ISIC_0031904,600,450,1.3333333333333333
ISIC_0031905,600,450,1.3333333333333333
ISIC_0031907,600,450,1.3333333333333333
ISIC_0031908,600,450,1.3333333333333333
ISIC_0031909,600,450,1.3333333333333333
ISIC_0031914,600,450,1.3333333333333333
ISIC_0031915,600,450,1.3333333333333333
ISIC_0031916,600,450,1.3333333333333333
ISIC_0031918,600,450,1.3333333333333333
ISIC_0031919,600,450,1.3333333333333333
ISIC_0031922,600,450,1.3333333333333333
ISIC_0031923,600,450,1.3333333333333333
ISIC_0031924,600,450,1.3333333333333333
ISIC_0031925,600,450,1.3333333333333333
ISIC_0031926,600,450,1.3333333333333333
ISIC_0031927,600,450,1.3333333333333333
ISIC_0031928,600,450,1.3333333333333333
ISIC_0031930,600,450,1.3333333333333333
ISIC_0031931,600,450,1.3333333333333333
ISIC_0031932,600,450,1.3333333333333333
ISIC_0031933,600,450,1.3333333333333333
ISIC_0031934,600,450,1.3333333333333333
ISIC_0031935,600,450,1.3333333333333333
ISIC_0031937,600,450,1.3333333333333333
ISIC_0031938,600,450,1.3333333333333333
ISIC_0031940,600,450,1.3333333333333333
ISIC_0031942,600,450,1.3333333333333333
ISIC_0031944,600,450,1.3333333333333333
ISIC_0031945,600,450,1.3333333333333333
ISIC_0031947,600,450,1.3333333333333333
ISIC_0031948,600,450,1.3333333333333333
ISIC_0031949,600,450,1.3333333333333333
ISIC_0031950,600,450,1.3333333333333333
ISIC_0031951,600,450,1.3333333333333333
ISIC_0031952,600,450,1.3333333333333333
ISIC_0031953,600,450,1.3333333333333333
ISIC_0031954,600,450,1.3333333333333333
ISIC_0031955,600,450,1.3333333333333333
ISIC_0031956,600,450,1.3333333333333333
ISIC_0031957,600,450,1.3333333333333333
ISIC_0031958,600,450,1.3333333333333333
ISIC_0031959,600,450,1.3333333333333333
ISIC_0031961,600,450,1.3333333333333333
ISIC_0031962,600,450,1.3333333333333333
ISIC_0031964,600,450,1.3333333333333333
ISIC_0031966,600,450,1.3333333333333333
ISIC_0031968,600,450,1.3333333333333333
ISIC_0031970,600,450,1.3333333333333333
ISIC_0031971,600,450,1.3333333333333333
ISIC_0031972,600,450,1.3333333333333333
ISIC_0031973,600,450,1.3333333333333333
ISIC_0031974,600,450,1.3333333333333333
ISIC_0031975,600,450,1.3333333333333333
ISIC_0031976,600,450,1.3333333333333333
ISIC_0031977,600,450,1.3333333333333333
ISIC_0031978,600,450,1.3333333333333333
ISIC_0031979,600,450,1.3333333333333333
ISIC_0031980,600,450,1.3333333333333333
ISIC_0031981,600,450,1.3333333333333333
ISIC_0031982,600,450,1.3333333333333333
ISIC_0031984,600,450,1.3333333333333333
ISIC_0031986,600,450,1.3333333333333333
ISIC_0031987,600,450,1.3333333333333333
ISIC_0031988,600,450,1.3333333333333333
ISIC_0031989,600,450,1.3333333333333333
ISIC_0031993,600,450,1.3333333333333333
ISIC_0031997,600,450,1.3333333333333333
ISIC_0031998,600,450,1.3333333333333333
ISIC_0031999,600,450,1.3333333333333333
ISIC_0032000,600,450,1.3333333333333333
ISIC_0032001,600,450,1.3333333333333333
ISIC_0032003,600,450,1.3333333333333333
ISIC_0032004,600,450,1.3333333333333333
ISIC_0032005,600,450,1.3333333333333333
ISIC_0032006,600,450,1.3333333333333333
ISIC_0032007,600,450,1.3333333333333333
ISIC_0032008,600,450,1.3333333333333333
ISIC_0032009,600,450,1.3333333333333333
ISIC_0032011,600,450,1.3333333333333333
ISIC_0032013,600,450,1.3333333333333333
ISIC_0032014,600,450,1.3333333333333333
ISIC_0032015,600,450,1.3333333333333333
ISIC_0032016,600,450,1.3333333333333333
ISIC_0032017,600,450,1.3333333333333333
ISIC_0032018,600,450,1.3333333333333333
ISIC_0032019,600,450,1.3333333333333333
ISIC_0032021,600,450,1.3333333333333333
ISIC_0032022,600,450,1.3333333333333333
ISIC_0032023,600,450,1.3333333333333333
ISIC_0032024,600,450,1.3333333333333333
ISIC_0032026,600,450,1.3333333333333333
ISIC_0032027,600,450,1.3333333333333333
ISIC_0032028,600,450,1.3333333333333333
ISIC_0032029,600,450,1.3333333333333333
ISIC_0032030,600,450,1.3333333333333333
ISIC_0032032,600,450,1.3333333333333333
ISIC_0032033,600,450,1.3333333333333333
ISIC_0032035,600,450,1.3333333333333333
ISIC_0032036,600,450,1.3333333333333333
ISIC_0032037,600,450,1.3333333333333333
ISIC_0032038,600,450,1.3333333333333333
ISIC_0032039,600,450,1.3333333333333333
ISIC_0032040,600,450,1.3333333333333333
ISIC_0032042,600,450,1.3333333333333333
ISIC_0032043,600,450,1.3333333333333333
ISIC_0032044,600,450,1.3333333333333333
ISIC_0032045,600,450,1.3333333333333333
ISIC_0032046,600,450,1.3333333333333333
ISIC_0032047,600,450,1.3333333333333333
ISIC_0032048,600,450,1.3333333333333333
ISIC_0032049,600,450,1.3333333333333333
ISIC_0032050,600,450,1.3333333333333333
ISIC_0032051,600,450,1.3333333333333333
ISIC_0032052,600,450,1.3333333333333333
ISIC_0032053,600,450,1.3333333333333333
ISIC_0032054,600,450,1.3333333333333333
ISIC_0032058,600,450,1.3333333333333333
ISIC_0032059,600,450,1.3333333333333333
ISIC_0032060,600,450,1.3333333333333333
ISIC_0032062,600,450,1.3333333333333333
ISIC_0032063,600,450,1.3333333333333333
ISIC_0032065,600,450,1.3333333333333333
ISIC_0032066,600,450,1.3333333333333333
ISIC_0032067,600,450,1.3333333333333333
ISIC_0032068,600,450,1.3333333333333333
ISIC_0032069,600,450,1.3333333333333333
ISIC_0032070,600,450,1.3333333333333333
ISIC_0032072,600,450,1.3333333333333333
ISIC_0032073,600,450,1.3333333333333333
ISIC_0032074,600,450,1.3333333333333333
ISIC_0032075,600,450,1.3333333333333333
ISIC_0032076,600,450,1.3333333333333333
ISIC_0032077,600,450,1.3333333333333333
ISIC_0032078,600,450,1.3333333333333333
ISIC_0032080,600,450,1.3333333333333333
ISIC_0032081,600,450,1.3333333333333333
ISIC_0032082,600,450,1.3333333333333333
ISIC_0032083,600,450,1.3333333333333333
ISIC_0032085,600,450,1.3333333333333333
ISIC_0032086,600,450,1.3333333333333333
ISIC_0032088,600,450,1.3333333333333333
ISIC_0032089,600,450,1.3333333333333333
ISIC_0032090,600,450,1.3333333333333333
ISIC_0032091,600,450,1.3333333333333333
ISIC_0032092,600,450,1.3333333333333333
ISIC_0032093,600,450,1.3333333333333333
ISIC_0032094,600,450,1.3333333333333333
ISIC_0032095,600,450,1.3333333333333333
ISIC_0032096,600,450,1.3333333333333333
ISIC_0032098,600,450,1.3333333333333333
ISIC_0032099,600,450,1.3333333333333333
ISIC_0032100,600,450,1.3333333333333333
ISIC_0032101,600,450,1.3333333333333333
ISIC_0032102,600,450,1.3333333333333333
ISIC_0032103,600,450,1.3333333333333333
ISIC_0032104,600,450,1.3333333333333333
ISIC_0032105,600,450,1.3333333333333333
ISIC_0032106,600,450,1.3333333333333333
ISIC_0032107,600,450,1.3333333333333333
ISIC_0032110,600,450,1.3333333333333333
ISIC_0032111,600,450,1.3333333333333333
ISIC_0032112,600,450,1.3333333333333333
ISIC_0032116,600,450,1.3333333333333333
ISIC_0032118,600,450,1.3333333333333333
ISIC_0032119,600,450,1.3333333333333333
ISIC_0032120,600,450,1.3333333333333333
ISIC_0032121,600,450,1.3333333333333333
ISIC_0032122,600,450,1.3333333333333333
ISIC_0032123,600,450,1.3333333333333333
ISIC_0032127,600,450,1.3333333333333333
ISIC_0032128,600,450,1.3333333333333333
ISIC_0032130,600,450,1.3333333333333333
ISIC_0032131,600,450,1.3333333333333333
ISIC_0032132,600,450,1.3333333333333333
ISIC_0032133,600,450,1.3333333333333333
ISIC_0032134,600,450,1.3333333333333333
ISIC_0032136,600,450,1.3333333333333333
ISIC_0032138,600,450,1.3333333333333333
ISIC_0032139,600,450,1.3333333333333333
ISIC_0032140,600,450,1.3333333333333333
ISIC_0032141,600,450,1.3333333333333333
ISIC_0032142,600,450,1.3333333333333333
ISIC_0032143,600,450,1.3333333333333333
ISIC_0032144,600,450,1.3333333333333333
ISIC_0032145,600,450,1.3333333333333333
ISIC_0032146,600,450,1.3333333333333333
ISIC_0032147,600,450,1.3333333333333333
ISIC_0032150,600,450,1.3333333333333333
ISIC_0032153,600,450,1.3333333333333333
ISIC_0032154,600,450,1.3333333333333333
ISIC_0032155,600,450,1.3333333333333333
ISIC_0032157,600,450,1.3333333333333333
ISIC_0032158,600,450,1.3333333333333333
ISIC_0032159,600,450,1.3333333333333333
ISIC_0032160,600,450,1.3333333333333333
ISIC_0032161,600,450,1.3333333333333333
ISIC_0032162,600,450,1.3333333333333333
ISIC_0032163,600,450,1.3333333333333333
ISIC_0032164,600,450,1.3333333333333333
ISIC_0032166,600,450,1.3333333333333333
ISIC_0032167,600,450,1.3333333333333333
ISIC_0032168,600,450,1.3333333333333333
ISIC_0032169,600,450,1.3333333333333333
ISIC_0032170,600,450,1.3333333333333333
ISIC_0032171,600,450,1.3333333333333333
ISIC_0032172,600,450,1.3333333333333333
ISIC_0032174,600,450,1.3333333333333333
ISIC_0032175,600,450,1.3333333333333333
ISIC_0032176,600,450,1.3333333333333333
ISIC_0032177,600,450,1.3333333333333333
ISIC_0032178,600,450,1.3333333333333333
ISIC_0032179,600,450,1.3333333333333333
ISIC_0032180,600,450,1.3333333333333333
ISIC_0032181,600,450,1.3333333333333333
ISIC_0032182,600,450,1.3333333333333333
ISIC_0032183,600,450,1.3333333333333333
ISIC_0032187,600,450,1.3333333333333333
ISIC_0032188,600,450,1.3333333333333333
ISIC_0032189,600,450,1.3333333333333333
ISIC_0032190,600,450,1.3333333333333333
ISIC_0032192,600,450,1.3333333333333333
ISIC_0032193,600,450,1.3333333333333333
ISIC_0032194,600,450,1.3333333333333333
ISIC_0032195,600,450,1.3333333333333333
ISIC_0032197,600,450,1.3333333333333333
ISIC_0032198,600,450,1.3333333333333333
ISIC_0032199,600,450,1.3333333333333333
ISIC_0032201,600,450,1.3333333333333333
ISIC_0032202,600,450,1.3333333333333333
ISIC_0032203,600,450,1.3333333333333333
ISIC_0032204,600,450,1.3333333333333333
ISIC_0032205,600,450,1.3333333333333333
ISIC_0032207,600,450,1.3333333333333333
ISIC_0032208,600,450,1.3333333333333333
ISIC_0032210,600,450,1.3333333333333333
ISIC_0032211,600,450,1.3333333333333333
ISIC_0032212,600,450,1.3333333333333333
ISIC_0032214,600,450,1.3333333333333333
ISIC_0032215,600,450,1.3333333333333333
ISIC_0032216,600,450,1.3333333333333333
ISIC_0032217,600,450,1.3333333333333333
ISIC_0032218,600,450,1.3333333333333333
ISIC_0032219,600,450,1.3333333333333333
ISIC_0032220,600,450,1.3333333333333333
ISIC_0032221,600,450,1.3333333333333333
ISIC_0032222,600,450,1.3333333333333333
ISIC_0032223,600,450,1.3333333333333333
ISIC_0032224,600,450,1.3333333333333333
ISIC_0032225,600,450,1.3333333333333333
ISIC_0032226,600,450,1.3333333333333333
ISIC_0032227,600,450,1.3333333333333333
ISIC_0032228,600,450,1.3333333333333333
ISIC_0032229,600,450,1.3333333333333333
ISIC_0032230,600,450,1.3333333333333333
ISIC_0032231,600,450,1.3333333333333333
ISIC_0032232,600,450,1.3333333333333333
ISIC_0032233,600,450,1.3333333333333333
ISIC_0032234,600,450,1.3333333333333333
ISIC_0032235,600,450,1.3333333333333333
ISIC_0032236,600,450,1.3333333333333333
ISIC_0032237,600,450,1.3333333333333333
ISIC_0032240,600,450,1.3333333333333333
ISIC_0032242,600,450,1.3333333333333333
ISIC_0032243,600,450,1.3333333333333333
ISIC_0032244,600,450,1.3333333333333333
ISIC_0032245,600,450,1.3333333333333333
ISIC_0032247,600,450,1.3333333333333333
ISIC_0032248,600,450,1.3333333333333333
ISIC_0032249,600,450,1.3333333333333333
ISIC_0032250,600,450,1.3333333333333333
ISIC_0032251,600,450,1.3333333333333333
ISIC_0032252,600,450,1.3333333333333333
ISIC_0032253,600,450,1.3333333333333333
ISIC_0032254,600,450,1.3333333333333333
ISIC_0032255,600,450,1.3333333333333333
ISIC_0032256,600,450,1.3333333333333333
ISIC_0032257,600,450,1.3333333333333333
ISIC_0032258,600,450,1.3333333333333333
ISIC_0032259,600,450,1.3333333333333333
ISIC_0032261,600,450,1.3333333333333333
ISIC_0032262,600,450,1.3333333333333333
ISIC_0032263,600,450,1.3333333333333333
ISIC_0032265,600,450,1.3333333333333333
ISIC_0032267,600,450,1.3333333333333333
ISIC_0032268,600,450,1.3333333333333333
ISIC_0032269,600,450,1.3333333333333333
ISIC_0032270,600,450,1.3333333333333333
ISIC_0032271,600,450,1.3333333333333333
ISIC_0032273,600,450,1.3333333333333333
ISIC_0032274,600,450,1.3333333333333333
ISIC_0032275,600,450,1.3333333333333333
ISIC_0032276,600,450,1.3333333333333333
ISIC_0032277,600,450,1.3333333333333333
ISIC_0032278,600,450,1.3333333333333333
ISIC_0032279,600,450,1.3333333333333333
ISIC_0032280,600,450,1.3333333333333333
ISIC_0032281,600,450,1.3333333333333333
ISIC_0032282,600,450,1.3333333333333333
ISIC_0032284,600,450,1.3333333333333333
ISIC_0032285,600,450,1.3333333333333333
ISIC_0032286,600,450,1.3333333333333333
ISIC_0032288,600,450,1.3333333333333333
ISIC_0032290,600,450,1.3333333333333333
ISIC_0032291,600,450,1.3333333333333333
ISIC_0032293,600,450,1.3333333333333333
ISIC_0032294,600,450,1.3333333333333333
ISIC_0032295,600,450,1.3333333333333333
ISIC_0032296,600,450,1.3333333333333333
ISIC_0032297,600,450,1.3333333333333333
ISIC_0032298,600,450,1.3333333333333333
ISIC_0032299,600,450,1.3333333333333333
ISIC_0032300,600,450,1.3333333333333333
ISIC_0032301,600,450,1.3333333333333333
ISIC_0032302,600,450,1.3333333333333333
ISIC_0032303,600,450,1.3333333333333333
ISIC_0032304,600,450,1.3333333333333333
ISIC_0032305,600,450,1.3333333333333333
ISIC_0032306,600,450,1.3333333333333333
ISIC_0032307,600,450,1.3333333333333333
ISIC_0032309,600,450,1.3333333333333333
ISIC_0032310,600,450,1.3333333333333333
ISIC_0032311,600,450,1.3333333333333333
ISIC_0032312,600,450,1.3333333333333333
ISIC_0032313,600,450,1.3333333333333333
ISIC_0032314,600,450,1.3333333333333333
ISIC_0032316,600,450,1.3333333333333333
ISIC_0032318,600,450,1.3333333333333333
ISIC_0032319,600,450,1.3333333333333333
ISIC_0032320,600,450,1.3333333333333333
ISIC_0032321,600,450,1.3333333333333333
ISIC_0032322,600,450,1.3333333333333333
ISIC_0032323,600,450,1.3333333333333333
ISIC_0032325,600,450,1.3333333333333333
ISIC_0032326,600,450,1.3333333333333333
ISIC_0032327,600,450,1.3333333333333333
ISIC_0032328,600,450,1.3333333333333333
ISIC_0032330,600,450,1.3333333333333333
ISIC_0032331,600,450,1.3333333333333333
ISIC_0032332,600,450,1.3333333333333333
ISIC_0032333,600,450,1.3333333333333333
ISIC_0032334,600,450,1.3333333333333333
ISIC_0032336,600,450,1.3333333333333333
ISIC_0032337,600,450,1.3333333333333333
ISIC_0032338,600,450,1.3333333333333333
ISIC_0032339,600,450,1.3333333333333333
ISIC_0032340,600,450,1.3333333333333333
ISIC_0032341,600,450,1.3333333333333333
ISIC_0032342,600,450,1.3333333333333333
ISIC_0032343,600,450,1.3333333333333333
ISIC_0032344,600,450,1.3333333333333333
ISIC_0032346,600,450,1.3333333333333333
ISIC_0032347,600,450,1.3333333333333333
ISIC_0032348,600,450,1.3333333333333333
ISIC_0032349,600,450,1.3333333333333333
ISIC_0032351,600,450,1.3333333333333333
ISIC_0032352,600,450,1.3333333333333333
ISIC_0032353,600,450,1.3333333333333333
ISIC_0032354,600,450,1.3333333333333333
ISIC_0032356,600,450,1.3333333333333333
ISIC_0032357,600,450,1.3333333333333333
ISIC_0032358,600,450,1.3333333333333333
ISIC_0032359,600,450,1.3333333333333333
ISIC_0032360,600,450,1.3333333333333333
ISIC_0032361,600,450,1.3333333333333333
ISIC_0032362,600,450,1.3333333333333333
ISIC_0032365,600,450,1.3333333333333333
ISIC_0032366,600,450,1.3333333333333333
ISIC_0032367,600,450,1.3333333333333333
ISIC_0032368,600,450,1.3333333333333333
ISIC_0032372,600,450,1.3333333333333333
ISIC_0032373,600,450,1.3333333333333333
ISIC_0032374,600,450,1.3333333333333333
ISIC_0032375,600,450,1.3333333333333333
ISIC_0032376,600,450,1.3333333333333333
ISIC_0032377,600,450,1.3333333333333333
ISIC_0032378,600,450,1.3333333333333333
ISIC_0032380,600,450,1.3333333333333333
ISIC_0032383,600,450,1.3333333333333333
ISIC_0032384,600,450,1.3333333333333333
ISIC_0032385,600,450,1.3333333333333333
ISIC_0032387,600,450,1.3333333333333333
ISIC_0032388,600,450,1.3333333333333333
ISIC_0032389,600,450,1.3333333333333333
ISIC_0032391,600,450,1.3333333333333333
ISIC_0032393,600,450,1.3333333333333333
ISIC_0032396,600,450,1.3333333333333333
ISIC_0032397,600,450,1.3333333333333333
ISIC_0032399,600,450,1.3333333333333333
ISIC_0032400,600,450,1.3333333333333333
ISIC_0032401,600,450,1.3333333333333333
ISIC_0032402,600,450,1.3333333333333333
ISIC_0032403,600,450,1.3333333333333333
ISIC_0032405,600,450,1.3333333333333333
ISIC_0032406,600,450,1.3333333333333333
ISIC_0032407,600,450,1.3333333333333333
ISIC_0032408,600,450,1.3333333333333333
ISIC_0032409,600,450,1.3333333333333333
ISIC_0032410,600,450,1.3333333333333333
ISIC_0032411,600,450,1.3333333333333333
ISIC_0032412,600,450,1.3333333333333333
ISIC_0032413,600,450,1.3333333333333333
ISIC_0032414,600,450,1.3333333333333333
ISIC_0032416,600,450,1.3333333333333333
ISIC_0032418,600,450,1.3333333333333333
ISIC_0032419,600,450,1.3333333333333333
ISIC_0032420,600,450,1.3333333333333333
ISIC_0032421,600,450,1.3333333333333333
ISIC_0032424,600,450,1.3333333333333333
ISIC_0032425,600,450,1.3333333333333333
ISIC_0032426,600,450,1.3333333333333333
ISIC_0032427,600,450,1.3333333333333333
ISIC_0032428,600,450,1.3333333333333333
ISIC_0032429,600,450,1.3333333333333333
ISIC_0032430,600,450,1.3333333333333333
ISIC_0032432,600,450,1.3333333333333333
ISIC_0032433,600,450,1.3333333333333333
ISIC_0032434,600,450,1.3333333333333333
ISIC_0032435,600,450,1.3333333333333333
ISIC_0032436,600,450,1.3333333333333333
ISIC_0032437,600,450,1.3333333333333333
ISIC_0032438,600,450,1.3333333333333333
ISIC_0032439,600,450,1.3333333333333333
ISIC_0032440,600,450,1.3333333333333333
ISIC_0032441,600,450,1.3333333333333333
ISIC_0032442,600,450,1.3333333333333333
ISIC_0032443,600,450,1.3333333333333333
ISIC_0032444,600,450,1.3333333333333333
ISIC_0032445,600,450,1.3333333333333333
ISIC_0032447,600,450,1.3333333333333333
ISIC_0032448,600,450,1.3333333333333333
ISIC_0032450,600,450,1.3333333333333333
ISIC_0032452,600,450,1.3333333333333333
ISIC_0032453,600,450,1.3333333333333333
ISIC_0032454,600,450,1.3333333333333333
ISIC_0032455,600,450,1.3333333333333333
ISIC_0032456,600,450,1.3333333333333333
ISIC_0032458,600,450,1.3333333333333333
ISIC_0032459,600,450,1.3333333333333333
ISIC_0032460,600,450,1.3333333333333333
ISIC_0032461,600,450,1.3333333333333333
ISIC_0032462,600,450,1.3333333333333333
ISIC_0032463,600,450,1.3333333333333333
ISIC_0032464,600,450,1.3333333333333333
ISIC_0032466,600,450,1.3333333333333333
ISIC_0032467,600,450,1.3333333333333333
ISIC_0032468,600,450,1.3333333333333333
ISIC_0032470,600,450,1.3333333333333333
ISIC_0032471,600,450,1.3333333333333333
ISIC_0032472,600,450,1.3333333333333333
ISIC_0032473,600,450,1.3333333333333333
ISIC_0032474,600,450,1.3333333333333333
ISIC_0032475,600,450,1.3333333333333333
ISIC_0032476,600,450,1.3333333333333333
ISIC_0032477,600,450,1.3333333333333333
ISIC_0032479,600,450,1.3333333333333333
ISIC_0032480,600,450,1.3333333333333333
ISIC_0032481,600,450,1.3333333333333333
ISIC_0032482,600,450,1.3333333333333333
ISIC_0032483,600,450,1.3333333333333333
ISIC_0032485,600,450,1.3333333333333333
ISIC_0032486,600,450,1.3333333333333333
ISIC_0032488,600,450,1.3333333333333333
ISIC_0032489,600,450,1.3333333333333333
ISIC_0032490,600,450,1.3333333333333333
ISIC_0032491,600,450,1.3333333333333333
ISIC_0032492,600,450,1.3333333333333333
ISIC_0032493,600,450,1.3333333333333333
ISIC_0032495,600,450,1.3333333333333333
ISIC_0032496,600,450,1.3333333333333333
ISIC_0032497,600,450,1.3333333333333333
ISIC_0032498,600,450,1.3333333333333333
ISIC_0032499,600,450,1.3333333333333333
ISIC_0032500,600,450,1.3333333333333333
ISIC_0032501,600,450,1.3333333333333333
ISIC_0032503,600,450,1.3333333333333333
ISIC_0032504,600,450,1.3333333333333333
ISIC_0032505,600,450,1.3333333333333333
ISIC_0032507,600,450,1.3333333333333333
ISIC_0032509,600,450,1.3333333333333333
ISIC_0032510,600,450,1.3333333333333333
ISIC_0032511,600,450,1.3333333333333333
ISIC_0032512,600,450,1.3333333333333333
ISIC_0032513,600,450,1.3333333333333333
ISIC_0032514,600,450,1.3333333333333333
ISIC_0032516,600,450,1.3333333333333333
ISIC_0032517,600,450,1.3333333333333333
ISIC_0032519,600,450,1.3333333333333333
ISIC_0032520,600,450,1.3333333333333333
ISIC_0032521,600,450,1.3333333333333333
ISIC_0032522,600,450,1.3333333333333333
ISIC_0032523,600,450,1.3333333333333333
ISIC_0032524,600,450,1.3333333333333333
ISIC_0032526,600,450,1.3333333333333333
ISIC_0032527,600,450,1.3333333333333333
ISIC_0032528,600,450,1.3333333333333333
ISIC_0032529,600,450,1.3333333333333333
ISIC_0032530,600,450,1.3333333333333333
ISIC_0032531,600,450,1.3333333333333333
ISIC_0032532,600,450,1.3333333333333333
ISIC_0032533,600,450,1.3333333333333333
ISIC_0032535,600,450,1.3333333333333333
ISIC_0032537,600,450,1.3333333333333333
ISIC_0032538,600,450,1.3333333333333333
ISIC_0032539,600,450,1.3333333333333333
ISIC_0032540,600,450,1.3333333333333333
ISIC_0032542,600,450,1.3333333333333333
ISIC_0032543,600,450,1.3333333333333333
ISIC_0032546,600,450,1.3333333333333333
ISIC_0032547,600,450,1.3333333333333333
ISIC_0032548,600,450,1.3333333333333333
ISIC_0032549,600,450,1.3333333333333333
ISIC_0032550,600,450,1.3333333333333333
ISIC_0032551,600,450,1.3333333333333333
ISIC_0032552,600,450,1.3333333333333333
ISIC_0032553,600,450,1.3333333333333333
ISIC_0032554,600,450,1.3333333333333333
ISIC_0032555,600,450,1.3333333333333333
ISIC_0032556,600,450,1.3333333333333333
ISIC_0032557,600,450,1.3333333333333333
ISIC_0032558,600,450,1.3333333333333333
ISIC_0032560,600,450,1.3333333333333333
ISIC_0032561,600,450,1.3333333333333333
ISIC_0032562,600,450,1.3333333333333333
ISIC_0032563,600,450,1.3333333333333333
ISIC_0032564,600,450,1.3333333333333333
ISIC_0032565,600,450,1.3333333333333333
ISIC_0032566,600,450,1.3333333333333333
ISIC_0032567,600,450,1.3333333333333333
ISIC_0032568,600,450,1.3333333333333333
ISIC_0032569,600,450,1.3333333333333333
ISIC_0032570,600,450,1.3333333333333333
ISIC_0032572,600,450,1.3333333333333333
ISIC_0032573,600,450,1.3333333333333333
ISIC_0032574,600,450,1.3333333333333333
ISIC_0032575,600,450,1.3333333333333333
ISIC_0032576,600,450,1.3333333333333333
ISIC_0032577,600,450,1.3333333333333333
ISIC_0032578,600,450,1.3333333333333333
ISIC_0032580,600,450,1.3333333333333333
ISIC_0032581,600,450,1.3333333333333333
ISIC_0032582,600,450,1.3333333333333333
ISIC_0032583,600,450,1.3333333333333333
ISIC_0032584,600,450,1.3333333333333333
ISIC_0032585,600,450,1.3333333333333333
ISIC_0032586,600,450,1.3333333333333333
ISIC_0032587,600,450,1.3333333333333333
ISIC_0032588,600,450,1.3333333333333333
ISIC_0032589,600,450,1.3333333333333333
ISIC_0032590,600,450,1.3333333333333333
ISIC_0032591,600,450,1.3333333333333333
ISIC_0032592,600,450,1.3333333333333333
ISIC_0032593,600,450,1.3333333333333333
ISIC_0032595,600,450,1.3333333333333333
ISIC_0032596,600,450,1.3333333333333333
ISIC_0032597,600,450,1.3333333333333333
ISIC_0032599,600,450,1.3333333333333333
ISIC_0032601,600,450,1.3333333333333333
ISIC_0032602,600,450,1.3333333333333333
ISIC_0032603,600,450,1.3333333333333333
ISIC_0032604,600,450,1.3333333333333333
ISIC_0032606,600,450,1.3333333333333333
ISIC_0032607,600,450,1.3333333333333333
ISIC_0032608,600,450,1.3333333333333333
ISIC_0032609,600,450,1.3333333333333333
ISIC_0032610,600,450,1.3333333333333333
ISIC_0032611,600,450,1.3333333333333333
ISIC_0032612,600,450,1.3333333333333333
ISIC_0032613,600,450,1.3333333333333333
ISIC_0032614,600,450,1.3333333333333333
ISIC_0032615,600,450,1.3333333333333333
ISIC_0032616,600,450,1.3333333333333333
ISIC_0032617,600,450,1.3333333333333333
ISIC_0032618,600,450,1.3333333333333333
ISIC_0032619,600,450,1.3333333333333333
ISIC_0032620,600,450,1.3333333333333333
ISIC_0032622,600,450,1.3333333333333333
ISIC_0032625,600,450,1.3333333333333333
ISIC_0032626,600,450,1.3333333333333333
ISIC_0032628,600,450,1.3333333333333333
ISIC_0032629,600,450,1.3333333333333333
ISIC_0032631,600,450,1.3333333333333333
ISIC_0032632,600,450,1.3333333333333333
ISIC_0032635,600,450,1.3333333333333333
ISIC_0032636,600,450,1.3333333333333333
ISIC_0032638,600,450,1.3333333333333333
ISIC_0032639,600,450,1.3333333333333333
ISIC_0032640,600,450,1.3333333333333333
ISIC_0032641,600,450,1.3333333333333333
ISIC_0032642,600,450,1.3333333333333333
ISIC_0032643,600,450,1.3333333333333333
ISIC_0032644,600,450,1.3333333333333333
ISIC_0032645,600,450,1.3333333333333333
ISIC_0032646,600,450,1.3333333333333333
ISIC_0032647,600,450,1.3333333333333333
ISIC_0032648,600,450,1.3333333333333333
ISIC_0032649,600,450,1.3333333333333333
ISIC_0032650,600,450,1.3333333333333333
ISIC_0032651,600,450,1.3333333333333333
ISIC_0032653,600,450,1.3333333333333333
ISIC_0032654,600,450,1.3333333333333333
ISIC_0032655,600,450,1.3333333333333333
ISIC_0032656,600,450,1.3333333333333333
ISIC_0032657,600,450,1.3333333333333333
ISIC_0032658,600,450,1.3333333333333333
ISIC_0032659,600,450,1.3333333333333333
ISIC_0032660,600,450,1.3333333333333333
ISIC_0032662,600,450,1.3333333333333333
ISIC_0032664,600,450,1.3333333333333333
ISIC_0032665,600,450,1.3333333333333333
ISIC_0032666,600,450,1.3333333333333333
ISIC_0032667,600,450,1.3333333333333333
ISIC_0032668,600,450,1.3333333333333333
ISIC_0032670,600,450,1.3333333333333333
ISIC_0032671,600,450,1.3333333333333333
ISIC_0032672,600,450,1.3333333333333333
ISIC_0032674,600,450,1.3333333333333333
ISIC_0032675,600,450,1.3333333333333333
ISIC_0032676,600,450,1.3333333333333333
ISIC_0032677,600,450,1.3333333333333333
ISIC_0032678,600,450,1.3333333333333333
ISIC_0032679,600,450,1.3333333333333333
ISIC_0032681,600,450,1.3333333333333333
ISIC_0032682,600,450,1.3333333333333333
ISIC_0032683,600,450,1.3333333333333333
ISIC_0032685,600,450,1.3333333333333333
ISIC_0032686,600,450,1.3333333333333333
ISIC_0032687,600,450,1.3333333333333333
ISIC_0032688,600,450,1.3333333333333333
ISIC_0032689,600,450,1.3333333333333333
ISIC_0032691,600,450,1.3333333333333333
ISIC_0032693,600,450,1.3333333333333333
ISIC_0032694,600,450,1.3333333333333333
ISIC_0032696,600,450,1.3333333333333333
ISIC_0032697,600,450,1.3333333333333333
ISIC_0032698,600,450,1.3333333333333333
ISIC_0032699,600,450,1.3333333333333333
ISIC_0032700,600,450,1.3333333333333333
ISIC_0032702,600,450,1.3333333333333333
ISIC_0032703,600,450,1.3333333333333333
ISIC_0032704,600,450,1.3333333333333333
ISIC_0032705,600,450,1.3333333333333333
ISIC_0032706,600,450,1.3333333333333333
ISIC_0032707,600,450,1.3333333333333333
ISIC_0032708,600,450,1.3333333333333333
ISIC_0032709,600,450,1.3333333333333333
ISIC_0032710,600,450,1.3333333333333333
ISIC_0032711,600,450,1.3333333333333333
ISIC_0032712,600,450,1.3333333333333333
ISIC_0032713,600,450,1.3333333333333333
ISIC_0032714,600,450,1.3333333333333333
ISIC_0032715,600,450,1.3333333333333333
ISIC_0032716,600,450,1.3333333333333333
ISIC_0032717,600,450,1.3333333333333333
ISIC_0032718,600,450,1.3333333333333333
ISIC_0032719,600,450,1.3333333333333333
ISIC_0032720,600,450,1.3333333333333333
ISIC_0032721,600,450,1.3333333333333333
ISIC_0032723,600,450,1.3333333333333333
ISIC_0032724,600,450,1.3333333333333333
ISIC_0032725,600,450,1.3333333333333333
ISIC_0032726,600,450,1.3333333333333333
ISIC_0032727,600,450,1.3333333333333333
ISIC_0032728,600,450,1.3333333333333333
ISIC_0032730,600,450,1.3333333333333333
ISIC_0032732,600,450,1.3333333333333333
ISIC_0032733,600,450,1.3333333333333333
ISIC_0032734,600,450,1.3333333333333333
ISIC_0032735,600,450,1.3333333333333333
ISIC_0032736,600,450,1.3333333333333333
ISIC_0032737,600,450,1.3333333333333333
ISIC_0032738,600,450,1.3333333333333333
ISIC_0032739,600,450,1.3333333333333333
ISIC_0032740,600,450,1.3333333333333333
ISIC_0032741,600,450,1.3333333333333333
ISIC_0032742,600,450,1.3333333333333333
ISIC_0032743,600,450,1.3333333333333333
ISIC_0032745,600,450,1.3333333333333333
ISIC_0032746,600,450,1.3333333333333333
ISIC_0032747,600,450,1.3333333333333333
ISIC_0032748,600,450,1.3333333333333333
ISIC_0032749,600,450,1.3333333333333333
ISIC_0032750,600,450,1.3333333333333333
ISIC_0032751,600,450,1.3333333333333333
ISIC_0032752,600,450,1.3333333333333333
ISIC_0032753,600,450,1.3333333333333333
ISIC_0032754,600,450,1.3333333333333333
ISIC_0032755,600,450,1.3333333333333333
ISIC_0032756,600,450,1.3333333333333333
ISIC_0032758,600,450,1.3333333333333333
ISIC_0032761,600,450,1.3333333333333333
ISIC_0032763,600,450,1.3333333333333333
ISIC_0032764,600,450,1.3333333333333333
ISIC_0032766,600,450,1.3333333333333333
ISIC_0032767,600,450,1.3333333333333333
ISIC_0032768,600,450,1.3333333333333333
ISIC_0032769,600,450,1.3333333333333333
ISIC_0032771,600,450,1.3333333333333333
ISIC_0032772,600,450,1.3333333333333333
ISIC_0032773,600,450,1.3333333333333333
ISIC_0032774,600,450,1.3333333333333333
ISIC_0032775,600,450,1.3333333333333333
ISIC_0032776,600,450,1.3333333333333333
ISIC_0032777,600,450,1.3333333333333333
ISIC_0032778,600,450,1.3333333333333333
ISIC_0032780,600,450,1.3333333333333333
ISIC_0032781,600,450,1.3333333333333333
ISIC_0032782,600,450,1.3333333333333333
ISIC_0032784,600,450,1.3333333333333333
ISIC_0032785,600,450,1.3333333333333333
ISIC_0032786,600,450,1.3333333333333333
ISIC_0032787,600,450,1.3333333333333333
ISIC_0032788,600,450,1.3333333333333333
ISIC_0032789,600,450,1.3333333333333333
ISIC_0032790,600,450,1.3333333333333333
ISIC_0032792,600,450,1.3333333333333333
ISIC_0032793,600,450,1.3333333333333333
ISIC_0032794,600,450,1.3333333333333333
ISIC_0032795,600,450,1.3333333333333333
ISIC_0032797,600,450,1.3333333333333333
ISIC_0032798,600,450,1.3333333333333333
ISIC_0032799,600,450,1.3333333333333333
ISIC_0032800,600,450,1.3333333333333333
ISIC_0032801,600,450,1.3333333333333333
ISIC_0032802,600,450,1.3333333333333333
ISIC_0032803,600,450,1.3333333333333333
ISIC_0032805,600,450,1.3333333333333333
ISIC_0032806,600,450,1.3333333333333333
ISIC_0032807,600,450,1.3333333333333333
ISIC_0032808,600,450,1.3333333333333333
ISIC_0032809,600,450,1.3333333333333333
ISIC_0032810,600,450,1.3333333333333333
ISIC_0032811,600,450,1.3333333333333333
ISIC_0032812,600,450,1.3333333333333333
ISIC_0032813,600,450,1.3333333333333333
ISIC_0032814,600,450,1.3333333333333333
ISIC_0032815,600,450,1.3333333333333333
ISIC_0032816,600,450,1.3333333333333333
ISIC_0032817,600,450,1.3333333333333333
ISIC_0032818,600,450,1.3333333333333333
ISIC_0032819,600,450,1.3333333333333333
ISIC_0032820,600,450,1.3333333333333333
ISIC_0032822,600,450,1.3333333333333333
ISIC_0032823,600,450,1.3333333333333333
ISIC_0032824,600,450,1.3333333333333333
ISIC_0032825,600,450,1.3333333333333333
ISIC_0032826,600,450,1.3333333333333333
ISIC_0032827,600,450,1.3333333333333333
ISIC_0032828,600,450,1.3333333333333333
ISIC_0032829,600,450,1.3333333333333333
ISIC_0032831,600,450,1.3333333333333333
ISIC_0032832,600,450,1.3333333333333333
ISIC_0032833,600,450,1.3333333333333333
ISIC_0032834,600,450,1.3333333333333333
ISIC_0032835,600,450,1.3333333333333333
ISIC_0032836,600,450,1.3333333333333333
ISIC_0032837,600,450,1.3333333333333333
ISIC_0032838,600,450,1.3333333333333333
ISIC_0032840,600,450,1.3333333333333333
ISIC_0032842,600,450,1.3333333333333333
ISIC_0032843,600,450,1.3333333333333333
ISIC_0032845,600,450,1.3333333333333333
ISIC_0032846,600,450,1.3333333333333333
ISIC_0032847,600,450,1.3333333333333333
ISIC_0032848,600,450,1.3333333333333333
ISIC_0032849,600,450,1.3333333333333333
ISIC_0032850,600,450,1.3333333333333333
ISIC_0032851,600,450,1.3333333333333333
ISIC_0032852,600,450,1.3333333333333333
ISIC_0032854,600,450,1.3333333333333333
ISIC_0032855,600,450,1.3333333333333333
ISIC_0032856,600,450,1.3333333333333333
ISIC_0032859,600,450,1.3333333333333333
ISIC_0032860,600,450,1.3333333333333333
ISIC_0032861,600,450,1.3333333333333333
ISIC_0032862,600,450,1.3333333333333333
ISIC_0032863,600,450,1.3333333333333333
ISIC_0032864,600,450,1.3333333333333333
ISIC_0032865,600,450,1.3333333333333333
ISIC_0032866,600,450,1.3333333333333333
ISIC_0032869,600,450,1.3333333333333333
ISIC_0032871,600,450,1.3333333333333333
ISIC_0032872,600,450,1.3333333333333333
ISIC_0032873,600,450,1.3333333333333333
ISIC_0032874,600,450,1.3333333333333333
ISIC_0032875,600,450,1.3333333333333333
ISIC_0032876,600,450,1.3333333333333333
ISIC_0032878,600,450,1.3333333333333333
ISIC_0032879,600,450,1.3333333333333333
ISIC_0032881,600,450,1.3333333333333333
ISIC_0032882,600,450,1.3333333333333333
ISIC_0032884,600,450,1.3333333333333333
ISIC_0032885,600,450,1.3333333333333333
ISIC_0032886,600,450,1.3333333333333333
ISIC_0032887,600,450,1.3333333333333333
ISIC_0032888,600,450,1.3333333333333333
ISIC_0032889,600,450,1.3333333333333333
ISIC_0032891,600,450,1.3333333333333333
ISIC_0032893,600,450,1.3333333333333333
ISIC_0032894,600,450,1.3333333333333333
ISIC_0032895,600,450,1.3333333333333333
ISIC_0032897,600,450,1.3333333333333333
ISIC_0032898,600,450,1.3333333333333333
ISIC_0032899,600,450,1.3333333333333333
ISIC_0032900,600,450,1.3333333333333333
ISIC_0032901,600,450,1.3333333333333333
ISIC_0032902,600,450,1.3333333333333333
ISIC_0032903,600,450,1.3333333333333333
ISIC_0032904,600,450,1.3333333333333333
ISIC_0032905,600,450,1.3333333333333333
ISIC_0032907,600,450,1.3333333333333333
ISIC_0032908,600,450,1.3333333333333333
ISIC_0032909,600,450,1.3333333333333333
ISIC_0032910,600,450,1.3333333333333333
ISIC_0032911,600,450,1.3333333333333333
ISIC_0032912,600,450,1.3333333333333333
ISIC_0032913,600,450,1.3333333333333333
ISIC_0032914,600,450,1.3333333333333333
ISIC_0032915,600,450,1.3333333333333333
ISIC_0032916,600,450,1.3333333333333333
ISIC_0032919,600,450,1.3333333333333333
ISIC_0032921,600,450,1.3333333333333333
ISIC_0032922,600,450,1.3333333333333333
ISIC_0032924,600,450,1.3333333333333333
ISIC_0032926,600,450,1.3333333333333333
ISIC_0032927,600,450,1.3333333333333333
ISIC_0032928,600,450,1.3333333333333333
ISIC_0032929,600,450,1.3333333333333333
ISIC_0032930,600,450,1.3333333333333333
ISIC_0032931,600,450,1.3333333333333333
ISIC_0032933,600,450,1.3333333333333333
ISIC_0032934,600,450,1.3333333333333333
ISIC_0032935,600,450,1.3333333333333333
ISIC_0032936,600,450,1.3333333333333333
ISIC_0032937,600,450,1.3333333333333333
ISIC_0032940,600,450,1.3333333333333333
ISIC_0032941,600,450,1.3333333333333333
ISIC_0032942,600,450,1.3333333333333333
ISIC_0032944,600,450,1.3333333333333333
ISIC_0032945,600,450,1.3333333333333333
ISIC_0032946,600,450,1.3333333333333333
ISIC_0032947,600,450,1.3333333333333333
ISIC_0032948,600,450,1.3333333333333333
ISIC_0032950,600,450,1.3333333333333333
ISIC_0032951,600,450,1.3333333333333333
ISIC_0032952,600,450,1.3333333333333333
ISIC_0032953,600,450,1.3333333333333333
ISIC_0032954,600,450,1.3333333333333333
ISIC_0032955,600,450,1.3333333333333333
ISIC_0032957,600,450,1.3333333333333333
ISIC_0032958,600,450,1.3333333333333333
ISIC_0032959,600,450,1.3333333333333333
ISIC_0032960,600,450,1.3333333333333333
ISIC_0032961,600,450,1.3333333333333333
ISIC_0032963,600,450,1.3333333333333333
ISIC_0032964,600,450,1.3333333333333333
ISIC_0032965,600,450,1.3333333333333333
ISIC_0032966,600,450,1.3333333333333333
ISIC_0032968,600,450,1.3333333333333333
ISIC_0032969,600,450,1.3333333333333333
ISIC_0032970,600,450,1.3333333333333333
ISIC_0032972,600,450,1.3333333333333333
ISIC_0032973,600,450,1.3333333333333333
ISIC_0032974,600,450,1.3333333333333333
ISIC_0032975,600,450,1.3333333333333333
ISIC_0032976,600,450,1.3333333333333333
ISIC_0032977,600,450,1.3333333333333333
ISIC_0032978,600,450,1.3333333333333333
ISIC_0032979,600,450,1.3333333333333333
ISIC_0032981,600,450,1.3333333333333333
ISIC_0032982,600,450,1.3333333333333333
ISIC_0032984,600,450,1.3333333333333333
ISIC_0032985,600,450,1.3333333333333333
ISIC_0032987,600,450,1.3333333333333333
ISIC_0032988,600,450,1.3333333333333333
ISIC_0032989,600,450,1.3333333333333333
ISIC_0032990,600,450,1.3333333333333333
ISIC_0032991,600,450,1.3333333333333333
ISIC_0032992,600,450,1.3333333333333333
ISIC_0032994,600,450,1.3333333333333333
ISIC_0032995,600,450,1.3333333333333333
ISIC_0032997,600,450,1.3333333333333333
ISIC_0032998,600,450,1.3333333333333333
ISIC_0033000,600,450,1.3333333333333333
ISIC_0033001,600,450,1.3333333333333333
ISIC_0033004,600,450,1.3333333333333333
ISIC_0033005,600,450,1.3333333333333333
ISIC_0033009,600,450,1.3333333333333333
ISIC_0033010,600,450,1.3333333333333333
ISIC_0033012,600,450,1.3333333333333333
ISIC_0033013,600,450,1.3333333333333333
ISIC_0033014,600,450,1.3333333333333333
ISIC_0033015,600,450,1.3333333333333333
ISIC_0033016,600,450,1.3333333333333333
ISIC_0033019,600,450,1.3333333333333333
ISIC_0033020,600,450,1.3333333333333333
ISIC_0033021,600,450,1.3333333333333333
ISIC_0033022,600,450,1.3333333333333333
ISIC_0033023,600,450,1.3333333333333333
ISIC_0033024,600,450,1.3333333333333333
ISIC_0033025,600,450,1.3333333333333333
ISIC_0033026,600,450,1.3333333333333333
ISIC_0033027,600,450,1.3333333333333333
ISIC_0033028,600,450,1.3333333333333333
ISIC_0033030,600,450,1.3333333333333333
ISIC_0033031,600,450,1.3333333333333333
ISIC_0033032,600,450,1.3333333333333333
ISIC_0033033,600,450,1.3333333333333333
ISIC_0033037,600,450,1.3333333333333333
ISIC_0033038,600,450,1.3333333333333333
ISIC_0033039,600,450,1.3333333333333333
ISIC_0033040,600,450,1.3333333333333333
ISIC_0033042,600,450,1.3333333333333333
ISIC_0033043,600,450,1.3333333333333333
ISIC_0033045,600,450,1.3333333333333333
ISIC_0033046,600,450,1.3333333333333333
ISIC_0033047,600,450,1.3333333333333333
ISIC_0033049,600,450,1.3333333333333333
ISIC_0033051,600,450,1.3333333333333333
ISIC_0033052,600,450,1.3333333333333333
ISIC_0033053,600,450,1.3333333333333333
ISIC_0033054,600,450,1.3333333333333333
ISIC_0033055,600,450,1.3333333333333333
ISIC_0033056,600,450,1.3333333333333333
ISIC_0033057,600,450,1.3333333333333333
ISIC_0033058,600,450,1.3333333333333333
ISIC_0033059,600,450,1.3333333333333333
ISIC_0033060,600,450,1.3333333333333333
ISIC_0033061,600,450,1.3333333333333333
ISIC_0033062,600,450,1.3333333333333333
ISIC_0033063,600,450,1.3333333333333333
ISIC_0033064,600,450,1.3333333333333333
ISIC_0033065,600,450,1.3333333333333333
ISIC_0033067,600,450,1.3333333333333333
ISIC_0033068,600,450,1.3333333333333333
ISIC_0033069,600,450,1.3333333333333333
ISIC_0033070,600,450,1.3333333333333333
ISIC_0033071,600,450,1.3333333333333333
ISIC_0033072,600,450,1.3333333333333333
ISIC_0033073,600,450,1.3333333333333333
ISIC_0033078,600,450,1.3333333333333333
ISIC_0033079,600,450,1.3333333333333333
ISIC_0033080,600,450,1.3333333333333333
ISIC_0033081,600,450,1.3333333333333333
ISIC_0033082,600,450,1.3333333333333333
ISIC_0033083,600,450,1.3333333333333333
ISIC_0033084,600,450,1.3333333333333333
ISIC_0033085,600,450,1.3333333333333333
ISIC_0033086,600,450,1.3333333333333333
ISIC_0033088,600,450,1.3333333333333333
ISIC_0033090,600,450,1.3333333333333333
ISIC_0033092,600,450,1.3333333333333333
ISIC_0033093,600,450,1.3333333333333333
ISIC_0033094,600,450,1.3333333333333333
ISIC_0033095,600,450,1.3333333333333333
ISIC_0033096,600,450,1.3333333333333333
ISIC_0033098,600,450,1.3333333333333333
ISIC_0033099,600,450,1.3333333333333333
ISIC_0033101,600,450,1.3333333333333333
ISIC_0033103,600,450,1.3333333333333333
ISIC_0033105,600,450,1.3333333333333333
ISIC_0033106,600,450,1.3333333333333333
ISIC_0033107,600,450,1.3333333333333333
ISIC_0033108,600,450,1.3333333333333333
ISIC_0033111,600,450,1.3333333333333333
ISIC_0033112,600,450,1.3333333333333333
ISIC_0033113,600,450,1.3333333333333333
ISIC_0033115,600,450,1.3333333333333333
ISIC_0033116,600,450,1.3333333333333333
ISIC_0033117,600,450,1.3333333333333333
ISIC_0033118,600,450,1.3333333333333333
ISIC_0033119,600,450,1.3333333333333333
ISIC_0033120,600,450,1.3333333333333333
ISIC_0033121,600,450,1.3333333333333333
ISIC_0033122,600,450,1.3333333333333333
ISIC_0033123,600,450,1.3333333333333333
ISIC_0033124,600,450,1.3333333333333333
ISIC_0033125,600,450,1.3333333333333333
ISIC_0033126,600,450,1.3333333333333333
ISIC_0033128,600,450,1.3333333333333333
ISIC_0033129,600,450,1.3333333333333333
ISIC_0033130,600,450,1.3333333333333333
ISIC_0033131,600,450,1.3333333333333333
ISIC_0033132,600,450,1.3333333333333333
ISIC_0033133,600,450,1.3333333333333333
ISIC_0033134,600,450,1.3333333333333333
ISIC_0033135,600,450,1.3333333333333333
ISIC_0033136,600,450,1.3333333333333333
ISIC_0033137,600,450,1.3333333333333333
ISIC_0033138,600,450,1.3333333333333333
ISIC_0033139,600,450,1.3333333333333333
ISIC_0033140,600,450,1.3333333333333333
ISIC_0033141,600,450,1.3333333333333333
ISIC_0033142,600,450,1.3333333333333333
ISIC_0033143,600,450,1.3333333333333333
ISIC_0033144,600,450,1.3333333333333333
ISIC_0033145,600,450,1.3333333333333333
ISIC_0033146,600,450,1.3333333333333333
ISIC_0033150,600,450,1.3333333333333333
ISIC_0033151,600,450,1.3333333333333333
ISIC_0033152,600,450,1.3333333333333333
ISIC_0033153,600,450,1.3333333333333333
ISIC_0033154,600,450,1.3333333333333333
ISIC_0033155,600,450,1.3333333333333333
ISIC_0033156,600,450,1.3333333333333333
ISIC_0033157,600,450,1.3333333333333333
ISIC_0033159,600,450,1.3333333333333333
ISIC_0033160,600,450,1.3333333333333333
ISIC_0033162,600,450,1.3333333333333333
ISIC_0033164,600,450,1.3333333333333333
ISIC_0033165,600,450,1.3333333333333333
ISIC_0033166,600,450,1.3333333333333333
ISIC_0033167,600,450,1.3333333333333333
ISIC_0033168,600,450,1.3333333333333333
ISIC_0033169,600,450,1.3333333333333333
ISIC_0033172,600,450,1.3333333333333333
ISIC_0033173,600,450,1.3333333333333333
ISIC_0033174,600,450,1.3333333333333333
ISIC_0033175,600,450,1.3333333333333333
ISIC_0033177,600,450,1.3333333333333333
ISIC_0033178,600,450,1.3333333333333333
ISIC_0033179,600,450,1.3333333333333333
ISIC_0033180,600,450,1.3333333333333333
ISIC_0033181,600,450,1.3333333333333333
ISIC_0033182,600,450,1.3333333333333333
ISIC_0033183,600,450,1.3333333333333333
ISIC_0033185,600,450,1.3333333333333333
ISIC_0033187,600,450,1.3333333333333333
ISIC_0033188,600,450,1.3333333333333333
ISIC_0033190,600,450,1.3333333333333333
ISIC_0033192,600,450,1.3333333333333333
ISIC_0033193,600,450,1.3333333333333333
ISIC_0033194,600,450,1.3333333333333333
ISIC_0033195,600,450,1.3333333333333333
ISIC_0033196,600,450,1.3333333333333333
ISIC_0033197,600,450,1.3333333333333333
ISIC_0033198,600,450,1.3333333333333333
ISIC_0033199,600,450,1.3333333333333333
ISIC_0033200,600,450,1.3333333333333333
ISIC_0033201,600,450,1.3333333333333333
ISIC_0033202,600,450,1.3333333333333333
ISIC_0033203,600,450,1.3333333333333333
ISIC_0033204,600,450,1.3333333333333333
ISIC_0033205,600,450,1.3333333333333333
ISIC_0033206,600,450,1.3333333333333333
ISIC_0033207,600,450,1.3333333333333333
ISIC_0033208,600,450,1.3333333333333333
ISIC_0033209,600,450,1.3333333333333333
ISIC_0033210,600,450,1.3333333333333333
ISIC_0033211,600,450,1.3333333333333333
ISIC_0033212,600,450,1.3333333333333333
ISIC_0033213,600,450,1.3333333333333333
ISIC_0033214,600,450,1.3333333333333333
ISIC_0033215,600,450,1.3333333333333333
ISIC_0033216,600,450,1.3333333333333333
ISIC_0033217,600,450,1.3333333333333333
ISIC_0033218,600,450,1.3333333333333333
ISIC_0033219,600,450,1.3333333333333333
ISIC_0033220,600,450,1.3333333333333333
ISIC_0033221,600,450,1.3333333333333333
ISIC_0033222,600,450,1.3333333333333333
ISIC_0033223,600,450,1.3333333333333333
ISIC_0033224,600,450,1.3333333333333333
ISIC_0033225,600,450,1.3333333333333333
ISIC_0033227,600,450,1.3333333333333333
ISIC_0033228,600,450,1.3333333333333333
ISIC_0033229,600,450,1.3333333333333333
ISIC_0033230,600,450,1.3333333333333333
ISIC_0033232,600,450,1.3333333333333333
ISIC_0033235,600,450,1.3333333333333333
ISIC_0033237,600,450,1.3333333333333333
ISIC_0033238,600,450,1.3333333333333333
ISIC_0033239,600,450,1.3333333333333333
ISIC_0033240,600,450,1.3333333333333333
ISIC_0033242,600,450,1.3333333333333333
ISIC_0033243,600,450,1.3333333333333333
ISIC_0033244,600,450,1.3333333333333333
ISIC_0033245,600,450,1.3333333333333333
ISIC_0033246,600,450,1.3333333333333333
ISIC_0033247,600,450,1.3333333333333333
ISIC_0033248,600,450,1.3333333333333333
ISIC_0033249,600,450,1.3333333333333333
ISIC_0033250,600,450,1.3333333333333333
ISIC_0033251,600,450,1.3333333333333333
ISIC_0033252,600,450,1.3333333333333333
ISIC_0033253,600,450,1.3333333333333333
ISIC_0033254,600,450,1.3333333333333333
ISIC_0033255,600,450,1.3333333333333333
ISIC_0033256,600,450,1.3333333333333333
ISIC_0033258,600,450,1.3333333333333333
ISIC_0033259,600,450,1.3333333333333333
ISIC_0033260,600,450,1.3333333333333333
ISIC_0033261,600,450,1.3333333333333333
ISIC_0033262,600,450,1.3333333333333333
ISIC_0033264,600,450,1.3333333333333333
ISIC_0033266,600,450,1.3333333333333333
ISIC_0033268,600,450,1.3333333333333333
ISIC_0033270,600,450,1.3333333333333333
ISIC_0033271,600,450,1.3333333333333333
ISIC_0033272,600,450,1.3333333333333333
ISIC_0033273,600,450,1.3333333333333333
ISIC_0033274,600,450,1.3333333333333333
ISIC_0033276,600,450,1.3333333333333333
ISIC_0033279,600,450,1.3333333333333333
ISIC_0033280,600,450,1.3333333333333333
ISIC_0033281,600,450,1.3333333333333333
ISIC_0033283,600,450,1.3333333333333333
ISIC_0033284,600,450,1.3333333333333333
ISIC_0033285,600,450,1.3333333333333333
ISIC_0033286,600,450,1.3333333333333333
ISIC_0033287,600,450,1.3333333333333333
ISIC_0033289,600,450,1.3333333333333333
ISIC_0033290,600,450,1.3333333333333333
ISIC_0033291,600,450,1.3333333333333333
ISIC_0033293,600,450,1.3333333333333333
ISIC_0033294,600,450,1.3333333333333333
ISIC_0033295,600,450,1.3333333333333333
ISIC_0033296,600,450,1.3333333333333333
ISIC_0033297,600,450,1.3333333333333333
ISIC_0033298,600,450,1.3333333333333333
ISIC_0033300,600,450,1.3333333333333333
ISIC_0033301,600,450,1.3333333333333333
ISIC_0033303,600,450,1.3333333333333333
ISIC_0033304,600,450,1.3333333333333333
ISIC_0033306,600,450,1.3333333333333333
ISIC_0033308,600,450,1.3333333333333333
ISIC_0033309,600,450,1.3333333333333333
ISIC_0033310,600,450,1.3333333333333333
ISIC_0033311,600,450,1.3333333333333333
ISIC_0033313,600,450,1.3333333333333333
ISIC_0033314,600,450,1.3333333333333333
ISIC_0033315,600,450,1.3333333333333333
ISIC_0033316,600,450,1.3333333333333333
ISIC_0033317,600,450,1.3333333333333333
ISIC_0033318,600,450,1.3333333333333333
ISIC_0033319,600,450,1.3333333333333333
ISIC_0033320,600,450,1.3333333333333333
ISIC_0033321,600,450,1.3333333333333333
ISIC_0033323,600,450,1.3333333333333333
ISIC_0033324,600,450,1.3333333333333333
ISIC_0033325,600,450,1.3333333333333333
ISIC_0033326,600,450,1.3333333333333333
ISIC_0033327,600,450,1.3333333333333333
ISIC_0033329,600,450,1.3333333333333333
ISIC_0033330,600,450,1.3333333333333333
ISIC_0033331,600,450,1.3333333333333333
ISIC_0033332,600,450,1.3333333333333333
ISIC_0033333,600,450,1.3333333333333333
ISIC_0033334,600,450,1.3333333333333333
ISIC_0033335,600,450,1.3333333333333333
ISIC_0033336,600,450,1.3333333333333333
ISIC_0033337,600,450,1.3333333333333333
ISIC_0033338,600,450,1.3333333333333333
ISIC_0033340,600,450,1.3333333333333333
ISIC_0033341,600,450,1.3333333333333333
ISIC_0033343,600,450,1.3333333333333333
ISIC_0033344,600,450,1.3333333333333333
ISIC_0033345,600,450,1.3333333333333333
ISIC_0033347,600,450,1.3333333333333333
ISIC_0033349,600,450,1.3333333333333333
ISIC_0033350,600,450,1.3333333333333333
ISIC_0033351,600,450,1.3333333333333333
ISIC_0033352,600,450,1.3333333333333333
ISIC_0033355,600,450,1.3333333333333333
ISIC_0033356,600,450,1.3333333333333333
ISIC_0033357,600,450,1.3333333333333333
ISIC_0033358,600,450,1.3333333333333333
ISIC_0033359,600,450,1.3333333333333333
ISIC_0033360,600,450,1.3333333333333333
ISIC_0033362,600,450,1.3333333333333333
ISIC_0033363,600,450,1.3333333333333333
ISIC_0033364,600,450,1.3333333333333333
ISIC_0033365,600,450,1.3333333333333333
ISIC_0033366,600,450,1.3333333333333333
ISIC_0033367,600,450,1.3333333333333333
ISIC_0033368,600,450,1.3333333333333333
ISIC_0033369,600,450,1.3333333333333333
ISIC_0033371,600,450,1.3333333333333333
ISIC_0033372,600,450,1.3333333333333333
ISIC_0033373,600,450,1.3333333333333333
ISIC_0033374,600,450,1.3333333333333333
ISIC_0033375,600,450,1.3333333333333333
ISIC_0033376,600,450,1.3333333333333333
ISIC_0033377,600,450,1.3333333333333333
ISIC_0033378,600,450,1.3333333333333333
ISIC_0033380,600,450,1.3333333333333333
ISIC_0033382,600,450,1.3333333333333333
ISIC_0033383,600,450,1.3333333333333333
ISIC_0033385,600,450,1.3333333333333333
ISIC_0033387,600,450,1.3333333333333333
ISIC_0033388,600,450,1.3333333333333333
ISIC_0033389,600,450,1.3333333333333333
ISIC_0033390,600,450,1.3333333333333333
ISIC_0033391,600,450,1.3333333333333333
ISIC_0033392,600,450,1.3333333333333333
ISIC_0033393,600,450,1.3333333333333333
ISIC_0033394,600,450,1.3333333333333333
ISIC_0033395,600,450,1.3333333333333333
ISIC_0033396,600,450,1.3333333333333333
ISIC_0033397,600,450,1.3333333333333333
ISIC_0033398,600,450,1.3333333333333333
ISIC_0033400,600,450,1.3333333333333333
ISIC_0033401,600,450,1.3333333333333333
ISIC_0033402,600,450,1.3333333333333333
ISIC_0033403,600,450,1.3333333333333333
ISIC_0033404,600,450,1.3333333333333333
ISIC_0033405,600,450,1.3333333333333333
ISIC_0033407,600,450,1.3333333333333333
ISIC_0033408,600,450,1.3333333333333333
ISIC_0033409,600,450,1.3333333333333333
ISIC_0033410,600,450,1.3333333333333333
ISIC_0033411,600,450,1.3333333333333333
ISIC_0033412,600,450,1.3333333333333333
ISIC_0033413,600,450,1.3333333333333333
ISIC_0033414,600,450,1.3333333333333333
ISIC_0033415,600,450,1.3333333333333333
ISIC_0033416,600,450,1.3333333333333333
ISIC_0033418,600,450,1.3333333333333333
ISIC_0033419,600,450,1.3333333333333333
ISIC_0033421,600,450,1.3333333333333333
ISIC_0033422,600,450,1.3333333333333333
ISIC_0033423,600,450,1.3333333333333333
ISIC_0033424,600,450,1.3333333333333333
ISIC_0033425,600,450,1.3333333333333333
ISIC_0033427,600,450,1.3333333333333333
ISIC_0033428,600,450,1.3333333333333333
ISIC_0033429,600,450,1.3333333333333333
ISIC_0033430,600,450,1.3333333333333333
ISIC_0033431,600,450,1.3333333333333333
ISIC_0033432,600,450,1.3333333333333333
ISIC_0033433,600,450,1.3333333333333333
ISIC_0033434,600,450,1.3333333333333333
ISIC_0033436,600,450,1.3333333333333333
ISIC_0033437,600,450,1.3333333333333333
ISIC_0033439,600,450,1.3333333333333333
ISIC_0033440,600,450,1.3333333333333333
ISIC_0033441,600,450,1.3333333333333333
ISIC_0033443,600,450,1.3333333333333333
ISIC_0033444,600,450,1.3333333333333333
ISIC_0033445,600,450,1.3333333333333333
ISIC_0033446,600,450,1.3333333333333333
ISIC_0033447,600,450,1.3333333333333333
ISIC_0033450,600,450,1.3333333333333333
ISIC_0033451,600,450,1.3333333333333333
ISIC_0033452,600,450,1.3333333333333333
ISIC_0033453,600,450,1.3333333333333333
ISIC_0033454,600,450,1.3333333333333333
ISIC_0033455,600,450,1.3333333333333333
ISIC_0033456,600,450,1.3333333333333333
ISIC_0033457,600,450,1.3333333333333333
ISIC_0033458,600,450,1.3333333333333333
ISIC_0033459,600,450,1.3333333333333333
ISIC_0033461,600,450,1.3333333333333333
ISIC_0033463,600,450,1.3333333333333333
ISIC_0033464,600,450,1.3333333333333333
ISIC_0033466,600,450,1.3333333333333333
ISIC_0033467,600,450,1.3333333333333333
ISIC_0033468,600,450,1.3333333333333333
ISIC_0033470,600,450,1.3333333333333333
ISIC_0033471,600,450,1.3333333333333333
ISIC_0033472,600,450,1.3333333333333333
ISIC_0033473,600,450,1.3333333333333333
ISIC_0033474,600,450,1.3333333333333333
ISIC_0033475,600,450,1.3333333333333333
ISIC_0033476,600,450,1.3333333333333333
ISIC_0033477,600,450,1.3333333333333333
ISIC_0033478,600,450,1.3333333333333333
ISIC_0033480,600,450,1.3333333333333333
ISIC_0033481,600,450,1.3333333333333333
ISIC_0033482,600,450,1.3333333333333333
ISIC_0033484,600,450,1.3333333333333333
ISIC_0033485,600,450,1.3333333333333333
ISIC_0033486,600,450,1.3333333333333333
ISIC_0033487,600,450,1.3333333333333333
ISIC_0033488,600,450,1.3333333333333333
ISIC_0033490,600,450,1.3333333333333333
ISIC_0033491,600,450,1.3333333333333333
ISIC_0033492,600,450,1.3333333333333333
ISIC_0033494,600,450,1.3333333333333333
ISIC_0033496,600,450,1.3333333333333333
ISIC_0033497,600,450,1.3333333333333333
ISIC_0033499,600,450,1.3333333333333333
ISIC_0033500,600,450,1.3333333333333333
ISIC_0033501,600,450,1.3333333333333333
ISIC_0033502,600,450,1.3333333333333333
ISIC_0033503,600,450,1.3333333333333333
ISIC_0033504,600,450,1.3333333333333333
ISIC_0033505,600,450,1.3333333333333333
ISIC_0033506,600,450,1.3333333333333333
ISIC_0033508,600,450,1.3333333333333333
ISIC_0033509,600,450,1.3333333333333333
ISIC_0033510,600,450,1.3333333333333333
ISIC_0033511,600,450,1.3333333333333333
ISIC_0033512,600,450,1.3333333333333333
ISIC_0033514,600,450,1.3333333333333333
ISIC_0033515,600,450,1.3333333333333333
ISIC_0033516,600,450,1.3333333333333333
ISIC_0033518,600,450,1.3333333333333333
ISIC_0033519,600,450,1.3333333333333333
ISIC_0033524,600,450,1.3333333333333333
ISIC_0033525,600,450,1.3333333333333333
ISIC_0033527,600,450,1.3333333333333333
ISIC_0033528,600,450,1.3333333333333333
ISIC_0033529,600,450,1.3333333333333333
ISIC_0033530,600,450,1.3333333333333333
ISIC_0033532,600,450,1.3333333333333333
ISIC_0033533,600,450,1.3333333333333333
ISIC_0033534,600,450,1.3333333333333333
ISIC_0033535,600,450,1.3333333333333333
ISIC_0033536,600,450,1.3333333333333333
ISIC_0033537,600,450,1.3333333333333333
ISIC_0033538,600,450,1.3333333333333333
ISIC_0033539,600,450,1.3333333333333333
ISIC_0033540,600,450,1.3333333333333333
ISIC_0033541,600,450,1.3333333333333333
ISIC_0033542,600,450,1.3333333333333333
ISIC_0033544,600,450,1.3333333333333333
ISIC_0033545,600,450,1.3333333333333333
ISIC_0033546,600,450,1.3333333333333333
ISIC_0033547,600,450,1.3333333333333333
ISIC_0033549,600,450,1.3333333333333333
ISIC_0033550,600,450,1.3333333333333333
ISIC_0033552,600,450,1.3333333333333333
ISIC_0033553,600,450,1.3333333333333333
ISIC_0033554,600,450,1.3333333333333333
ISIC_0033555,600,450,1.3333333333333333
ISIC_0033556,600,450,1.3333333333333333
ISIC_0033557,600,450,1.3333333333333333
ISIC_0033558,600,450,1.3333333333333333
ISIC_0033559,600,450,1.3333333333333333
ISIC_0033560,600,450,1.3333333333333333
ISIC_0033561,600,450,1.3333333333333333
ISIC_0033563,600,450,1.3333333333333333
ISIC_0033565,600,450,1.3333333333333333
ISIC_0033569,600,450,1.3333333333333333
ISIC_0033570,600,450,1.3333333333333333
ISIC_0033572,600,450,1.3333333333333333
ISIC_0033573,600,450,1.3333333333333333
ISIC_0033574,600,450,1.3333333333333333
ISIC_0033575,600,450,1.3333333333333333
ISIC_0033577,600,450,1.3333333333333333
ISIC_0033578,600,450,1.3333333333333333
ISIC_0033579,600,450,1.3333333333333333
ISIC_0033580,600,450,1.3333333333333333
ISIC_0033581,600,450,1.3333333333333333
ISIC_0033584,600,450,1.3333333333333333
ISIC_0033585,600,450,1.3333333333333333
ISIC_0033587,600,450,1.3333333333333333
ISIC_0033588,600,450,1.3333333333333333
ISIC_0033589,600,450,1.3333333333333333
ISIC_0033590,600,450,1.3333333333333333
ISIC_0033591,600,450,1.3333333333333333
ISIC_0033592,600,450,1.3333333333333333
ISIC_0033593,600,450,1.3333333333333333
ISIC_0033594,600,450,1.3333333333333333
ISIC_0033595,600,450,1.3333333333333333
ISIC_0033596,600,450,1.3333333333333333
ISIC_0033597,600,450,1.3333333333333333
ISIC_0033598,600,450,1.3333333333333333
ISIC_0033600,600,450,1.3333333333333333
ISIC_0033601,600,450,1.3333333333333333
ISIC_0033602,600,450,1.3333333333333333
ISIC_0033603,600,450,1.3333333333333333
ISIC_0033604,600,450,1.3333333333333333
ISIC_0033605,600,450,1.3333333333333333
ISIC_0033609,600,450,1.3333333333333333
ISIC_0033612,600,450,1.3333333333333333
ISIC_0033614,600,450,1.3333333333333333
ISIC_0033615,600,450,1.3333333333333333
ISIC_0033616,600,450,1.3333333333333333
ISIC_0033617,600,450,1.3333333333333333
ISIC_0033618,600,450,1.3333333333333333
ISIC_0033619,600,450,1.3333333333333333
ISIC_0033620,600,450,1.3333333333333333
ISIC_0033621,600,450,1.3333333333333333
ISIC_0033623,600,450,1.3333333333333333
ISIC_0033624,600,450,1.3333333333333333
ISIC_0033625,600,450,1.3333333333333333
ISIC_0033626,600,450,1.3333333333333333
ISIC_0033627,600,450,1.3333333333333333
ISIC_0033628,600,450,1.3333333333333333
ISIC_0033629,600,450,1.3333333333333333
ISIC_0033630,600,450,1.3333333333333333
ISIC_0033632,600,450,1.3333333333333333
ISIC_0033633,600,450,1.3333333333333333
ISIC_0033634,600,450,1.3333333333333333
ISIC_0033635,600,450,1.3333333333333333
ISIC_0033636,600,450,1.3333333333333333
ISIC_0033639,600,450,1.3333333333333333
ISIC_0033640,600,450,1.3333333333333333
ISIC_0033641,600,450,1.3333333333333333
ISIC_0033642,600,450,1.3333333333333333
ISIC_0033643,600,450,1.3333333333333333
ISIC_0033644,600,450,1.3333333333333333
ISIC_0033645,600,450,1.3333333333333333
ISIC_0033646,600,450,1.3333333333333333
ISIC_0033648,600,450,1.3333333333333333
ISIC_0033650,600,450,1.3333333333333333
ISIC_0033651,600,450,1.3333333333333333
ISIC_0033652,600,450,1.3333333333333333
ISIC_0033654,600,450,1.3333333333333333
ISIC_0033655,600,450,1.3333333333333333
ISIC_0033656,600,450,1.3333333333333333
ISIC_0033657,600,450,1.3333333333333333
ISIC_0033658,600,450,1.3333333333333333
ISIC_0033659,600,450,1.3333333333333333
ISIC_0033660,600,450,1.3333333333333333
ISIC_0033661,600,450,1.3333333333333333
ISIC_0033662,600,450,1.3333333333333333
ISIC_0033663,600,450,1.3333333333333333
ISIC_0033664,600,450,1.3333333333333333
ISIC_0033665,600,450,1.3333333333333333
ISIC_0033666,600,450,1.3333333333333333
ISIC_0033667,600,450,1.3333333333333333
ISIC_0033669,600,450,1.3333333333333333
ISIC_0033670,600,450,1.3333333333333333
ISIC_0033671,600,450,1.3333333333333333
ISIC_0033672,600,450,1.3333333333333333
ISIC_0033675,600,450,1.3333333333333333
ISIC_0033677,600,450,1.3333333333333333
ISIC_0033680,600,450,1.3333333333333333
ISIC_0033681,600,450,1.3333333333333333
ISIC_0033682,600,450,1.3333333333333333
ISIC_0033685,600,450,1.3333333333333333
ISIC_0033686,600,450,1.3333333333333333
ISIC_0033688,600,450,1.3333333333333333
ISIC_0033689,600,450,1.3333333333333333
ISIC_0033690,600,450,1.3333333333333333
ISIC_0033691,600,450,1.3333333333333333
ISIC_0033692,600,450,1.3333333333333333
ISIC_0033693,600,450,1.3333333333333333
ISIC_0033695,600,450,1.3333333333333333
ISIC_0033696,600,450,1.3333333333333333
ISIC_0033697,600,450,1.3333333333333333
ISIC_0033698,600,450,1.3333333333333333
ISIC_0033699,600,450,1.3333333333333333
ISIC_0033700,600,450,1.3333333333333333
ISIC_0033701,600,450,1.3333333333333333
ISIC_0033702,600,450,1.3333333333333333
ISIC_0033703,600,450,1.3333333333333333
ISIC_0033705,600,450,1.3333333333333333
ISIC_0033707,600,450,1.3333333333333333
ISIC_0033708,600,450,1.3333333333333333
ISIC_0033709,600,450,1.3333333333333333
ISIC_0033710,600,450,1.3333333333333333
ISIC_0033711,600,450,1.3333333333333333
ISIC_0033712,600,450,1.3333333333333333
ISIC_0033713,600,450,1.3333333333333333
ISIC_0033714,600,450,1.3333333333333333
ISIC_0033717,600,450,1.3333333333333333
ISIC_0033718,600,450,1.3333333333333333
ISIC_0033719,600,450,1.3333333333333333
ISIC_0033720,600,450,1.3333333333333333
ISIC_0033721,600,450,1.3333333333333333
ISIC_0033722,600,450,1.3333333333333333
ISIC_0033723,600,450,1.3333333333333333
ISIC_0033724,600,450,1.3333333333333333
ISIC_0033725,600,450,1.3333333333333333
ISIC_0033726,600,450,1.3333333333333333
ISIC_0033727,600,450,1.3333333333333333
ISIC_0033729,600,450,1.3333333333333333
ISIC_0033730,600,450,1.3333333333333333
ISIC_0033731,600,450,1.3333333333333333
ISIC_0033732,600,450,1.3333333333333333
ISIC_0033733,600,450,1.3333333333333333
ISIC_0033734,600,450,1.3333333333333333
ISIC_0033735,600,450,1.3333333333333333
ISIC_0033736,600,450,1.3333333333333333
ISIC_0033737,600,450,1.3333333333333333
ISIC_0033738,600,450,1.3333333333333333
ISIC_0033739,600,450,1.3333333333333333
ISIC_0033740,600,450,1.3333333333333333
ISIC_0033741,600,450,1.3333333333333333
ISIC_0033742,600,450,1.3333333333333333
ISIC_0033743,600,450,1.3333333333333333
ISIC_0033744,600,450,1.3333333333333333
ISIC_0033745,600,450,1.3333333333333333
ISIC_0033746,600,450,1.3333333333333333
ISIC_0033747,600,450,1.3333333333333333
ISIC_0033749,600,450,1.3333333333333333
ISIC_0033750,600,450,1.3333333333333333
ISIC_0033752,600,450,1.3333333333333333
ISIC_0033755,600,450,1.3333333333333333
ISIC_0033756,600,450,1.3333333333333333
ISIC_0033757,600,450,1.3333333333333333
ISIC_0033758,600,450,1.3333333333333333
ISIC_0033759,600,450,1.3333333333333333
ISIC_0033760,600,450,1.3333333333333333
ISIC_0033761,600,450,1.3333333333333333
ISIC_0033762,600,450,1.3333333333333333
ISIC_0033763,600,450,1.3333333333333333
ISIC_0033764,600,450,1.3333333333333333
ISIC_0033765,600,450,1.3333333333333333
ISIC_0033767,600,450,1.3333333333333333
ISIC_0033768,600,450,1.3333333333333333
ISIC_0033769,600,450,1.3333333333333333
ISIC_0033770,600,450,1.3333333333333333
ISIC_0033771,600,450,1.3333333333333333
ISIC_0033772,600,450,1.3333333333333333
ISIC_0033773,600,450,1.3333333333333333
ISIC_0033774,600,450,1.3333333333333333
ISIC_0033775,600,450,1.3333333333333333
ISIC_0033776,600,450,1.3333333333333333
ISIC_0033777,600,450,1.3333333333333333
ISIC_0033778,600,450,1.3333333333333333
ISIC_0033779,600,450,1.3333333333333333
ISIC_0033780,600,450,1.3333333333333333
ISIC_0033781,600,450,1.3333333333333333
ISIC_0033782,600,450,1.3333333333333333
ISIC_0033783,600,450,1.3333333333333333
ISIC_0033786,600,450,1.3333333333333333
ISIC_0033788,600,450,1.3333333333333333
ISIC_0033789,600,450,1.3333333333333333
ISIC_0033790,600,450,1.3333333333333333
ISIC_0033792,600,450,1.3333333333333333
ISIC_0033793,600,450,1.3333333333333333
ISIC_0033794,600,450,1.3333333333333333
ISIC_0033795,600,450,1.3333333333333333
ISIC_0033796,600,450,1.3333333333333333
ISIC_0033797,600,450,1.3333333333333333
ISIC_0033798,600,450,1.3333333333333333
ISIC_0033799,600,450,1.3333333333333333
ISIC_0033800,600,450,1.3333333333333333
ISIC_0033801,600,450,1.3333333333333333
ISIC_0033802,600,450,1.3333333333333333
ISIC_0033803,600,450,1.3333333333333333
ISIC_0033804,600,450,1.3333333333333333
ISIC_0033806,600,450,1.3333333333333333
ISIC_0033807,600,450,1.3333333333333333
ISIC_0033808,600,450,1.3333333333333333
ISIC_0033809,600,450,1.3333333333333333
ISIC_0033810,600,450,1.3333333333333333
ISIC_0033811,600,450,1.3333333333333333
ISIC_0033813,600,450,1.3333333333333333
ISIC_0033816,600,450,1.3333333333333333
ISIC_0033817,600,450,1.3333333333333333
ISIC_0033818,600,450,1.3333333333333333
ISIC_0033821,600,450,1.3333333333333333
ISIC_0033822,600,450,1.3333333333333333
ISIC_0033823,600,450,1.3333333333333333
ISIC_0033824,600,450,1.3333333333333333
ISIC_0033827,600,450,1.3333333333333333
ISIC_0033828,600,450,1.3333333333333333
ISIC_0033830,600,450,1.3333333333333333
ISIC_0033831,600,450,1.3333333333333333
ISIC_0033832,600,450,1.3333333333333333
ISIC_0033833,600,450,1.3333333333333333
ISIC_0033835,600,450,1.3333333333333333
ISIC_0033836,600,450,1.3333333333333333
ISIC_0033837,600,450,1.3333333333333333
ISIC_0033838,600,450,1.3333333333333333
ISIC_0033839,600,450,1.3333333333333333
ISIC_0033840,600,450,1.3333333333333333
ISIC_0033841,600,450,1.3333333333333333
ISIC_0033843,600,450,1.3333333333333333
ISIC_0033845,600,450,1.3333333333333333
ISIC_0033846,600,450,1.3333333333333333
ISIC_0033847,600,450,1.3333333333333333
ISIC_0033848,600,450,1.3333333333333333
ISIC_0033849,600,450,1.3333333333333333
ISIC_0033850,600,450,1.3333333333333333
ISIC_0033851,600,450,1.3333333333333333
ISIC_0033852,600,450,1.3333333333333333
ISIC_0033853,600,450,1.3333333333333333
ISIC_0033854,600,450,1.3333333333333333
ISIC_0033856,600,450,1.3333333333333333
ISIC_0033858,600,450,1.3333333333333333
ISIC_0033859,600,450,1.3333333333333333
ISIC_0033860,600,450,1.3333333333333333
ISIC_0033861,600,450,1.3333333333333333
ISIC_0033862,600,450,1.3333333333333333
ISIC_0033864,600,450,1.3333333333333333
ISIC_0033865,600,450,1.3333333333333333
ISIC_0033866,600,450,1.3333333333333333
ISIC_0033867,600,450,1.3333333333333333
ISIC_0033868,600,450,1.3333333333333333
ISIC_0033869,600,450,1.3333333333333333
ISIC_0033871,600,450,1.3333333333333333
ISIC_0033872,600,450,1.3333333333333333
ISIC_0033873,600,450,1.3333333333333333
ISIC_0033875,600,450,1.3333333333333333
ISIC_0033876,600,450,1.3333333333333333
ISIC_0033877,600,450,1.3333333333333333
ISIC_0033878,600,450,1.3333333333333333
ISIC_0033879,600,450,1.3333333333333333
ISIC_0033880,600,450,1.3333333333333333
ISIC_0033881,600,450,1.3333333333333333
ISIC_0033882,600,450,1.3333333333333333
ISIC_0033883,600,450,1.3333333333333333
ISIC_0033884,600,450,1.3333333333333333
ISIC_0033885,600,450,1.3333333333333333
ISIC_0033886,600,450,1.3333333333333333
ISIC_0033888,600,450,1.3333333333333333
ISIC_0033889,600,450,1.3333333333333333
ISIC_0033890,600,450,1.3333333333333333
ISIC_0033891,600,450,1.3333333333333333
ISIC_0033892,600,450,1.3333333333333333
ISIC_0033894,600,450,1.3333333333333333
ISIC_0033898,600,450,1.3333333333333333
ISIC_0033899,600,450,1.3333333333333333
ISIC_0033902,600,450,1.3333333333333333
ISIC_0033903,600,450,1.3333333333333333
ISIC_0033905,600,450,1.3333333333333333
ISIC_0033906,600,450,1.3333333333333333
ISIC_0033907,600,450,1.3333333333333333
ISIC_0033908,600,450,1.3333333333333333
ISIC_0033909,600,450,1.3333333333333333
ISIC_0033910,600,450,1.3333333333333333
ISIC_0033911,600,450,1.3333333333333333
ISIC_0033912,600,450,1.3333333333333333
ISIC_0033913,600,450,1.3333333333333333
ISIC_0033914,600,450,1.3333333333333333
ISIC_0033915,600,450,1.3333333333333333
ISIC_0033916,600,450,1.3333333333333333
ISIC_0033917,600,450,1.3333333333333333
ISIC_0033918,600,450,1.3333333333333333
ISIC_0033919,600,450,1.3333333333333333
ISIC_0033921,600,450,1.3333333333333333
ISIC_0033922,600,450,1.3333333333333333
ISIC_0033923,600,450,1.3333333333333333
ISIC_0033925,600,450,1.3333333333333333
ISIC_0033926,600,450,1.3333333333333333
ISIC_0033927,600,450,1.3333333333333333
ISIC_0033928,600,450,1.3333333333333333
ISIC_0033930,600,450,1.3333333333333333
ISIC_0033931,600,450,1.3333333333333333
ISIC_0033932,600,450,1.3333333333333333
ISIC_0033933,600,450,1.3333333333333333
ISIC_0033934,600,450,1.3333333333333333
ISIC_0033935,600,450,1.3333333333333333
ISIC_0033936,600,450,1.3333333333333333
ISIC_0033937,600,450,1.3333333333333333
ISIC_0033939,600,450,1.3333333333333333
ISIC_0033940,600,450,1.3333333333333333
ISIC_0033941,600,450,1.3333333333333333
ISIC_0033942,600,450,1.3333333333333333
ISIC_0033943,600,450,1.3333333333333333
ISIC_0033944,600,450,1.3333333333333333
ISIC_0033945,600,450,1.3333333333333333
ISIC_0033946,600,450,1.3333333333333333
ISIC_0033947,600,450,1.3333333333333333
ISIC_0033948,600,450,1.3333333333333333
ISIC_0033952,600,450,1.3333333333333333
ISIC_0033953,600,450,1.3333333333333333
ISIC_0033954,600,450,1.3333333333333333
ISIC_0033955,600,450,1.3333333333333333
ISIC_0033956,600,450,1.3333333333333333
ISIC_0033957,600,450,1.3333333333333333
ISIC_0033958,600,450,1.3333333333333333
ISIC_0033959,600,450,1.3333333333333333
ISIC_0033960,600,450,1.3333333333333333
ISIC_0033961,600,450,1.3333333333333333
ISIC_0033962,600,450,1.3333333333333333
ISIC_0033963,600,450,1.3333333333333333
ISIC_0033964,600,450,1.3333333333333333
ISIC_0033966,600,450,1.3333333333333333
ISIC_0033967,600,450,1.3333333333333333
ISIC_0033968,600,450,1.3333333333333333
ISIC_0033970,600,450,1.3333333333333333
ISIC_0033971,600,450,1.3333333333333333
ISIC_0033972,600,450,1.3333333333333333
ISIC_0033973,600,450,1.3333333333333333
ISIC_0033974,600,450,1.3333333333333333
ISIC_0033976,600,450,1.3333333333333333
ISIC_0033978,600,450,1.3333333333333333
ISIC_0033979,600,450,1.3333333333333333
ISIC_0033980,600,450,1.3333333333333333
ISIC_0033981,600,450,1.3333333333333333
ISIC_0033982,600,450,1.3333333333333333
ISIC_0033983,600,450,1.3333333333333333
ISIC_0033984,600,450,1.3333333333333333
ISIC_0033985,600,450,1.3333333333333333
ISIC_0033986,600,450,1.3333333333333333
ISIC_0033988,600,450,1.3333333333333333
ISIC_0033989,600,450,1.3333333333333333
ISIC_0033990,600,450,1.3333333333333333
ISIC_0033991,600,450,1.3333333333333333
ISIC_0033993,600,450,1.3333333333333333
ISIC_0033994,600,450,1.3333333333333333
ISIC_0033995,600,450,1.3333333333333333
ISIC_0033996,600,450,1.3333333333333333
ISIC_0033997,600,450,1.3333333333333333
ISIC_0033998,600,450,1.3333333333333333
ISIC_0033999,600,450,1.3333333333333333
ISIC_0034000,600,450,1.3333333333333333
ISIC_0034001,600,450,1.3333333333333333
ISIC_0034003,600,450,1.3333333333333333
ISIC_0034004,600,450,1.3333333333333333
ISIC_0034005,600,450,1.3333333333333333
ISIC_0034007,600,450,1.3333333333333333
ISIC_0034008,600,450,1.3333333333333333
ISIC_0034009,600,450,1.3333333333333333
ISIC_0034010,600,450,1.3333333333333333
ISIC_0034012,600,450,1.3333333333333333
ISIC_0034015,600,450,1.3333333333333333
ISIC_0034017,600,450,1.3333333333333333
ISIC_0034018,600,450,1.3333333333333333
ISIC_0034020,600,450,1.3333333333333333
ISIC_0034021,600,450,1.3333333333333333
ISIC_0034023,600,450,1.3333333333333333
ISIC_0034025,600,450,1.3333333333333333
ISIC_0034026,600,450,1.3333333333333333
ISIC_0034027,600,450,1.3333333333333333
ISIC_0034029,600,450,1.3333333333333333
ISIC_0034030,600,450,1.3333333333333333
ISIC_0034031,600,450,1.3333333333333333
ISIC_0034034,600,450,1.3333333333333333
ISIC_0034035,600,450,1.3333333333333333
ISIC_0034036,600,450,1.3333333333333333
ISIC_0034037,600,450,1.3333333333333333
ISIC_0034038,600,450,1.3333333333333333
ISIC_0034039,600,450,1.3333333333333333
ISIC_0034040,600,450,1.3333333333333333
ISIC_0034041,600,450,1.3333333333333333
ISIC_0034042,600,450,1.3333333333333333
ISIC_0034043,600,450,1.3333333333333333
ISIC_0034046,600,450,1.3333333333333333
ISIC_0034047,600,450,1.3333333333333333
ISIC_0034048,600,450,1.3333333333333333
ISIC_0034049,600,450,1.3333333333333333
ISIC_0034050,600,450,1.3333333333333333
ISIC_0034051,600,450,1.3333333333333333
ISIC_0034054,600,450,1.3333333333333333
ISIC_0034055,600,450,1.3333333333333333
ISIC_0034056,600,450,1.3333333333333333
ISIC_0034057,600,450,1.3333333333333333
ISIC_0034058,600,450,1.3333333333333333
ISIC_0034059,600,450,1.3333333333333333
ISIC_0034061,600,450,1.3333333333333333
ISIC_0034062,600,450,1.3333333333333333
ISIC_0034063,600,450,1.3333333333333333
ISIC_0034064,600,450,1.3333333333333333
ISIC_0034065,600,450,1.3333333333333333
ISIC_0034066,600,450,1.3333333333333333
ISIC_0034067,600,450,1.3333333333333333
ISIC_0034068,600,450,1.3333333333333333
ISIC_0034070,600,450,1.3333333333333333
ISIC_0034071,600,450,1.3333333333333333
ISIC_0034072,600,450,1.3333333333333333
ISIC_0034073,600,450,1.3333333333333333
ISIC_0034074,600,450,1.3333333333333333
ISIC_0034075,600,450,1.3333333333333333
ISIC_0034076,600,450,1.3333333333333333
ISIC_0034077,600,450,1.3333333333333333
ISIC_0034078,600,450,1.3333333333333333
ISIC_0034079,600,450,1.3333333333333333
ISIC_0034080,600,450,1.3333333333333333
ISIC_0034081,600,450,1.3333333333333333
ISIC_0034082,600,450,1.3333333333333333
ISIC_0034083,600,450,1.3333333333333333
ISIC_0034084,600,450,1.3333333333333333
ISIC_0034086,600,450,1.3333333333333333
ISIC_0034088,600,450,1.3333333333333333
ISIC_0034089,600,450,1.3333333333333333
ISIC_0034090,600,450,1.3333333333333333
ISIC_0034091,600,450,1.3333333333333333
ISIC_0034092,600,450,1.3333333333333333
ISIC_0034093,600,450,1.3333333333333333
ISIC_0034094,600,450,1.3333333333333333
ISIC_0034095,600,450,1.3333333333333333
ISIC_0034096,600,450,1.3333333333333333
ISIC_0034097,600,450,1.3333333333333333
ISIC_0034098,600,450,1.3333333333333333
ISIC_0034099,600,450,1.3333333333333333
ISIC_0034100,600,450,1.3333333333333333
ISIC_0034102,600,450,1.3333333333333333
ISIC_0034104,600,450,1.3333333333333333
ISIC_0034105,600,450,1.3333333333333333
ISIC_0034106,600,450,1.3333333333333333
ISIC_0034107,600,450,1.3333333333333333
ISIC_0034108,600,450,1.3333333333333333
ISIC_0034109,600,450,1.3333333333333333
ISIC_0034110,600,450,1.3333333333333333
ISIC_0034111,600,450,1.3333333333333333
ISIC_0034112,600,450,1.3333333333333333
ISIC_0034113,600,450,1.3333333333333333
ISIC_0034115,600,450,1.3333333333333333
ISIC_0034116,600,450,1.3333333333333333
ISIC_0034117,600,450,1.3333333333333333
ISIC_0034118,600,450,1.3333333333333333
ISIC_0034120,600,450,1.3333333333333333
ISIC_0034121,600,450,1.3333333333333333
ISIC_0034122,600,450,1.3333333333333333
ISIC_0034123,600,450,1.3333333333333333
ISIC_0034124,600,450,1.3333333333333333
ISIC_0034125,600,450,1.3333333333333333
ISIC_0034126,600,450,1.3333333333333333
ISIC_0034127,600,450,1.3333333333333333
ISIC_0034129,600,450,1.3333333333333333
ISIC_0034130,600,450,1.3333333333333333
ISIC_0034131,600,450,1.3333333333333333
ISIC_0034132,600,450,1.3333333333333333
ISIC_0034133,600,450,1.3333333333333333
ISIC_0034134,600,450,1.3333333333333333
ISIC_0034135,600,450,1.3333333333333333
ISIC_0034137,600,450,1.3333333333333333
ISIC_0034140,600,450,1.3333333333333333
ISIC_0034141,600,450,1.3333333333333333
ISIC_0034142,600,450,1.3333333333333333
ISIC_0034143,600,450,1.3333333333333333
ISIC_0034144,600,450,1.3333333333333333
ISIC_0034145,600,450,1.3333333333333333
ISIC_0034146,600,450,1.3333333333333333
ISIC_0034147,600,450,1.3333333333333333
ISIC_0034149,600,450,1.3333333333333333
ISIC_0034150,600,450,1.3333333333333333
ISIC_0034151,600,450,1.3333333333333333
ISIC_0034152,600,450,1.3333333333333333
ISIC_0034153,600,450,1.3333333333333333
ISIC_0034155,600,450,1.3333333333333333
ISIC_0034156,600,450,1.3333333333333333
ISIC_0034157,600,450,1.3333333333333333
ISIC_0034158,600,450,1.3333333333333333
ISIC_0034159,600,450,1.3333333333333333
ISIC_0034160,600,450,1.3333333333333333
ISIC_0034161,600,450,1.3333333333333333
ISIC_0034162,600,450,1.3333333333333333
ISIC_0034163,600,450,1.3333333333333333
ISIC_0034164,600,450,1.3333333333333333
ISIC_0034165,600,450,1.3333333333333333
ISIC_0034168,600,450,1.3333333333333333
ISIC_0034169,600,450,1.3333333333333333
ISIC_0034170,600,450,1.3333333333333333
ISIC_0034171,600,450,1.3333333333333333
ISIC_0034172,600,450,1.3333333333333333
ISIC_0034173,600,450,1.3333333333333333
ISIC_0034174,600,450,1.3333333333333333
ISIC_0034176,600,450,1.3333333333333333
ISIC_0034177,600,450,1.3333333333333333
ISIC_0034178,600,450,1.3333333333333333
ISIC_0034182,600,450,1.3333333333333333
ISIC_0034183,600,450,1.3333333333333333
ISIC_0034186,600,450,1.3333333333333333
ISIC_0034187,600,450,1.3333333333333333
ISIC_0034188,600,450,1.3333333333333333
ISIC_0034189,600,450,1.3333333333333333
ISIC_0034190,600,450,1.3333333333333333
ISIC_0034191,600,450,1.3333333333333333
ISIC_0034192,600,450,1.3333333333333333
ISIC_0034193,600,450,1.3333333333333333
ISIC_0034195,600,450,1.3333333333333333
ISIC_0034196,600,450,1.3333333333333333
ISIC_0034197,600,450,1.3333333333333333
ISIC_0034198,600,450,1.3333333333333333
ISIC_0034199,600,450,1.3333333333333333
ISIC_0034200,600,450,1.3333333333333333
ISIC_0034203,600,450,1.3333333333333333
ISIC_0034204,600,450,1.3333333333333333
ISIC_0034205,600,450,1.3333333333333333
ISIC_0034207,600,450,1.3333333333333333
ISIC_0034208,600,450,1.3333333333333333
ISIC_0034209,600,450,1.3333333333333333
ISIC_0034210,600,450,1.3333333333333333
ISIC_0034211,600,450,1.3333333333333333
ISIC_0034213,600,450,1.3333333333333333
ISIC_0034214,600,450,1.3333333333333333
ISIC_0034215,600,450,1.3333333333333333
ISIC_0034216,600,450,1.3333333333333333
ISIC_0034217,600,450,1.3333333333333333
ISIC_0034218,600,450,1.3333333333333333
ISIC_0034220,600,450,1.3333333333333333
ISIC_0034221,600,450,1.3333333333333333
ISIC_0034222,600,450,1.3333333333333333
ISIC_0034223,600,450,1.3333333333333333
ISIC_0034224,600,450,1.3333333333333333
ISIC_0034225,600,450,1.3333333333333333
ISIC_0034226,600,450,1.3333333333333333
ISIC_0034227,600,450,1.3333333333333333
ISIC_0034228,600,450,1.3333333333333333
ISIC_0034229,600,450,1.3333333333333333
ISIC_0034230,600,450,1.3333333333333333
ISIC_0034232,600,450,1.3333333333333333
ISIC_0034233,600,450,1.3333333333333333
ISIC_0034234,600,450,1.3333333333333333
ISIC_0034235,600,450,1.3333333333333333
ISIC_0034236,600,450,1.3333333333333333
ISIC_0034238,600,450,1.3333333333333333
ISIC_0034239,600,450,1.3333333333333333
ISIC_0034240,600,450,1.3333333333333333
ISIC_0034242,600,450,1.3333333333333333
ISIC_0034243,600,450,1.3333333333333333
ISIC_0034244,600,450,1.3333333333333333
ISIC_0034245,600,450,1.3333333333333333
ISIC_0034246,600,450,1.3333333333333333
ISIC_0034247,600,450,1.3333333333333333
ISIC_0034248,600,450,1.3333333333333333
ISIC_0034250,600,450,1.3333333333333333
ISIC_0034251,600,450,1.3333333333333333
ISIC_0034253,600,450,1.3333333333333333
ISIC_0034254,600,450,1.3333333333333333
ISIC_0034255,600,450,1.3333333333333333
ISIC_0034256,600,450,1.3333333333333333
ISIC_0034257,600,450,1.3333333333333333
ISIC_0034258,600,450,1.3333333333333333
ISIC_0034259,600,450,1.3333333333333333
ISIC_0034261,600,450,1.3333333333333333
ISIC_0034262,600,450,1.3333333333333333
ISIC_0034263,600,450,1.3333333333333333
ISIC_0034264,600,450,1.3333333333333333
ISIC_0034265,600,450,1.3333333333333333
ISIC_0034267,600,450,1.3333333333333333
ISIC_0034268,600,450,1.3333333333333333
ISIC_0034269,600,450,1.3333333333333333
ISIC_0034270,600,450,1.3333333333333333
ISIC_0034271,600,450,1.3333333333333333
ISIC_0034272,600,450,1.3333333333333333
ISIC_0034273,600,450,1.3333333333333333
ISIC_0034274,600,450,1.3333333333333333
ISIC_0034275,600,450,1.3333333333333333
ISIC_0034277,600,450,1.3333333333333333
ISIC_0034279,600,450,1.3333333333333333
ISIC_0034280,600,450,1.3333333333333333
ISIC_0034281,600,450,1.3333333333333333
ISIC_0034282,600,450,1.3333333333333333
ISIC_0034283,600,450,1.3333333333333333
ISIC_0034284,600,450,1.3333333333333333
ISIC_0034285,600,450,1.3333333333333333
ISIC_0034286,600,450,1.3333333333333333
ISIC_0034287,600,450,1.3333333333333333
ISIC_0034290,600,450,1.3333333333333333
ISIC_0034291,600,450,1.3333333333333333
ISIC_0034292,600,450,1.3333333333333333
ISIC_0034293,600,450,1.3333333333333333
ISIC_0034296,600,450,1.3333333333333333
ISIC_0034297,600,450,1.3333333333333333
ISIC_0034299,600,450,1.3333333333333333
ISIC_0034300,600,450,1.3333333333333333
ISIC_0034301,600,450,1.3333333333333333
ISIC_0034302,600,450,1.3333333333333333
ISIC_0034303,600,450,1.3333333333333333
ISIC_0034305,600,450,1.3333333333333333
ISIC_0034306,600,450,1.3333333333333333
ISIC_0034307,600,450,1.3333333333333333
ISIC_0034308,600,450,1.3333333333333333
ISIC_0034309,600,450,1.3333333333333333
ISIC_0034310,600,450,1.3333333333333333
ISIC_0034311,600,450,1.3333333333333333
ISIC_0034312,600,450,1.3333333333333333
ISIC_0034313,600,450,1.3333333333333333
ISIC_0034314,600,450,1.3333333333333333
ISIC_0034316,600,450,1.3333333333333333
ISIC_0034317,600,450,1.3333333333333333
ISIC_0034318,600,450,1.3333333333333333
ISIC_0034320,600,450,1.3333333333333333
ISIC_0053456,1024,1024,1.0
ISIC_0053457,1024,1024,1.0
ISIC_0053459,1024,1024,1.0
ISIC_0053464,1024,1024,1.0
ISIC_0053466,1024,1024,1.0
ISIC_0053469,1024,1024,1.0
ISIC_0053472,1024,1024,1.0
ISIC_0053473,1024,1024,1.0
ISIC_0053478,1024,1024,1.0
ISIC_0053479,1024,1024,1.0
ISIC_0053482,1024,1024,1.0
ISIC_0053483,1024,1024,1.0
ISIC_0053484,1024,1024,1.0
ISIC_0053485,1024,1024,1.0
ISIC_0053487,1024,1024,1.0
ISIC_0053491,1024,1024,1.0
ISIC_0053492,1024,1024,1.0
ISIC_0053493,1024,1024,1.0
ISIC_0053500,1024,1024,1.0
ISIC_0053501,1024,1024,1.0
ISIC_0053503,1024,1024,1.0
ISIC_0053504,1024,1024,1.0
ISIC_0053505,1024,1024,1.0
ISIC_0053506,1024,1024,1.0
ISIC_0053507,1024,1024,1.0
ISIC_0053509,1024,1024,1.0
ISIC_0053511,1024,1024,1.0
ISIC_0053514,1024,1024,1.0
ISIC_0053519,1024,1024,1.0
ISIC_0053522,1024,1024,1.0
ISIC_0053523,1024,1024,1.0
ISIC_0053524,1024,1024,1.0
ISIC_0053528,1024,1024,1.0
ISIC_0053529,1024,1024,1.0
ISIC_0053530,1024,1024,1.0
ISIC_0053531,1024,1024,1.0
ISIC_0053533,1024,1024,1.0
ISIC_0053534,1024,1024,1.0
ISIC_0053535,1024,1024,1.0
ISIC_0053537,1024,1024,1.0
ISIC_0053538,1024,1024,1.0
ISIC_0053540,1024,1024,1.0
ISIC_0053541,1024,1024,1.0
ISIC_0053542,1024,1024,1.0
ISIC_0053543,1024,1024,1.0
ISIC_0053544,1024,1024,1.0
ISIC_0053546,1024,1024,1.0
ISIC_0053549,1024,1024,1.0
ISIC_0053550,1024,1024,1.0
ISIC_0053552,1024,1024,1.0
ISIC_0053554,1024,1024,1.0
ISIC_0053556,1024,1024,1.0
ISIC_0053557,1024,1024,1.0
ISIC_0053558,1024,1024,1.0
ISIC_0053559,1024,1024,1.0
ISIC_0053561,1024,1024,1.0
ISIC_0053562,1024,1024,1.0
ISIC_0053563,1024,1024,1.0
ISIC_0053564,1024,1024,1.0
ISIC_0053569,1024,1024,1.0
ISIC_0053570,1024,1024,1.0
ISIC_0053573,1024,1024,1.0
ISIC_0053574,1024,1024,1.0
ISIC_0053577,1024,1024,1.0
ISIC_0053583,1024,1024,1.0
ISIC_0053584,1024,1024,1.0
ISIC_0053591,1024,1024,1.0
ISIC_0053593,1024,1024,1.0
ISIC_0053594,1024,1024,1.0
ISIC_0053595,1024,1024,1.0
ISIC_0053597,1024,1024,1.0
ISIC_0053601,1024,1024,1.0
ISIC_0053602,1024,1024,1.0
ISIC_0053611,1024,1024,1.0
ISIC_0053615,1024,1024,1.0
ISIC_0053617,1024,1024,1.0
ISIC_0053618,1024,1024,1.0
ISIC_0053620,1024,1024,1.0
ISIC_0053621,1024,1024,1.0
ISIC_0053623,1024,1024,1.0
ISIC_0053627,1024,1024,1.0
ISIC_0053628,1024,1024,1.0
ISIC_0053631,1024,1024,1.0
ISIC_0053634,1024,1024,1.0
ISIC_0053635,1024,1024,1.0
ISIC_0053636,1024,1024,1.0
ISIC_0053637,1024,1024,1.0
ISIC_0053641,1024,1024,1.0
ISIC_0053642,1024,1024,1.0
ISIC_0053643,1024,1024,1.0
ISIC_0053644,1024,1024,1.0
ISIC_0053645,1024,1024,1.0
ISIC_0053647,1024,1024,1.0
ISIC_0053648,1024,1024,1.0
ISIC_0053649,1024,1024,1.0
ISIC_0053652,1024,1024,1.0
ISIC_0053653,1024,1024,1.0
ISIC_0053655,1024,1024,1.0
ISIC_0053659,1024,1024,1.0
ISIC_0053661,1024,1024,1.0
ISIC_0053663,1024,1024,1.0
ISIC_0053664,1024,1024,1.0
ISIC_0053665,1024,1024,1.0
ISIC_0053666,1024,1024,1.0
ISIC_0053668,1024,1024,1.0
ISIC_0053671,1024,1024,1.0
ISIC_0053672,1024,1024,1.0
ISIC_0053673,1024,1024,1.0
ISIC_0053674,1024,1024,1.0
ISIC_0053675,1024,1024,1.0
ISIC_0053677,1024,1024,1.0
ISIC_0053678,1024,1024,1.0
ISIC_0053679,1024,1024,1.0
ISIC_0053681,1024,1024,1.0
ISIC_0053684,1024,1024,1.0
ISIC_0053685,1024,1024,1.0
ISIC_0053686,1024,1024,1.0
ISIC_0053690,1024,1024,1.0
ISIC_0053691,1024,1024,1.0
ISIC_0053692,1024,1024,1.0
ISIC_0053694,1024,1024,1.0
ISIC_0053695,1024,1024,1.0
ISIC_0053696,1024,1024,1.0
ISIC_0053698,1024,1024,1.0
ISIC_0053699,1024,1024,1.0
ISIC_0053700,1024,1024,1.0
ISIC_0053702,1024,1024,1.0
ISIC_0053708,1024,1024,1.0
ISIC_0053711,1024,1024,1.0
ISIC_0053712,1024,1024,1.0
ISIC_0053713,1024,1024,1.0
ISIC_0053714,1024,1024,1.0
ISIC_0053715,1024,1024,1.0
ISIC_0053716,1024,1024,1.0
ISIC_0053718,1024,1024,1.0
ISIC_0053719,1024,1024,1.0
ISIC_0053724,1024,1024,1.0
ISIC_0053729,1024,1024,1.0
ISIC_0053731,1024,1024,1.0
ISIC_0053732,1024,1024,1.0
ISIC_0053733,1024,1024,1.0
ISIC_0053734,1024,1024,1.0
ISIC_0053736,1024,1024,1.0
ISIC_0053738,1024,1024,1.0
ISIC_0053740,1024,1024,1.0
ISIC_0053742,1024,1024,1.0
ISIC_0053744,1024,1024,1.0
ISIC_0053748,1024,1024,1.0
ISIC_0053749,1024,1024,1.0
ISIC_0053751,1024,1024,1.0
ISIC_0053752,1024,1024,1.0
ISIC_0053753,1024,1024,1.0
ISIC_0053754,1024,1024,1.0
ISIC_0053755,1024,1024,1.0
ISIC_0053756,1024,1024,1.0
ISIC_0053759,1024,1024,1.0
ISIC_0053760,1024,1024,1.0
ISIC_0053761,1024,1024,1.0
ISIC_0053762,1024,1024,1.0
ISIC_0053763,1024,1024,1.0
ISIC_0053764,1024,1024,1.0
ISIC_0053765,1024,1024,1.0
ISIC_0053771,1024,1024,1.0
ISIC_0053772,1024,1024,1.0
ISIC_0053774,1024,1024,1.0
ISIC_0053779,1024,1024,1.0
ISIC_0053783,1024,1024,1.0
ISIC_0053784,1024,1024,1.0
ISIC_0053786,1024,1024,1.0
ISIC_0053797,1024,1024,1.0
ISIC_0053799,1024,1024,1.0
ISIC_0053800,1024,1024,1.0
ISIC_0053801,1024,1024,1.0
ISIC_0053803,1024,1024,1.0
ISIC_0053807,1024,1024,1.0
ISIC_0053809,1024,1024,1.0
ISIC_0053810,1024,1024,1.0
ISIC_0053811,1024,1024,1.0
ISIC_0053814,1024,1024,1.0
ISIC_0053815,1024,1024,1.0
ISIC_0053816,1024,1024,1.0
ISIC_0053817,1024,1024,1.0
ISIC_0053821,1024,1024,1.0
ISIC_0053826,1024,1024,1.0
ISIC_0053827,1024,1024,1.0
ISIC_0053828,1024,1024,1.0
ISIC_0053830,1024,1024,1.0
ISIC_0053831,1024,1024,1.0
ISIC_0053833,1024,1024,1.0
ISIC_0053835,1024,1024,1.0
ISIC_0053839,1024,1024,1.0
ISIC_0053840,1024,1024,1.0
ISIC_0053841,1024,1024,1.0
ISIC_0053842,1024,1024,1.0
ISIC_0053843,1024,1024,1.0
ISIC_0053846,1024,1024,1.0
ISIC_0053849,1024,1024,1.0
ISIC_0053851,1024,1024,1.0
ISIC_0053861,1024,1024,1.0
ISIC_0053862,1024,1024,1.0
ISIC_0053865,1024,1024,1.0
ISIC_0053868,1024,1024,1.0
ISIC_0053870,1024,1024,1.0
ISIC_0053873,1024,1024,1.0
ISIC_0053876,1024,1024,1.0
ISIC_0053880,1024,1024,1.0
ISIC_0053881,1024,1024,1.0
ISIC_0053883,1024,1024,1.0
ISIC_0053884,1024,1024,1.0
ISIC_0053885,1024,1024,1.0
ISIC_0053886,1024,1024,1.0
ISIC_0053889,1024,1024,1.0
ISIC_0053890,1024,1024,1.0
ISIC_0053891,1024,1024,1.0
ISIC_0053894,1024,1024,1.0
ISIC_0053903,1024,1024,1.0
ISIC_0053909,1024,1024,1.0
ISIC_0053913,1024,1024,1.0
ISIC_0053915,1024,1024,1.0
ISIC_0053916,1024,1024,1.0
ISIC_0053918,1024,1024,1.0
ISIC_0053921,1024,1024,1.0
ISIC_0053922,1024,1024,1.0
ISIC_0053924,1024,1024,1.0
ISIC_0053926,1024,1024,1.0
ISIC_0053928,1024,1024,1.0
ISIC_0053929,1024,1024,1.0
ISIC_0053930,1024,1024,1.0
ISIC_0053931,1024,1024,1.0
ISIC_0053932,1024,1024,1.0
ISIC_0053933,1024,1024,1.0
ISIC_0053934,1024,1024,1.0
ISIC_0053936,1024,1024,1.0
ISIC_0053937,1024,1024,1.0
ISIC_0053939,1024,1024,1.0
ISIC_0053944,1024,1024,1.0
ISIC_0053945,1024,1024,1.0
ISIC_0053947,1024,1024,1.0
ISIC_0053948,1024,1024,1.0
ISIC_0053950,1024,1024,1.0
ISIC_0053951,1024,1024,1.0
ISIC_0053952,1024,1024,1.0
ISIC_0053953,1024,1024,1.0
ISIC_0053968,1024,1024,1.0
ISIC_0053970,1024,1024,1.0
ISIC_0053971,1024,1024,1.0
ISIC_0053972,1024,1024,1.0
ISIC_0053973,1024,1024,1.0
ISIC_0053975,1024,1024,1.0
ISIC_0053976,1024,1024,1.0
ISIC_0053980,1024,1024,1.0
ISIC_0053981,1024,1024,1.0
ISIC_0053982,1024,1024,1.0
ISIC_0053983,1024,1024,1.0
ISIC_0053985,1024,1024,1.0
ISIC_0053987,1024,1024,1.0
ISIC_0053990,1024,1024,1.0
ISIC_0053993,1024,1024,1.0
ISIC_0053996,1024,1024,1.0
ISIC_0053998,1024,1024,1.0
ISIC_0054002,1024,1024,1.0
ISIC_0054008,1024,1024,1.0
ISIC_0054012,1024,1024,1.0
ISIC_0054018,1024,1024,1.0
ISIC_0054019,1024,1024,1.0
ISIC_0054021,1024,1024,1.0
ISIC_0054022,1024,1024,1.0
ISIC_0054023,1024,1024,1.0
ISIC_0054024,1024,1024,1.0
ISIC_0054025,1024,1024,1.0
ISIC_0054027,1024,1024,1.0
ISIC_0054030,1024,1024,1.0
ISIC_0054031,1024,1024,1.0
ISIC_0054038,1024,1024,1.0
ISIC_0054041,1024,1024,1.0
ISIC_0054043,1024,1024,1.0
ISIC_0054044,1024,1024,1.0
ISIC_0054046,1024,1024,1.0
ISIC_0054047,1024,1024,1.0
ISIC_0054048,1024,1024,1.0
ISIC_0054050,1024,1024,1.0
ISIC_0054052,1024,1024,1.0
ISIC_0054053,1024,1024,1.0
ISIC_0054055,1024,1024,1.0
ISIC_0054057,1024,1024,1.0
ISIC_0054061,1024,1024,1.0
ISIC_0054062,1024,1024,1.0
ISIC_0054063,1024,1024,1.0
ISIC_0054065,1024,1024,1.0
ISIC_0054066,1024,1024,1.0
ISIC_0054069,1024,1024,1.0
ISIC_0054070,1024,1024,1.0
ISIC_0054071,1024,1024,1.0
ISIC_0054073,1024,1024,1.0
ISIC_0054074,1024,1024,1.0
ISIC_0054075,1024,1024,1.0
ISIC_0054079,1024,1024,1.0
ISIC_0054080,1024,1024,1.0
ISIC_0054082,1024,1024,1.0
ISIC_0054083,1024,1024,1.0
ISIC_0054085,1024,1024,1.0
ISIC_0054087,1024,1024,1.0
ISIC_0054089,1024,1024,1.0
ISIC_0054090,1024,1024,1.0
ISIC_0054100,1024,1024,1.0
ISIC_0054104,1024,1024,1.0
ISIC_0054105,1024,1024,1.0
ISIC_0054107,1024,1024,1.0
ISIC_0054108,1024,1024,1.0
ISIC_0054111,1024,1024,1.0
ISIC_0054113,1024,1024,1.0
ISIC_0054115,1024,1024,1.0
ISIC_0054116,1024,1024,1.0
ISIC_0054118,1024,1024,1.0
ISIC_0054119,1024,1024,1.0
ISIC_0054120,1024,1024,1.0
ISIC_0054121,1024,1024,1.0
ISIC_0054122,1024,1024,1.0
ISIC_0054123,1024,1024,1.0
ISIC_0054126,1024,1024,1.0
ISIC_0054127,1024,1024,1.0
ISIC_0054128,1024,1024,1.0
ISIC_0054131,1024,1024,1.0
ISIC_0054133,1024,1024,1.0
ISIC_0054134,1024,1024,1.0
ISIC_0054137,1024,1024,1.0
ISIC_0054138,1024,1024,1.0
ISIC_0054140,1024,1024,1.0
ISIC_0054141,1024,1024,1.0
ISIC_0054142,1024,1024,1.0
ISIC_0054144,1024,1024,1.0
ISIC_0054145,1024,1024,1.0
ISIC_0054146,1024,1024,1.0
ISIC_0054149,1024,1024,1.0
ISIC_0054150,1024,1024,1.0
ISIC_0054151,1024,1024,1.0
ISIC_0054156,1024,1024,1.0
ISIC_0054157,1024,1024,1.0
ISIC_0054158,1024,1024,1.0
ISIC_0054161,1024,1024,1.0
ISIC_0054162,1024,1024,1.0
ISIC_0054165,1024,1024,1.0
ISIC_0054166,1024,1024,1.0
ISIC_0054167,1024,1024,1.0
ISIC_0054168,1024,1024,1.0
ISIC_0054169,1024,1024,1.0
ISIC_0054170,1024,1024,1.0
ISIC_0054174,1024,1024,1.0
ISIC_0054176,1024,1024,1.0
ISIC_0054178,1024,1024,1.0
ISIC_0054179,1024,1024,1.0
ISIC_0054181,1024,1024,1.0
ISIC_0054184,1024,1024,1.0
ISIC_0054185,1024,1024,1.0
ISIC_0054190,1024,1024,1.0
ISIC_0054192,1024,1024,1.0
ISIC_0054193,1024,1024,1.0
ISIC_0054194,1024,1024,1.0
ISIC_0054198,1024,1024,1.0
ISIC_0054202,1024,1024,1.0
ISIC_0054204,1024,1024,1.0
ISIC_0054205,1024,1024,1.0
ISIC_0054206,1024,1024,1.0
ISIC_0054207,1024,1024,1.0
ISIC_0054209,1024,1024,1.0
ISIC_0054211,1024,1024,1.0
ISIC_0054215,1024,1024,1.0
ISIC_0054219,1024,1024,1.0
ISIC_0054220,1024,1024,1.0
ISIC_0054221,1024,1024,1.0
ISIC_0054223,1024,1024,1.0
ISIC_0054226,1024,1024,1.0
ISIC_0054230,1024,1024,1.0
ISIC_0054233,1024,1024,1.0
ISIC_0054237,1024,1024,1.0
ISIC_0054238,1024,1024,1.0
ISIC_0054239,1024,1024,1.0
ISIC_0054240,1024,1024,1.0
ISIC_0054241,1024,1024,1.0
ISIC_0054243,1024,1024,1.0
ISIC_0054244,1024,1024,1.0
ISIC_0054245,1024,1024,1.0
ISIC_0054247,1024,1024,1.0
ISIC_0054248,1024,1024,1.0
ISIC_0054251,1024,1024,1.0
ISIC_0054256,1024,1024,1.0
ISIC_0054257,1024,1024,1.0
ISIC_0054259,1024,1024,1.0
ISIC_0054263,1024,1024,1.0
ISIC_0054265,1024,1024,1.0
ISIC_0054268,1024,1024,1.0
ISIC_0054270,1024,1024,1.0
ISIC_0054271,1024,1024,1.0
ISIC_0054272,1024,1024,1.0
ISIC_0054273,1024,1024,1.0
ISIC_0054274,1024,1024,1.0
ISIC_0054277,1024,1024,1.0
ISIC_0054279,1024,1024,1.0
ISIC_0054280,1024,1024,1.0
ISIC_0054281,1024,1024,1.0
ISIC_0054287,1024,1024,1.0
ISIC_0054288,1024,1024,1.0
ISIC_0054289,1024,1024,1.0
ISIC_0054290,1024,1024,1.0
ISIC_0054291,1024,1024,1.0
ISIC_0054292,1024,1024,1.0
ISIC_0054295,1024,1024,1.0
ISIC_0054298,1024,1024,1.0
ISIC_0054299,1024,1024,1.0
ISIC_0054300,1024,1024,1.0
ISIC_0054305,1024,1024,1.0
ISIC_0054306,1024,1024,1.0
ISIC_0054307,1024,1024,1.0
ISIC_0054308,1024,1024,1.0
ISIC_0054310,1024,1024,1.0
ISIC_0054312,1024,1024,1.0
ISIC_0054315,1024,1024,1.0
ISIC_0054316,1024,1024,1.0
ISIC_0054317,1024,1024,1.0
ISIC_0054318,1024,1024,1.0
ISIC_0054322,1024,1024,1.0
ISIC_0054324,1024,1024,1.0
ISIC_0054326,1024,1024,1.0
ISIC_0054327,1024,1024,1.0
ISIC_0054330,1024,1024,1.0
ISIC_0054333,1024,1024,1.0
ISIC_0054334,1024,1024,1.0
ISIC_0054336,1024,1024,1.0
ISIC_0054338,1024,1024,1.0
ISIC_0054339,1024,1024,1.0
ISIC_0054340,1024,1024,1.0
ISIC_0054342,1024,1024,1.0
ISIC_0054343,1024,1024,1.0
ISIC_0054344,1024,1024,1.0
ISIC_0054346,1024,1024,1.0
ISIC_0054347,1024,1024,1.0
ISIC_0054348,1024,1024,1.0
ISIC_0054349,1024,1024,1.0
ISIC_0054350,1024,1024,1.0
ISIC_0054351,1024,1024,1.0
ISIC_0054352,1024,1024,1.0
ISIC_0054353,1024,1024,1.0
ISIC_0054354,1024,1024,1.0
ISIC_0054355,1024,1024,1.0
ISIC_0054356,1024,1024,1.0
ISIC_0054357,1024,1024,1.0
ISIC_0054359,1024,1024,1.0
ISIC_0054362,1024,1024,1.0
ISIC_0054364,1024,1024,1.0
ISIC_0054365,1024,1024,1.0
ISIC_0054369,1024,1024,1.0
ISIC_0054373,1024,1024,1.0
ISIC_0054377,1024,1024,1.0
ISIC_0054378,1024,1024,1.0
ISIC_0054385,1024,1024,1.0
ISIC_0054390,1024,1024,1.0
ISIC_0054392,1024,1024,1.0
ISIC_0054394,1024,1024,1.0
ISIC_0054395,1024,1024,1.0
ISIC_0054396,1024,1024,1.0
ISIC_0054398,1024,1024,1.0
ISIC_0054400,1024,1024,1.0
ISIC_0054402,1024,1024,1.0
ISIC_0054404,1024,1024,1.0
ISIC_0054406,1024,1024,1.0
ISIC_0054407,1024,1024,1.0
ISIC_0054409,1024,1024,1.0
ISIC_0054413,1024,1024,1.0
ISIC_0054417,1024,1024,1.0
ISIC_0054418,1024,1024,1.0
ISIC_0054419,1024,1024,1.0
ISIC_0054421,1024,1024,1.0
ISIC_0054422,1024,1024,1.0
ISIC_0054423,1024,1024,1.0
ISIC_0054425,1024,1024,1.0
ISIC_0054427,1024,1024,1.0
ISIC_0054428,1024,1024,1.0
ISIC_0054432,1024,1024,1.0
ISIC_0054433,1024,1024,1.0
ISIC_0054434,1024,1024,1.0
ISIC_0054435,1024,1024,1.0
ISIC_0054436,1024,1024,1.0
ISIC_0054439,1024,1024,1.0
ISIC_0054440,1024,1024,1.0
ISIC_0054443,1024,1024,1.0
ISIC_0054444,1024,1024,1.0
ISIC_0054445,1024,1024,1.0
ISIC_0054448,1024,1024,1.0
ISIC_0054449,1024,1024,1.0
ISIC_0054450,1024,1024,1.0
ISIC_0054456,1024,1024,1.0
ISIC_0054459,1024,1024,1.0
ISIC_0054461,1024,1024,1.0
ISIC_0054462,1024,1024,1.0
ISIC_0054463,1024,1024,1.0
ISIC_0054467,1024,1024,1.0
ISIC_0054476,1024,1024,1.0
ISIC_0054477,1024,1024,1.0
ISIC_0054478,1024,1024,1.0
ISIC_0054480,1024,1024,1.0
ISIC_0054481,1024,1024,1.0
ISIC_0054482,1024,1024,1.0
ISIC_0054486,1024,1024,1.0
ISIC_0054487,1024,1024,1.0
ISIC_0054495,1024,1024,1.0
ISIC_0054497,1024,1024,1.0
ISIC_0054499,1024,1024,1.0
ISIC_0054500,1024,1024,1.0
ISIC_0054502,1024,1024,1.0
ISIC_0054504,1024,1024,1.0
ISIC_0054506,1024,1024,1.0
ISIC_0054508,1024,1024,1.0
ISIC_0054510,1024,1024,1.0
ISIC_0054514,1024,1024,1.0
ISIC_0054515,1024,1024,1.0
ISIC_0054518,1024,1024,1.0
ISIC_0054520,1024,1024,1.0
ISIC_0054521,1024,1024,1.0
ISIC_0054523,1024,1024,1.0
ISIC_0054524,1024,1024,1.0
ISIC_0054527,1024,1024,1.0
ISIC_0054528,1024,1024,1.0
ISIC_0054530,1024,1024,1.0
ISIC_0054531,1024,1024,1.0
ISIC_0054532,1024,1024,1.0
ISIC_0054533,1024,1024,1.0
ISIC_0054535,1024,1024,1.0
ISIC_0054536,1024,1024,1.0
ISIC_0054537,1024,1024,1.0
ISIC_0054538,1024,1024,1.0
ISIC_0054539,1024,1024,1.0
ISIC_0054541,1024,1024,1.0
ISIC_0054542,1024,1024,1.0
ISIC_0054543,1024,1024,1.0
ISIC_0054544,1024,1024,1.0
ISIC_0054545,1024,1024,1.0
ISIC_0054546,1024,1024,1.0
ISIC_0054554,1024,1024,1.0
ISIC_0054555,1024,1024,1.0
ISIC_0054556,1024,1024,1.0
ISIC_0054558,1024,1024,1.0
ISIC_0054559,1024,1024,1.0
ISIC_0054562,1024,1024,1.0
ISIC_0054567,1024,1024,1.0
ISIC_0054568,1024,1024,1.0
ISIC_0054569,1024,1024,1.0
ISIC_0054570,1024,1024,1.0
ISIC_0054572,1024,1024,1.0
ISIC_0054573,1024,1024,1.0
ISIC_0054575,1024,1024,1.0
ISIC_0054576,1024,1024,1.0
ISIC_0054581,1024,1024,1.0
ISIC_0054582,1024,1024,1.0
ISIC_0054583,1024,1024,1.0
ISIC_0054586,1024,1024,1.0
ISIC_0054588,1024,1024,1.0
ISIC_0054589,1024,1024,1.0
ISIC_0054591,1024,1024,1.0
ISIC_0054593,1024,1024,1.0
ISIC_0054594,1024,1024,1.0
ISIC_0054595,1024,1024,1.0
ISIC_0054596,1024,1024,1.0
ISIC_0054598,1024,1024,1.0
ISIC_0054599,1024,1024,1.0
ISIC_0054605,1024,1024,1.0
ISIC_0054606,1024,1024,1.0
ISIC_0054607,1024,1024,1.0
ISIC_0054616,1024,1024,1.0
ISIC_0054618,1024,1024,1.0
ISIC_0054619,1024,1024,1.0
ISIC_0054620,1024,1024,1.0
ISIC_0054621,1024,1024,1.0
ISIC_0054624,1024,1024,1.0
ISIC_0054625,1024,1024,1.0
ISIC_0054626,1024,1024,1.0
ISIC_0054629,1024,1024,1.0
ISIC_0054631,1024,1024,1.0
ISIC_0054632,1024,1024,1.0
ISIC_0054633,1024,1024,1.0
ISIC_0054634,1024,1024,1.0
ISIC_0054635,1024,1024,1.0
ISIC_0054639,1024,1024,1.0
ISIC_0054643,1024,1024,1.0
ISIC_0054644,1024,1024,1.0
ISIC_0054647,1024,1024,1.0
ISIC_0054649,1024,1024,1.0
ISIC_0054650,1024,1024,1.0
ISIC_0054651,1024,1024,1.0
ISIC_0054653,1024,1024,1.0
ISIC_0054655,1024,1024,1.0
ISIC_0054658,1024,1024,1.0
ISIC_0054659,1024,1024,1.0
ISIC_0054660,1024,1024,1.0
ISIC_0054662,1024,1024,1.0
ISIC_0054663,1024,1024,1.0
ISIC_0054664,1024,1024,1.0
ISIC_0054666,1024,1024,1.0
ISIC_0054669,1024,1024,1.0
ISIC_0054670,1024,1024,1.0
ISIC_0054671,1024,1024,1.0
ISIC_0054672,1024,1024,1.0
ISIC_0054673,1024,1024,1.0
ISIC_0054677,1024,1024,1.0
ISIC_0054682,1024,1024,1.0
ISIC_0054683,1024,1024,1.0
ISIC_0054684,1024,1024,1.0
ISIC_0054685,1024,1024,1.0
ISIC_0054688,1024,1024,1.0
ISIC_0054689,1024,1024,1.0
ISIC_0054690,1024,1024,1.0
ISIC_0054691,1024,1024,1.0
ISIC_0054693,1024,1024,1.0
ISIC_0054696,1024,1024,1.0
ISIC_0054697,1024,1024,1.0
ISIC_0054700,1024,1024,1.0
ISIC_0054702,1024,1024,1.0
ISIC_0054704,1024,1024,1.0
ISIC_0054705,1024,1024,1.0
ISIC_0054706,1024,1024,1.0
ISIC_0054707,1024,1024,1.0
ISIC_0054708,1024,1024,1.0
ISIC_0054710,1024,1024,1.0
ISIC_0054715,1024,1024,1.0
ISIC_0054716,1024,1024,1.0
ISIC_0054717,1024,1024,1.0
ISIC_0054720,1024,1024,1.0
ISIC_0054723,1024,1024,1.0
ISIC_0054724,1024,1024,1.0
ISIC_0054725,1024,1024,1.0
ISIC_0054727,1024,1024,1.0
ISIC_0054728,1024,1024,1.0
ISIC_0054730,1024,1024,1.0
ISIC_0054731,1024,1024,1.0
ISIC_0054735,1024,1024,1.0
ISIC_0054738,1024,1024,1.0
ISIC_0054739,1024,1024,1.0
ISIC_0054740,1024,1024,1.0
ISIC_0054741,1024,1024,1.0
ISIC_0054744,1024,1024,1.0
ISIC_0054745,1024,1024,1.0
ISIC_0054747,1024,1024,1.0
ISIC_0054748,1024,1024,1.0
ISIC_0054749,1024,1024,1.0
ISIC_0054756,1024,1024,1.0
ISIC_0054758,1024,1024,1.0
ISIC_0054759,1024,1024,1.0
ISIC_0054761,1024,1024,1.0
ISIC_0054763,1024,1024,1.0
ISIC_0054766,1024,1024,1.0
ISIC_0054770,1024,1024,1.0
ISIC_0054771,1024,1024,1.0
ISIC_0054772,1024,1024,1.0
ISIC_0054773,1024,1024,1.0
ISIC_0054775,1024,1024,1.0
ISIC_0054779,1024,1024,1.0
ISIC_0054780,1024,1024,1.0
ISIC_0054782,1024,1024,1.0
ISIC_0054783,1024,1024,1.0
ISIC_0054787,1024,1024,1.0
ISIC_0054789,1024,1024,1.0
ISIC_0054793,1024,1024,1.0
ISIC_0054796,1024,1024,1.0
ISIC_0054797,1024,1024,1.0
ISIC_0054800,1024,1024,1.0
ISIC_0054802,1024,1024,1.0
ISIC_0054803,1024,1024,1.0
ISIC_0054804,1024,1024,1.0
ISIC_0054809,1024,1024,1.0
ISIC_0054811,1024,1024,1.0
ISIC_0054814,1024,1024,1.0
ISIC_0054815,1024,1024,1.0
ISIC_0054817,1024,1024,1.0
ISIC_0054819,1024,1024,1.0
ISIC_0054820,1024,1024,1.0
ISIC_0054823,1024,1024,1.0
ISIC_0054826,1024,1024,1.0
ISIC_0054831,1024,1024,1.0
ISIC_0054833,1024,1024,1.0
ISIC_0054834,1024,1024,1.0
ISIC_0054836,1024,1024,1.0
ISIC_0054838,1024,1024,1.0
ISIC_0054840,1024,1024,1.0
ISIC_0054841,1024,1024,1.0
ISIC_0054843,1024,1024,1.0
ISIC_0054844,1024,1024,1.0
ISIC_0054846,1024,1024,1.0
ISIC_0054849,1024,1024,1.0
ISIC_0054850,1024,1024,1.0
ISIC_0054851,1024,1024,1.0
ISIC_0054852,1024,1024,1.0
ISIC_0054853,1024,1024,1.0
ISIC_0054854,1024,1024,1.0
ISIC_0054855,1024,1024,1.0
ISIC_0054856,1024,1024,1.0
ISIC_0054859,1024,1024,1.0
ISIC_0054861,1024,1024,1.0
ISIC_0054864,1024,1024,1.0
ISIC_0054867,1024,1024,1.0
ISIC_0054869,1024,1024,1.0
ISIC_0054870,1024,1024,1.0
ISIC_0054871,1024,1024,1.0
ISIC_0054873,1024,1024,1.0
ISIC_0054874,1024,1024,1.0
ISIC_0054881,1024,1024,1.0
ISIC_0054882,1024,1024,1.0
ISIC_0054885,1024,1024,1.0
ISIC_0054886,1024,1024,1.0
ISIC_0054887,1024,1024,1.0
ISIC_0054889,1024,1024,1.0
ISIC_0054893,1024,1024,1.0
ISIC_0054896,1024,1024,1.0
ISIC_0054898,1024,1024,1.0
ISIC_0054903,1024,1024,1.0
ISIC_0054905,1024,1024,1.0
ISIC_0054908,1024,1024,1.0
ISIC_0054909,1024,1024,1.0
ISIC_0054911,1024,1024,1.0
ISIC_0054912,1024,1024,1.0
ISIC_0054914,1024,1024,1.0
ISIC_0054915,1024,1024,1.0
ISIC_0054918,1024,1024,1.0
ISIC_0054921,1024,1024,1.0
ISIC_0054923,1024,1024,1.0
ISIC_0054924,1024,1024,1.0
ISIC_0054931,1024,1024,1.0
ISIC_0054933,1024,1024,1.0
ISIC_0054935,1024,1024,1.0
ISIC_0054936,1024,1024,1.0
ISIC_0054937,1024,1024,1.0
ISIC_0054939,1024,1024,1.0
ISIC_0054940,1024,1024,1.0
ISIC_0054941,1024,1024,1.0
ISIC_0054942,1024,1024,1.0
ISIC_0054943,1024,1024,1.0
ISIC_0054948,1024,1024,1.0
ISIC_0054949,1024,1024,1.0
ISIC_0054951,1024,1024,1.0
ISIC_0054954,1024,1024,1.0
ISIC_0054956,1024,1024,1.0
ISIC_0054957,1024,1024,1.0
ISIC_0054959,1024,1024,1.0
ISIC_0054960,1024,1024,1.0
ISIC_0054962,1024,1024,1.0
ISIC_0054963,1024,1024,1.0
ISIC_0054964,1024,1024,1.0
ISIC_0054965,1024,1024,1.0
ISIC_0054968,1024,1024,1.0
ISIC_0054973,1024,1024,1.0
ISIC_0054974,1024,1024,1.0
ISIC_0054976,1024,1024,1.0
ISIC_0054977,1024,1024,1.0
ISIC_0054978,1024,1024,1.0
ISIC_0054979,1024,1024,1.0
ISIC_0054981,1024,1024,1.0
ISIC_0054983,1024,1024,1.0
ISIC_0054985,1024,1024,1.0
ISIC_0054986,1024,1024,1.0
ISIC_0054993,1024,1024,1.0
ISIC_0054995,1024,1024,1.0
ISIC_0054996,1024,1024,1.0
ISIC_0055000,1024,1024,1.0
ISIC_0055003,1024,1024,1.0
ISIC_0055004,1024,1024,1.0
ISIC_0055006,1024,1024,1.0
ISIC_0055007,1024,1024,1.0
ISIC_0055008,1024,1024,1.0
ISIC_0055013,1024,1024,1.0
ISIC_0055014,1024,1024,1.0
ISIC_0055021,1024,1024,1.0
ISIC_0055024,1024,1024,1.0
ISIC_0055027,1024,1024,1.0
ISIC_0055034,1024,1024,1.0
ISIC_0055035,1024,1024,1.0
ISIC_0055036,1024,1024,1.0
ISIC_0055038,1024,1024,1.0
ISIC_0055039,1024,1024,1.0
ISIC_0055042,1024,1024,1.0
ISIC_0055043,1024,1024,1.0
ISIC_0055044,1024,1024,1.0
ISIC_0055046,1024,1024,1.0
ISIC_0055048,1024,1024,1.0
ISIC_0055050,1024,1024,1.0
ISIC_0055051,1024,1024,1.0
ISIC_0055054,1024,1024,1.0
ISIC_0055057,1024,1024,1.0
ISIC_0055058,1024,1024,1.0
ISIC_0055060,1024,1024,1.0
ISIC_0055061,1024,1024,1.0
ISIC_0055064,1024,1024,1.0
ISIC_0055065,1024,1024,1.0
ISIC_0055066,1024,1024,1.0
ISIC_0055069,1024,1024,1.0
ISIC_0055073,1024,1024,1.0
ISIC_0055075,1024,1024,1.0
ISIC_0055077,1024,1024,1.0
ISIC_0055079,1024,1024,1.0
ISIC_0055081,1024,1024,1.0
ISIC_0055083,1024,1024,1.0
ISIC_0055085,1024,1024,1.0
ISIC_0055086,1024,1024,1.0
ISIC_0055087,1024,1024,1.0
ISIC_0055091,1024,1024,1.0
ISIC_0055096,1024,1024,1.0
ISIC_0055097,1024,1024,1.0
ISIC_0055098,1024,1024,1.0
ISIC_0055099,1024,1024,1.0
ISIC_0055100,1024,1024,1.0
ISIC_0055102,1024,1024,1.0
ISIC_0055107,1024,1024,1.0
ISIC_0055111,1024,1024,1.0
ISIC_0055112,1024,1024,1.0
ISIC_0055114,1024,1024,1.0
ISIC_0055116,1024,1024,1.0
ISIC_0055119,1024,1024,1.0
ISIC_0055120,1024,1024,1.0
ISIC_0055121,1024,1024,1.0
ISIC_0055122,1024,1024,1.0
ISIC_0055123,1024,1024,1.0
ISIC_0055125,1024,1024,1.0
ISIC_0055129,1024,1024,1.0
ISIC_0055133,1024,1024,1.0
ISIC_0055135,1024,1024,1.0
ISIC_0055136,1024,1024,1.0
ISIC_0055137,1024,1024,1.0
ISIC_0055139,1024,1024,1.0
ISIC_0055140,1024,1024,1.0
ISIC_0055143,1024,1024,1.0
ISIC_0055146,1024,1024,1.0
ISIC_0055147,1024,1024,1.0
ISIC_0055148,1024,1024,1.0
ISIC_0055151,1024,1024,1.0
ISIC_0055156,1024,1024,1.0
ISIC_0055164,1024,1024,1.0
ISIC_0055166,1024,1024,1.0
ISIC_0055167,1024,1024,1.0
ISIC_0055176,1024,1024,1.0
ISIC_0055177,1024,1024,1.0
ISIC_0055178,1024,1024,1.0
ISIC_0055179,1024,1024,1.0
ISIC_0055180,1024,1024,1.0
ISIC_0055181,1024,1024,1.0
ISIC_0055182,1024,1024,1.0
ISIC_0055185,1024,1024,1.0
ISIC_0055186,1024,1024,1.0
ISIC_0055189,1024,1024,1.0
ISIC_0055191,1024,1024,1.0
ISIC_0055193,1024,1024,1.0
ISIC_0055198,1024,1024,1.0
ISIC_0055199,1024,1024,1.0
ISIC_0055201,1024,1024,1.0
ISIC_0055204,1024,1024,1.0
ISIC_0055205,1024,1024,1.0
ISIC_0055209,1024,1024,1.0
ISIC_0055213,1024,1024,1.0
ISIC_0055214,1024,1024,1.0
ISIC_0055218,1024,1024,1.0
ISIC_0055221,1024,1024,1.0
ISIC_0055222,1024,1024,1.0
ISIC_0055223,1024,1024,1.0
ISIC_0055225,1024,1024,1.0
ISIC_0055226,1024,1024,1.0
ISIC_0055234,1024,1024,1.0
ISIC_0055235,1024,1024,1.0
ISIC_0055237,1024,1024,1.0
ISIC_0055240,1024,1024,1.0
ISIC_0055243,1024,1024,1.0
ISIC_0055246,1024,1024,1.0
ISIC_0055248,1024,1024,1.0
ISIC_0055249,1024,1024,1.0
ISIC_0055251,1024,1024,1.0
ISIC_0055254,1024,1024,1.0
ISIC_0055256,1024,1024,1.0
ISIC_0055258,1024,1024,1.0
ISIC_0055259,1024,1024,1.0
ISIC_0055261,1024,1024,1.0
ISIC_0055262,1024,1024,1.0
ISIC_0055263,1024,1024,1.0
ISIC_0055264,1024,1024,1.0
ISIC_0055265,1024,1024,1.0
ISIC_0055266,1024,1024,1.0
ISIC_0055269,1024,1024,1.0
ISIC_0055270,1024,1024,1.0
ISIC_0055274,1024,1024,1.0
ISIC_0055276,1024,1024,1.0
ISIC_0055277,1024,1024,1.0
ISIC_0055278,1024,1024,1.0
ISIC_0055279,1024,1024,1.0
ISIC_0055280,1024,1024,1.0
ISIC_0055282,1024,1024,1.0
ISIC_0055283,1024,1024,1.0
ISIC_0055285,1024,1024,1.0
ISIC_0055287,1024,1024,1.0
ISIC_0055289,1024,1024,1.0
ISIC_0055291,1024,1024,1.0
ISIC_0055292,1024,1024,1.0
ISIC_0055293,1024,1024,1.0
ISIC_0055294,1024,1024,1.0
ISIC_0055295,1024,1024,1.0
ISIC_0055296,1024,1024,1.0
ISIC_0055297,1024,1024,1.0
ISIC_0055299,1024,1024,1.0
ISIC_0055301,1024,1024,1.0
ISIC_0055302,1024,1024,1.0
ISIC_0055303,1024,1024,1.0
ISIC_0055305,1024,1024,1.0
ISIC_0055307,1024,1024,1.0
ISIC_0055309,1024,1024,1.0
ISIC_0055310,1024,1024,1.0
ISIC_0055311,1024,1024,1.0
ISIC_0055312,1024,1024,1.0
ISIC_0055313,1024,1024,1.0
ISIC_0055314,1024,1024,1.0
ISIC_0055316,1024,1024,1.0
ISIC_0055317,1024,1024,1.0
ISIC_0055318,1024,1024,1.0
ISIC_0055320,1024,1024,1.0
ISIC_0055322,1024,1024,1.0
ISIC_0055323,1024,1024,1.0
ISIC_0055324,1024,1024,1.0
ISIC_0055325,1024,1024,1.0
ISIC_0055326,1024,1024,1.0
ISIC_0055327,1024,1024,1.0
ISIC_0055328,1024,1024,1.0
ISIC_0055330,1024,1024,1.0
ISIC_0055331,1024,1024,1.0
ISIC_0055332,1024,1024,1.0
ISIC_0055334,1024,1024,1.0
ISIC_0055335,1024,1024,1.0
ISIC_0055337,1024,1024,1.0
ISIC_0055338,1024,1024,1.0
ISIC_0055340,1024,1024,1.0
ISIC_0055341,1024,1024,1.0
ISIC_0055342,1024,1024,1.0
ISIC_0055343,1024,1024,1.0
ISIC_0055347,1024,1024,1.0
ISIC_0055348,1024,1024,1.0
ISIC_0055349,1024,1024,1.0
ISIC_0055350,1024,1024,1.0
ISIC_0055351,1024,1024,1.0
ISIC_0055352,1024,1024,1.0
ISIC_0055353,1024,1024,1.0
ISIC_0055354,1024,1024,1.0
ISIC_0055356,1024,1024,1.0
ISIC_0055358,1024,1024,1.0
ISIC_0055359,1024,1024,1.0
ISIC_0055362,1024,1024,1.0
ISIC_0055367,1024,1024,1.0
ISIC_0055368,1024,1024,1.0
ISIC_0055369,1024,1024,1.0
ISIC_0055370,1024,1024,1.0
ISIC_0055375,1024,1024,1.0
ISIC_0055376,1024,1024,1.0
ISIC_0055378,1024,1024,1.0
ISIC_0055379,1024,1024,1.0
ISIC_0055381,1024,1024,1.0
ISIC_0055382,1024,1024,1.0
ISIC_0055392,1024,1024,1.0
ISIC_0055393,1024,1024,1.0
ISIC_0055397,1024,1024,1.0
ISIC_0055399,1024,1024,1.0
ISIC_0055401,1024,1024,1.0
ISIC_0055404,1024,1024,1.0
ISIC_0055405,1024,1024,1.0
ISIC_0055406,1024,1024,1.0
ISIC_0055407,1024,1024,1.0
ISIC_0055409,1024,1024,1.0
ISIC_0055410,1024,1024,1.0
ISIC_0055412,1024,1024,1.0
ISIC_0055415,1024,1024,1.0
ISIC_0055416,1024,1024,1.0
ISIC_0055420,1024,1024,1.0
ISIC_0055426,1024,1024,1.0
ISIC_0055428,1024,1024,1.0
ISIC_0055435,1024,1024,1.0
ISIC_0055438,1024,1024,1.0
ISIC_0055441,1024,1024,1.0
ISIC_0055442,1024,1024,1.0
ISIC_0055443,1024,1024,1.0
ISIC_0055444,1024,1024,1.0
ISIC_0055446,1024,1024,1.0
ISIC_0055447,1024,1024,1.0
ISIC_0055449,1024,1024,1.0
ISIC_0055450,1024,1024,1.0
ISIC_0055451,1024,1024,1.0
ISIC_0055453,1024,1024,1.0
ISIC_0055454,1024,1024,1.0
ISIC_0055459,1024,1024,1.0
ISIC_0055460,1024,1024,1.0
ISIC_0055461,1024,1024,1.0
ISIC_0055462,1024,1024,1.0
ISIC_0055464,1024,1024,1.0
ISIC_0055465,1024,1024,1.0
ISIC_0055467,1024,1024,1.0
ISIC_0055468,1024,1024,1.0
ISIC_0055470,1024,1024,1.0
ISIC_0055471,1024,1024,1.0
ISIC_0055474,1024,1024,1.0
ISIC_0055477,1024,1024,1.0
ISIC_0055483,1024,1024,1.0
ISIC_0055485,1024,1024,1.0
ISIC_0055486,1024,1024,1.0
ISIC_0055491,1024,1024,1.0
ISIC_0055492,1024,1024,1.0
ISIC_0055493,1024,1024,1.0
ISIC_0055495,1024,1024,1.0
ISIC_0055496,1024,1024,1.0
ISIC_0055497,1024,1024,1.0
ISIC_0055498,1024,1024,1.0
ISIC_0055499,1024,1024,1.0
ISIC_0055503,1024,1024,1.0
ISIC_0055504,1024,1024,1.0
ISIC_0055509,1024,1024,1.0
ISIC_0055511,1024,1024,1.0
ISIC_0055513,1024,1024,1.0
ISIC_0055514,1024,1024,1.0
ISIC_0055520,1024,1024,1.0
ISIC_0055524,1024,1024,1.0
ISIC_0055526,1024,1024,1.0
ISIC_0055529,1024,1024,1.0
ISIC_0055533,1024,1024,1.0
ISIC_0055534,1024,1024,1.0
ISIC_0055535,1024,1024,1.0
ISIC_0055536,1024,1024,1.0
ISIC_0055537,1024,1024,1.0
ISIC_0055539,1024,1024,1.0
ISIC_0055548,1024,1024,1.0
ISIC_0055549,1024,1024,1.0
ISIC_0055551,1024,1024,1.0
ISIC_0055552,1024,1024,1.0
ISIC_0055554,1024,1024,1.0
ISIC_0055555,1024,1024,1.0
ISIC_0055556,1024,1024,1.0
ISIC_0055557,1024,1024,1.0
ISIC_0055563,1024,1024,1.0
ISIC_0055564,1024,1024,1.0
ISIC_0055566,1024,1024,1.0
ISIC_0055567,1024,1024,1.0
ISIC_0055569,1024,1024,1.0
ISIC_0055581,1024,1024,1.0
ISIC_0055583,1024,1024,1.0
ISIC_0055584,1024,1024,1.0
ISIC_0055590,1024,1024,1.0
ISIC_0055592,1024,1024,1.0
ISIC_0055596,1024,1024,1.0
ISIC_0055599,1024,1024,1.0
ISIC_0055600,1024,1024,1.0
ISIC_0055601,1024,1024,1.0
ISIC_0055602,1024,1024,1.0
ISIC_0055603,1024,1024,1.0
ISIC_0055604,1024,1024,1.0
ISIC_0055606,1024,1024,1.0
ISIC_0055608,1024,1024,1.0
ISIC_0055609,1024,1024,1.0
ISIC_0055611,1024,1024,1.0
ISIC_0055612,1024,1024,1.0
ISIC_0055614,1024,1024,1.0
ISIC_0055620,1024,1024,1.0
ISIC_0055621,1024,1024,1.0
ISIC_0055623,1024,1024,1.0
ISIC_0055626,1024,1024,1.0
ISIC_0055627,1024,1024,1.0
ISIC_0055629,1024,1024,1.0
ISIC_0055630,1024,1024,1.0
ISIC_0055634,1024,1024,1.0
ISIC_0055636,1024,1024,1.0
ISIC_0055638,1024,1024,1.0
ISIC_0055639,1024,1024,1.0
ISIC_0055641,1024,1024,1.0
ISIC_0055645,1024,1024,1.0
ISIC_0055647,1024,1024,1.0
ISIC_0055649,1024,1024,1.0
ISIC_0055650,1024,1024,1.0
ISIC_0055657,1024,1024,1.0
ISIC_0055658,1024,1024,1.0
ISIC_0055660,1024,1024,1.0
ISIC_0055661,1024,1024,1.0
ISIC_0055663,1024,1024,1.0
ISIC_0055664,1024,1024,1.0
ISIC_0055667,1024,1024,1.0
ISIC_0055669,1024,1024,1.0
ISIC_0055671,1024,1024,1.0
ISIC_0055673,1024,1024,1.0
ISIC_0055675,1024,1024,1.0
ISIC_0055679,1024,1024,1.0
ISIC_0055680,1024,1024,1.0
ISIC_0055682,1024,1024,1.0
ISIC_0055686,1024,1024,1.0
ISIC_0055689,1024,1024,1.0
ISIC_0055691,1024,1024,1.0
ISIC_0055693,1024,1024,1.0
ISIC_0055695,1024,1024,1.0
ISIC_0055697,1024,1024,1.0
ISIC_0055698,1024,1024,1.0
ISIC_0055699,1024,1024,1.0
ISIC_0055701,1024,1024,1.0
ISIC_0055702,1024,1024,1.0
ISIC_0055703,1024,1024,1.0
ISIC_0055705,1024,1024,1.0
ISIC_0055706,1024,1024,1.0
ISIC_0055707,1024,1024,1.0
ISIC_0055709,1024,1024,1.0
ISIC_0055711,1024,1024,1.0
ISIC_0055712,1024,1024,1.0
ISIC_0055714,1024,1024,1.0
ISIC_0055715,1024,1024,1.0
ISIC_0055716,1024,1024,1.0
ISIC_0055718,1024,1024,1.0
ISIC_0055719,1024,1024,1.0
ISIC_0055720,1024,1024,1.0
ISIC_0055721,1024,1024,1.0
ISIC_0055723,1024,1024,1.0
ISIC_0055724,1024,1024,1.0
ISIC_0055726,1024,1024,1.0
ISIC_0055728,1024,1024,1.0
ISIC_0055730,1024,1024,1.0
ISIC_0055731,1024,1024,1.0
ISIC_0055732,1024,1024,1.0
ISIC_0055733,1024,1024,1.0
ISIC_0055735,1024,1024,1.0
ISIC_0055736,1024,1024,1.0
ISIC_0055737,1024,1024,1.0
ISIC_0055739,1024,1024,1.0
ISIC_0055740,1024,1024,1.0
ISIC_0055741,1024,1024,1.0
ISIC_0055742,1024,1024,1.0
ISIC_0055743,1024,1024,1.0
ISIC_0055744,1024,1024,1.0
ISIC_0055745,1024,1024,1.0
ISIC_0055747,1024,1024,1.0
ISIC_0055748,1024,1024,1.0
ISIC_0055749,1024,1024,1.0
ISIC_0055751,1024,1024,1.0
ISIC_0055753,1024,1024,1.0
ISIC_0055755,1024,1024,1.0
ISIC_0055758,1024,1024,1.0
ISIC_0055759,1024,1024,1.0
ISIC_0055760,1024,1024,1.0
ISIC_0055762,1024,1024,1.0
ISIC_0055765,1024,1024,1.0
ISIC_0055768,1024,1024,1.0
ISIC_0055771,1024,1024,1.0
ISIC_0055772,1024,1024,1.0
ISIC_0055773,1024,1024,1.0
ISIC_0055774,1024,1024,1.0
ISIC_0055775,1024,1024,1.0
ISIC_0055776,1024,1024,1.0
ISIC_0055778,1024,1024,1.0
ISIC_0055779,1024,1024,1.0
ISIC_0055781,1024,1024,1.0
ISIC_0055783,1024,1024,1.0
ISIC_0055791,1024,1024,1.0
ISIC_0055792,1024,1024,1.0
ISIC_0055795,1024,1024,1.0
ISIC_0055797,1024,1024,1.0
ISIC_0055799,1024,1024,1.0
ISIC_0055800,1024,1024,1.0
ISIC_0055803,1024,1024,1.0
ISIC_0055804,1024,1024,1.0
ISIC_0055806,1024,1024,1.0
ISIC_0055810,1024,1024,1.0
ISIC_0055812,1024,1024,1.0
ISIC_0055814,1024,1024,1.0
ISIC_0055816,1024,1024,1.0
ISIC_0055818,1024,1024,1.0
ISIC_0055819,1024,1024,1.0
ISIC_0055820,1024,1024,1.0
ISIC_0055825,1024,1024,1.0
ISIC_0055826,1024,1024,1.0
ISIC_0055828,1024,1024,1.0
ISIC_0055829,1024,1024,1.0
ISIC_0055832,1024,1024,1.0
ISIC_0055833,1024,1024,1.0
ISIC_0055836,1024,1024,1.0
ISIC_0055838,1024,1024,1.0
ISIC_0055840,1024,1024,1.0
ISIC_0055841,1024,1024,1.0
ISIC_0055844,1024,1024,1.0
ISIC_0055845,1024,1024,1.0
ISIC_0055850,1024,1024,1.0
ISIC_0055851,1024,1024,1.0
ISIC_0055853,1024,1024,1.0
ISIC_0055855,1024,1024,1.0
ISIC_0055858,1024,1024,1.0
ISIC_0055859,1024,1024,1.0
ISIC_0055860,1024,1024,1.0
ISIC_0055861,1024,1024,1.0
ISIC_0055863,1024,1024,1.0
ISIC_0055866,1024,1024,1.0
ISIC_0055868,1024,1024,1.0
ISIC_0055870,1024,1024,1.0
ISIC_0055875,1024,1024,1.0
ISIC_0055876,1024,1024,1.0
ISIC_0055880,1024,1024,1.0
ISIC_0055881,1024,1024,1.0
ISIC_0055882,1024,1024,1.0
ISIC_0055885,1024,1024,1.0
ISIC_0055886,1024,1024,1.0
ISIC_0055887,1024,1024,1.0
ISIC_0055888,1024,1024,1.0
ISIC_0055889,1024,1024,1.0
ISIC_0055890,1024,1024,1.0
ISIC_0055891,1024,1024,1.0
ISIC_0055892,1024,1024,1.0
ISIC_0055895,1024,1024,1.0
ISIC_0055897,1024,1024,1.0
ISIC_0055898,1024,1024,1.0
ISIC_0055899,1024,1024,1.0
ISIC_0055903,1024,1024,1.0
ISIC_0055905,1024,1024,1.0
ISIC_0055906,1024,1024,1.0
ISIC_0055907,1024,1024,1.0
ISIC_0055908,1024,1024,1.0
ISIC_0055909,1024,1024,1.0
ISIC_0055910,1024,1024,1.0
ISIC_0055911,1024,1024,1.0
ISIC_0055912,1024,1024,1.0
ISIC_0055914,1024,1024,1.0
ISIC_0055917,1024,1024,1.0
ISIC_0055918,1024,1024,1.0
ISIC_0055919,1024,1024,1.0
ISIC_0055920,1024,1024,1.0
ISIC_0055922,1024,1024,1.0
ISIC_0055924,1024,1024,1.0
ISIC_0055925,1024,1024,1.0
ISIC_0055926,1024,1024,1.0
ISIC_0055929,1024,1024,1.0
ISIC_0055930,1024,1024,1.0
ISIC_0055931,1024,1024,1.0
ISIC_0055937,1024,1024,1.0
ISIC_0055938,1024,1024,1.0
ISIC_0055939,1024,1024,1.0
ISIC_0055940,1024,1024,1.0
ISIC_0055941,1024,1024,1.0
ISIC_0055942,1024,1024,1.0
ISIC_0055944,1024,1024,1.0
ISIC_0055945,1024,1024,1.0
ISIC_0055947,1024,1024,1.0
ISIC_0055950,1024,1024,1.0
ISIC_0055951,1024,1024,1.0
ISIC_0055954,1024,1024,1.0
ISIC_0055956,1024,1024,1.0
ISIC_0055957,1024,1024,1.0
ISIC_0055958,1024,1024,1.0
ISIC_0055960,1024,1024,1.0
ISIC_0055961,1024,1024,1.0
ISIC_0055963,1024,1024,1.0
ISIC_0055966,1024,1024,1.0
ISIC_0055968,1024,1024,1.0
ISIC_0055969,1024,1024,1.0
ISIC_0055970,1024,1024,1.0
ISIC_0055972,1024,1024,1.0
ISIC_0055976,1024,1024,1.0
ISIC_0055981,1024,1024,1.0
ISIC_0055982,1024,1024,1.0
ISIC_0055983,1024,1024,1.0
ISIC_0055984,1024,1024,1.0
ISIC_0055986,1024,1024,1.0
ISIC_0055987,1024,1024,1.0
ISIC_0055988,1024,1024,1.0
ISIC_0055989,1024,1024,1.0
ISIC_0055994,1024,1024,1.0
ISIC_0055995,1024,1024,1.0
ISIC_0055996,1024,1024,1.0
ISIC_0056000,1024,1024,1.0
ISIC_0056004,1024,1024,1.0
ISIC_0056005,1024,1024,1.0
ISIC_0056008,1024,1024,1.0
ISIC_0056009,1024,1024,1.0
ISIC_0056012,1024,1024,1.0
ISIC_0056014,1024,1024,1.0
ISIC_0056019,1024,1024,1.0
ISIC_0056020,1024,1024,1.0
ISIC_0056024,1024,1024,1.0
ISIC_0056025,1024,1024,1.0
ISIC_0056026,1024,1024,1.0
ISIC_0056027,1024,1024,1.0
ISIC_0056029,1024,1024,1.0
ISIC_0056030,1024,1024,1.0
ISIC_0056031,1024,1024,1.0
ISIC_0056036,1024,1024,1.0
ISIC_0056038,1024,1024,1.0
ISIC_0056039,1024,1024,1.0
ISIC_0056040,1024,1024,1.0
ISIC_0056041,1024,1024,1.0
ISIC_0056042,1024,1024,1.0
ISIC_0056044,1024,1024,1.0
ISIC_0056045,1024,1024,1.0
ISIC_0056046,1024,1024,1.0
ISIC_0056047,1024,1024,1.0
ISIC_0056052,1024,1024,1.0
ISIC_0056053,1024,1024,1.0
ISIC_0056058,1024,1024,1.0
ISIC_0056063,1024,1024,1.0
ISIC_0056068,1024,1024,1.0
ISIC_0056071,1024,1024,1.0
ISIC_0056072,1024,1024,1.0
ISIC_0056073,1024,1024,1.0
ISIC_0056078,1024,1024,1.0
ISIC_0056079,1024,1024,1.0
ISIC_0056083,1024,1024,1.0
ISIC_0056085,1024,1024,1.0
ISIC_0056088,1024,1024,1.0
ISIC_0056089,1024,1024,1.0
ISIC_0056092,1024,1024,1.0
ISIC_0056094,1024,1024,1.0
ISIC_0056095,1024,1024,1.0
ISIC_0056099,1024,1024,1.0
ISIC_0056100,1024,1024,1.0
ISIC_0056101,1024,1024,1.0
ISIC_0056102,1024,1024,1.0
ISIC_0056106,1024,1024,1.0
ISIC_0056107,1024,1024,1.0
ISIC_0056108,1024,1024,1.0
ISIC_0056111,1024,1024,1.0
ISIC_0056113,1024,1024,1.0
ISIC_0056115,1024,1024,1.0
ISIC_0056116,1024,1024,1.0
ISIC_0056117,1024,1024,1.0
ISIC_0056118,1024,1024,1.0
ISIC_0056119,1024,1024,1.0
ISIC_0056124,1024,1024,1.0
ISIC_0056126,1024,1024,1.0
ISIC_0056127,1024,1024,1.0
ISIC_0056128,1024,1024,1.0
ISIC_0056129,1024,1024,1.0
ISIC_0056130,1024,1024,1.0
ISIC_0056132,1024,1024,1.0
ISIC_0056135,1024,1024,1.0
ISIC_0056136,1024,1024,1.0
ISIC_0056138,1024,1024,1.0
ISIC_0056139,1024,1024,1.0
ISIC_0056144,1024,1024,1.0
ISIC_0056150,1024,1024,1.0
ISIC_0056151,1024,1024,1.0
ISIC_0056152,1024,1024,1.0
ISIC_0056153,1024,1024,1.0
ISIC_0056155,1024,1024,1.0
ISIC_0056156,1024,1024,1.0
ISIC_0056159,1024,1024,1.0
ISIC_0056164,1024,1024,1.0
ISIC_0056166,1024,1024,1.0
ISIC_0056168,1024,1024,1.0
ISIC_0056171,1024,1024,1.0
ISIC_0056172,1024,1024,1.0
ISIC_0056174,1024,1024,1.0
ISIC_0056175,1024,1024,1.0
ISIC_0056176,1024,1024,1.0
ISIC_0056177,1024,1024,1.0
ISIC_0056178,1024,1024,1.0
ISIC_0056179,1024,1024,1.0
ISIC_0056180,1024,1024,1.0
ISIC_0056182,1024,1024,1.0
ISIC_0056185,1024,1024,1.0
ISIC_0056186,1024,1024,1.0
ISIC_0056187,1024,1024,1.0
ISIC_0056188,1024,1024,1.0
ISIC_0056192,1024,1024,1.0
ISIC_0056193,1024,1024,1.0
ISIC_0056196,1024,1024,1.0
ISIC_0056197,1024,1024,1.0
ISIC_0056201,1024,1024,1.0
ISIC_0056202,1024,1024,1.0
ISIC_0056203,1024,1024,1.0
ISIC_0056205,1024,1024,1.0
ISIC_0056206,1024,1024,1.0
ISIC_0056207,1024,1024,1.0
ISIC_0056210,1024,1024,1.0
ISIC_0056218,1024,1024,1.0
ISIC_0056219,1024,1024,1.0
ISIC_0056220,1024,1024,1.0
ISIC_0056221,1024,1024,1.0
ISIC_0056222,1024,1024,1.0
ISIC_0056226,1024,1024,1.0
ISIC_0056229,1024,1024,1.0
ISIC_0056232,1024,1024,1.0
ISIC_0056236,1024,1024,1.0
ISIC_0056237,1024,1024,1.0
ISIC_0056239,1024,1024,1.0
ISIC_0056240,1024,1024,1.0
ISIC_0056241,1024,1024,1.0
ISIC_0056245,1024,1024,1.0
ISIC_0056246,1024,1024,1.0
ISIC_0056247,1024,1024,1.0
ISIC_0056250,1024,1024,1.0
ISIC_0056252,1024,1024,1.0
ISIC_0056256,1024,1024,1.0
ISIC_0056257,1024,1024,1.0
ISIC_0056259,1024,1024,1.0
ISIC_0056260,1024,1024,1.0
ISIC_0056261,1024,1024,1.0
ISIC_0056264,1024,1024,1.0
ISIC_0056265,1024,1024,1.0
ISIC_0056266,1024,1024,1.0
ISIC_0056270,1024,1024,1.0
ISIC_0056271,1024,1024,1.0
ISIC_0056273,1024,1024,1.0
ISIC_0056274,1024,1024,1.0
ISIC_0056275,1024,1024,1.0
ISIC_0056276,1024,1024,1.0
ISIC_0056278,1024,1024,1.0
ISIC_0056280,1024,1024,1.0
ISIC_0056281,1024,1024,1.0
ISIC_0056282,1024,1024,1.0
ISIC_0056286,1024,1024,1.0
ISIC_0056290,1024,1024,1.0
ISIC_0056291,1024,1024,1.0
ISIC_0056292,1024,1024,1.0
ISIC_0056293,1024,1024,1.0
ISIC_0056294,1024,1024,1.0
ISIC_0056295,1024,1024,1.0
ISIC_0056296,1024,1024,1.0
ISIC_0056297,1024,1024,1.0
ISIC_0056298,1024,1024,1.0
ISIC_0056301,1024,1024,1.0
ISIC_0056302,1024,1024,1.0
ISIC_0056303,1024,1024,1.0
ISIC_0056304,1024,1024,1.0
ISIC_0056305,1024,1024,1.0
ISIC_0056306,1024,1024,1.0
ISIC_0056307,1024,1024,1.0
ISIC_0056309,1024,1024,1.0
ISIC_0056310,1024,1024,1.0
ISIC_0056312,1024,1024,1.0
ISIC_0056313,1024,1024,1.0
ISIC_0056314,1024,1024,1.0
ISIC_0056316,1024,1024,1.0
ISIC_0056319,1024,1024,1.0
ISIC_0056321,1024,1024,1.0
ISIC_0056325,1024,1024,1.0
ISIC_0056326,1024,1024,1.0
ISIC_0056327,1024,1024,1.0
ISIC_0056329,1024,1024,1.0
ISIC_0056334,1024,1024,1.0
ISIC_0056339,1024,1024,1.0
ISIC_0056342,1024,1024,1.0
ISIC_0056344,1024,1024,1.0
ISIC_0056346,1024,1024,1.0
ISIC_0056348,1024,1024,1.0
ISIC_0056349,1024,1024,1.0
ISIC_0056351,1024,1024,1.0
ISIC_0056353,1024,1024,1.0
ISIC_0056354,1024,1024,1.0
ISIC_0056356,1024,1024,1.0
ISIC_0056357,1024,1024,1.0
ISIC_0056362,1024,1024,1.0
ISIC_0056364,1024,1024,1.0
ISIC_0056369,1024,1024,1.0
ISIC_0056372,1024,1024,1.0
ISIC_0056373,1024,1024,1.0
ISIC_0056374,1024,1024,1.0
ISIC_0056379,1024,1024,1.0
ISIC_0056380,1024,1024,1.0
ISIC_0056383,1024,1024,1.0
ISIC_0056389,1024,1024,1.0
ISIC_0056391,1024,1024,1.0
ISIC_0056393,1024,1024,1.0
ISIC_0056396,1024,1024,1.0
ISIC_0056397,1024,1024,1.0
ISIC_0056400,1024,1024,1.0
ISIC_0056403,1024,1024,1.0
ISIC_0056404,1024,1024,1.0
ISIC_0056406,1024,1024,1.0
ISIC_0056408,1024,1024,1.0
ISIC_0056409,1024,1024,1.0
ISIC_0056411,1024,1024,1.0
ISIC_0056413,1024,1024,1.0
ISIC_0056418,1024,1024,1.0
ISIC_0056421,1024,1024,1.0
ISIC_0056422,1024,1024,1.0
ISIC_0056424,1024,1024,1.0
ISIC_0056425,1024,1024,1.0
ISIC_0056428,1024,1024,1.0
ISIC_0056430,1024,1024,1.0
ISIC_0056432,1024,1024,1.0
ISIC_0056436,1024,1024,1.0
ISIC_0056439,1024,1024,1.0
ISIC_0056440,1024,1024,1.0
ISIC_0056442,1024,1024,1.0
ISIC_0056443,1024,1024,1.0
ISIC_0056444,1024,1024,1.0
ISIC_0056445,1024,1024,1.0
ISIC_0056448,1024,1024,1.0
ISIC_0056451,1024,1024,1.0
ISIC_0056455,1024,1024,1.0
ISIC_0056456,1024,1024,1.0
ISIC_0056458,1024,1024,1.0
ISIC_0056459,1024,1024,1.0
ISIC_0056461,1024,1024,1.0
ISIC_0056463,1024,1024,1.0
ISIC_0056467,1024,1024,1.0
ISIC_0056468,1024,1024,1.0
ISIC_0056470,1024,1024,1.0
ISIC_0056473,1024,1024,1.0
ISIC_0056477,1024,1024,1.0
ISIC_0056479,1024,1024,1.0
ISIC_0056480,1024,1024,1.0
ISIC_0056483,1024,1024,1.0
ISIC_0056484,1024,1024,1.0
ISIC_0056486,1024,1024,1.0
ISIC_0056487,1024,1024,1.0
ISIC_0056490,1024,1024,1.0
ISIC_0056493,1024,1024,1.0
ISIC_0056495,1024,1024,1.0
ISIC_0056496,1024,1024,1.0
ISIC_0056497,1024,1024,1.0
ISIC_0056498,1024,1024,1.0
ISIC_0056499,1024,1024,1.0
ISIC_0056501,1024,1024,1.0
ISIC_0056502,1024,1024,1.0
ISIC_0056503,1024,1024,1.0
ISIC_0056504,1024,1024,1.0
ISIC_0056508,1024,1024,1.0
ISIC_0056509,1024,1024,1.0
ISIC_0056510,1024,1024,1.0
ISIC_0056511,1024,1024,1.0
ISIC_0056512,1024,1024,1.0
ISIC_0056514,1024,1024,1.0
ISIC_0056515,1024,1024,1.0
ISIC_0056516,1024,1024,1.0
ISIC_0056517,1024,1024,1.0
ISIC_0056518,1024,1024,1.0
ISIC_0056519,1024,1024,1.0
ISIC_0056520,1024,1024,1.0
ISIC_0056521,1024,1024,1.0
ISIC_0056522,1024,1024,1.0
ISIC_0056523,1024,1024,1.0
ISIC_0056525,1024,1024,1.0
ISIC_0056529,1024,1024,1.0
ISIC_0056530,1024,1024,1.0
ISIC_0056533,1024,1024,1.0
ISIC_0056534,1024,1024,1.0
ISIC_0056535,1024,1024,1.0
ISIC_0056541,1024,1024,1.0
ISIC_0056543,1024,1024,1.0
ISIC_0056544,1024,1024,1.0
ISIC_0056546,1024,1024,1.0
ISIC_0056547,1024,1024,1.0
ISIC_0056548,1024,1024,1.0
ISIC_0056550,1024,1024,1.0
ISIC_0056552,1024,1024,1.0
ISIC_0056555,1024,1024,1.0
ISIC_0056556,1024,1024,1.0
ISIC_0056560,1024,1024,1.0
ISIC_0056563,1024,1024,1.0
ISIC_0056564,1024,1024,1.0
ISIC_0056565,1024,1024,1.0
ISIC_0056570,1024,1024,1.0
ISIC_0056571,1024,1024,1.0
ISIC_0056572,1024,1024,1.0
ISIC_0056577,1024,1024,1.0
ISIC_0056578,1024,1024,1.0
ISIC_0056580,1024,1024,1.0
ISIC_0056581,1024,1024,1.0
ISIC_0056582,1024,1024,1.0
ISIC_0056584,1024,1024,1.0
ISIC_0056585,1024,1024,1.0
ISIC_0056586,1024,1024,1.0
ISIC_0056588,1024,1024,1.0
ISIC_0056601,1024,1024,1.0
ISIC_0056602,1024,1024,1.0
ISIC_0056604,1024,1024,1.0
ISIC_0056605,1024,1024,1.0
ISIC_0056607,1024,1024,1.0
ISIC_0056608,1024,1024,1.0
ISIC_0056611,1024,1024,1.0
ISIC_0056613,1024,1024,1.0
ISIC_0056615,1024,1024,1.0
ISIC_0056617,1024,1024,1.0
ISIC_0056618,1024,1024,1.0
ISIC_0056620,1024,1024,1.0
ISIC_0056621,1024,1024,1.0
ISIC_0056625,1024,1024,1.0
ISIC_0056626,1024,1024,1.0
ISIC_0056630,1024,1024,1.0
ISIC_0056636,1024,1024,1.0
ISIC_0056639,1024,1024,1.0
ISIC_0056640,1024,1024,1.0
ISIC_0056643,1024,1024,1.0
ISIC_0056649,1024,1024,1.0
ISIC_0056650,1024,1024,1.0
ISIC_0056651,1024,1024,1.0
ISIC_0056654,1024,1024,1.0
ISIC_0056655,1024,1024,1.0
ISIC_0056659,1024,1024,1.0
ISIC_0056660,1024,1024,1.0
ISIC_0056662,1024,1024,1.0
ISIC_0056663,1024,1024,1.0
ISIC_0056664,1024,1024,1.0
ISIC_0056668,1024,1024,1.0
ISIC_0056669,1024,1024,1.0
ISIC_0056670,1024,1024,1.0
ISIC_0056671,1024,1024,1.0
ISIC_0056673,1024,1024,1.0
ISIC_0056676,1024,1024,1.0
ISIC_0056677,1024,1024,1.0
ISIC_0056679,1024,1024,1.0
ISIC_0056681,1024,1024,1.0
ISIC_0056682,1024,1024,1.0
ISIC_0056685,1024,1024,1.0
ISIC_0056687,1024,1024,1.0
ISIC_0056689,1024,1024,1.0
ISIC_0056690,1024,1024,1.0
ISIC_0056692,1024,1024,1.0
ISIC_0056693,1024,1024,1.0
ISIC_0056694,1024,1024,1.0
ISIC_0056696,1024,1024,1.0
ISIC_0056699,1024,1024,1.0
ISIC_0056703,1024,1024,1.0
ISIC_0056705,1024,1024,1.0
ISIC_0056707,1024,1024,1.0
ISIC_0056708,1024,1024,1.0
ISIC_0056709,1024,1024,1.0
ISIC_0056710,1024,1024,1.0
ISIC_0056711,1024,1024,1.0
ISIC_0056714,1024,1024,1.0
ISIC_0056715,1024,1024,1.0
ISIC_0056717,1024,1024,1.0
ISIC_0056721,1024,1024,1.0
ISIC_0056723,1024,1024,1.0
ISIC_0056724,1024,1024,1.0
ISIC_0056725,1024,1024,1.0
ISIC_0056726,1024,1024,1.0
ISIC_0056731,1024,1024,1.0
ISIC_0056733,1024,1024,1.0
ISIC_0056736,1024,1024,1.0
ISIC_0056737,1024,1024,1.0
ISIC_0056739,1024,1024,1.0
ISIC_0056742,1024,1024,1.0
ISIC_0056743,1024,1024,1.0
ISIC_0056745,1024,1024,1.0
ISIC_0056747,1024,1024,1.0
ISIC_0056749,1024,1024,1.0
ISIC_0056750,1024,1024,1.0
ISIC_0056751,1024,1024,1.0
ISIC_0056752,1024,1024,1.0
ISIC_0056756,1024,1024,1.0
ISIC_0056759,1024,1024,1.0
ISIC_0056761,1024,1024,1.0
ISIC_0056763,1024,1024,1.0
ISIC_0056765,1024,1024,1.0
ISIC_0056766,1024,1024,1.0
ISIC_0056767,1024,1024,1.0
ISIC_0056768,1024,1024,1.0
ISIC_0056771,1024,1024,1.0
ISIC_0056772,1024,1024,1.0
ISIC_0056775,1024,1024,1.0
ISIC_0056778,1024,1024,1.0
ISIC_0056779,1024,1024,1.0
ISIC_0056780,1024,1024,1.0
ISIC_0056782,1024,1024,1.0
ISIC_0056784,1024,1024,1.0
ISIC_0056786,1024,1024,1.0
ISIC_0056789,1024,1024,1.0
ISIC_0056796,1024,1024,1.0
ISIC_0056805,1024,1024,1.0
ISIC_0056806,1024,1024,1.0
ISIC_0056807,1024,1024,1.0
ISIC_0056808,1024,1024,1.0
ISIC_0056809,1024,1024,1.0
ISIC_0056810,1024,1024,1.0
ISIC_0056812,1024,1024,1.0
ISIC_0056815,1024,1024,1.0
ISIC_0056817,1024,1024,1.0
ISIC_0056819,1024,1024,1.0
ISIC_0056821,1024,1024,1.0
ISIC_0056822,1024,1024,1.0
ISIC_0056824,1024,1024,1.0
ISIC_0056825,1024,1024,1.0
ISIC_0056826,1024,1024,1.0
ISIC_0056827,1024,1024,1.0
ISIC_0056828,1024,1024,1.0
ISIC_0056829,1024,1024,1.0
ISIC_0056834,1024,1024,1.0
ISIC_0056835,1024,1024,1.0
ISIC_0056836,1024,1024,1.0
ISIC_0056839,1024,1024,1.0
ISIC_0056840,1024,1024,1.0
ISIC_0056843,1024,1024,1.0
ISIC_0056845,1024,1024,1.0
ISIC_0056849,1024,1024,1.0
ISIC_0056850,1024,1024,1.0
ISIC_0056854,1024,1024,1.0
ISIC_0056860,1024,1024,1.0
ISIC_0056861,1024,1024,1.0
ISIC_0056863,1024,1024,1.0
ISIC_0056865,1024,1024,1.0
ISIC_0056866,1024,1024,1.0
ISIC_0056867,1024,1024,1.0
ISIC_0056869,1024,1024,1.0
ISIC_0056870,1024,1024,1.0
ISIC_0056871,1024,1024,1.0
ISIC_0056872,1024,1024,1.0
ISIC_0056875,1024,1024,1.0
ISIC_0056876,1024,1024,1.0
ISIC_0056878,1024,1024,1.0
ISIC_0056880,1024,1024,1.0
ISIC_0056881,1024,1024,1.0
ISIC_0056882,1024,1024,1.0
ISIC_0056883,1024,1024,1.0
ISIC_0056884,1024,1024,1.0
ISIC_0056886,1024,1024,1.0
ISIC_0056890,1024,1024,1.0
ISIC_0056895,1024,1024,1.0
ISIC_0056898,1024,1024,1.0
ISIC_0056900,1024,1024,1.0
ISIC_0056902,1024,1024,1.0
ISIC_0056903,1024,1024,1.0
ISIC_0056904,1024,1024,1.0
ISIC_0056905,1024,1024,1.0
ISIC_0056906,1024,1024,1.0
ISIC_0056907,1024,1024,1.0
ISIC_0056908,1024,1024,1.0
ISIC_0056909,1024,1024,1.0
ISIC_0056913,1024,1024,1.0
ISIC_0056914,1024,1024,1.0
ISIC_0056917,1024,1024,1.0
ISIC_0056920,1024,1024,1.0
ISIC_0056921,1024,1024,1.0
ISIC_0056922,1024,1024,1.0
ISIC_0056923,1024,1024,1.0
ISIC_0056924,1024,1024,1.0
ISIC_0056926,1024,1024,1.0
ISIC_0056927,1024,1024,1.0
ISIC_0056928,1024,1024,1.0
ISIC_0056929,1024,1024,1.0
ISIC_0056930,1024,1024,1.0
ISIC_0056933,1024,1024,1.0
ISIC_0056934,1024,1024,1.0
ISIC_0056938,1024,1024,1.0
ISIC_0056939,1024,1024,1.0
ISIC_0056940,1024,1024,1.0
ISIC_0056941,1024,1024,1.0
ISIC_0056942,1024,1024,1.0
ISIC_0056943,1024,1024,1.0
ISIC_0056945,1024,1024,1.0
ISIC_0056950,1024,1024,1.0
ISIC_0056951,1024,1024,1.0
ISIC_0056953,1024,1024,1.0
ISIC_0056957,1024,1024,1.0
ISIC_0056958,1024,1024,1.0
ISIC_0056960,1024,1024,1.0
ISIC_0056963,1024,1024,1.0
ISIC_0056964,1024,1024,1.0
ISIC_0056965,1024,1024,1.0
ISIC_0056966,1024,1024,1.0
ISIC_0056968,1024,1024,1.0
ISIC_0056974,1024,1024,1.0
ISIC_0056976,1024,1024,1.0
ISIC_0056979,1024,1024,1.0
ISIC_0056981,1024,1024,1.0
ISIC_0056982,1024,1024,1.0
ISIC_0056983,1024,1024,1.0
ISIC_0056984,1024,1024,1.0
ISIC_0056988,1024,1024,1.0
ISIC_0056989,1024,1024,1.0
ISIC_0056991,1024,1024,1.0
ISIC_0056992,1024,1024,1.0
ISIC_0056993,1024,1024,1.0
ISIC_0056995,1024,1024,1.0
ISIC_0056996,1024,1024,1.0
ISIC_0056997,1024,1024,1.0
ISIC_0056998,1024,1024,1.0
ISIC_0057004,1024,1024,1.0
ISIC_0057005,1024,1024,1.0
ISIC_0057006,1024,1024,1.0
ISIC_0057009,1024,1024,1.0
ISIC_0057014,1024,1024,1.0
ISIC_0057015,1024,1024,1.0
ISIC_0057016,1024,1024,1.0
ISIC_0057017,1024,1024,1.0
ISIC_0057019,1024,1024,1.0
ISIC_0057020,1024,1024,1.0
ISIC_0057022,1024,1024,1.0
ISIC_0057026,1024,1024,1.0
ISIC_0057027,1024,1024,1.0
ISIC_0057028,1024,1024,1.0
ISIC_0057032,1024,1024,1.0
ISIC_0057033,1024,1024,1.0
ISIC_0057038,1024,1024,1.0
ISIC_0057039,1024,1024,1.0
ISIC_0057040,1024,1024,1.0
ISIC_0057041,1024,1024,1.0
ISIC_0057042,1024,1024,1.0
ISIC_0057044,1024,1024,1.0
ISIC_0057046,1024,1024,1.0
ISIC_0057047,1024,1024,1.0
ISIC_0057048,1024,1024,1.0
ISIC_0057051,1024,1024,1.0
ISIC_0057054,1024,1024,1.0
ISIC_0057056,1024,1024,1.0
ISIC_0057057,1024,1024,1.0
ISIC_0057059,1024,1024,1.0
ISIC_0057061,1024,1024,1.0
ISIC_0057062,1024,1024,1.0
ISIC_0057063,1024,1024,1.0
ISIC_0057066,1024,1024,1.0
ISIC_0057067,1024,1024,1.0
ISIC_0057068,1024,1024,1.0
ISIC_0057069,1024,1024,1.0
ISIC_0057070,1024,1024,1.0
ISIC_0057071,1024,1024,1.0
ISIC_0057072,1024,1024,1.0
ISIC_0057074,1024,1024,1.0
ISIC_0057075,1024,1024,1.0
ISIC_0057076,1024,1024,1.0
ISIC_0057077,1024,1024,1.0
ISIC_0057083,1024,1024,1.0
ISIC_0057085,1024,1024,1.0
ISIC_0057089,1024,1024,1.0
ISIC_0057090,1024,1024,1.0
ISIC_0057092,1024,1024,1.0
ISIC_0057094,1024,1024,1.0
ISIC_0057095,1024,1024,1.0
ISIC_0057098,1024,1024,1.0
ISIC_0057100,1024,1024,1.0
ISIC_0057101,1024,1024,1.0
ISIC_0057104,1024,1024,1.0
ISIC_0057106,1024,1024,1.0
ISIC_0057108,1024,1024,1.0
ISIC_0057110,1024,1024,1.0
ISIC_0057111,1024,1024,1.0
ISIC_0057112,1024,1024,1.0
ISIC_0057117,1024,1024,1.0
ISIC_0057126,1024,1024,1.0
ISIC_0057131,1024,1024,1.0
ISIC_0057133,1024,1024,1.0
ISIC_0057134,1024,1024,1.0
ISIC_0057135,1024,1024,1.0
ISIC_0057136,1024,1024,1.0
ISIC_0057138,1024,1024,1.0
ISIC_0057140,1024,1024,1.0
ISIC_0057141,1024,1024,1.0
ISIC_0057147,1024,1024,1.0
ISIC_0057148,1024,1024,1.0
ISIC_0057150,1024,1024,1.0
ISIC_0057151,1024,1024,1.0
ISIC_0057153,1024,1024,1.0
ISIC_0057155,1024,1024,1.0
ISIC_0057160,1024,1024,1.0
ISIC_0057161,1024,1024,1.0
ISIC_0057162,1024,1024,1.0
ISIC_0057164,1024,1024,1.0
ISIC_0057166,1024,1024,1.0
ISIC_0057167,1024,1024,1.0
ISIC_0057170,1024,1024,1.0
ISIC_0057172,1024,1024,1.0
ISIC_0057173,1024,1024,1.0
ISIC_0057174,1024,1024,1.0
ISIC_0057178,1024,1024,1.0
ISIC_0057179,1024,1024,1.0
ISIC_0057180,1024,1024,1.0
ISIC_0057182,1024,1024,1.0
ISIC_0057183,1024,1024,1.0
ISIC_0057184,1024,1024,1.0
ISIC_0057185,1024,1024,1.0
ISIC_0057186,1024,1024,1.0
ISIC_0057187,1024,1024,1.0
ISIC_0057188,1024,1024,1.0
ISIC_0057190,1024,1024,1.0
ISIC_0057192,1024,1024,1.0
ISIC_0057193,1024,1024,1.0
ISIC_0057195,1024,1024,1.0
ISIC_0057196,1024,1024,1.0
ISIC_0057198,1024,1024,1.0
ISIC_0057199,1024,1024,1.0
ISIC_0057202,1024,1024,1.0
ISIC_0057210,1024,1024,1.0
ISIC_0057213,1024,1024,1.0
ISIC_0057218,1024,1024,1.0
ISIC_0057219,1024,1024,1.0
ISIC_0057222,1024,1024,1.0
ISIC_0057225,1024,1024,1.0
ISIC_0057234,1024,1024,1.0
ISIC_0057235,1024,1024,1.0
ISIC_0057237,1024,1024,1.0
ISIC_0057238,1024,1024,1.0
ISIC_0057240,1024,1024,1.0
ISIC_0057241,1024,1024,1.0
ISIC_0057244,1024,1024,1.0
ISIC_0057245,1024,1024,1.0
ISIC_0057247,1024,1024,1.0
ISIC_0057250,1024,1024,1.0
ISIC_0057251,1024,1024,1.0
ISIC_0057254,1024,1024,1.0
ISIC_0057256,1024,1024,1.0
ISIC_0057257,1024,1024,1.0
ISIC_0057259,1024,1024,1.0
ISIC_0057260,1024,1024,1.0
ISIC_0057261,1024,1024,1.0
ISIC_0057263,1024,1024,1.0
ISIC_0057266,1024,1024,1.0
ISIC_0057272,1024,1024,1.0
ISIC_0057273,1024,1024,1.0
ISIC_0057277,1024,1024,1.0
ISIC_0057279,1024,1024,1.0
ISIC_0057280,1024,1024,1.0
ISIC_0057283,1024,1024,1.0
ISIC_0057287,1024,1024,1.0
ISIC_0057289,1024,1024,1.0
ISIC_0057290,1024,1024,1.0
ISIC_0057292,1024,1024,1.0
ISIC_0057293,1024,1024,1.0
ISIC_0057294,1024,1024,1.0
ISIC_0057295,1024,1024,1.0
ISIC_0057296,1024,1024,1.0
ISIC_0057298,1024,1024,1.0
ISIC_0057299,1024,1024,1.0
ISIC_0057300,1024,1024,1.0
ISIC_0057302,1024,1024,1.0
ISIC_0057304,1024,1024,1.0
ISIC_0057308,1024,1024,1.0
ISIC_0057312,1024,1024,1.0
ISIC_0057313,1024,1024,1.0
ISIC_0057314,1024,1024,1.0
ISIC_0057318,1024,1024,1.0
ISIC_0057323,1024,1024,1.0
ISIC_0057326,1024,1024,1.0
ISIC_0057328,1024,1024,1.0
ISIC_0057329,1024,1024,1.0
ISIC_0057330,1024,1024,1.0
ISIC_0057333,1024,1024,1.0
ISIC_0057334,1024,1024,1.0
ISIC_0057336,1024,1024,1.0
ISIC_0057338,1024,1024,1.0
ISIC_0057339,1024,1024,1.0
ISIC_0057344,1024,1024,1.0
ISIC_0057346,1024,1024,1.0
ISIC_0057347,1024,1024,1.0
ISIC_0057348,1024,1024,1.0
ISIC_0057349,1024,1024,1.0
ISIC_0057351,1024,1024,1.0
ISIC_0057352,1024,1024,1.0
ISIC_0057353,1024,1024,1.0
ISIC_0057357,1024,1024,1.0
ISIC_0057361,1024,1024,1.0
ISIC_0057362,1024,1024,1.0
ISIC_0057364,1024,1024,1.0
ISIC_0057365,1024,1024,1.0
ISIC_0057370,1024,1024,1.0
ISIC_0057371,1024,1024,1.0
ISIC_0057372,1024,1024,1.0
ISIC_0057375,1024,1024,1.0
ISIC_0057377,1024,1024,1.0
ISIC_0057381,1024,1024,1.0
ISIC_0057384,1024,1024,1.0
ISIC_0057385,1024,1024,1.0
ISIC_0057386,1024,1024,1.0
ISIC_0057387,1024,1024,1.0
ISIC_0057390,1024,1024,1.0
ISIC_0057391,1024,1024,1.0
ISIC_0057392,1024,1024,1.0
ISIC_0057393,1024,1024,1.0
ISIC_0057394,1024,1024,1.0
ISIC_0057397,1024,1024,1.0
ISIC_0057399,1024,1024,1.0
ISIC_0057400,1024,1024,1.0
ISIC_0057405,1024,1024,1.0
ISIC_0057406,1024,1024,1.0
ISIC_0057408,1024,1024,1.0
ISIC_0057409,1024,1024,1.0
ISIC_0057412,1024,1024,1.0
ISIC_0057415,1024,1024,1.0
ISIC_0057417,1024,1024,1.0
ISIC_0057418,1024,1024,1.0
ISIC_0057419,1024,1024,1.0
ISIC_0057420,1024,1024,1.0
ISIC_0057421,1024,1024,1.0
ISIC_0057424,1024,1024,1.0
ISIC_0057426,1024,1024,1.0
ISIC_0057427,1024,1024,1.0
ISIC_0057429,1024,1024,1.0
ISIC_0057431,1024,1024,1.0
ISIC_0057433,1024,1024,1.0
ISIC_0057434,1024,1024,1.0
ISIC_0057436,1024,1024,1.0
ISIC_0057437,1024,1024,1.0
ISIC_0057440,1024,1024,1.0
ISIC_0057441,1024,1024,1.0
ISIC_0057442,1024,1024,1.0
ISIC_0057444,1024,1024,1.0
ISIC_0057445,1024,1024,1.0
ISIC_0057449,1024,1024,1.0
ISIC_0057450,1024,1024,1.0
ISIC_0057451,1024,1024,1.0
ISIC_0057453,1024,1024,1.0
ISIC_0057455,1024,1024,1.0
ISIC_0057456,1024,1024,1.0
ISIC_0057459,1024,1024,1.0
ISIC_0057463,1024,1024,1.0
ISIC_0057464,1024,1024,1.0
ISIC_0057471,1024,1024,1.0
ISIC_0057474,1024,1024,1.0
ISIC_0057477,1024,1024,1.0
ISIC_0057480,1024,1024,1.0
ISIC_0057482,1024,1024,1.0
ISIC_0057484,1024,1024,1.0
ISIC_0057487,1024,1024,1.0
ISIC_0057489,1024,1024,1.0
ISIC_0057495,1024,1024,1.0
ISIC_0057496,1024,1024,1.0
ISIC_0057497,1024,1024,1.0
ISIC_0057498,1024,1024,1.0
ISIC_0057500,1024,1024,1.0
ISIC_0057501,1024,1024,1.0
ISIC_0057503,1024,1024,1.0
ISIC_0057504,1024,1024,1.0
ISIC_0057506,1024,1024,1.0
ISIC_0057510,1024,1024,1.0
ISIC_0057511,1024,1024,1.0
ISIC_0057512,1024,1024,1.0
ISIC_0057513,1024,1024,1.0
ISIC_0057516,1024,1024,1.0
ISIC_0057517,1024,1024,1.0
ISIC_0057518,1024,1024,1.0
ISIC_0057526,1024,1024,1.0
ISIC_0057529,1024,1024,1.0
ISIC_0057531,1024,1024,1.0
ISIC_0057539,1024,1024,1.0
ISIC_0057540,1024,1024,1.0
ISIC_0057542,1024,1024,1.0
ISIC_0057544,1024,1024,1.0
ISIC_0057547,1024,1024,1.0
ISIC_0057550,1024,1024,1.0
ISIC_0057556,1024,1024,1.0
ISIC_0057558,1024,1024,1.0
ISIC_0057560,1024,1024,1.0
ISIC_0057561,1024,1024,1.0
ISIC_0057562,1024,1024,1.0
ISIC_0057564,1024,1024,1.0
ISIC_0057567,1024,1024,1.0
ISIC_0057569,1024,1024,1.0
ISIC_0057571,1024,1024,1.0
ISIC_0057572,1024,1024,1.0
ISIC_0057575,1024,1024,1.0
ISIC_0057576,1024,1024,1.0
ISIC_0057580,1024,1024,1.0
ISIC_0057584,1024,1024,1.0
ISIC_0057586,1024,1024,1.0
ISIC_0057587,1024,1024,1.0
ISIC_0057589,1024,1024,1.0
ISIC_0057590,1024,1024,1.0
ISIC_0057596,1024,1024,1.0
ISIC_0057600,1024,1024,1.0
ISIC_0057605,1024,1024,1.0
ISIC_0057609,1024,1024,1.0
ISIC_0057610,1024,1024,1.0
ISIC_0057611,1024,1024,1.0
ISIC_0057616,1024,1024,1.0
ISIC_0057617,1024,1024,1.0
ISIC_0057621,1024,1024,1.0
ISIC_0057625,1024,1024,1.0
ISIC_0057626,1024,1024,1.0
ISIC_0057627,1024,1024,1.0
ISIC_0057629,1024,1024,1.0
ISIC_0057634,1024,1024,1.0
ISIC_0057635,1024,1024,1.0
ISIC_0057636,1024,1024,1.0
ISIC_0057639,1024,1024,1.0
ISIC_0057640,1024,1024,1.0
ISIC_0057641,1024,1024,1.0
ISIC_0057642,1024,1024,1.0
ISIC_0057646,1024,1024,1.0
ISIC_0057648,1024,1024,1.0
ISIC_0057651,1024,1024,1.0
ISIC_0057652,1024,1024,1.0
ISIC_0057654,1024,1024,1.0
ISIC_0057655,1024,1024,1.0
ISIC_0057656,1024,1024,1.0
ISIC_0057657,1024,1024,1.0
ISIC_0057661,1024,1024,1.0
ISIC_0057662,1024,1024,1.0
ISIC_0057666,1024,1024,1.0
ISIC_0057668,1024,1024,1.0
ISIC_0057669,1024,1024,1.0
ISIC_0057674,1024,1024,1.0
ISIC_0057679,1024,1024,1.0
ISIC_0057680,1024,1024,1.0
ISIC_0057687,1024,1024,1.0
ISIC_0057692,1024,1024,1.0
ISIC_0057693,1024,1024,1.0
ISIC_0057694,1024,1024,1.0
ISIC_0057696,1024,1024,1.0
ISIC_0057698,1024,1024,1.0
ISIC_0057700,1024,1024,1.0
ISIC_0057701,1024,1024,1.0
ISIC_0057702,1024,1024,1.0
ISIC_0057705,1024,1024,1.0
ISIC_0057710,1024,1024,1.0
ISIC_0057713,1024,1024,1.0
ISIC_0057714,1024,1024,1.0
ISIC_0057715,1024,1024,1.0
ISIC_0057716,1024,1024,1.0
ISIC_0057718,1024,1024,1.0
ISIC_0057722,1024,1024,1.0
ISIC_0057723,1024,1024,1.0
ISIC_0057725,1024,1024,1.0
ISIC_0057729,1024,1024,1.0
ISIC_0057730,1024,1024,1.0
ISIC_0057732,1024,1024,1.0
ISIC_0057734,1024,1024,1.0
ISIC_0057736,1024,1024,1.0
ISIC_0057738,1024,1024,1.0
ISIC_0057739,1024,1024,1.0
ISIC_0057740,1024,1024,1.0
ISIC_0057745,1024,1024,1.0
ISIC_0057746,1024,1024,1.0
ISIC_0057748,1024,1024,1.0
ISIC_0057749,1024,1024,1.0
ISIC_0057751,1024,1024,1.0
ISIC_0057754,1024,1024,1.0
ISIC_0057755,1024,1024,1.0
ISIC_0057757,1024,1024,1.0
ISIC_0057760,1024,1024,1.0
ISIC_0057762,1024,1024,1.0
ISIC_0057771,1024,1024,1.0
ISIC_0057774,1024,1024,1.0
ISIC_0057778,1024,1024,1.0
ISIC_0057785,1024,1024,1.0
ISIC_0057786,1024,1024,1.0
ISIC_0057787,1024,1024,1.0
ISIC_0057790,1024,1024,1.0
ISIC_0057791,1024,1024,1.0
ISIC_0057792,1024,1024,1.0
ISIC_0057797,1024,1024,1.0
ISIC_0057798,1024,1024,1.0
ISIC_0057803,1024,1024,1.0
ISIC_0057804,1024,1024,1.0
ISIC_0057805,1024,1024,1.0
ISIC_0057806,1024,1024,1.0
ISIC_0057812,1024,1024,1.0
ISIC_0057814,1024,1024,1.0
ISIC_0057815,1024,1024,1.0
ISIC_0057816,1024,1024,1.0
ISIC_0057817,1024,1024,1.0
ISIC_0057818,1024,1024,1.0
ISIC_0057820,1024,1024,1.0
ISIC_0057821,1024,1024,1.0
ISIC_0057822,1024,1024,1.0
ISIC_0057823,1024,1024,1.0
ISIC_0057825,1024,1024,1.0
ISIC_0057827,1024,1024,1.0
ISIC_0057829,1024,1024,1.0
ISIC_0057834,1024,1024,1.0
ISIC_0057836,1024,1024,1.0
ISIC_0057837,1024,1024,1.0
ISIC_0057839,1024,1024,1.0
ISIC_0057840,1024,1024,1.0
ISIC_0057845,1024,1024,1.0
ISIC_0057847,1024,1024,1.0
ISIC_0057853,1024,1024,1.0
ISIC_0057854,1024,1024,1.0
ISIC_0057857,1024,1024,1.0
ISIC_0057858,1024,1024,1.0
ISIC_0057862,1024,1024,1.0
ISIC_0057863,1024,1024,1.0
ISIC_0057865,1024,1024,1.0
ISIC_0057870,1024,1024,1.0
ISIC_0057871,1024,1024,1.0
ISIC_0057873,1024,1024,1.0
ISIC_0057875,1024,1024,1.0
ISIC_0057877,1024,1024,1.0
ISIC_0057879,1024,1024,1.0
ISIC_0057880,1024,1024,1.0
ISIC_0057881,1024,1024,1.0
ISIC_0057882,1024,1024,1.0
ISIC_0057883,1024,1024,1.0
ISIC_0057884,1024,1024,1.0
ISIC_0057885,1024,1024,1.0
ISIC_0057886,1024,1024,1.0
ISIC_0057889,1024,1024,1.0
ISIC_0057890,1024,1024,1.0
ISIC_0057892,1024,1024,1.0
ISIC_0057897,1024,1024,1.0
ISIC_0057898,1024,1024,1.0
ISIC_0057899,1024,1024,1.0
ISIC_0057902,1024,1024,1.0
ISIC_0057903,1024,1024,1.0
ISIC_0057904,1024,1024,1.0
ISIC_0057905,1024,1024,1.0
ISIC_0057908,1024,1024,1.0
ISIC_0057910,1024,1024,1.0
ISIC_0057914,1024,1024,1.0
ISIC_0057915,1024,1024,1.0
ISIC_0057916,1024,1024,1.0
ISIC_0057917,1024,1024,1.0
ISIC_0057919,1024,1024,1.0
ISIC_0057924,1024,1024,1.0
ISIC_0057925,1024,1024,1.0
ISIC_0057927,1024,1024,1.0
ISIC_0057928,1024,1024,1.0
ISIC_0057930,1024,1024,1.0
ISIC_0057932,1024,1024,1.0
ISIC_0057933,1024,1024,1.0
ISIC_0057935,1024,1024,1.0
ISIC_0057937,1024,1024,1.0
ISIC_0057938,1024,1024,1.0
ISIC_0057940,1024,1024,1.0
ISIC_0057941,1024,1024,1.0
ISIC_0057942,1024,1024,1.0
ISIC_0057946,1024,1024,1.0
ISIC_0057947,1024,1024,1.0
ISIC_0057949,1024,1024,1.0
ISIC_0057953,1024,1024,1.0
ISIC_0057958,1024,1024,1.0
ISIC_0057959,1024,1024,1.0
ISIC_0057960,1024,1024,1.0
ISIC_0057962,1024,1024,1.0
ISIC_0057964,1024,1024,1.0
ISIC_0057966,1024,1024,1.0
ISIC_0057969,1024,1024,1.0
ISIC_0057970,1024,1024,1.0
ISIC_0057973,1024,1024,1.0
ISIC_0057974,1024,1024,1.0
ISIC_0057977,1024,1024,1.0
ISIC_0057978,1024,1024,1.0
ISIC_0057979,1024,1024,1.0
ISIC_0057980,1024,1024,1.0
ISIC_0057984,1024,1024,1.0
ISIC_0057985,1024,1024,1.0
ISIC_0057986,1024,1024,1.0
ISIC_0057987,1024,1024,1.0
ISIC_0057988,1024,1024,1.0
ISIC_0057989,1024,1024,1.0
ISIC_0057994,1024,1024,1.0
ISIC_0057996,1024,1024,1.0
ISIC_0057997,1024,1024,1.0
ISIC_0057998,1024,1024,1.0
ISIC_0058003,1024,1024,1.0
ISIC_0058005,1024,1024,1.0
ISIC_0058006,1024,1024,1.0
ISIC_0058010,1024,1024,1.0
ISIC_0058012,1024,1024,1.0
ISIC_0058020,1024,1024,1.0
ISIC_0058021,1024,1024,1.0
ISIC_0058022,1024,1024,1.0
ISIC_0058024,1024,1024,1.0
ISIC_0058025,1024,1024,1.0
ISIC_0058027,1024,1024,1.0
ISIC_0058029,1024,1024,1.0
ISIC_0058030,1024,1024,1.0
ISIC_0058032,1024,1024,1.0
ISIC_0058033,1024,1024,1.0
ISIC_0058035,1024,1024,1.0
ISIC_0058038,1024,1024,1.0
ISIC_0058040,1024,1024,1.0
ISIC_0058041,1024,1024,1.0
ISIC_0058043,1024,1024,1.0
ISIC_0058044,1024,1024,1.0
ISIC_0058046,1024,1024,1.0
ISIC_0058049,1024,1024,1.0
ISIC_0058050,1024,1024,1.0
ISIC_0058051,1024,1024,1.0
ISIC_0058054,1024,1024,1.0
ISIC_0058057,1024,1024,1.0
ISIC_0058058,1024,1024,1.0
ISIC_0058059,1024,1024,1.0
ISIC_0058061,1024,1024,1.0
ISIC_0058063,1024,1024,1.0
ISIC_0058065,1024,1024,1.0
ISIC_0058069,1024,1024,1.0
ISIC_0058071,1024,1024,1.0
ISIC_0058074,1024,1024,1.0
ISIC_0058078,1024,1024,1.0
ISIC_0058079,1024,1024,1.0
ISIC_0058080,1024,1024,1.0
ISIC_0058084,1024,1024,1.0
ISIC_0058087,1024,1024,1.0
ISIC_0058088,1024,1024,1.0
ISIC_0058094,1024,1024,1.0
ISIC_0058098,1024,1024,1.0
ISIC_0058099,1024,1024,1.0
ISIC_0058101,1024,1024,1.0
ISIC_0058103,1024,1024,1.0
ISIC_0058104,1024,1024,1.0
ISIC_0058105,1024,1024,1.0
ISIC_0058108,1024,1024,1.0
ISIC_0058110,1024,1024,1.0
ISIC_0058111,1024,1024,1.0
ISIC_0058118,1024,1024,1.0
ISIC_0058119,1024,1024,1.0
ISIC_0058120,1024,1024,1.0
ISIC_0058124,1024,1024,1.0
ISIC_0058127,1024,1024,1.0
ISIC_0058128,1024,1024,1.0
ISIC_0058130,1024,1024,1.0
ISIC_0058135,1024,1024,1.0
ISIC_0058136,1024,1024,1.0
ISIC_0058138,1024,1024,1.0
ISIC_0058139,1024,1024,1.0
ISIC_0058141,1024,1024,1.0
ISIC_0058142,1024,1024,1.0
ISIC_0058145,1024,1024,1.0
ISIC_0058146,1024,1024,1.0
ISIC_0058147,1024,1024,1.0
ISIC_0058148,1024,1024,1.0
ISIC_0058149,1024,1024,1.0
ISIC_0058150,1024,1024,1.0
ISIC_0058151,1024,1024,1.0
ISIC_0058152,1024,1024,1.0
ISIC_0058153,1024,1024,1.0
ISIC_0058155,1024,1024,1.0
ISIC_0058157,1024,1024,1.0
ISIC_0058158,1024,1024,1.0
ISIC_0058160,1024,1024,1.0
ISIC_0058161,1024,1024,1.0
ISIC_0058163,1024,1024,1.0
ISIC_0058164,1024,1024,1.0
ISIC_0058165,1024,1024,1.0
ISIC_0058166,1024,1024,1.0
ISIC_0058168,1024,1024,1.0
ISIC_0058169,1024,1024,1.0
ISIC_0058171,1024,1024,1.0
ISIC_0058174,1024,1024,1.0
ISIC_0058176,1024,1024,1.0
ISIC_0058177,1024,1024,1.0
ISIC_0058179,1024,1024,1.0
ISIC_0058180,1024,1024,1.0
ISIC_0058183,1024,1024,1.0
ISIC_0058186,1024,1024,1.0
ISIC_0058187,1024,1024,1.0
ISIC_0058191,1024,1024,1.0
ISIC_0058192,1024,1024,1.0
ISIC_0058194,1024,1024,1.0
ISIC_0058195,1024,1024,1.0
ISIC_0058197,1024,1024,1.0
ISIC_0058198,1024,1024,1.0
ISIC_0058199,1024,1024,1.0
ISIC_0058202,1024,1024,1.0
ISIC_0058206,1024,1024,1.0
ISIC_0058208,1024,1024,1.0
ISIC_0058211,1024,1024,1.0
ISIC_0058212,1024,1024,1.0
ISIC_0058215,1024,1024,1.0
ISIC_0058219,1024,1024,1.0
ISIC_0058221,1024,1024,1.0
ISIC_0058222,1024,1024,1.0
ISIC_0058224,1024,1024,1.0
ISIC_0058227,1024,1024,1.0
ISIC_0058228,1024,1024,1.0
ISIC_0058230,1024,1024,1.0
ISIC_0058231,1024,1024,1.0
ISIC_0058232,1024,1024,1.0
ISIC_0058233,1024,1024,1.0
ISIC_0058236,1024,1024,1.0
ISIC_0058242,1024,1024,1.0
ISIC_0058245,1024,1024,1.0
ISIC_0058246,1024,1024,1.0
ISIC_0058251,1024,1024,1.0
ISIC_0058255,1024,1024,1.0
ISIC_0058256,1024,1024,1.0
ISIC_0058257,1024,1024,1.0
ISIC_0058261,1024,1024,1.0
ISIC_0058262,1024,1024,1.0
ISIC_0058264,1024,1024,1.0
ISIC_0058265,1024,1024,1.0
ISIC_0058267,1024,1024,1.0
ISIC_0058268,1024,1024,1.0
ISIC_0058269,1024,1024,1.0
ISIC_0058272,1024,1024,1.0
ISIC_0058273,1024,1024,1.0
ISIC_0058274,1024,1024,1.0
ISIC_0058276,1024,1024,1.0
ISIC_0058277,1024,1024,1.0
ISIC_0058278,1024,1024,1.0
ISIC_0058284,1024,1024,1.0
ISIC_0058285,1024,1024,1.0
ISIC_0058286,1024,1024,1.0
ISIC_0058289,1024,1024,1.0
ISIC_0058295,1024,1024,1.0
ISIC_0058296,1024,1024,1.0
ISIC_0058298,1024,1024,1.0
ISIC_0058299,1024,1024,1.0
ISIC_0058302,1024,1024,1.0
ISIC_0058303,1024,1024,1.0
ISIC_0058304,1024,1024,1.0
ISIC_0058305,1024,1024,1.0
ISIC_0058307,1024,1024,1.0
ISIC_0058309,1024,1024,1.0
ISIC_0058314,1024,1024,1.0
ISIC_0058315,1024,1024,1.0
ISIC_0058317,1024,1024,1.0
ISIC_0058318,1024,1024,1.0
ISIC_0058319,1024,1024,1.0
ISIC_0058321,1024,1024,1.0
ISIC_0058324,1024,1024,1.0
ISIC_0058325,1024,1024,1.0
ISIC_0058327,1024,1024,1.0
ISIC_0058328,1024,1024,1.0
ISIC_0058331,1024,1024,1.0
ISIC_0058333,1024,1024,1.0
ISIC_0058335,1024,1024,1.0
ISIC_0058337,1024,1024,1.0
ISIC_0058339,1024,1024,1.0
ISIC_0058340,1024,1024,1.0
ISIC_0058341,1024,1024,1.0
ISIC_0058342,1024,1024,1.0
ISIC_0058344,1024,1024,1.0
ISIC_0058346,1024,1024,1.0
ISIC_0058348,1024,1024,1.0
ISIC_0058349,1024,1024,1.0
ISIC_0058350,1024,1024,1.0
ISIC_0058351,1024,1024,1.0
ISIC_0058352,1024,1024,1.0
ISIC_0058353,1024,1024,1.0
ISIC_0058357,1024,1024,1.0
ISIC_0058359,1024,1024,1.0
ISIC_0058360,1024,1024,1.0
ISIC_0058361,1024,1024,1.0
ISIC_0058362,1024,1024,1.0
ISIC_0058364,1024,1024,1.0
ISIC_0058366,1024,1024,1.0
ISIC_0058367,1024,1024,1.0
ISIC_0058368,1024,1024,1.0
ISIC_0058379,1024,1024,1.0
ISIC_0058381,1024,1024,1.0
ISIC_0058383,1024,1024,1.0
ISIC_0058385,1024,1024,1.0
ISIC_0058387,1024,1024,1.0
ISIC_0058389,1024,1024,1.0
ISIC_0058391,1024,1024,1.0
ISIC_0058392,1024,1024,1.0
ISIC_0058394,1024,1024,1.0
ISIC_0058395,1024,1024,1.0
ISIC_0058397,1024,1024,1.0
ISIC_0058399,1024,1024,1.0
ISIC_0058401,1024,1024,1.0
ISIC_0058404,1024,1024,1.0
ISIC_0058405,1024,1024,1.0
ISIC_0058408,1024,1024,1.0
ISIC_0058410,1024,1024,1.0
ISIC_0058412,1024,1024,1.0
ISIC_0058414,1024,1024,1.0
ISIC_0058415,1024,1024,1.0
ISIC_0058417,1024,1024,1.0
ISIC_0058418,1024,1024,1.0
ISIC_0058419,1024,1024,1.0
ISIC_0058420,1024,1024,1.0
ISIC_0058423,1024,1024,1.0
ISIC_0058425,1024,1024,1.0
ISIC_0058426,1024,1024,1.0
ISIC_0058427,1024,1024,1.0
ISIC_0058428,1024,1024,1.0
ISIC_0058429,1024,1024,1.0
ISIC_0058431,1024,1024,1.0
ISIC_0058432,1024,1024,1.0
ISIC_0058433,1024,1024,1.0
ISIC_0058434,1024,1024,1.0
ISIC_0058436,1024,1024,1.0
ISIC_0058439,1024,1024,1.0
ISIC_0058442,1024,1024,1.0
ISIC_0058446,1024,1024,1.0
ISIC_0058447,1024,1024,1.0
ISIC_0058449,1024,1024,1.0
ISIC_0058451,1024,1024,1.0
ISIC_0058452,1024,1024,1.0
ISIC_0058458,1024,1024,1.0
ISIC_0058459,1024,1024,1.0
ISIC_0058460,1024,1024,1.0
ISIC_0058465,1024,1024,1.0
ISIC_0058466,1024,1024,1.0
ISIC_0058468,1024,1024,1.0
ISIC_0058470,1024,1024,1.0
ISIC_0058471,1024,1024,1.0
ISIC_0058474,1024,1024,1.0
ISIC_0058476,1024,1024,1.0
ISIC_0058477,1024,1024,1.0
ISIC_0058478,1024,1024,1.0
ISIC_0058482,1024,1024,1.0
ISIC_0058483,1024,1024,1.0
ISIC_0058486,1024,1024,1.0
ISIC_0058487,1024,1024,1.0
ISIC_0058489,1024,1024,1.0
ISIC_0058493,1024,1024,1.0
ISIC_0058495,1024,1024,1.0
ISIC_0058496,1024,1024,1.0
ISIC_0058497,1024,1024,1.0
ISIC_0058499,1024,1024,1.0
ISIC_0058500,1024,1024,1.0
ISIC_0058505,1024,1024,1.0
ISIC_0058507,1024,1024,1.0
ISIC_0058508,1024,1024,1.0
ISIC_0058509,1024,1024,1.0
ISIC_0058511,1024,1024,1.0
ISIC_0058513,1024,1024,1.0
ISIC_0058514,1024,1024,1.0
ISIC_0058515,1024,1024,1.0
ISIC_0058517,1024,1024,1.0
ISIC_0058518,1024,1024,1.0
ISIC_0058520,1024,1024,1.0
ISIC_0058524,1024,1024,1.0
ISIC_0058526,1024,1024,1.0
ISIC_0058529,1024,1024,1.0
ISIC_0058530,1024,1024,1.0
ISIC_0058531,1024,1024,1.0
ISIC_0058532,1024,1024,1.0
ISIC_0058533,1024,1024,1.0
ISIC_0058534,1024,1024,1.0
ISIC_0058540,1024,1024,1.0
ISIC_0058541,1024,1024,1.0
ISIC_0058542,1024,1024,1.0
ISIC_0058543,1024,1024,1.0
ISIC_0058548,1024,1024,1.0
ISIC_0058553,1024,1024,1.0
ISIC_0058555,1024,1024,1.0
ISIC_0058556,1024,1024,1.0
ISIC_0058558,1024,1024,1.0
ISIC_0058559,1024,1024,1.0
ISIC_0058561,1024,1024,1.0
ISIC_0058565,1024,1024,1.0
ISIC_0058567,1024,1024,1.0
ISIC_0058569,1024,1024,1.0
ISIC_0058573,1024,1024,1.0
ISIC_0058574,1024,1024,1.0
ISIC_0058576,1024,1024,1.0
ISIC_0058578,1024,1024,1.0
ISIC_0058580,1024,1024,1.0
ISIC_0058582,1024,1024,1.0
ISIC_0058584,1024,1024,1.0
ISIC_0058585,1024,1024,1.0
ISIC_0058587,1024,1024,1.0
ISIC_0058588,1024,1024,1.0
ISIC_0058589,1024,1024,1.0
ISIC_0058591,1024,1024,1.0
ISIC_0058593,1024,1024,1.0
ISIC_0058598,1024,1024,1.0
ISIC_0058599,1024,1024,1.0
ISIC_0058602,1024,1024,1.0
ISIC_0058604,1024,1024,1.0
ISIC_0058606,1024,1024,1.0
ISIC_0058607,1024,1024,1.0
ISIC_0058608,1024,1024,1.0
ISIC_0058611,1024,1024,1.0
ISIC_0058615,1024,1024,1.0
ISIC_0058617,1024,1024,1.0
ISIC_0058622,1024,1024,1.0
ISIC_0058623,1024,1024,1.0
ISIC_0058624,1024,1024,1.0
ISIC_0058625,1024,1024,1.0
ISIC_0058627,1024,1024,1.0
ISIC_0058630,1024,1024,1.0
ISIC_0058631,1024,1024,1.0
ISIC_0058632,1024,1024,1.0
ISIC_0058633,1024,1024,1.0
ISIC_0058634,1024,1024,1.0
ISIC_0058635,1024,1024,1.0
ISIC_0058636,1024,1024,1.0
ISIC_0058639,1024,1024,1.0
ISIC_0058640,1024,1024,1.0
ISIC_0058641,1024,1024,1.0
ISIC_0058642,1024,1024,1.0
ISIC_0058644,1024,1024,1.0
ISIC_0058645,1024,1024,1.0
ISIC_0058647,1024,1024,1.0
ISIC_0058649,1024,1024,1.0
ISIC_0058652,1024,1024,1.0
ISIC_0058653,1024,1024,1.0
ISIC_0058654,1024,1024,1.0
ISIC_0058655,1024,1024,1.0
ISIC_0058656,1024,1024,1.0
ISIC_0058657,1024,1024,1.0
ISIC_0058658,1024,1024,1.0
ISIC_0058660,1024,1024,1.0
ISIC_0058661,1024,1024,1.0
ISIC_0058663,1024,1024,1.0
ISIC_0058670,1024,1024,1.0
ISIC_0058674,1024,1024,1.0
ISIC_0058679,1024,1024,1.0
ISIC_0058680,1024,1024,1.0
ISIC_0058681,1024,1024,1.0
ISIC_0058682,1024,1024,1.0
ISIC_0058683,1024,1024,1.0
ISIC_0058684,1024,1024,1.0
ISIC_0058686,1024,1024,1.0
ISIC_0058687,1024,1024,1.0
ISIC_0058689,1024,1024,1.0
ISIC_0058691,1024,1024,1.0
ISIC_0058692,1024,1024,1.0
ISIC_0058700,1024,1024,1.0
ISIC_0058701,1024,1024,1.0
ISIC_0058703,1024,1024,1.0
ISIC_0058704,1024,1024,1.0
ISIC_0058709,1024,1024,1.0
ISIC_0058710,1024,1024,1.0
ISIC_0058711,1024,1024,1.0
ISIC_0058712,1024,1024,1.0
ISIC_0058713,1024,1024,1.0
ISIC_0058715,1024,1024,1.0
ISIC_0058716,1024,1024,1.0
ISIC_0058717,1024,1024,1.0
ISIC_0058719,1024,1024,1.0
ISIC_0058722,1024,1024,1.0
ISIC_0058724,1024,1024,1.0
ISIC_0058729,1024,1024,1.0
ISIC_0058730,1024,1024,1.0
ISIC_0058731,1024,1024,1.0
ISIC_0058733,1024,1024,1.0
ISIC_0058741,1024,1024,1.0
ISIC_0058743,1024,1024,1.0
ISIC_0058745,1024,1024,1.0
ISIC_0058746,1024,1024,1.0
ISIC_0058747,1024,1024,1.0
ISIC_0058751,1024,1024,1.0
ISIC_0058752,1024,1024,1.0
ISIC_0058753,1024,1024,1.0
ISIC_0058755,1024,1024,1.0
ISIC_0058759,1024,1024,1.0
ISIC_0058760,1024,1024,1.0
ISIC_0058761,1024,1024,1.0
ISIC_0058762,1024,1024,1.0
ISIC_0058763,1024,1024,1.0
ISIC_0058764,1024,1024,1.0
ISIC_0058765,1024,1024,1.0
ISIC_0058767,1024,1024,1.0
ISIC_0058770,1024,1024,1.0
ISIC_0058774,1024,1024,1.0
ISIC_0058775,1024,1024,1.0
ISIC_0058776,1024,1024,1.0
ISIC_0058778,1024,1024,1.0
ISIC_0058780,1024,1024,1.0
ISIC_0058781,1024,1024,1.0
ISIC_0058782,1024,1024,1.0
ISIC_0058784,1024,1024,1.0
ISIC_0058790,1024,1024,1.0
ISIC_0058791,1024,1024,1.0
ISIC_0058792,1024,1024,1.0
ISIC_0058794,1024,1024,1.0
ISIC_0058795,1024,1024,1.0
ISIC_0058797,1024,1024,1.0
ISIC_0058798,1024,1024,1.0
ISIC_0058799,1024,1024,1.0
ISIC_0058801,1024,1024,1.0
ISIC_0058802,1024,1024,1.0
ISIC_0058804,1024,1024,1.0
ISIC_0058806,1024,1024,1.0
ISIC_0058808,1024,1024,1.0
ISIC_0058809,1024,1024,1.0
ISIC_0058810,1024,1024,1.0
ISIC_0058813,1024,1024,1.0
ISIC_0058814,1024,1024,1.0
ISIC_0058815,1024,1024,1.0
ISIC_0058821,1024,1024,1.0
ISIC_0058822,1024,1024,1.0
ISIC_0058823,1024,1024,1.0
ISIC_0058825,1024,1024,1.0
ISIC_0058826,1024,1024,1.0
ISIC_0058827,1024,1024,1.0
ISIC_0058828,1024,1024,1.0
ISIC_0058829,1024,1024,1.0
ISIC_0058830,1024,1024,1.0
ISIC_0058833,1024,1024,1.0
ISIC_0058835,1024,1024,1.0
ISIC_0058836,1024,1024,1.0
ISIC_0058837,1024,1024,1.0
ISIC_0058842,1024,1024,1.0
ISIC_0058845,1024,1024,1.0
ISIC_0058847,1024,1024,1.0
ISIC_0058850,1024,1024,1.0
ISIC_0058851,1024,1024,1.0
ISIC_0058856,1024,1024,1.0
ISIC_0058858,1024,1024,1.0
ISIC_0058860,1024,1024,1.0
ISIC_0058863,1024,1024,1.0
ISIC_0058864,1024,1024,1.0
ISIC_0058866,1024,1024,1.0
ISIC_0058867,1024,1024,1.0
ISIC_0058869,1024,1024,1.0
ISIC_0058871,1024,1024,1.0
ISIC_0058872,1024,1024,1.0
ISIC_0058873,1024,1024,1.0
ISIC_0058874,1024,1024,1.0
ISIC_0058878,1024,1024,1.0
ISIC_0058879,1024,1024,1.0
ISIC_0058880,1024,1024,1.0
ISIC_0058883,1024,1024,1.0
ISIC_0058884,1024,1024,1.0
ISIC_0058886,1024,1024,1.0
ISIC_0058887,1024,1024,1.0
ISIC_0058888,1024,1024,1.0
ISIC_0058889,1024,1024,1.0
ISIC_0058890,1024,1024,1.0
ISIC_0058893,1024,1024,1.0
ISIC_0058895,1024,1024,1.0
ISIC_0058897,1024,1024,1.0
ISIC_0058900,1024,1024,1.0
ISIC_0058901,1024,1024,1.0
ISIC_0058902,1024,1024,1.0
ISIC_0058903,1024,1024,1.0
ISIC_0058904,1024,1024,1.0
ISIC_0058905,1024,1024,1.0
ISIC_0058906,1024,1024,1.0
ISIC_0058909,1024,1024,1.0
ISIC_0058910,1024,1024,1.0
ISIC_0058911,1024,1024,1.0
ISIC_0058913,1024,1024,1.0
ISIC_0058914,1024,1024,1.0
ISIC_0058915,1024,1024,1.0
ISIC_0058920,1024,1024,1.0
ISIC_0058922,1024,1024,1.0
ISIC_0058924,1024,1024,1.0
ISIC_0058926,1024,1024,1.0
ISIC_0058927,1024,1024,1.0
ISIC_0058930,1024,1024,1.0
ISIC_0058932,1024,1024,1.0
ISIC_0058935,1024,1024,1.0
ISIC_0058939,1024,1024,1.0
ISIC_0058942,1024,1024,1.0
ISIC_0058944,1024,1024,1.0
ISIC_0058946,1024,1024,1.0
ISIC_0058950,1024,1024,1.0
ISIC_0058951,1024,1024,1.0
ISIC_0058952,1024,1024,1.0
ISIC_0058954,1024,1024,1.0
ISIC_0058959,1024,1024,1.0
ISIC_0058964,1024,1024,1.0
ISIC_0058965,1024,1024,1.0
ISIC_0058966,1024,1024,1.0
ISIC_0058971,1024,1024,1.0
ISIC_0058972,1024,1024,1.0
ISIC_0058973,1024,1024,1.0
ISIC_0058974,1024,1024,1.0
ISIC_0058976,1024,1024,1.0
ISIC_0058980,1024,1024,1.0
ISIC_0058982,1024,1024,1.0
ISIC_0058983,1024,1024,1.0
ISIC_0058987,1024,1024,1.0
ISIC_0058991,1024,1024,1.0
ISIC_0058993,1024,1024,1.0
ISIC_0058995,1024,1024,1.0
ISIC_0058996,1024,1024,1.0
ISIC_0058997,1024,1024,1.0
ISIC_0058998,1024,1024,1.0
ISIC_0058999,1024,1024,1.0
ISIC_0059001,1024,1024,1.0
ISIC_0059002,1024,1024,1.0
ISIC_0059005,1024,1024,1.0
ISIC_0059006,1024,1024,1.0
ISIC_0059009,1024,1024,1.0
ISIC_0059010,1024,1024,1.0
ISIC_0059014,1024,1024,1.0
ISIC_0059015,1024,1024,1.0
ISIC_0059017,1024,1024,1.0
ISIC_0059018,1024,1024,1.0
ISIC_0059019,1024,1024,1.0
ISIC_0059022,1024,1024,1.0
ISIC_0059024,1024,1024,1.0
ISIC_0059027,1024,1024,1.0
ISIC_0059028,1024,1024,1.0
ISIC_0059029,1024,1024,1.0
ISIC_0059030,1024,1024,1.0
ISIC_0059032,1024,1024,1.0
ISIC_0059033,1024,1024,1.0
ISIC_0059037,1024,1024,1.0
ISIC_0059039,1024,1024,1.0
ISIC_0059041,1024,1024,1.0
ISIC_0059044,1024,1024,1.0
ISIC_0059045,1024,1024,1.0
ISIC_0059047,1024,1024,1.0
ISIC_0059049,1024,1024,1.0
ISIC_0059050,1024,1024,1.0
ISIC_0059052,1024,1024,1.0
ISIC_0059053,1024,1024,1.0
ISIC_0059055,1024,1024,1.0
ISIC_0059058,1024,1024,1.0
ISIC_0059062,1024,1024,1.0
ISIC_0059063,1024,1024,1.0
ISIC_0059064,1024,1024,1.0
ISIC_0059065,1024,1024,1.0
ISIC_0059066,1024,1024,1.0
ISIC_0059067,1024,1024,1.0
ISIC_0059068,1024,1024,1.0
ISIC_0059069,1024,1024,1.0
ISIC_0059070,1024,1024,1.0
ISIC_0059072,1024,1024,1.0
ISIC_0059075,1024,1024,1.0
ISIC_0059076,1024,1024,1.0
ISIC_0059077,1024,1024,1.0
ISIC_0059079,1024,1024,1.0
ISIC_0059080,1024,1024,1.0
ISIC_0059081,1024,1024,1.0
ISIC_0059082,1024,1024,1.0
ISIC_0059087,1024,1024,1.0
ISIC_0059088,1024,1024,1.0
ISIC_0059091,1024,1024,1.0
ISIC_0059093,1024,1024,1.0
ISIC_0059096,1024,1024,1.0
ISIC_0059097,1024,1024,1.0
ISIC_0059102,1024,1024,1.0
ISIC_0059104,1024,1024,1.0
ISIC_0059105,1024,1024,1.0
ISIC_0059106,1024,1024,1.0
ISIC_0059107,1024,1024,1.0
ISIC_0059109,1024,1024,1.0
ISIC_0059110,1024,1024,1.0
ISIC_0059111,1024,1024,1.0
ISIC_0059112,1024,1024,1.0
ISIC_0059113,1024,1024,1.0
ISIC_0059114,1024,1024,1.0
ISIC_0059116,1024,1024,1.0
ISIC_0059121,1024,1024,1.0
ISIC_0059124,1024,1024,1.0
ISIC_0059128,1024,1024,1.0
ISIC_0059129,1024,1024,1.0
ISIC_0059131,1024,1024,1.0
ISIC_0059134,1024,1024,1.0
ISIC_0059135,1024,1024,1.0
ISIC_0059140,1024,1024,1.0
ISIC_0059141,1024,1024,1.0
ISIC_0059143,1024,1024,1.0
ISIC_0059146,1024,1024,1.0
ISIC_0059147,1024,1024,1.0
ISIC_0059148,1024,1024,1.0
ISIC_0059149,1024,1024,1.0
ISIC_0059152,1024,1024,1.0
ISIC_0059153,1024,1024,1.0
ISIC_0059155,1024,1024,1.0
ISIC_0059158,1024,1024,1.0
ISIC_0059159,1024,1024,1.0
ISIC_0059162,1024,1024,1.0
ISIC_0059165,1024,1024,1.0
ISIC_0059166,1024,1024,1.0
ISIC_0059167,1024,1024,1.0
ISIC_0059171,1024,1024,1.0
ISIC_0059178,1024,1024,1.0
ISIC_0059179,1024,1024,1.0
ISIC_0059180,1024,1024,1.0
ISIC_0059181,1024,1024,1.0
ISIC_0059183,1024,1024,1.0
ISIC_0059186,1024,1024,1.0
ISIC_0059187,1024,1024,1.0
ISIC_0059192,1024,1024,1.0
ISIC_0059193,1024,1024,1.0
ISIC_0059198,1024,1024,1.0
ISIC_0059199,1024,1024,1.0
ISIC_0059200,1024,1024,1.0
ISIC_0059201,1024,1024,1.0
ISIC_0059202,1024,1024,1.0
ISIC_0059207,1024,1024,1.0
ISIC_0059208,1024,1024,1.0
ISIC_0059210,1024,1024,1.0
ISIC_0059211,1024,1024,1.0
ISIC_0059212,1024,1024,1.0
ISIC_0059213,1024,1024,1.0
ISIC_0059214,1024,1024,1.0
ISIC_0059217,1024,1024,1.0
ISIC_0059218,1024,1024,1.0
ISIC_0059219,1024,1024,1.0
ISIC_0059220,1024,1024,1.0
ISIC_0059221,1024,1024,1.0
ISIC_0059223,1024,1024,1.0
ISIC_0059228,1024,1024,1.0
ISIC_0059230,1024,1024,1.0
ISIC_0059231,1024,1024,1.0
ISIC_0059232,1024,1024,1.0
ISIC_0059235,1024,1024,1.0
ISIC_0059236,1024,1024,1.0
ISIC_0059239,1024,1024,1.0
ISIC_0059240,1024,1024,1.0
ISIC_0059241,1024,1024,1.0
ISIC_0059243,1024,1024,1.0
ISIC_0059245,1024,1024,1.0
ISIC_0059246,1024,1024,1.0
ISIC_0059248,1024,1024,1.0
ISIC_0059252,1024,1024,1.0
ISIC_0059253,1024,1024,1.0
ISIC_0059255,1024,1024,1.0
ISIC_0059257,1024,1024,1.0
ISIC_0059260,1024,1024,1.0
ISIC_0059264,1024,1024,1.0
ISIC_0059266,1024,1024,1.0
ISIC_0059267,1024,1024,1.0
ISIC_0059268,1024,1024,1.0
ISIC_0059270,1024,1024,1.0
ISIC_0059273,1024,1024,1.0
ISIC_0059274,1024,1024,1.0
ISIC_0059275,1024,1024,1.0
ISIC_0059276,1024,1024,1.0
ISIC_0059277,1024,1024,1.0
ISIC_0059278,1024,1024,1.0
ISIC_0059281,1024,1024,1.0
ISIC_0059285,1024,1024,1.0
ISIC_0059289,1024,1024,1.0
ISIC_0059291,1024,1024,1.0
ISIC_0059292,1024,1024,1.0
ISIC_0059294,1024,1024,1.0
ISIC_0059295,1024,1024,1.0
ISIC_0059298,1024,1024,1.0
ISIC_0059303,1024,1024,1.0
ISIC_0059306,1024,1024,1.0
ISIC_0059307,1024,1024,1.0
ISIC_0059308,1024,1024,1.0
ISIC_0059312,1024,1024,1.0
ISIC_0059313,1024,1024,1.0
ISIC_0059314,1024,1024,1.0
ISIC_0059317,1024,1024,1.0
ISIC_0059320,1024,1024,1.0
ISIC_0059321,1024,1024,1.0
ISIC_0059322,1024,1024,1.0
ISIC_0059323,1024,1024,1.0
ISIC_0059324,1024,1024,1.0
ISIC_0059326,1024,1024,1.0
ISIC_0059327,1024,1024,1.0
ISIC_0059329,1024,1024,1.0
ISIC_0059330,1024,1024,1.0
ISIC_0059333,1024,1024,1.0
ISIC_0059334,1024,1024,1.0
ISIC_0059336,1024,1024,1.0
ISIC_0059342,1024,1024,1.0
ISIC_0059346,1024,1024,1.0
ISIC_0059349,1024,1024,1.0
ISIC_0059350,1024,1024,1.0
ISIC_0059352,1024,1024,1.0
ISIC_0059358,1024,1024,1.0
ISIC_0059360,1024,1024,1.0
ISIC_0059361,1024,1024,1.0
ISIC_0059363,1024,1024,1.0
ISIC_0059365,1024,1024,1.0
ISIC_0059366,1024,1024,1.0
ISIC_0059367,1024,1024,1.0
ISIC_0059372,1024,1024,1.0
ISIC_0059373,1024,1024,1.0
ISIC_0059374,1024,1024,1.0
ISIC_0059378,1024,1024,1.0
ISIC_0059379,1024,1024,1.0
ISIC_0059380,1024,1024,1.0
ISIC_0059381,1024,1024,1.0
ISIC_0059382,1024,1024,1.0
ISIC_0059383,1024,1024,1.0
ISIC_0059384,1024,1024,1.0
ISIC_0059385,1024,1024,1.0
ISIC_0059386,1024,1024,1.0
ISIC_0059387,1024,1024,1.0
ISIC_0059388,1024,1024,1.0
ISIC_0059390,1024,1024,1.0
ISIC_0059392,1024,1024,1.0
ISIC_0059393,1024,1024,1.0
ISIC_0059394,1024,1024,1.0
ISIC_0059395,1024,1024,1.0
ISIC_0059396,1024,1024,1.0
ISIC_0059397,1024,1024,1.0
ISIC_0059399,1024,1024,1.0
ISIC_0059400,1024,1024,1.0
ISIC_0059403,1024,1024,1.0
ISIC_0059404,1024,1024,1.0
ISIC_0059405,1024,1024,1.0
ISIC_0059412,1024,1024,1.0
ISIC_0059416,1024,1024,1.0
ISIC_0059418,1024,1024,1.0
ISIC_0059419,1024,1024,1.0
ISIC_0059420,1024,1024,1.0
ISIC_0059423,1024,1024,1.0
ISIC_0059424,1024,1024,1.0
ISIC_0059427,1024,1024,1.0
ISIC_0059429,1024,1024,1.0
ISIC_0059433,1024,1024,1.0
ISIC_0059435,1024,1024,1.0
ISIC_0059436,1024,1024,1.0
ISIC_0059437,1024,1024,1.0
ISIC_0059438,1024,1024,1.0
ISIC_0059439,1024,1024,1.0
ISIC_0059440,1024,1024,1.0
ISIC_0059441,1024,1024,1.0
ISIC_0059442,1024,1024,1.0
ISIC_0059443,1024,1024,1.0
ISIC_0059444,1024,1024,1.0
ISIC_0059447,1024,1024,1.0
ISIC_0059448,1024,1024,1.0
ISIC_0059450,1024,1024,1.0
ISIC_0059451,1024,1024,1.0
ISIC_0059453,1024,1024,1.0
ISIC_0059454,1024,1024,1.0
ISIC_0059457,1024,1024,1.0
ISIC_0059460,1024,1024,1.0
ISIC_0059465,1024,1024,1.0
ISIC_0059467,1024,1024,1.0
ISIC_0059468,1024,1024,1.0
ISIC_0059470,1024,1024,1.0
ISIC_0059473,1024,1024,1.0
ISIC_0059474,1024,1024,1.0
ISIC_0059477,1024,1024,1.0
ISIC_0059479,1024,1024,1.0
ISIC_0059480,1024,1024,1.0
ISIC_0059481,1024,1024,1.0
ISIC_0059484,1024,1024,1.0
ISIC_0059485,1024,1024,1.0
ISIC_0059486,1024,1024,1.0
ISIC_0059488,1024,1024,1.0
ISIC_0059490,1024,1024,1.0
ISIC_0059491,1024,1024,1.0
ISIC_0059493,1024,1024,1.0
ISIC_0059494,1024,1024,1.0
ISIC_0059495,1024,1024,1.0
ISIC_0059498,1024,1024,1.0
ISIC_0059501,1024,1024,1.0
ISIC_0059503,1024,1024,1.0
ISIC_0059506,1024,1024,1.0
ISIC_0059510,1024,1024,1.0
ISIC_0059512,1024,1024,1.0
ISIC_0059513,1024,1024,1.0
ISIC_0059516,1024,1024,1.0
ISIC_0059517,1024,1024,1.0
ISIC_0059519,1024,1024,1.0
ISIC_0059522,1024,1024,1.0
ISIC_0059524,1024,1024,1.0
ISIC_0059525,1024,1024,1.0
ISIC_0059526,1024,1024,1.0
ISIC_0059527,1024,1024,1.0
ISIC_0059528,1024,1024,1.0
ISIC_0059529,1024,1024,1.0
ISIC_0059531,1024,1024,1.0
ISIC_0059535,1024,1024,1.0
ISIC_0059539,1024,1024,1.0
ISIC_0059540,1024,1024,1.0
ISIC_0059543,1024,1024,1.0
ISIC_0059544,1024,1024,1.0
ISIC_0059546,1024,1024,1.0
ISIC_0059547,1024,1024,1.0
ISIC_0059551,1024,1024,1.0
ISIC_0059552,1024,1024,1.0
ISIC_0059553,1024,1024,1.0
ISIC_0059554,1024,1024,1.0
ISIC_0059558,1024,1024,1.0
ISIC_0059559,1024,1024,1.0
ISIC_0059561,1024,1024,1.0
ISIC_0059562,1024,1024,1.0
ISIC_0059563,1024,1024,1.0
ISIC_0059564,1024,1024,1.0
ISIC_0059565,1024,1024,1.0
ISIC_0059567,1024,1024,1.0
ISIC_0059569,1024,1024,1.0
ISIC_0059571,1024,1024,1.0
ISIC_0059572,1024,1024,1.0
ISIC_0059580,1024,1024,1.0
ISIC_0059585,1024,1024,1.0
ISIC_0059587,1024,1024,1.0
ISIC_0059592,1024,1024,1.0
ISIC_0059593,1024,1024,1.0
ISIC_0059597,1024,1024,1.0
ISIC_0059600,1024,1024,1.0
ISIC_0059605,1024,1024,1.0
ISIC_0059606,1024,1024,1.0
ISIC_0059608,1024,1024,1.0
ISIC_0059609,1024,1024,1.0
ISIC_0059611,1024,1024,1.0
ISIC_0059614,1024,1024,1.0
ISIC_0059619,1024,1024,1.0
ISIC_0059620,1024,1024,1.0
ISIC_0059623,1024,1024,1.0
ISIC_0059625,1024,1024,1.0
ISIC_0059627,1024,1024,1.0
ISIC_0059628,1024,1024,1.0
ISIC_0059631,1024,1024,1.0
ISIC_0059632,1024,1024,1.0
ISIC_0059635,1024,1024,1.0
ISIC_0059638,1024,1024,1.0
ISIC_0059640,1024,1024,1.0
ISIC_0059642,1024,1024,1.0
ISIC_0059644,1024,1024,1.0
ISIC_0059648,1024,1024,1.0
ISIC_0059649,1024,1024,1.0
ISIC_0059654,1024,1024,1.0
ISIC_0059657,1024,1024,1.0
ISIC_0059668,1024,1024,1.0
ISIC_0059671,1024,1024,1.0
ISIC_0059674,1024,1024,1.0
ISIC_0059678,1024,1024,1.0
ISIC_0059680,1024,1024,1.0
ISIC_0059685,1024,1024,1.0
ISIC_0059686,1024,1024,1.0
ISIC_0059687,1024,1024,1.0
ISIC_0059688,1024,1024,1.0
ISIC_0059689,1024,1024,1.0
ISIC_0059690,1024,1024,1.0
ISIC_0059691,1024,1024,1.0
ISIC_0059692,1024,1024,1.0
ISIC_0059693,1024,1024,1.0
ISIC_0059694,1024,1024,1.0
ISIC_0059695,1024,1024,1.0
ISIC_0059696,1024,1024,1.0
ISIC_0059699,1024,1024,1.0
ISIC_0059700,1024,1024,1.0
ISIC_0059701,1024,1024,1.0
ISIC_0059703,1024,1024,1.0
ISIC_0059704,1024,1024,1.0
ISIC_0059707,1024,1024,1.0
ISIC_0059709,1024,1024,1.0
ISIC_0059710,1024,1024,1.0
ISIC_0059711,1024,1024,1.0
ISIC_0059714,1024,1024,1.0
ISIC_0059716,1024,1024,1.0
ISIC_0059717,1024,1024,1.0
ISIC_0059718,1024,1024,1.0
ISIC_0059719,1024,1024,1.0
ISIC_0059722,1024,1024,1.0
ISIC_0059724,1024,1024,1.0
ISIC_0059725,1024,1024,1.0
ISIC_0059726,1024,1024,1.0
ISIC_0059727,1024,1024,1.0
ISIC_0059729,1024,1024,1.0
ISIC_0059731,1024,1024,1.0
ISIC_0059737,1024,1024,1.0
ISIC_0059741,1024,1024,1.0
ISIC_0059742,1024,1024,1.0
ISIC_0059743,1024,1024,1.0
ISIC_0059744,1024,1024,1.0
ISIC_0059745,1024,1024,1.0
ISIC_0059746,1024,1024,1.0
ISIC_0059748,1024,1024,1.0
ISIC_0059750,1024,1024,1.0
ISIC_0059751,1024,1024,1.0
ISIC_0059752,1024,1024,1.0
ISIC_0059753,1024,1024,1.0
ISIC_0059755,1024,1024,1.0
ISIC_0059756,1024,1024,1.0
ISIC_0059758,1024,1024,1.0
ISIC_0059759,1024,1024,1.0
ISIC_0059760,1024,1024,1.0
ISIC_0059761,1024,1024,1.0
ISIC_0059762,1024,1024,1.0
ISIC_0059764,1024,1024,1.0
ISIC_0059765,1024,1024,1.0
ISIC_0059766,1024,1024,1.0
ISIC_0059768,1024,1024,1.0
ISIC_0059769,1024,1024,1.0
ISIC_0059770,1024,1024,1.0
ISIC_0059771,1024,1024,1.0
ISIC_0059773,1024,1024,1.0
ISIC_0059776,1024,1024,1.0
ISIC_0059783,1024,1024,1.0
ISIC_0059785,1024,1024,1.0
ISIC_0059786,1024,1024,1.0
ISIC_0059789,1024,1024,1.0
ISIC_0059791,1024,1024,1.0
ISIC_0059793,1024,1024,1.0
ISIC_0059796,1024,1024,1.0
ISIC_0059797,1024,1024,1.0
ISIC_0059799,1024,1024,1.0
ISIC_0059800,1024,1024,1.0
ISIC_0059801,1024,1024,1.0
ISIC_0059802,1024,1024,1.0
ISIC_0059804,1024,1024,1.0
ISIC_0059808,1024,1024,1.0
ISIC_0059812,1024,1024,1.0
ISIC_0059813,1024,1024,1.0
ISIC_0059814,1024,1024,1.0
ISIC_0059815,1024,1024,1.0
ISIC_0059816,1024,1024,1.0
ISIC_0059818,1024,1024,1.0
ISIC_0059821,1024,1024,1.0
ISIC_0059826,1024,1024,1.0
ISIC_0059828,1024,1024,1.0
ISIC_0059830,1024,1024,1.0
ISIC_0059831,1024,1024,1.0
ISIC_0059835,1024,1024,1.0
ISIC_0059836,1024,1024,1.0
ISIC_0059839,1024,1024,1.0
ISIC_0059840,1024,1024,1.0
ISIC_0059841,1024,1024,1.0
ISIC_0059843,1024,1024,1.0
ISIC_0059844,1024,1024,1.0
ISIC_0059845,1024,1024,1.0
ISIC_0059846,1024,1024,1.0
ISIC_0059852,1024,1024,1.0
ISIC_0059855,1024,1024,1.0
ISIC_0059863,1024,1024,1.0
ISIC_0059864,1024,1024,1.0
ISIC_0059865,1024,1024,1.0
ISIC_0059866,1024,1024,1.0
ISIC_0059868,1024,1024,1.0
ISIC_0059869,1024,1024,1.0
ISIC_0059871,1024,1024,1.0
ISIC_0059872,1024,1024,1.0
ISIC_0059873,1024,1024,1.0
ISIC_0059874,1024,1024,1.0
ISIC_0059877,1024,1024,1.0
ISIC_0059884,1024,1024,1.0
ISIC_0059886,1024,1024,1.0
ISIC_0059888,1024,1024,1.0
ISIC_0059891,1024,1024,1.0
ISIC_0059897,1024,1024,1.0
ISIC_0059904,1024,1024,1.0
ISIC_0059905,1024,1024,1.0
ISIC_0059906,1024,1024,1.0
ISIC_0059910,1024,1024,1.0
ISIC_0059913,1024,1024,1.0
ISIC_0059914,1024,1024,1.0
ISIC_0059916,1024,1024,1.0
ISIC_0059917,1024,1024,1.0
ISIC_0059918,1024,1024,1.0
ISIC_0059919,1024,1024,1.0
ISIC_0059920,1024,1024,1.0
ISIC_0059921,1024,1024,1.0
ISIC_0059922,1024,1024,1.0
ISIC_0059923,1024,1024,1.0
ISIC_0059929,1024,1024,1.0
ISIC_0059930,1024,1024,1.0
ISIC_0059932,1024,1024,1.0
ISIC_0059933,1024,1024,1.0
ISIC_0059935,1024,1024,1.0
ISIC_0059937,1024,1024,1.0
ISIC_0059938,1024,1024,1.0
ISIC_0059939,1024,1024,1.0
ISIC_0059940,1024,1024,1.0
ISIC_0059941,1024,1024,1.0
ISIC_0059943,1024,1024,1.0
ISIC_0059946,1024,1024,1.0
ISIC_0059950,1024,1024,1.0
ISIC_0059952,1024,1024,1.0
ISIC_0059953,1024,1024,1.0
ISIC_0059954,1024,1024,1.0
ISIC_0059959,1024,1024,1.0
ISIC_0059961,1024,1024,1.0
ISIC_0059962,1024,1024,1.0
ISIC_0059963,1024,1024,1.0
ISIC_0059967,1024,1024,1.0
ISIC_0059968,1024,1024,1.0
ISIC_0059970,1024,1024,1.0
ISIC_0059973,1024,1024,1.0
ISIC_0059975,1024,1024,1.0
ISIC_0059976,1024,1024,1.0
ISIC_0059977,1024,1024,1.0
ISIC_0059983,1024,1024,1.0
ISIC_0059985,1024,1024,1.0
ISIC_0059986,1024,1024,1.0
ISIC_0059987,1024,1024,1.0
ISIC_0059988,1024,1024,1.0
ISIC_0059992,1024,1024,1.0
ISIC_0059993,1024,1024,1.0
ISIC_0059994,1024,1024,1.0
ISIC_0059996,1024,1024,1.0
ISIC_0059997,1024,1024,1.0
ISIC_0059999,1024,1024,1.0
ISIC_0060001,1024,1024,1.0
ISIC_0060003,1024,1024,1.0
ISIC_0060004,1024,1024,1.0
ISIC_0060006,1024,1024,1.0
ISIC_0060007,1024,1024,1.0
ISIC_0060008,1024,1024,1.0
ISIC_0060011,1024,1024,1.0
ISIC_0060012,1024,1024,1.0
ISIC_0060013,1024,1024,1.0
ISIC_0060017,1024,1024,1.0
ISIC_0060019,1024,1024,1.0
ISIC_0060020,1024,1024,1.0
ISIC_0060021,1024,1024,1.0
ISIC_0060022,1024,1024,1.0
ISIC_0060023,1024,1024,1.0
ISIC_0060024,1024,1024,1.0
ISIC_0060028,1024,1024,1.0
ISIC_0060030,1024,1024,1.0
ISIC_0060031,1024,1024,1.0
ISIC_0060032,1024,1024,1.0
ISIC_0060033,1024,1024,1.0
ISIC_0060034,1024,1024,1.0
ISIC_0060035,1024,1024,1.0
ISIC_0060036,1024,1024,1.0
ISIC_0060038,1024,1024,1.0
ISIC_0060039,1024,1024,1.0
ISIC_0060040,1024,1024,1.0
ISIC_0060044,1024,1024,1.0
ISIC_0060045,1024,1024,1.0
ISIC_0060046,1024,1024,1.0
ISIC_0060050,1024,1024,1.0
ISIC_0060053,1024,1024,1.0
ISIC_0060054,1024,1024,1.0
ISIC_0060055,1024,1024,1.0
ISIC_0060059,1024,1024,1.0
ISIC_0060063,1024,1024,1.0
ISIC_0060064,1024,1024,1.0
ISIC_0060065,1024,1024,1.0
ISIC_0060066,1024,1024,1.0
ISIC_0060068,1024,1024,1.0
ISIC_0060077,1024,1024,1.0
ISIC_0060078,1024,1024,1.0
ISIC_0060080,1024,1024,1.0
ISIC_0060081,1024,1024,1.0
ISIC_0060084,1024,1024,1.0
ISIC_0060085,1024,1024,1.0
ISIC_0060086,1024,1024,1.0
ISIC_0060089,1024,1024,1.0
ISIC_0060091,1024,1024,1.0
ISIC_0060093,1024,1024,1.0
ISIC_0060094,1024,1024,1.0
ISIC_0060096,1024,1024,1.0
ISIC_0060098,1024,1024,1.0
ISIC_0060099,1024,1024,1.0
ISIC_0060101,1024,1024,1.0
ISIC_0060104,1024,1024,1.0
ISIC_0060105,1024,1024,1.0
ISIC_0060109,1024,1024,1.0
ISIC_0060112,1024,1024,1.0
ISIC_0060114,1024,1024,1.0
ISIC_0060116,1024,1024,1.0
ISIC_0060117,1024,1024,1.0
ISIC_0060118,1024,1024,1.0
ISIC_0060120,1024,1024,1.0
ISIC_0060122,1024,1024,1.0
ISIC_0060124,1024,1024,1.0
ISIC_0060127,1024,1024,1.0
ISIC_0060129,1024,1024,1.0
ISIC_0060130,1024,1024,1.0
ISIC_0060131,1024,1024,1.0
ISIC_0060134,1024,1024,1.0
ISIC_0060135,1024,1024,1.0
ISIC_0060136,1024,1024,1.0
ISIC_0060138,1024,1024,1.0
ISIC_0060139,1024,1024,1.0
ISIC_0060140,1024,1024,1.0
ISIC_0060141,1024,1024,1.0
ISIC_0060143,1024,1024,1.0
ISIC_0060145,1024,1024,1.0
ISIC_0060147,1024,1024,1.0
ISIC_0060148,1024,1024,1.0
ISIC_0060150,1024,1024,1.0
ISIC_0060151,1024,1024,1.0
ISIC_0060152,1024,1024,1.0
ISIC_0060153,1024,1024,1.0
ISIC_0060154,1024,1024,1.0
ISIC_0060156,1024,1024,1.0
ISIC_0060158,1024,1024,1.0
ISIC_0060161,1024,1024,1.0
ISIC_0060168,1024,1024,1.0
ISIC_0060170,1024,1024,1.0
ISIC_0060180,1024,1024,1.0
ISIC_0060188,1024,1024,1.0
ISIC_0060189,1024,1024,1.0
ISIC_0060191,1024,1024,1.0
ISIC_0060193,1024,1024,1.0
ISIC_0060194,1024,1024,1.0
ISIC_0060195,1024,1024,1.0
ISIC_0060198,1024,1024,1.0
ISIC_0060202,1024,1024,1.0
ISIC_0060203,1024,1024,1.0
ISIC_0060204,1024,1024,1.0
ISIC_0060207,1024,1024,1.0
ISIC_0060210,1024,1024,1.0
ISIC_0060213,1024,1024,1.0
ISIC_0060215,1024,1024,1.0
ISIC_0060216,1024,1024,1.0
ISIC_0060217,1024,1024,1.0
ISIC_0060218,1024,1024,1.0
ISIC_0060219,1024,1024,1.0
ISIC_0060222,1024,1024,1.0
ISIC_0060223,1024,1024,1.0
ISIC_0060225,1024,1024,1.0
ISIC_0060226,1024,1024,1.0
ISIC_0060228,1024,1024,1.0
ISIC_0060230,1024,1024,1.0
ISIC_0060231,1024,1024,1.0
ISIC_0060233,1024,1024,1.0
ISIC_0060235,1024,1024,1.0
ISIC_0060236,1024,1024,1.0
ISIC_0060238,1024,1024,1.0
ISIC_0060239,1024,1024,1.0
ISIC_0060240,1024,1024,1.0
ISIC_0060243,1024,1024,1.0
ISIC_0060245,1024,1024,1.0
ISIC_0060246,1024,1024,1.0
ISIC_0060248,1024,1024,1.0
ISIC_0060251,1024,1024,1.0
ISIC_0060252,1024,1024,1.0
ISIC_0060253,1024,1024,1.0
ISIC_0060255,1024,1024,1.0
ISIC_0060256,1024,1024,1.0
ISIC_0060258,1024,1024,1.0
ISIC_0060260,1024,1024,1.0
ISIC_0060261,1024,1024,1.0
ISIC_0060263,1024,1024,1.0
ISIC_0060264,1024,1024,1.0
ISIC_0060266,1024,1024,1.0
ISIC_0060268,1024,1024,1.0
ISIC_0060269,1024,1024,1.0
ISIC_0060270,1024,1024,1.0
ISIC_0060271,1024,1024,1.0
ISIC_0060273,1024,1024,1.0
ISIC_0060280,1024,1024,1.0
ISIC_0060283,1024,1024,1.0
ISIC_0060285,1024,1024,1.0
ISIC_0060286,1024,1024,1.0
ISIC_0060287,1024,1024,1.0
ISIC_0060288,1024,1024,1.0
ISIC_0060289,1024,1024,1.0
ISIC_0060295,1024,1024,1.0
ISIC_0060296,1024,1024,1.0
ISIC_0060297,1024,1024,1.0
ISIC_0060298,1024,1024,1.0
ISIC_0060304,1024,1024,1.0
ISIC_0060305,1024,1024,1.0
ISIC_0060308,1024,1024,1.0
ISIC_0060309,1024,1024,1.0
ISIC_0060310,1024,1024,1.0
ISIC_0060311,1024,1024,1.0
ISIC_0060312,1024,1024,1.0
ISIC_0060313,1024,1024,1.0
ISIC_0060314,1024,1024,1.0
ISIC_0060317,1024,1024,1.0
ISIC_0060320,1024,1024,1.0
ISIC_0060321,1024,1024,1.0
ISIC_0060324,1024,1024,1.0
ISIC_0060327,1024,1024,1.0
ISIC_0060329,1024,1024,1.0
ISIC_0060330,1024,1024,1.0
ISIC_0060332,1024,1024,1.0
ISIC_0060336,1024,1024,1.0
ISIC_0060337,1024,1024,1.0
ISIC_0060340,1024,1024,1.0
ISIC_0060341,1024,1024,1.0
ISIC_0060342,1024,1024,1.0
ISIC_0060343,1024,1024,1.0
ISIC_0060345,1024,1024,1.0
ISIC_0060348,1024,1024,1.0
ISIC_0060351,1024,1024,1.0
ISIC_0060352,1024,1024,1.0
ISIC_0060354,1024,1024,1.0
ISIC_0060355,1024,1024,1.0
ISIC_0060356,1024,1024,1.0
ISIC_0060357,1024,1024,1.0
ISIC_0060358,1024,1024,1.0
ISIC_0060361,1024,1024,1.0
ISIC_0060366,1024,1024,1.0
ISIC_0060371,1024,1024,1.0
ISIC_0060372,1024,1024,1.0
ISIC_0060374,1024,1024,1.0
ISIC_0060375,1024,1024,1.0
ISIC_0060377,1024,1024,1.0
ISIC_0060378,1024,1024,1.0
ISIC_0060380,1024,1024,1.0
ISIC_0060381,1024,1024,1.0
ISIC_0060382,1024,1024,1.0
ISIC_0060384,1024,1024,1.0
ISIC_0060386,1024,1024,1.0
ISIC_0060388,1024,1024,1.0
ISIC_0060390,1024,1024,1.0
ISIC_0060392,1024,1024,1.0
ISIC_0060393,1024,1024,1.0
ISIC_0060397,1024,1024,1.0
ISIC_0060399,1024,1024,1.0
ISIC_0060400,1024,1024,1.0
ISIC_0060401,1024,1024,1.0
ISIC_0060402,1024,1024,1.0
ISIC_0060404,1024,1024,1.0
ISIC_0060406,1024,1024,1.0
ISIC_0060409,1024,1024,1.0
ISIC_0060411,1024,1024,1.0
ISIC_0060414,1024,1024,1.0
ISIC_0060418,1024,1024,1.0
ISIC_0060419,1024,1024,1.0
ISIC_0060421,1024,1024,1.0
ISIC_0060427,1024,1024,1.0
ISIC_0060429,1024,1024,1.0
ISIC_0060431,1024,1024,1.0
ISIC_0060435,1024,1024,1.0
ISIC_0060440,1024,1024,1.0
ISIC_0060441,1024,1024,1.0
ISIC_0060443,1024,1024,1.0
ISIC_0060446,1024,1024,1.0
ISIC_0060447,1024,1024,1.0
ISIC_0060448,1024,1024,1.0
ISIC_0060451,1024,1024,1.0
ISIC_0060452,1024,1024,1.0
ISIC_0060454,1024,1024,1.0
ISIC_0060455,1024,1024,1.0
ISIC_0060457,1024,1024,1.0
ISIC_0060458,1024,1024,1.0
ISIC_0060459,1024,1024,1.0
ISIC_0060461,1024,1024,1.0
ISIC_0060465,1024,1024,1.0
ISIC_0060467,1024,1024,1.0
ISIC_0060468,1024,1024,1.0
ISIC_0060469,1024,1024,1.0
ISIC_0060470,1024,1024,1.0
ISIC_0060471,1024,1024,1.0
ISIC_0060475,1024,1024,1.0
ISIC_0060476,1024,1024,1.0
ISIC_0060477,1024,1024,1.0
ISIC_0060478,1024,1024,1.0
ISIC_0060479,1024,1024,1.0
ISIC_0060483,1024,1024,1.0
ISIC_0060486,1024,1024,1.0
ISIC_0060487,1024,1024,1.0
ISIC_0060488,1024,1024,1.0
ISIC_0060490,1024,1024,1.0
ISIC_0060492,1024,1024,1.0
ISIC_0060495,1024,1024,1.0
ISIC_0060501,1024,1024,1.0
ISIC_0060502,1024,1024,1.0
ISIC_0060504,1024,1024,1.0
ISIC_0060505,1024,1024,1.0
ISIC_0060506,1024,1024,1.0
ISIC_0060508,1024,1024,1.0
ISIC_0060509,1024,1024,1.0
ISIC_0060510,1024,1024,1.0
ISIC_0060512,1024,1024,1.0
ISIC_0060514,1024,1024,1.0
ISIC_0060517,1024,1024,1.0
ISIC_0060518,1024,1024,1.0
ISIC_0060523,1024,1024,1.0
ISIC_0060525,1024,1024,1.0
ISIC_0060526,1024,1024,1.0
ISIC_0060530,1024,1024,1.0
ISIC_0060533,1024,1024,1.0
ISIC_0060536,1024,1024,1.0
ISIC_0060539,1024,1024,1.0
ISIC_0060543,1024,1024,1.0
ISIC_0060544,1024,1024,1.0
ISIC_0060546,1024,1024,1.0
ISIC_0060549,1024,1024,1.0
ISIC_0060550,1024,1024,1.0
ISIC_0060551,1024,1024,1.0
ISIC_0060553,1024,1024,1.0
ISIC_0060556,1024,1024,1.0
ISIC_0060558,1024,1024,1.0
ISIC_0060559,1024,1024,1.0
ISIC_0060560,1024,1024,1.0
ISIC_0060565,1024,1024,1.0
ISIC_0060567,1024,1024,1.0
ISIC_0060572,1024,1024,1.0
ISIC_0060576,1024,1024,1.0
ISIC_0060577,1024,1024,1.0
ISIC_0060579,1024,1024,1.0
ISIC_0060580,1024,1024,1.0
ISIC_0060581,1024,1024,1.0
ISIC_0060582,1024,1024,1.0
ISIC_0060585,1024,1024,1.0
ISIC_0060586,1024,1024,1.0
ISIC_0060589,1024,1024,1.0
ISIC_0060590,1024,1024,1.0
ISIC_0060591,1024,1024,1.0
ISIC_0060593,1024,1024,1.0
ISIC_0060594,1024,1024,1.0
ISIC_0060595,1024,1024,1.0
ISIC_0060596,1024,1024,1.0
ISIC_0060599,1024,1024,1.0
ISIC_0060600,1024,1024,1.0
ISIC_0060601,1024,1024,1.0
ISIC_0060602,1024,1024,1.0
ISIC_0060605,1024,1024,1.0
ISIC_0060607,1024,1024,1.0
ISIC_0060614,1024,1024,1.0
ISIC_0060615,1024,1024,1.0
ISIC_0060619,1024,1024,1.0
ISIC_0060620,1024,1024,1.0
ISIC_0060621,1024,1024,1.0
ISIC_0060623,1024,1024,1.0
ISIC_0060624,1024,1024,1.0
ISIC_0060625,1024,1024,1.0
ISIC_0060626,1024,1024,1.0
ISIC_0060628,1024,1024,1.0
ISIC_0060632,1024,1024,1.0
ISIC_0060633,1024,1024,1.0
ISIC_0060635,1024,1024,1.0
ISIC_0060636,1024,1024,1.0
ISIC_0060637,1024,1024,1.0
ISIC_0060638,1024,1024,1.0
ISIC_0060639,1024,1024,1.0
ISIC_0060640,1024,1024,1.0
ISIC_0060641,1024,1024,1.0
ISIC_0060642,1024,1024,1.0
ISIC_0060643,1024,1024,1.0
ISIC_0060645,1024,1024,1.0
ISIC_0060646,1024,1024,1.0
ISIC_0060648,1024,1024,1.0
ISIC_0060653,1024,1024,1.0
ISIC_0060654,1024,1024,1.0
ISIC_0060656,1024,1024,1.0
ISIC_0060657,1024,1024,1.0
ISIC_0060659,1024,1024,1.0
ISIC_0060660,1024,1024,1.0
ISIC_0060662,1024,1024,1.0
ISIC_0060663,1024,1024,1.0
ISIC_0060666,1024,1024,1.0
ISIC_0060667,1024,1024,1.0
ISIC_0060669,1024,1024,1.0
ISIC_0060670,1024,1024,1.0
ISIC_0060671,1024,1024,1.0
ISIC_0060672,1024,1024,1.0
ISIC_0060673,1024,1024,1.0
ISIC_0060674,1024,1024,1.0
ISIC_0060677,1024,1024,1.0
ISIC_0060678,1024,1024,1.0
ISIC_0060679,1024,1024,1.0
ISIC_0060680,1024,1024,1.0
ISIC_0060682,1024,1024,1.0
ISIC_0060683,1024,1024,1.0
ISIC_0060687,1024,1024,1.0
ISIC_0060688,1024,1024,1.0
ISIC_0060694,1024,1024,1.0
ISIC_0060697,1024,1024,1.0
ISIC_0060698,1024,1024,1.0
ISIC_0060699,1024,1024,1.0
ISIC_0060700,1024,1024,1.0
ISIC_0060702,1024,1024,1.0
ISIC_0060704,1024,1024,1.0
ISIC_0060705,1024,1024,1.0
ISIC_0060707,1024,1024,1.0
ISIC_0060713,1024,1024,1.0
ISIC_0060716,1024,1024,1.0
ISIC_0060717,1024,1024,1.0
ISIC_0060718,1024,1024,1.0
ISIC_0060719,1024,1024,1.0
ISIC_0060720,1024,1024,1.0
ISIC_0060728,1024,1024,1.0
ISIC_0060729,1024,1024,1.0
ISIC_0060730,1024,1024,1.0
ISIC_0060731,1024,1024,1.0
ISIC_0060732,1024,1024,1.0
ISIC_0060735,1024,1024,1.0
ISIC_0060736,1024,1024,1.0
ISIC_0060738,1024,1024,1.0
ISIC_0060739,1024,1024,1.0
ISIC_0060740,1024,1024,1.0
ISIC_0060741,1024,1024,1.0
ISIC_0060742,1024,1024,1.0
ISIC_0060744,1024,1024,1.0
ISIC_0060745,1024,1024,1.0
ISIC_0060746,1024,1024,1.0
ISIC_0060748,1024,1024,1.0
ISIC_0060749,1024,1024,1.0
ISIC_0060753,1024,1024,1.0
ISIC_0060755,1024,1024,1.0
ISIC_0060758,1024,1024,1.0
ISIC_0060760,1024,1024,1.0
ISIC_0060761,1024,1024,1.0
ISIC_0060762,1024,1024,1.0
ISIC_0060764,1024,1024,1.0
ISIC_0060768,1024,1024,1.0
ISIC_0060774,1024,1024,1.0
ISIC_0060775,1024,1024,1.0
ISIC_0060776,1024,1024,1.0
ISIC_0060780,1024,1024,1.0
ISIC_0060781,1024,1024,1.0
ISIC_0060785,1024,1024,1.0
ISIC_0060787,1024,1024,1.0
ISIC_0060789,1024,1024,1.0
ISIC_0060793,1024,1024,1.0
ISIC_0060795,1024,1024,1.0
ISIC_0060797,1024,1024,1.0
ISIC_0060798,1024,1024,1.0
ISIC_0060800,1024,1024,1.0
ISIC_0060807,1024,1024,1.0
ISIC_0060808,1024,1024,1.0
ISIC_0060809,1024,1024,1.0
ISIC_0060810,1024,1024,1.0
ISIC_0060814,1024,1024,1.0
ISIC_0060818,1024,1024,1.0
ISIC_0060821,1024,1024,1.0
ISIC_0060823,1024,1024,1.0
ISIC_0060824,1024,1024,1.0
ISIC_0060825,1024,1024,1.0
ISIC_0060827,1024,1024,1.0
ISIC_0060828,1024,1024,1.0
ISIC_0060829,1024,1024,1.0
ISIC_0060830,1024,1024,1.0
ISIC_0060832,1024,1024,1.0
ISIC_0060833,1024,1024,1.0
ISIC_0060834,1024,1024,1.0
ISIC_0060839,1024,1024,1.0
ISIC_0060844,1024,1024,1.0
ISIC_0060845,1024,1024,1.0
ISIC_0060846,1024,1024,1.0
ISIC_0060847,1024,1024,1.0
ISIC_0060848,1024,1024,1.0
ISIC_0060849,1024,1024,1.0
ISIC_0060855,1024,1024,1.0
ISIC_0060856,1024,1024,1.0
ISIC_0060858,1024,1024,1.0
ISIC_0060859,1024,1024,1.0
ISIC_0060862,1024,1024,1.0
ISIC_0060863,1024,1024,1.0
ISIC_0060864,1024,1024,1.0
ISIC_0060868,1024,1024,1.0
ISIC_0060869,1024,1024,1.0
ISIC_0060871,1024,1024,1.0
ISIC_0060873,1024,1024,1.0
ISIC_0060874,1024,1024,1.0
ISIC_0060879,1024,1024,1.0
ISIC_0060880,1024,1024,1.0
ISIC_0060881,1024,1024,1.0
ISIC_0060882,1024,1024,1.0
ISIC_0060883,1024,1024,1.0
ISIC_0060885,1024,1024,1.0
ISIC_0060886,1024,1024,1.0
ISIC_0060887,1024,1024,1.0
ISIC_0060890,1024,1024,1.0
ISIC_0060893,1024,1024,1.0
ISIC_0060896,1024,1024,1.0
ISIC_0060897,1024,1024,1.0
ISIC_0060904,1024,1024,1.0
ISIC_0060906,1024,1024,1.0
ISIC_0060907,1024,1024,1.0
ISIC_0060910,1024,1024,1.0
ISIC_0060914,1024,1024,1.0
ISIC_0060919,1024,1024,1.0
ISIC_0060920,1024,1024,1.0
ISIC_0060922,1024,1024,1.0
ISIC_0060923,1024,1024,1.0
ISIC_0060924,1024,1024,1.0
ISIC_0060925,1024,1024,1.0
ISIC_0060926,1024,1024,1.0
ISIC_0060928,1024,1024,1.0
ISIC_0060931,1024,1024,1.0
ISIC_0060933,1024,1024,1.0
ISIC_0060934,1024,1024,1.0
ISIC_0060935,1024,1024,1.0
ISIC_0060936,1024,1024,1.0
ISIC_0060937,1024,1024,1.0
ISIC_0060938,1024,1024,1.0
ISIC_0060939,1024,1024,1.0
ISIC_0060940,1024,1024,1.0
ISIC_0060944,1024,1024,1.0
ISIC_0060946,1024,1024,1.0
ISIC_0060948,1024,1024,1.0
ISIC_0060949,1024,1024,1.0
ISIC_0060950,1024,1024,1.0
ISIC_0060951,1024,1024,1.0
ISIC_0060954,1024,1024,1.0
ISIC_0060955,1024,1024,1.0
ISIC_0060956,1024,1024,1.0
ISIC_0060962,1024,1024,1.0
ISIC_0060966,1024,1024,1.0
ISIC_0060967,1024,1024,1.0
ISIC_0060968,1024,1024,1.0
ISIC_0060972,1024,1024,1.0
ISIC_0060973,1024,1024,1.0
ISIC_0060975,1024,1024,1.0
ISIC_0060976,1024,1024,1.0
ISIC_0060978,1024,1024,1.0
ISIC_0060979,1024,1024,1.0
ISIC_0060981,1024,1024,1.0
ISIC_0060982,1024,1024,1.0
ISIC_0060983,1024,1024,1.0
ISIC_0060984,1024,1024,1.0
ISIC_0060989,1024,1024,1.0
ISIC_0060990,1024,1024,1.0
ISIC_0060991,1024,1024,1.0
ISIC_0060994,1024,1024,1.0
ISIC_0060995,1024,1024,1.0
ISIC_0060997,1024,1024,1.0
ISIC_0060999,1024,1024,1.0
ISIC_0061000,1024,1024,1.0
ISIC_0061002,1024,1024,1.0
ISIC_0061003,1024,1024,1.0
ISIC_0061005,1024,1024,1.0
ISIC_0061008,1024,1024,1.0
ISIC_0061010,1024,1024,1.0
ISIC_0061011,1024,1024,1.0
ISIC_0061015,1024,1024,1.0
ISIC_0061018,1024,1024,1.0
ISIC_0061020,1024,1024,1.0
ISIC_0061021,1024,1024,1.0
ISIC_0061022,1024,1024,1.0
ISIC_0061025,1024,1024,1.0
ISIC_0061026,1024,1024,1.0
ISIC_0061029,1024,1024,1.0
ISIC_0061030,1024,1024,1.0
ISIC_0061035,1024,1024,1.0
ISIC_0061040,1024,1024,1.0
ISIC_0061046,1024,1024,1.0
ISIC_0061049,1024,1024,1.0
ISIC_0061052,1024,1024,1.0
ISIC_0061054,1024,1024,1.0
ISIC_0061055,1024,1024,1.0
ISIC_0061056,1024,1024,1.0
ISIC_0061058,1024,1024,1.0
ISIC_0061061,1024,1024,1.0
ISIC_0061062,1024,1024,1.0
ISIC_0061063,1024,1024,1.0
ISIC_0061066,1024,1024,1.0
ISIC_0061067,1024,1024,1.0
ISIC_0061068,1024,1024,1.0
ISIC_0061070,1024,1024,1.0
ISIC_0061072,1024,1024,1.0
ISIC_0061076,1024,1024,1.0
ISIC_0061077,1024,1024,1.0
ISIC_0061078,1024,1024,1.0
ISIC_0061079,1024,1024,1.0
ISIC_0061081,1024,1024,1.0
ISIC_0061082,1024,1024,1.0
ISIC_0061085,1024,1024,1.0
ISIC_0061086,1024,1024,1.0
ISIC_0061087,1024,1024,1.0
ISIC_0061088,1024,1024,1.0
ISIC_0061092,1024,1024,1.0
ISIC_0061096,1024,1024,1.0
ISIC_0061097,1024,1024,1.0
ISIC_0061098,1024,1024,1.0
ISIC_0061099,1024,1024,1.0
ISIC_0061102,1024,1024,1.0
ISIC_0061104,1024,1024,1.0
ISIC_0061105,1024,1024,1.0
ISIC_0061108,1024,1024,1.0
ISIC_0061109,1024,1024,1.0
ISIC_0061110,1024,1024,1.0
ISIC_0061112,1024,1024,1.0
ISIC_0061117,1024,1024,1.0
ISIC_0061121,1024,1024,1.0
ISIC_0061124,1024,1024,1.0
ISIC_0061126,1024,1024,1.0
ISIC_0061127,1024,1024,1.0
ISIC_0061133,1024,1024,1.0
ISIC_0061135,1024,1024,1.0
ISIC_0061137,1024,1024,1.0
ISIC_0061139,1024,1024,1.0
ISIC_0061141,1024,1024,1.0
ISIC_0061142,1024,1024,1.0
ISIC_0061147,1024,1024,1.0
ISIC_0061148,1024,1024,1.0
ISIC_0061152,1024,1024,1.0
ISIC_0061154,1024,1024,1.0
ISIC_0061157,1024,1024,1.0
ISIC_0061158,1024,1024,1.0
ISIC_0061159,1024,1024,1.0
ISIC_0061164,1024,1024,1.0
ISIC_0061165,1024,1024,1.0
ISIC_0061167,1024,1024,1.0
ISIC_0061168,1024,1024,1.0
ISIC_0061170,1024,1024,1.0
ISIC_0061171,1024,1024,1.0
ISIC_0061174,1024,1024,1.0
ISIC_0061175,1024,1024,1.0
ISIC_0061177,1024,1024,1.0
ISIC_0061178,1024,1024,1.0
ISIC_0061179,1024,1024,1.0
ISIC_0061181,1024,1024,1.0
ISIC_0061182,1024,1024,1.0
ISIC_0061184,1024,1024,1.0
ISIC_0061186,1024,1024,1.0
ISIC_0061188,1024,1024,1.0
ISIC_0061189,1024,1024,1.0
ISIC_0061192,1024,1024,1.0
ISIC_0061194,1024,1024,1.0
ISIC_0061195,1024,1024,1.0
ISIC_0061197,1024,1024,1.0
ISIC_0061199,1024,1024,1.0
ISIC_0061202,1024,1024,1.0
ISIC_0061205,1024,1024,1.0
ISIC_0061206,1024,1024,1.0
ISIC_0061207,1024,1024,1.0
ISIC_0061208,1024,1024,1.0
ISIC_0061209,1024,1024,1.0
ISIC_0061213,1024,1024,1.0
ISIC_0061216,1024,1024,1.0
ISIC_0061219,1024,1024,1.0
ISIC_0061220,1024,1024,1.0
ISIC_0061221,1024,1024,1.0
ISIC_0061223,1024,1024,1.0
ISIC_0061230,1024,1024,1.0
ISIC_0061231,1024,1024,1.0
ISIC_0061232,1024,1024,1.0
ISIC_0061238,1024,1024,1.0
ISIC_0061239,1024,1024,1.0
ISIC_0061240,1024,1024,1.0
ISIC_0061241,1024,1024,1.0
ISIC_0061242,1024,1024,1.0
ISIC_0061243,1024,1024,1.0
ISIC_0061247,1024,1024,1.0
ISIC_0061250,1024,1024,1.0
ISIC_0061252,1024,1024,1.0
ISIC_0061254,1024,1024,1.0
ISIC_0061257,1024,1024,1.0
ISIC_0061261,1024,1024,1.0
ISIC_0061263,1024,1024,1.0
ISIC_0061265,1024,1024,1.0
ISIC_0061269,1024,1024,1.0
ISIC_0061270,1024,1024,1.0
ISIC_0061272,1024,1024,1.0
ISIC_0061276,1024,1024,1.0
ISIC_0061277,1024,1024,1.0
ISIC_0061278,1024,1024,1.0
ISIC_0061280,1024,1024,1.0
ISIC_0061281,1024,1024,1.0
ISIC_0061282,1024,1024,1.0
ISIC_0061284,1024,1024,1.0
ISIC_0061285,1024,1024,1.0
ISIC_0061287,1024,1024,1.0
ISIC_0061290,1024,1024,1.0
ISIC_0061291,1024,1024,1.0
ISIC_0061292,1024,1024,1.0
ISIC_0061293,1024,1024,1.0
ISIC_0061295,1024,1024,1.0
ISIC_0061296,1024,1024,1.0
ISIC_0061301,1024,1024,1.0
ISIC_0061302,1024,1024,1.0
ISIC_0061303,1024,1024,1.0
ISIC_0061305,1024,1024,1.0
ISIC_0061307,1024,1024,1.0
ISIC_0061312,1024,1024,1.0
ISIC_0061313,1024,1024,1.0
ISIC_0061315,1024,1024,1.0
ISIC_0061316,1024,1024,1.0
ISIC_0061317,1024,1024,1.0
ISIC_0061320,1024,1024,1.0
ISIC_0061321,1024,1024,1.0
ISIC_0061324,1024,1024,1.0
ISIC_0061325,1024,1024,1.0
ISIC_0061326,1024,1024,1.0
ISIC_0061328,1024,1024,1.0
ISIC_0061329,1024,1024,1.0
ISIC_0061334,1024,1024,1.0
ISIC_0061335,1024,1024,1.0
ISIC_0061336,1024,1024,1.0
ISIC_0061343,1024,1024,1.0
ISIC_0061344,1024,1024,1.0
ISIC_0061345,1024,1024,1.0
ISIC_0061346,1024,1024,1.0
ISIC_0061348,1024,1024,1.0
ISIC_0061356,1024,1024,1.0
ISIC_0061359,1024,1024,1.0
ISIC_0061361,1024,1024,1.0
ISIC_0061362,1024,1024,1.0
ISIC_0061369,1024,1024,1.0
ISIC_0061370,1024,1024,1.0
ISIC_0061371,1024,1024,1.0
ISIC_0061372,1024,1024,1.0
ISIC_0061378,1024,1024,1.0
ISIC_0061379,1024,1024,1.0
ISIC_0061381,1024,1024,1.0
ISIC_0061382,1024,1024,1.0
ISIC_0061385,1024,1024,1.0
ISIC_0061386,1024,1024,1.0
ISIC_0061397,1024,1024,1.0
ISIC_0061398,1024,1024,1.0
ISIC_0061400,1024,1024,1.0
ISIC_0061401,1024,1024,1.0
ISIC_0061403,1024,1024,1.0
ISIC_0061404,1024,1024,1.0
ISIC_0061405,1024,1024,1.0
ISIC_0061407,1024,1024,1.0
ISIC_0061409,1024,1024,1.0
ISIC_0061410,1024,1024,1.0
ISIC_0061411,1024,1024,1.0
ISIC_0061414,1024,1024,1.0
ISIC_0061416,1024,1024,1.0
ISIC_0061418,1024,1024,1.0
ISIC_0061419,1024,1024,1.0
ISIC_0061421,1024,1024,1.0
ISIC_0061423,1024,1024,1.0
ISIC_0061426,1024,1024,1.0
ISIC_0061430,1024,1024,1.0
ISIC_0061436,1024,1024,1.0
ISIC_0061438,1024,1024,1.0
ISIC_0061440,1024,1024,1.0
ISIC_0061441,1024,1024,1.0
ISIC_0061446,1024,1024,1.0
ISIC_0061448,1024,1024,1.0
ISIC_0061450,1024,1024,1.0
ISIC_0061451,1024,1024,1.0
ISIC_0061452,1024,1024,1.0
ISIC_0061454,1024,1024,1.0
ISIC_0061456,1024,1024,1.0
ISIC_0061457,1024,1024,1.0
ISIC_0061464,1024,1024,1.0
ISIC_0061468,1024,1024,1.0
ISIC_0061471,1024,1024,1.0
ISIC_0061472,1024,1024,1.0
ISIC_0061473,1024,1024,1.0
ISIC_0061475,1024,1024,1.0
ISIC_0061479,1024,1024,1.0
ISIC_0061481,1024,1024,1.0
ISIC_0061483,1024,1024,1.0
ISIC_0061484,1024,1024,1.0
ISIC_0061491,1024,1024,1.0
ISIC_0061496,1024,1024,1.0
ISIC_0061499,1024,1024,1.0
ISIC_0061500,1024,1024,1.0
ISIC_0061501,1024,1024,1.0
ISIC_0061502,1024,1024,1.0
ISIC_0061503,1024,1024,1.0
ISIC_0061506,1024,1024,1.0
ISIC_0061508,1024,1024,1.0
ISIC_0061509,1024,1024,1.0
ISIC_0061511,1024,1024,1.0
ISIC_0061512,1024,1024,1.0
ISIC_0061513,1024,1024,1.0
ISIC_0061516,1024,1024,1.0
ISIC_0061520,1024,1024,1.0
ISIC_0061525,1024,1024,1.0
ISIC_0061530,1024,1024,1.0
ISIC_0061531,1024,1024,1.0
ISIC_0061532,1024,1024,1.0
ISIC_0061533,1024,1024,1.0
ISIC_0061535,1024,1024,1.0
ISIC_0061536,1024,1024,1.0
ISIC_0061538,1024,1024,1.0
ISIC_0061540,1024,1024,1.0
ISIC_0061541,1024,1024,1.0
ISIC_0061543,1024,1024,1.0
ISIC_0061546,1024,1024,1.0
ISIC_0061548,1024,1024,1.0
ISIC_0061549,1024,1024,1.0
ISIC_0061550,1024,1024,1.0
ISIC_0061551,1024,1024,1.0
ISIC_0061553,1024,1024,1.0
ISIC_0061554,1024,1024,1.0
ISIC_0061555,1024,1024,1.0
ISIC_0061556,1024,1024,1.0
ISIC_0061557,1024,1024,1.0
ISIC_0061559,1024,1024,1.0
ISIC_0061560,1024,1024,1.0
ISIC_0061562,1024,1024,1.0
ISIC_0061563,1024,1024,1.0
ISIC_0061565,1024,1024,1.0
ISIC_0061566,1024,1024,1.0
ISIC_0061567,1024,1024,1.0
ISIC_0061571,1024,1024,1.0
ISIC_0061575,1024,1024,1.0
ISIC_0061577,1024,1024,1.0
ISIC_0061580,1024,1024,1.0
ISIC_0061581,1024,1024,1.0
ISIC_0061582,1024,1024,1.0
ISIC_0061583,1024,1024,1.0
ISIC_0061586,1024,1024,1.0
ISIC_0061587,1024,1024,1.0
ISIC_0061588,1024,1024,1.0
ISIC_0061593,1024,1024,1.0
ISIC_0061596,1024,1024,1.0
ISIC_0061599,1024,1024,1.0
ISIC_0061600,1024,1024,1.0
ISIC_0061601,1024,1024,1.0
ISIC_0061603,1024,1024,1.0
ISIC_0061605,1024,1024,1.0
ISIC_0061606,1024,1024,1.0
ISIC_0061607,1024,1024,1.0
ISIC_0061610,1024,1024,1.0
ISIC_0061611,1024,1024,1.0
ISIC_0061612,1024,1024,1.0
ISIC_0061613,1024,1024,1.0
ISIC_0061614,1024,1024,1.0
ISIC_0061615,1024,1024,1.0
ISIC_0061616,1024,1024,1.0
ISIC_0061621,1024,1024,1.0
ISIC_0061623,1024,1024,1.0
ISIC_0061624,1024,1024,1.0
ISIC_0061626,1024,1024,1.0
ISIC_0061627,1024,1024,1.0
ISIC_0061628,1024,1024,1.0
ISIC_0061630,1024,1024,1.0
ISIC_0061632,1024,1024,1.0
ISIC_0061634,1024,1024,1.0
ISIC_0061637,1024,1024,1.0
ISIC_0061639,1024,1024,1.0
ISIC_0061640,1024,1024,1.0
ISIC_0061641,1024,1024,1.0
ISIC_0061643,1024,1024,1.0
ISIC_0061647,1024,1024,1.0
ISIC_0061648,1024,1024,1.0
ISIC_0061649,1024,1024,1.0
ISIC_0061650,1024,1024,1.0
ISIC_0061652,1024,1024,1.0
ISIC_0061658,1024,1024,1.0
ISIC_0061661,1024,1024,1.0
ISIC_0061667,1024,1024,1.0
ISIC_0061668,1024,1024,1.0
ISIC_0061670,1024,1024,1.0
ISIC_0061671,1024,1024,1.0
ISIC_0061672,1024,1024,1.0
ISIC_0061673,1024,1024,1.0
ISIC_0061674,1024,1024,1.0
ISIC_0061675,1024,1024,1.0
ISIC_0061676,1024,1024,1.0
ISIC_0061680,1024,1024,1.0
ISIC_0061683,1024,1024,1.0
ISIC_0061684,1024,1024,1.0
ISIC_0061685,1024,1024,1.0
ISIC_0061687,1024,1024,1.0
ISIC_0061688,1024,1024,1.0
ISIC_0061689,1024,1024,1.0
ISIC_0061690,1024,1024,1.0
ISIC_0061691,1024,1024,1.0
ISIC_0061692,1024,1024,1.0
ISIC_0061696,1024,1024,1.0
ISIC_0061698,1024,1024,1.0
ISIC_0061699,1024,1024,1.0
ISIC_0061700,1024,1024,1.0
ISIC_0061701,1024,1024,1.0
ISIC_0061702,1024,1024,1.0
ISIC_0061704,1024,1024,1.0
ISIC_0061706,1024,1024,1.0
ISIC_0061708,1024,1024,1.0
ISIC_0061713,1024,1024,1.0
ISIC_0061714,1024,1024,1.0
ISIC_0061723,1024,1024,1.0
ISIC_0061724,1024,1024,1.0
ISIC_0061729,1024,1024,1.0
ISIC_0061730,1024,1024,1.0
ISIC_0061732,1024,1024,1.0
ISIC_0061733,1024,1024,1.0
ISIC_0061734,1024,1024,1.0
ISIC_0061735,1024,1024,1.0
ISIC_0061737,1024,1024,1.0
ISIC_0061738,1024,1024,1.0
ISIC_0061739,1024,1024,1.0
ISIC_0061740,1024,1024,1.0
ISIC_0061741,1024,1024,1.0
ISIC_0061742,1024,1024,1.0
ISIC_0061745,1024,1024,1.0
ISIC_0061747,1024,1024,1.0
ISIC_0061749,1024,1024,1.0
ISIC_0061751,1024,1024,1.0
ISIC_0061752,1024,1024,1.0
ISIC_0061757,1024,1024,1.0
ISIC_0061758,1024,1024,1.0
ISIC_0061759,1024,1024,1.0
ISIC_0061766,1024,1024,1.0
ISIC_0061767,1024,1024,1.0
ISIC_0061770,1024,1024,1.0
ISIC_0061772,1024,1024,1.0
ISIC_0061774,1024,1024,1.0
ISIC_0061778,1024,1024,1.0
ISIC_0061781,1024,1024,1.0
ISIC_0061784,1024,1024,1.0
ISIC_0061785,1024,1024,1.0
ISIC_0061787,1024,1024,1.0
ISIC_0061789,1024,1024,1.0
ISIC_0061792,1024,1024,1.0
ISIC_0061795,1024,1024,1.0
ISIC_0061796,1024,1024,1.0
ISIC_0061797,1024,1024,1.0
ISIC_0061798,1024,1024,1.0
ISIC_0061799,1024,1024,1.0
ISIC_0061800,1024,1024,1.0
ISIC_0061803,1024,1024,1.0
ISIC_0061808,1024,1024,1.0
ISIC_0061812,1024,1024,1.0
ISIC_0061814,1024,1024,1.0
ISIC_0061817,1024,1024,1.0
ISIC_0061818,1024,1024,1.0
ISIC_0061819,1024,1024,1.0
ISIC_0061820,1024,1024,1.0
ISIC_0061821,1024,1024,1.0
ISIC_0061824,1024,1024,1.0
ISIC_0061825,1024,1024,1.0
ISIC_0061827,1024,1024,1.0
ISIC_0061829,1024,1024,1.0
ISIC_0061832,1024,1024,1.0
ISIC_0061833,1024,1024,1.0
ISIC_0061836,1024,1024,1.0
ISIC_0061837,1024,1024,1.0
ISIC_0061838,1024,1024,1.0
ISIC_0061839,1024,1024,1.0
ISIC_0061842,1024,1024,1.0
ISIC_0061843,1024,1024,1.0
ISIC_0061844,1024,1024,1.0
ISIC_0061848,1024,1024,1.0
ISIC_0061850,1024,1024,1.0
ISIC_0061859,1024,1024,1.0
ISIC_0061861,1024,1024,1.0
ISIC_0061862,1024,1024,1.0
ISIC_0061867,1024,1024,1.0
ISIC_0061868,1024,1024,1.0
ISIC_0061869,1024,1024,1.0
ISIC_0061871,1024,1024,1.0
ISIC_0061872,1024,1024,1.0
ISIC_0061874,1024,1024,1.0
ISIC_0061875,1024,1024,1.0
ISIC_0061878,1024,1024,1.0
ISIC_0061879,1024,1024,1.0
ISIC_0061880,1024,1024,1.0
ISIC_0061883,1024,1024,1.0
ISIC_0061884,1024,1024,1.0
ISIC_0061885,1024,1024,1.0
ISIC_0061891,1024,1024,1.0
ISIC_0061892,1024,1024,1.0
ISIC_0061894,1024,1024,1.0
ISIC_0061896,1024,1024,1.0
ISIC_0061899,1024,1024,1.0
ISIC_0061900,1024,1024,1.0
ISIC_0061904,1024,1024,1.0
ISIC_0061905,1024,1024,1.0
ISIC_0061906,1024,1024,1.0
ISIC_0061907,1024,1024,1.0
ISIC_0061908,1024,1024,1.0
ISIC_0061911,1024,1024,1.0
ISIC_0061915,1024,1024,1.0
ISIC_0061918,1024,1024,1.0
ISIC_0061921,1024,1024,1.0
ISIC_0061922,1024,1024,1.0
ISIC_0061924,1024,1024,1.0
ISIC_0061928,1024,1024,1.0
ISIC_0061929,1024,1024,1.0
ISIC_0061932,1024,1024,1.0
ISIC_0061934,1024,1024,1.0
ISIC_0061936,1024,1024,1.0
ISIC_0061937,1024,1024,1.0
ISIC_0061940,1024,1024,1.0
ISIC_0061941,1024,1024,1.0
ISIC_0061943,1024,1024,1.0
ISIC_0061944,1024,1024,1.0
ISIC_0061945,1024,1024,1.0
ISIC_0061946,1024,1024,1.0
ISIC_0061947,1024,1024,1.0
ISIC_0061950,1024,1024,1.0
ISIC_0061951,1024,1024,1.0
ISIC_0061955,1024,1024,1.0
ISIC_0061964,1024,1024,1.0
ISIC_0061967,1024,1024,1.0
ISIC_0061970,1024,1024,1.0
ISIC_0061971,1024,1024,1.0
ISIC_0061972,1024,1024,1.0
ISIC_0061975,1024,1024,1.0
ISIC_0061979,1024,1024,1.0
ISIC_0061980,1024,1024,1.0
ISIC_0061985,1024,1024,1.0
ISIC_0061988,1024,1024,1.0
ISIC_0061993,1024,1024,1.0
ISIC_0061994,1024,1024,1.0
ISIC_0061998,1024,1024,1.0
ISIC_0061999,1024,1024,1.0
ISIC_0062000,1024,1024,1.0
ISIC_0062006,1024,1024,1.0
ISIC_0062007,1024,1024,1.0
ISIC_0062013,1024,1024,1.0
ISIC_0062014,1024,1024,1.0
ISIC_0062015,1024,1024,1.0
ISIC_0062016,1024,1024,1.0
ISIC_0062017,1024,1024,1.0
ISIC_0062021,1024,1024,1.0
ISIC_0062025,1024,1024,1.0
ISIC_0062028,1024,1024,1.0
ISIC_0062029,1024,1024,1.0
ISIC_0062031,1024,1024,1.0
ISIC_0062033,1024,1024,1.0
ISIC_0062034,1024,1024,1.0
ISIC_0062040,1024,1024,1.0
ISIC_0062042,1024,1024,1.0
ISIC_0062044,1024,1024,1.0
ISIC_0062046,1024,1024,1.0
ISIC_0062047,1024,1024,1.0
ISIC_0062048,1024,1024,1.0
ISIC_0062052,1024,1024,1.0
ISIC_0062055,1024,1024,1.0
ISIC_0062056,1024,1024,1.0
ISIC_0062057,1024,1024,1.0
ISIC_0062058,1024,1024,1.0
ISIC_0062065,1024,1024,1.0
ISIC_0062066,1024,1024,1.0
ISIC_0062072,1024,1024,1.0
ISIC_0062077,1024,1024,1.0
ISIC_0062080,1024,1024,1.0
ISIC_0062082,1024,1024,1.0
ISIC_0062084,1024,1024,1.0
ISIC_0062088,1024,1024,1.0
ISIC_0062090,1024,1024,1.0
ISIC_0062091,1024,1024,1.0
ISIC_0062092,1024,1024,1.0
ISIC_0062093,1024,1024,1.0
ISIC_0062095,1024,1024,1.0
ISIC_0062096,1024,1024,1.0
ISIC_0062097,1024,1024,1.0
ISIC_0062099,1024,1024,1.0
ISIC_0062102,1024,1024,1.0
ISIC_0062103,1024,1024,1.0
ISIC_0062104,1024,1024,1.0
ISIC_0062107,1024,1024,1.0
ISIC_0062108,1024,1024,1.0
ISIC_0062111,1024,1024,1.0
ISIC_0062112,1024,1024,1.0
ISIC_0062113,1024,1024,1.0
ISIC_0062114,1024,1024,1.0
ISIC_0062115,1024,1024,1.0
ISIC_0062116,1024,1024,1.0
ISIC_0062117,1024,1024,1.0
ISIC_0062119,1024,1024,1.0
ISIC_0062123,1024,1024,1.0
ISIC_0062124,1024,1024,1.0
ISIC_0062125,1024,1024,1.0
ISIC_0062126,1024,1024,1.0
ISIC_0062129,1024,1024,1.0
ISIC_0062131,1024,1024,1.0
ISIC_0062132,1024,1024,1.0
ISIC_0062133,1024,1024,1.0
ISIC_0062135,1024,1024,1.0
ISIC_0062147,1024,1024,1.0
ISIC_0062148,1024,1024,1.0
ISIC_0062150,1024,1024,1.0
ISIC_0062151,1024,1024,1.0
ISIC_0062153,1024,1024,1.0
ISIC_0062155,1024,1024,1.0
ISIC_0062156,1024,1024,1.0
ISIC_0062158,1024,1024,1.0
ISIC_0062159,1024,1024,1.0
ISIC_0062160,1024,1024,1.0
ISIC_0062163,1024,1024,1.0
ISIC_0062164,1024,1024,1.0
ISIC_0062165,1024,1024,1.0
ISIC_0062167,1024,1024,1.0
ISIC_0062168,1024,1024,1.0
ISIC_0062171,1024,1024,1.0
ISIC_0062172,1024,1024,1.0
ISIC_0062173,1024,1024,1.0
ISIC_0062175,1024,1024,1.0
ISIC_0062180,1024,1024,1.0
ISIC_0062181,1024,1024,1.0
ISIC_0062184,1024,1024,1.0
ISIC_0062185,1024,1024,1.0
ISIC_0062187,1024,1024,1.0
ISIC_0062191,1024,1024,1.0
ISIC_0062192,1024,1024,1.0
ISIC_0062193,1024,1024,1.0
ISIC_0062196,1024,1024,1.0
ISIC_0062198,1024,1024,1.0
ISIC_0062200,1024,1024,1.0
ISIC_0062201,1024,1024,1.0
ISIC_0062202,1024,1024,1.0
ISIC_0062204,1024,1024,1.0
ISIC_0062205,1024,1024,1.0
ISIC_0062208,1024,1024,1.0
ISIC_0062209,1024,1024,1.0
ISIC_0062212,1024,1024,1.0
ISIC_0062215,1024,1024,1.0
ISIC_0062217,1024,1024,1.0
ISIC_0062218,1024,1024,1.0
ISIC_0062224,1024,1024,1.0
ISIC_0062225,1024,1024,1.0
ISIC_0062226,1024,1024,1.0
ISIC_0062228,1024,1024,1.0
ISIC_0062233,1024,1024,1.0
ISIC_0062235,1024,1024,1.0
ISIC_0062238,1024,1024,1.0
ISIC_0062239,1024,1024,1.0
ISIC_0062241,1024,1024,1.0
ISIC_0062242,1024,1024,1.0
ISIC_0062243,1024,1024,1.0
ISIC_0062245,1024,1024,1.0
ISIC_0062246,1024,1024,1.0
ISIC_0062247,1024,1024,1.0
ISIC_0062249,1024,1024,1.0
ISIC_0062251,1024,1024,1.0
ISIC_0062254,1024,1024,1.0
ISIC_0062255,1024,1024,1.0
ISIC_0062258,1024,1024,1.0
ISIC_0062259,1024,1024,1.0
ISIC_0062260,1024,1024,1.0
ISIC_0062261,1024,1024,1.0
ISIC_0062262,1024,1024,1.0
ISIC_0062265,1024,1024,1.0
ISIC_0062270,1024,1024,1.0
ISIC_0062272,1024,1024,1.0
ISIC_0062275,1024,1024,1.0
ISIC_0062278,1024,1024,1.0
ISIC_0062279,1024,1024,1.0
ISIC_0062281,1024,1024,1.0
ISIC_0062286,1024,1024,1.0
ISIC_0062288,1024,1024,1.0
ISIC_0062292,1024,1024,1.0
ISIC_0062294,1024,1024,1.0
ISIC_0062295,1024,1024,1.0
ISIC_0062296,1024,1024,1.0
ISIC_0062297,1024,1024,1.0
ISIC_0062298,1024,1024,1.0
ISIC_0062299,1024,1024,1.0
ISIC_0062301,1024,1024,1.0
ISIC_0062303,1024,1024,1.0
ISIC_0062304,1024,1024,1.0
ISIC_0062305,1024,1024,1.0
ISIC_0062306,1024,1024,1.0
ISIC_0062309,1024,1024,1.0
ISIC_0062310,1024,1024,1.0
ISIC_0062311,1024,1024,1.0
ISIC_0062313,1024,1024,1.0
ISIC_0062318,1024,1024,1.0
ISIC_0062319,1024,1024,1.0
ISIC_0062320,1024,1024,1.0
ISIC_0062323,1024,1024,1.0
ISIC_0062325,1024,1024,1.0
ISIC_0062327,1024,1024,1.0
ISIC_0062330,1024,1024,1.0
ISIC_0062332,1024,1024,1.0
ISIC_0062333,1024,1024,1.0
ISIC_0062334,1024,1024,1.0
ISIC_0062335,1024,1024,1.0
ISIC_0062337,1024,1024,1.0
ISIC_0062339,1024,1024,1.0
ISIC_0062340,1024,1024,1.0
ISIC_0062341,1024,1024,1.0
ISIC_0062345,1024,1024,1.0
ISIC_0062346,1024,1024,1.0
ISIC_0062349,1024,1024,1.0
ISIC_0062351,1024,1024,1.0
ISIC_0062352,1024,1024,1.0
ISIC_0062353,1024,1024,1.0
ISIC_0062355,1024,1024,1.0
ISIC_0062357,1024,1024,1.0
ISIC_0062358,1024,1024,1.0
ISIC_0062359,1024,1024,1.0
ISIC_0062360,1024,1024,1.0
ISIC_0062361,1024,1024,1.0
ISIC_0062362,1024,1024,1.0
ISIC_0062363,1024,1024,1.0
ISIC_0062364,1024,1024,1.0
ISIC_0062367,1024,1024,1.0
ISIC_0062368,1024,1024,1.0
ISIC_0062369,1024,1024,1.0
ISIC_0062370,1024,1024,1.0
ISIC_0062374,1024,1024,1.0
ISIC_0062375,1024,1024,1.0
ISIC_0062386,1024,1024,1.0
ISIC_0062387,1024,1024,1.0
ISIC_0062388,1024,1024,1.0
ISIC_0062389,1024,1024,1.0
ISIC_0062390,1024,1024,1.0
ISIC_0062393,1024,1024,1.0
ISIC_0062394,1024,1024,1.0
ISIC_0062395,1024,1024,1.0
ISIC_0062396,1024,1024,1.0
ISIC_0062399,1024,1024,1.0
ISIC_0062400,1024,1024,1.0
ISIC_0062401,1024,1024,1.0
ISIC_0062407,1024,1024,1.0
ISIC_0062408,1024,1024,1.0
ISIC_0062409,1024,1024,1.0
ISIC_0062411,1024,1024,1.0
ISIC_0062414,1024,1024,1.0
ISIC_0062417,1024,1024,1.0
ISIC_0062418,1024,1024,1.0
ISIC_0062420,1024,1024,1.0
ISIC_0062421,1024,1024,1.0
ISIC_0062422,1024,1024,1.0
ISIC_0062423,1024,1024,1.0
ISIC_0062424,1024,1024,1.0
ISIC_0062426,1024,1024,1.0
ISIC_0062429,1024,1024,1.0
ISIC_0062431,1024,1024,1.0
ISIC_0062434,1024,1024,1.0
ISIC_0062435,1024,1024,1.0
ISIC_0062439,1024,1024,1.0
ISIC_0062440,1024,1024,1.0
ISIC_0062441,1024,1024,1.0
ISIC_0062442,1024,1024,1.0
ISIC_0062443,1024,1024,1.0
ISIC_0062444,1024,1024,1.0
ISIC_0062446,1024,1024,1.0
ISIC_0062447,1024,1024,1.0
ISIC_0062450,1024,1024,1.0
ISIC_0062454,1024,1024,1.0
ISIC_0062455,1024,1024,1.0
ISIC_0062456,1024,1024,1.0
ISIC_0062458,1024,1024,1.0
ISIC_0062459,1024,1024,1.0
ISIC_0062461,1024,1024,1.0
ISIC_0062464,1024,1024,1.0
ISIC_0062465,1024,1024,1.0
ISIC_0062468,1024,1024,1.0
ISIC_0062470,1024,1024,1.0
ISIC_0062473,1024,1024,1.0
ISIC_0062474,1024,1024,1.0
ISIC_0062479,1024,1024,1.0
ISIC_0062480,1024,1024,1.0
ISIC_0062481,1024,1024,1.0
ISIC_0062483,1024,1024,1.0
ISIC_0062484,1024,1024,1.0
ISIC_0062485,1024,1024,1.0
ISIC_0062486,1024,1024,1.0
ISIC_0062488,1024,1024,1.0
ISIC_0062492,1024,1024,1.0
ISIC_0062493,1024,1024,1.0
ISIC_0062494,1024,1024,1.0
ISIC_0062495,1024,1024,1.0
ISIC_0062496,1024,1024,1.0
ISIC_0062497,1024,1024,1.0
ISIC_0062500,1024,1024,1.0
ISIC_0062501,1024,1024,1.0
ISIC_0062503,1024,1024,1.0
ISIC_0062504,1024,1024,1.0
ISIC_0062505,1024,1024,1.0
ISIC_0062506,1024,1024,1.0
ISIC_0062507,1024,1024,1.0
ISIC_0062508,1024,1024,1.0
ISIC_0062513,1024,1024,1.0
ISIC_0062515,1024,1024,1.0
ISIC_0062516,1024,1024,1.0
ISIC_0062517,1024,1024,1.0
ISIC_0062518,1024,1024,1.0
ISIC_0062523,1024,1024,1.0
ISIC_0062524,1024,1024,1.0
ISIC_0062530,1024,1024,1.0
ISIC_0062531,1024,1024,1.0
ISIC_0062535,1024,1024,1.0
ISIC_0062536,1024,1024,1.0
ISIC_0062537,1024,1024,1.0
ISIC_0062538,1024,1024,1.0
ISIC_0062540,1024,1024,1.0
ISIC_0062543,1024,1024,1.0
ISIC_0062544,1024,1024,1.0
ISIC_0062546,1024,1024,1.0
ISIC_0062547,1024,1024,1.0
ISIC_0062549,1024,1024,1.0
ISIC_0062550,1024,1024,1.0
ISIC_0062555,1024,1024,1.0
ISIC_0062557,1024,1024,1.0
ISIC_0062566,1024,1024,1.0
ISIC_0062568,1024,1024,1.0
ISIC_0062569,1024,1024,1.0
ISIC_0062571,1024,1024,1.0
ISIC_0062575,1024,1024,1.0
ISIC_0062576,1024,1024,1.0
ISIC_0062577,1024,1024,1.0
ISIC_0062578,1024,1024,1.0
ISIC_0062579,1024,1024,1.0
ISIC_0062584,1024,1024,1.0
ISIC_0062586,1024,1024,1.0
ISIC_0062587,1024,1024,1.0
ISIC_0062588,1024,1024,1.0
ISIC_0062589,1024,1024,1.0
ISIC_0062590,1024,1024,1.0
ISIC_0062593,1024,1024,1.0
ISIC_0062596,1024,1024,1.0
ISIC_0062597,1024,1024,1.0
ISIC_0062599,1024,1024,1.0
ISIC_0062602,1024,1024,1.0
ISIC_0062603,1024,1024,1.0
ISIC_0062605,1024,1024,1.0
ISIC_0062608,1024,1024,1.0
ISIC_0062609,1024,1024,1.0
ISIC_0062611,1024,1024,1.0
ISIC_0062612,1024,1024,1.0
ISIC_0062616,1024,1024,1.0
ISIC_0062620,1024,1024,1.0
ISIC_0062623,1024,1024,1.0
ISIC_0062630,1024,1024,1.0
ISIC_0062632,1024,1024,1.0
ISIC_0062633,1024,1024,1.0
ISIC_0062635,1024,1024,1.0
ISIC_0062636,1024,1024,1.0
ISIC_0062637,1024,1024,1.0
ISIC_0062639,1024,1024,1.0
ISIC_0062641,1024,1024,1.0
ISIC_0062646,1024,1024,1.0
ISIC_0062647,1024,1024,1.0
ISIC_0062648,1024,1024,1.0
ISIC_0062649,1024,1024,1.0
ISIC_0062655,1024,1024,1.0
ISIC_0062656,1024,1024,1.0
ISIC_0062657,1024,1024,1.0
ISIC_0062658,1024,1024,1.0
ISIC_0062660,1024,1024,1.0
ISIC_0062662,1024,1024,1.0
ISIC_0062666,1024,1024,1.0
ISIC_0062680,1024,1024,1.0
ISIC_0062683,1024,1024,1.0
ISIC_0062684,1024,1024,1.0
ISIC_0062685,1024,1024,1.0
ISIC_0062686,1024,1024,1.0
ISIC_0062692,1024,1024,1.0
ISIC_0062693,1024,1024,1.0
ISIC_0062697,1024,1024,1.0
ISIC_0062698,1024,1024,1.0
ISIC_0062699,1024,1024,1.0
ISIC_0062701,1024,1024,1.0
ISIC_0062702,1024,1024,1.0
ISIC_0062703,1024,1024,1.0
ISIC_0062704,1024,1024,1.0
ISIC_0062705,1024,1024,1.0
ISIC_0062706,1024,1024,1.0
ISIC_0062708,1024,1024,1.0
ISIC_0062709,1024,1024,1.0
ISIC_0062710,1024,1024,1.0
ISIC_0062713,1024,1024,1.0
ISIC_0062714,1024,1024,1.0
ISIC_0062717,1024,1024,1.0
ISIC_0062718,1024,1024,1.0
ISIC_0062721,1024,1024,1.0
ISIC_0062722,1024,1024,1.0
ISIC_0062724,1024,1024,1.0
ISIC_0062725,1024,1024,1.0
ISIC_0062726,1024,1024,1.0
ISIC_0062731,1024,1024,1.0
ISIC_0062733,1024,1024,1.0
ISIC_0062734,1024,1024,1.0
ISIC_0062737,1024,1024,1.0
ISIC_0062738,1024,1024,1.0
ISIC_0062739,1024,1024,1.0
ISIC_0062741,1024,1024,1.0
ISIC_0062742,1024,1024,1.0
ISIC_0062743,1024,1024,1.0
ISIC_0062744,1024,1024,1.0
ISIC_0062747,1024,1024,1.0
ISIC_0062752,1024,1024,1.0
ISIC_0062753,1024,1024,1.0
ISIC_0062754,1024,1024,1.0
ISIC_0062756,1024,1024,1.0
ISIC_0062762,1024,1024,1.0
ISIC_0062764,1024,1024,1.0
ISIC_0062766,1024,1024,1.0
ISIC_0062767,1024,1024,1.0
ISIC_0062768,1024,1024,1.0
ISIC_0062770,1024,1024,1.0
ISIC_0062772,1024,1024,1.0
ISIC_0062777,1024,1024,1.0
ISIC_0062779,1024,1024,1.0
ISIC_0062782,1024,1024,1.0
ISIC_0062783,1024,1024,1.0
ISIC_0062784,1024,1024,1.0
ISIC_0062785,1024,1024,1.0
ISIC_0062789,1024,1024,1.0
ISIC_0062791,1024,1024,1.0
ISIC_0062792,1024,1024,1.0
ISIC_0062795,1024,1024,1.0
ISIC_0062801,1024,1024,1.0
ISIC_0062802,1024,1024,1.0
ISIC_0062804,1024,1024,1.0
ISIC_0062806,1024,1024,1.0
ISIC_0062807,1024,1024,1.0
ISIC_0062809,1024,1024,1.0
ISIC_0062810,1024,1024,1.0
ISIC_0062816,1024,1024,1.0
ISIC_0062817,1024,1024,1.0
ISIC_0062818,1024,1024,1.0
ISIC_0062819,1024,1024,1.0
ISIC_0062821,1024,1024,1.0
ISIC_0062822,1024,1024,1.0
ISIC_0062823,1024,1024,1.0
ISIC_0062824,1024,1024,1.0
ISIC_0062825,1024,1024,1.0
ISIC_0062827,1024,1024,1.0
ISIC_0062828,1024,1024,1.0
ISIC_0062830,1024,1024,1.0
ISIC_0062834,1024,1024,1.0
ISIC_0062835,1024,1024,1.0
ISIC_0062837,1024,1024,1.0
ISIC_0062839,1024,1024,1.0
ISIC_0062840,1024,1024,1.0
ISIC_0062842,1024,1024,1.0
ISIC_0062844,1024,1024,1.0
ISIC_0062845,1024,1024,1.0
ISIC_0062847,1024,1024,1.0
ISIC_0062849,1024,1024,1.0
ISIC_0062851,1024,1024,1.0
ISIC_0062856,1024,1024,1.0
ISIC_0062860,1024,1024,1.0
ISIC_0062861,1024,1024,1.0
ISIC_0062863,1024,1024,1.0
ISIC_0062864,1024,1024,1.0
ISIC_0062867,1024,1024,1.0
ISIC_0062868,1024,1024,1.0
ISIC_0062869,1024,1024,1.0
ISIC_0062872,1024,1024,1.0
ISIC_0062873,1024,1024,1.0
ISIC_0062874,1024,1024,1.0
ISIC_0062875,1024,1024,1.0
ISIC_0062877,1024,1024,1.0
ISIC_0062878,1024,1024,1.0
ISIC_0062880,1024,1024,1.0
ISIC_0062884,1024,1024,1.0
ISIC_0062889,1024,1024,1.0
ISIC_0062891,1024,1024,1.0
ISIC_0062894,1024,1024,1.0
ISIC_0062898,1024,1024,1.0
ISIC_0062899,1024,1024,1.0
ISIC_0062902,1024,1024,1.0
ISIC_0062903,1024,1024,1.0
ISIC_0062904,1024,1024,1.0
ISIC_0062906,1024,1024,1.0
ISIC_0062908,1024,1024,1.0
ISIC_0062909,1024,1024,1.0
ISIC_0062911,1024,1024,1.0
ISIC_0062912,1024,1024,1.0
ISIC_0062914,1024,1024,1.0
ISIC_0062915,1024,1024,1.0
ISIC_0062917,1024,1024,1.0
ISIC_0062918,1024,1024,1.0
ISIC_0062919,1024,1024,1.0
ISIC_0062920,1024,1024,1.0
ISIC_0062921,1024,1024,1.0
ISIC_0062925,1024,1024,1.0
ISIC_0062926,1024,1024,1.0
ISIC_0062927,1024,1024,1.0
ISIC_0062929,1024,1024,1.0
ISIC_0062931,1024,1024,1.0
ISIC_0062936,1024,1024,1.0
ISIC_0062940,1024,1024,1.0
ISIC_0062943,1024,1024,1.0
ISIC_0062944,1024,1024,1.0
ISIC_0062945,1024,1024,1.0
ISIC_0062948,1024,1024,1.0
ISIC_0062949,1024,1024,1.0
ISIC_0062950,1024,1024,1.0
ISIC_0062953,1024,1024,1.0
ISIC_0062956,1024,1024,1.0
ISIC_0062962,1024,1024,1.0
ISIC_0062963,1024,1024,1.0
ISIC_0062965,1024,1024,1.0
ISIC_0062967,1024,1024,1.0
ISIC_0062968,1024,1024,1.0
ISIC_0062970,1024,1024,1.0
ISIC_0062972,1024,1024,1.0
ISIC_0062973,1024,1024,1.0
ISIC_0062978,1024,1024,1.0
ISIC_0062981,1024,1024,1.0
ISIC_0062989,1024,1024,1.0
ISIC_0062991,1024,1024,1.0
ISIC_0062992,1024,1024,1.0
ISIC_0062994,1024,1024,1.0
ISIC_0062997,1024,1024,1.0
ISIC_0062999,1024,1024,1.0
ISIC_0063003,1024,1024,1.0
ISIC_0063004,1024,1024,1.0
ISIC_0063005,1024,1024,1.0
ISIC_0063006,1024,1024,1.0
ISIC_0063007,1024,1024,1.0
ISIC_0063013,1024,1024,1.0
ISIC_0063014,1024,1024,1.0
ISIC_0063015,1024,1024,1.0
ISIC_0063019,1024,1024,1.0
ISIC_0063021,1024,1024,1.0
ISIC_0063025,1024,1024,1.0
ISIC_0063026,1024,1024,1.0
ISIC_0063027,1024,1024,1.0
ISIC_0063030,1024,1024,1.0
ISIC_0063031,1024,1024,1.0
ISIC_0063032,1024,1024,1.0
ISIC_0063033,1024,1024,1.0
ISIC_0063035,1024,1024,1.0
ISIC_0063036,1024,1024,1.0
ISIC_0063037,1024,1024,1.0
ISIC_0063038,1024,1024,1.0
ISIC_0063042,1024,1024,1.0
ISIC_0063044,1024,1024,1.0
ISIC_0063045,1024,1024,1.0
ISIC_0063046,1024,1024,1.0
ISIC_0063047,1024,1024,1.0
ISIC_0063052,1024,1024,1.0
ISIC_0063053,1024,1024,1.0
ISIC_0063056,1024,1024,1.0
ISIC_0063059,1024,1024,1.0
ISIC_0063066,1024,1024,1.0
ISIC_0063067,1024,1024,1.0
ISIC_0063070,1024,1024,1.0
ISIC_0063072,1024,1024,1.0
ISIC_0063074,1024,1024,1.0
ISIC_0063075,1024,1024,1.0
ISIC_0063076,1024,1024,1.0
ISIC_0063077,1024,1024,1.0
ISIC_0063079,1024,1024,1.0
ISIC_0063081,1024,1024,1.0
ISIC_0063083,1024,1024,1.0
ISIC_0063085,1024,1024,1.0
ISIC_0063087,1024,1024,1.0
ISIC_0063088,1024,1024,1.0
ISIC_0063090,1024,1024,1.0
ISIC_0063091,1024,1024,1.0
ISIC_0063092,1024,1024,1.0
ISIC_0063093,1024,1024,1.0
ISIC_0063094,1024,1024,1.0
ISIC_0063096,1024,1024,1.0
ISIC_0063099,1024,1024,1.0
ISIC_0063100,1024,1024,1.0
ISIC_0063101,1024,1024,1.0
ISIC_0063102,1024,1024,1.0
ISIC_0063105,1024,1024,1.0
ISIC_0063106,1024,1024,1.0
ISIC_0063107,1024,1024,1.0
ISIC_0063115,1024,1024,1.0
ISIC_0063116,1024,1024,1.0
ISIC_0063122,1024,1024,1.0
ISIC_0063123,1024,1024,1.0
ISIC_0063124,1024,1024,1.0
ISIC_0063128,1024,1024,1.0
ISIC_0063129,1024,1024,1.0
ISIC_0063131,1024,1024,1.0
ISIC_0063133,1024,1024,1.0
ISIC_0063134,1024,1024,1.0
ISIC_0063136,1024,1024,1.0
ISIC_0063139,1024,1024,1.0
ISIC_0063141,1024,1024,1.0
ISIC_0063143,1024,1024,1.0
ISIC_0063144,1024,1024,1.0
ISIC_0063149,1024,1024,1.0
ISIC_0063150,1024,1024,1.0
ISIC_0063151,1024,1024,1.0
ISIC_0063153,1024,1024,1.0
ISIC_0063155,1024,1024,1.0
ISIC_0063157,1024,1024,1.0
ISIC_0063158,1024,1024,1.0
ISIC_0063159,1024,1024,1.0
ISIC_0063163,1024,1024,1.0
ISIC_0063164,1024,1024,1.0
ISIC_0063166,1024,1024,1.0
ISIC_0063167,1024,1024,1.0
ISIC_0063168,1024,1024,1.0
ISIC_0063172,1024,1024,1.0
ISIC_0063173,1024,1024,1.0
ISIC_0063174,1024,1024,1.0
ISIC_0063175,1024,1024,1.0
ISIC_0063178,1024,1024,1.0
ISIC_0063179,1024,1024,1.0
ISIC_0063180,1024,1024,1.0
ISIC_0063181,1024,1024,1.0
ISIC_0063182,1024,1024,1.0
ISIC_0063183,1024,1024,1.0
ISIC_0063184,1024,1024,1.0
ISIC_0063187,1024,1024,1.0
ISIC_0063190,1024,1024,1.0
ISIC_0063191,1024,1024,1.0
ISIC_0063192,1024,1024,1.0
ISIC_0063195,1024,1024,1.0
ISIC_0063197,1024,1024,1.0
ISIC_0063198,1024,1024,1.0
ISIC_0063199,1024,1024,1.0
ISIC_0063201,1024,1024,1.0
ISIC_0063205,1024,1024,1.0
ISIC_0063206,1024,1024,1.0
ISIC_0063207,1024,1024,1.0
ISIC_0063210,1024,1024,1.0
ISIC_0063211,1024,1024,1.0
ISIC_0063213,1024,1024,1.0
ISIC_0063214,1024,1024,1.0
ISIC_0063217,1024,1024,1.0
ISIC_0063221,1024,1024,1.0
ISIC_0063223,1024,1024,1.0
ISIC_0063225,1024,1024,1.0
ISIC_0063226,1024,1024,1.0
ISIC_0063227,1024,1024,1.0
ISIC_0063231,1024,1024,1.0
ISIC_0063234,1024,1024,1.0
ISIC_0063236,1024,1024,1.0
ISIC_0063237,1024,1024,1.0
ISIC_0063238,1024,1024,1.0
ISIC_0063239,1024,1024,1.0
ISIC_0063241,1024,1024,1.0
ISIC_0063243,1024,1024,1.0
ISIC_0063244,1024,1024,1.0
ISIC_0063245,1024,1024,1.0
ISIC_0063251,1024,1024,1.0
ISIC_0063252,1024,1024,1.0
ISIC_0063258,1024,1024,1.0
ISIC_0063261,1024,1024,1.0
ISIC_0063262,1024,1024,1.0
ISIC_0063263,1024,1024,1.0
ISIC_0063264,1024,1024,1.0
ISIC_0063265,1024,1024,1.0
ISIC_0063266,1024,1024,1.0
ISIC_0063267,1024,1024,1.0
ISIC_0063268,1024,1024,1.0
ISIC_0063271,1024,1024,1.0
ISIC_0063272,1024,1024,1.0
ISIC_0063274,1024,1024,1.0
ISIC_0063275,1024,1024,1.0
ISIC_0063278,1024,1024,1.0
ISIC_0063279,1024,1024,1.0
ISIC_0063281,1024,1024,1.0
ISIC_0063282,1024,1024,1.0
ISIC_0063283,1024,1024,1.0
ISIC_0063284,1024,1024,1.0
ISIC_0063287,1024,1024,1.0
ISIC_0063289,1024,1024,1.0
ISIC_0063290,1024,1024,1.0
ISIC_0063293,1024,1024,1.0
ISIC_0063294,1024,1024,1.0
ISIC_0063295,1024,1024,1.0
ISIC_0063297,1024,1024,1.0
ISIC_0063298,1024,1024,1.0
ISIC_0063299,1024,1024,1.0
ISIC_0063300,1024,1024,1.0
ISIC_0063301,1024,1024,1.0
ISIC_0063304,1024,1024,1.0
ISIC_0063311,1024,1024,1.0
ISIC_0063312,1024,1024,1.0
ISIC_0063313,1024,1024,1.0
ISIC_0063316,1024,1024,1.0
ISIC_0063317,1024,1024,1.0
ISIC_0063318,1024,1024,1.0
ISIC_0063319,1024,1024,1.0
ISIC_0063320,1024,1024,1.0
ISIC_0063321,1024,1024,1.0
ISIC_0063322,1024,1024,1.0
ISIC_0063326,1024,1024,1.0
ISIC_0063327,1024,1024,1.0
ISIC_0063331,1024,1024,1.0
ISIC_0063335,1024,1024,1.0
ISIC_0063337,1024,1024,1.0
ISIC_0063338,1024,1024,1.0
ISIC_0063342,1024,1024,1.0
ISIC_0063344,1024,1024,1.0
ISIC_0063349,1024,1024,1.0
ISIC_0063352,1024,1024,1.0
ISIC_0063355,1024,1024,1.0
ISIC_0063359,1024,1024,1.0
ISIC_0063361,1024,1024,1.0
ISIC_0063362,1024,1024,1.0
ISIC_0063363,1024,1024,1.0
ISIC_0063365,1024,1024,1.0
ISIC_0063367,1024,1024,1.0
ISIC_0063368,1024,1024,1.0
ISIC_0063369,1024,1024,1.0
ISIC_0063371,1024,1024,1.0
ISIC_0063374,1024,1024,1.0
ISIC_0063375,1024,1024,1.0
ISIC_0063381,1024,1024,1.0
ISIC_0063382,1024,1024,1.0
ISIC_0063385,1024,1024,1.0
ISIC_0063386,1024,1024,1.0
ISIC_0063388,1024,1024,1.0
ISIC_0063389,1024,1024,1.0
ISIC_0063394,1024,1024,1.0
ISIC_0063398,1024,1024,1.0
ISIC_0063399,1024,1024,1.0
ISIC_0063400,1024,1024,1.0
ISIC_0063402,1024,1024,1.0
ISIC_0063404,1024,1024,1.0
ISIC_0063406,1024,1024,1.0
ISIC_0063408,1024,1024,1.0
ISIC_0063410,1024,1024,1.0
ISIC_0063411,1024,1024,1.0
ISIC_0063412,1024,1024,1.0
ISIC_0063416,1024,1024,1.0
ISIC_0063418,1024,1024,1.0
ISIC_0063419,1024,1024,1.0
ISIC_0063420,1024,1024,1.0
ISIC_0063424,1024,1024,1.0
ISIC_0063425,1024,1024,1.0
ISIC_0063428,1024,1024,1.0
ISIC_0063433,1024,1024,1.0
ISIC_0063434,1024,1024,1.0
ISIC_0063435,1024,1024,1.0
ISIC_0063439,1024,1024,1.0
ISIC_0063440,1024,1024,1.0
ISIC_0063441,1024,1024,1.0
ISIC_0063442,1024,1024,1.0
ISIC_0063443,1024,1024,1.0
ISIC_0063444,1024,1024,1.0
ISIC_0063445,1024,1024,1.0
ISIC_0063447,1024,1024,1.0
ISIC_0063450,1024,1024,1.0
ISIC_0063452,1024,1024,1.0
ISIC_0063453,1024,1024,1.0
ISIC_0063455,1024,1024,1.0
ISIC_0063457,1024,1024,1.0
ISIC_0063458,1024,1024,1.0
ISIC_0063460,1024,1024,1.0
ISIC_0063462,1024,1024,1.0
ISIC_0063465,1024,1024,1.0
ISIC_0063467,1024,1024,1.0
ISIC_0063470,1024,1024,1.0
ISIC_0063471,1024,1024,1.0
ISIC_0063472,1024,1024,1.0
ISIC_0063473,1024,1024,1.0
ISIC_0063474,1024,1024,1.0
ISIC_0063476,1024,1024,1.0
ISIC_0063477,1024,1024,1.0
ISIC_0063479,1024,1024,1.0
ISIC_0063484,1024,1024,1.0
ISIC_0063485,1024,1024,1.0
ISIC_0063488,1024,1024,1.0
ISIC_0063493,1024,1024,1.0
ISIC_0063497,1024,1024,1.0
ISIC_0063499,1024,1024,1.0
ISIC_0063503,1024,1024,1.0
ISIC_0063506,1024,1024,1.0
ISIC_0063507,1024,1024,1.0
ISIC_0063510,1024,1024,1.0
ISIC_0063512,1024,1024,1.0
ISIC_0063513,1024,1024,1.0
ISIC_0063514,1024,1024,1.0
ISIC_0063515,1024,1024,1.0
ISIC_0063519,1024,1024,1.0
ISIC_0063521,1024,1024,1.0
ISIC_0063524,1024,1024,1.0
ISIC_0063525,1024,1024,1.0
ISIC_0063528,1024,1024,1.0
ISIC_0063530,1024,1024,1.0
ISIC_0063532,1024,1024,1.0
ISIC_0063533,1024,1024,1.0
ISIC_0063536,1024,1024,1.0
ISIC_0063537,1024,1024,1.0
ISIC_0063544,1024,1024,1.0
ISIC_0063546,1024,1024,1.0
ISIC_0063547,1024,1024,1.0
ISIC_0063549,1024,1024,1.0
ISIC_0063551,1024,1024,1.0
ISIC_0063556,1024,1024,1.0
ISIC_0063557,1024,1024,1.0
ISIC_0063559,1024,1024,1.0
ISIC_0063560,1024,1024,1.0
ISIC_0063562,1024,1024,1.0
ISIC_0063565,1024,1024,1.0
ISIC_0063568,1024,1024,1.0
ISIC_0063569,1024,1024,1.0
ISIC_0063572,1024,1024,1.0
ISIC_0063573,1024,1024,1.0
ISIC_0063575,1024,1024,1.0
ISIC_0063577,1024,1024,1.0
ISIC_0063581,1024,1024,1.0
ISIC_0063582,1024,1024,1.0
ISIC_0063583,1024,1024,1.0
ISIC_0063585,1024,1024,1.0
ISIC_0063586,1024,1024,1.0
ISIC_0063587,1024,1024,1.0
ISIC_0063588,1024,1024,1.0
ISIC_0063589,1024,1024,1.0
ISIC_0063590,1024,1024,1.0
ISIC_0063592,1024,1024,1.0
ISIC_0063594,1024,1024,1.0
ISIC_0063595,1024,1024,1.0
ISIC_0063597,1024,1024,1.0
ISIC_0063598,1024,1024,1.0
ISIC_0063599,1024,1024,1.0
ISIC_0063600,1024,1024,1.0
ISIC_0063601,1024,1024,1.0
ISIC_0063602,1024,1024,1.0
ISIC_0063605,1024,1024,1.0
ISIC_0063606,1024,1024,1.0
ISIC_0063608,1024,1024,1.0
ISIC_0063609,1024,1024,1.0
ISIC_0063611,1024,1024,1.0
ISIC_0063612,1024,1024,1.0
ISIC_0063613,1024,1024,1.0
ISIC_0063614,1024,1024,1.0
ISIC_0063617,1024,1024,1.0
ISIC_0063619,1024,1024,1.0
ISIC_0063620,1024,1024,1.0
ISIC_0063621,1024,1024,1.0
ISIC_0063626,1024,1024,1.0
ISIC_0063628,1024,1024,1.0
ISIC_0063630,1024,1024,1.0
ISIC_0063631,1024,1024,1.0
ISIC_0063633,1024,1024,1.0
ISIC_0063635,1024,1024,1.0
ISIC_0063636,1024,1024,1.0
ISIC_0063639,1024,1024,1.0
ISIC_0063642,1024,1024,1.0
ISIC_0063644,1024,1024,1.0
ISIC_0063649,1024,1024,1.0
ISIC_0063650,1024,1024,1.0
ISIC_0063651,1024,1024,1.0
ISIC_0063652,1024,1024,1.0
ISIC_0063653,1024,1024,1.0
ISIC_0063659,1024,1024,1.0
ISIC_0063662,1024,1024,1.0
ISIC_0063664,1024,1024,1.0
ISIC_0063666,1024,1024,1.0
ISIC_0063668,1024,1024,1.0
ISIC_0063669,1024,1024,1.0
ISIC_0063670,1024,1024,1.0
ISIC_0063673,1024,1024,1.0
ISIC_0063674,1024,1024,1.0
ISIC_0063676,1024,1024,1.0
ISIC_0063681,1024,1024,1.0
ISIC_0063682,1024,1024,1.0
ISIC_0063683,1024,1024,1.0
ISIC_0063687,1024,1024,1.0
ISIC_0063688,1024,1024,1.0
ISIC_0063689,1024,1024,1.0
ISIC_0063691,1024,1024,1.0
ISIC_0063692,1024,1024,1.0
ISIC_0063693,1024,1024,1.0
ISIC_0063694,1024,1024,1.0
ISIC_0063697,1024,1024,1.0
ISIC_0063698,1024,1024,1.0
ISIC_0063700,1024,1024,1.0
ISIC_0063701,1024,1024,1.0
ISIC_0063702,1024,1024,1.0
ISIC_0063704,1024,1024,1.0
ISIC_0063705,1024,1024,1.0
ISIC_0063712,1024,1024,1.0
ISIC_0063713,1024,1024,1.0
ISIC_0063714,1024,1024,1.0
ISIC_0063715,1024,1024,1.0
ISIC_0063716,1024,1024,1.0
ISIC_0063717,1024,1024,1.0
ISIC_0063718,1024,1024,1.0
ISIC_0063719,1024,1024,1.0
ISIC_0063720,1024,1024,1.0
ISIC_0063723,1024,1024,1.0
ISIC_0063726,1024,1024,1.0
ISIC_0063727,1024,1024,1.0
ISIC_0063728,1024,1024,1.0
ISIC_0063729,1024,1024,1.0
ISIC_0063730,1024,1024,1.0
ISIC_0063732,1024,1024,1.0
ISIC_0063733,1024,1024,1.0
ISIC_0063734,1024,1024,1.0
ISIC_0063739,1024,1024,1.0
ISIC_0063740,1024,1024,1.0
ISIC_0063742,1024,1024,1.0
ISIC_0063744,1024,1024,1.0
ISIC_0063746,1024,1024,1.0
ISIC_0063748,1024,1024,1.0
ISIC_0063753,1024,1024,1.0
ISIC_0063755,1024,1024,1.0
ISIC_0063756,1024,1024,1.0
ISIC_0063757,1024,1024,1.0
ISIC_0063758,1024,1024,1.0
ISIC_0063760,1024,1024,1.0
ISIC_0063761,1024,1024,1.0
ISIC_0063763,1024,1024,1.0
ISIC_0063764,1024,1024,1.0
ISIC_0063765,1024,1024,1.0
ISIC_0063766,1024,1024,1.0
ISIC_0063768,1024,1024,1.0
ISIC_0063769,1024,1024,1.0
ISIC_0063777,1024,1024,1.0
ISIC_0063778,1024,1024,1.0
ISIC_0063779,1024,1024,1.0
ISIC_0063782,1024,1024,1.0
ISIC_0063783,1024,1024,1.0
ISIC_0063784,1024,1024,1.0
ISIC_0063786,1024,1024,1.0
ISIC_0063792,1024,1024,1.0
ISIC_0063793,1024,1024,1.0
ISIC_0063794,1024,1024,1.0
ISIC_0063795,1024,1024,1.0
ISIC_0063798,1024,1024,1.0
ISIC_0063799,1024,1024,1.0
ISIC_0063803,1024,1024,1.0
ISIC_0063804,1024,1024,1.0
ISIC_0063805,1024,1024,1.0
ISIC_0063806,1024,1024,1.0
ISIC_0063807,1024,1024,1.0
ISIC_0063808,1024,1024,1.0
ISIC_0063810,1024,1024,1.0
ISIC_0063815,1024,1024,1.0
ISIC_0063818,1024,1024,1.0
ISIC_0063820,1024,1024,1.0
ISIC_0063821,1024,1024,1.0
ISIC_0063822,1024,1024,1.0
ISIC_0063824,1024,1024,1.0
ISIC_0063825,1024,1024,1.0
ISIC_0063827,1024,1024,1.0
ISIC_0063828,1024,1024,1.0
ISIC_0063829,1024,1024,1.0
ISIC_0063831,1024,1024,1.0
ISIC_0063832,1024,1024,1.0
ISIC_0063835,1024,1024,1.0
ISIC_0063838,1024,1024,1.0
ISIC_0063842,1024,1024,1.0
ISIC_0063843,1024,1024,1.0
ISIC_0063845,1024,1024,1.0
ISIC_0063848,1024,1024,1.0
ISIC_0063849,1024,1024,1.0
ISIC_0063851,1024,1024,1.0
ISIC_0063852,1024,1024,1.0
ISIC_0063853,1024,1024,1.0
ISIC_0063859,1024,1024,1.0
ISIC_0063860,1024,1024,1.0
ISIC_0063861,1024,1024,1.0
ISIC_0063865,1024,1024,1.0
ISIC_0063866,1024,1024,1.0
ISIC_0063868,1024,1024,1.0
ISIC_0063869,1024,1024,1.0
ISIC_0063871,1024,1024,1.0
ISIC_0063872,1024,1024,1.0
ISIC_0063875,1024,1024,1.0
ISIC_0063876,1024,1024,1.0
ISIC_0063878,1024,1024,1.0
ISIC_0063880,1024,1024,1.0
ISIC_0063882,1024,1024,1.0
ISIC_0063883,1024,1024,1.0
ISIC_0063885,1024,1024,1.0
ISIC_0063888,1024,1024,1.0
ISIC_0063890,1024,1024,1.0
ISIC_0063892,1024,1024,1.0
ISIC_0063895,1024,1024,1.0
ISIC_0063896,1024,1024,1.0
ISIC_0063899,1024,1024,1.0
ISIC_0063900,1024,1024,1.0
ISIC_0063903,1024,1024,1.0
ISIC_0063905,1024,1024,1.0
ISIC_0063906,1024,1024,1.0
ISIC_0063909,1024,1024,1.0
ISIC_0063910,1024,1024,1.0
ISIC_0063911,1024,1024,1.0
ISIC_0063914,1024,1024,1.0
ISIC_0063919,1024,1024,1.0
ISIC_0063921,1024,1024,1.0
ISIC_0063923,1024,1024,1.0
ISIC_0063924,1024,1024,1.0
ISIC_0063926,1024,1024,1.0
ISIC_0063927,1024,1024,1.0
ISIC_0063930,1024,1024,1.0
ISIC_0063931,1024,1024,1.0
ISIC_0063932,1024,1024,1.0
ISIC_0063934,1024,1024,1.0
ISIC_0063935,1024,1024,1.0
ISIC_0063936,1024,1024,1.0
ISIC_0063943,1024,1024,1.0
ISIC_0063944,1024,1024,1.0
ISIC_0063945,1024,1024,1.0
ISIC_0063947,1024,1024,1.0
ISIC_0063949,1024,1024,1.0
ISIC_0063950,1024,1024,1.0
ISIC_0063951,1024,1024,1.0
ISIC_0063957,1024,1024,1.0
ISIC_0063958,1024,1024,1.0
ISIC_0063960,1024,1024,1.0
ISIC_0063961,1024,1024,1.0
ISIC_0063962,1024,1024,1.0
ISIC_0063963,1024,1024,1.0
ISIC_0063964,1024,1024,1.0
ISIC_0063965,1024,1024,1.0
ISIC_0063966,1024,1024,1.0
ISIC_0063969,1024,1024,1.0
ISIC_0063970,1024,1024,1.0
ISIC_0063971,1024,1024,1.0
ISIC_0063975,1024,1024,1.0
ISIC_0063976,1024,1024,1.0
ISIC_0063977,1024,1024,1.0
ISIC_0063979,1024,1024,1.0
ISIC_0063980,1024,1024,1.0
ISIC_0063981,1024,1024,1.0
ISIC_0063984,1024,1024,1.0
ISIC_0063985,1024,1024,1.0
ISIC_0063986,1024,1024,1.0
ISIC_0063988,1024,1024,1.0
ISIC_0063990,1024,1024,1.0
ISIC_0063992,1024,1024,1.0
ISIC_0063993,1024,1024,1.0
ISIC_0063994,1024,1024,1.0
ISIC_0063995,1024,1024,1.0
ISIC_0063997,1024,1024,1.0
ISIC_0063999,1024,1024,1.0
ISIC_0064002,1024,1024,1.0
ISIC_0064003,1024,1024,1.0
ISIC_0064006,1024,1024,1.0
ISIC_0064007,1024,1024,1.0
ISIC_0064008,1024,1024,1.0
ISIC_0064009,1024,1024,1.0
ISIC_0064010,1024,1024,1.0
ISIC_0064011,1024,1024,1.0
ISIC_0064012,1024,1024,1.0
ISIC_0064013,1024,1024,1.0
ISIC_0064014,1024,1024,1.0
ISIC_0064016,1024,1024,1.0
ISIC_0064018,1024,1024,1.0
ISIC_0064019,1024,1024,1.0
ISIC_0064021,1024,1024,1.0
ISIC_0064022,1024,1024,1.0
ISIC_0064023,1024,1024,1.0
ISIC_0064024,1024,1024,1.0
ISIC_0064025,1024,1024,1.0
ISIC_0064026,1024,1024,1.0
ISIC_0064029,1024,1024,1.0
ISIC_0064030,1024,1024,1.0
ISIC_0064031,1024,1024,1.0
ISIC_0064033,1024,1024,1.0
ISIC_0064034,1024,1024,1.0
ISIC_0064036,1024,1024,1.0
ISIC_0064038,1024,1024,1.0
ISIC_0064041,1024,1024,1.0
ISIC_0064042,1024,1024,1.0
ISIC_0064044,1024,1024,1.0
ISIC_0064048,1024,1024,1.0
ISIC_0064050,1024,1024,1.0
ISIC_0064052,1024,1024,1.0
ISIC_0064055,1024,1024,1.0
ISIC_0064058,1024,1024,1.0
ISIC_0064060,1024,1024,1.0
ISIC_0064062,1024,1024,1.0
ISIC_0064063,1024,1024,1.0
ISIC_0064066,1024,1024,1.0
ISIC_0064067,1024,1024,1.0
ISIC_0064069,1024,1024,1.0
ISIC_0064071,1024,1024,1.0
ISIC_0064072,1024,1024,1.0
ISIC_0064073,1024,1024,1.0
ISIC_0064075,1024,1024,1.0
ISIC_0064078,1024,1024,1.0
ISIC_0064079,1024,1024,1.0
ISIC_0064083,1024,1024,1.0
ISIC_0064084,1024,1024,1.0
ISIC_0064085,1024,1024,1.0
ISIC_0064089,1024,1024,1.0
ISIC_0064091,1024,1024,1.0
ISIC_0064095,1024,1024,1.0
ISIC_0064097,1024,1024,1.0
ISIC_0064099,1024,1024,1.0
ISIC_0064102,1024,1024,1.0
ISIC_0064106,1024,1024,1.0
ISIC_0064107,1024,1024,1.0
ISIC_0064108,1024,1024,1.0
ISIC_0064109,1024,1024,1.0
ISIC_0064110,1024,1024,1.0
ISIC_0064112,1024,1024,1.0
ISIC_0064113,1024,1024,1.0
ISIC_0064114,1024,1024,1.0
ISIC_0064115,1024,1024,1.0
ISIC_0064116,1024,1024,1.0
ISIC_0064120,1024,1024,1.0
ISIC_0064124,1024,1024,1.0
ISIC_0064127,1024,1024,1.0
ISIC_0064129,1024,1024,1.0
ISIC_0064134,1024,1024,1.0
ISIC_0064137,1024,1024,1.0
ISIC_0064138,1024,1024,1.0
ISIC_0064139,1024,1024,1.0
ISIC_0064141,1024,1024,1.0
ISIC_0064143,1024,1024,1.0
ISIC_0064145,1024,1024,1.0
ISIC_0064148,1024,1024,1.0
ISIC_0064149,1024,1024,1.0
ISIC_0064150,1024,1024,1.0
ISIC_0064151,1024,1024,1.0
ISIC_0064152,1024,1024,1.0
ISIC_0064153,1024,1024,1.0
ISIC_0064156,1024,1024,1.0
ISIC_0064157,1024,1024,1.0
ISIC_0064159,1024,1024,1.0
ISIC_0064160,1024,1024,1.0
ISIC_0064161,1024,1024,1.0
ISIC_0064162,1024,1024,1.0
ISIC_0064163,1024,1024,1.0
ISIC_0064166,1024,1024,1.0
ISIC_0064167,1024,1024,1.0
ISIC_0064173,1024,1024,1.0
ISIC_0064180,1024,1024,1.0
ISIC_0064181,1024,1024,1.0
ISIC_0064183,1024,1024,1.0
ISIC_0064186,1024,1024,1.0
ISIC_0064187,1024,1024,1.0
ISIC_0064189,1024,1024,1.0
ISIC_0064191,1024,1024,1.0
ISIC_0064193,1024,1024,1.0
ISIC_0064195,1024,1024,1.0
ISIC_0064196,1024,1024,1.0
ISIC_0064198,1024,1024,1.0
ISIC_0064200,1024,1024,1.0
ISIC_0064201,1024,1024,1.0
ISIC_0064202,1024,1024,1.0
ISIC_0064205,1024,1024,1.0
ISIC_0064210,1024,1024,1.0
ISIC_0064211,1024,1024,1.0
ISIC_0064212,1024,1024,1.0
ISIC_0064213,1024,1024,1.0
ISIC_0064217,1024,1024,1.0
ISIC_0064220,1024,1024,1.0
ISIC_0064222,1024,1024,1.0
ISIC_0064223,1024,1024,1.0
ISIC_0064224,1024,1024,1.0
ISIC_0064225,1024,1024,1.0
ISIC_0064226,1024,1024,1.0
ISIC_0064228,1024,1024,1.0
ISIC_0064229,1024,1024,1.0
ISIC_0064231,1024,1024,1.0
ISIC_0064233,1024,1024,1.0
ISIC_0064236,1024,1024,1.0
ISIC_0064237,1024,1024,1.0
ISIC_0064238,1024,1024,1.0
ISIC_0064240,1024,1024,1.0
ISIC_0064247,1024,1024,1.0
ISIC_0064248,1024,1024,1.0
ISIC_0064249,1024,1024,1.0
ISIC_0064251,1024,1024,1.0
ISIC_0064258,1024,1024,1.0
ISIC_0064259,1024,1024,1.0
ISIC_0064260,1024,1024,1.0
ISIC_0064261,1024,1024,1.0
ISIC_0064262,1024,1024,1.0
ISIC_0064264,1024,1024,1.0
ISIC_0064265,1024,1024,1.0
ISIC_0064269,1024,1024,1.0
ISIC_0064270,1024,1024,1.0
ISIC_0064271,1024,1024,1.0
ISIC_0064274,1024,1024,1.0
ISIC_0064275,1024,1024,1.0
ISIC_0064276,1024,1024,1.0
ISIC_0064277,1024,1024,1.0
ISIC_0064279,1024,1024,1.0
ISIC_0064280,1024,1024,1.0
ISIC_0064281,1024,1024,1.0
ISIC_0064283,1024,1024,1.0
ISIC_0064284,1024,1024,1.0
ISIC_0064285,1024,1024,1.0
ISIC_0064287,1024,1024,1.0
ISIC_0064288,1024,1024,1.0
ISIC_0064289,1024,1024,1.0
ISIC_0064292,1024,1024,1.0
ISIC_0064293,1024,1024,1.0
ISIC_0064298,1024,1024,1.0
ISIC_0064300,1024,1024,1.0
ISIC_0064301,1024,1024,1.0
ISIC_0064304,1024,1024,1.0
ISIC_0064305,1024,1024,1.0
ISIC_0064306,1024,1024,1.0
ISIC_0064307,1024,1024,1.0
ISIC_0064308,1024,1024,1.0
ISIC_0064310,1024,1024,1.0
ISIC_0064313,1024,1024,1.0
ISIC_0064315,1024,1024,1.0
ISIC_0064316,1024,1024,1.0
ISIC_0064319,1024,1024,1.0
ISIC_0064320,1024,1024,1.0
ISIC_0064321,1024,1024,1.0
ISIC_0064323,1024,1024,1.0
ISIC_0064324,1024,1024,1.0
ISIC_0064326,1024,1024,1.0
ISIC_0064328,1024,1024,1.0
ISIC_0064329,1024,1024,1.0
ISIC_0064330,1024,1024,1.0
ISIC_0064335,1024,1024,1.0
ISIC_0064337,1024,1024,1.0
ISIC_0064338,1024,1024,1.0
ISIC_0064340,1024,1024,1.0
ISIC_0064341,1024,1024,1.0
ISIC_0064342,1024,1024,1.0
ISIC_0064343,1024,1024,1.0
ISIC_0064344,1024,1024,1.0
ISIC_0064347,1024,1024,1.0
ISIC_0064351,1024,1024,1.0
ISIC_0064353,1024,1024,1.0
ISIC_0064354,1024,1024,1.0
ISIC_0064356,1024,1024,1.0
ISIC_0064357,1024,1024,1.0
ISIC_0064360,1024,1024,1.0
ISIC_0064362,1024,1024,1.0
ISIC_0064365,1024,1024,1.0
ISIC_0064367,1024,1024,1.0
ISIC_0064368,1024,1024,1.0
ISIC_0064370,1024,1024,1.0
ISIC_0064371,1024,1024,1.0
ISIC_0064376,1024,1024,1.0
ISIC_0064382,1024,1024,1.0
ISIC_0064383,1024,1024,1.0
ISIC_0064385,1024,1024,1.0
ISIC_0064387,1024,1024,1.0
ISIC_0064389,1024,1024,1.0
ISIC_0064393,1024,1024,1.0
ISIC_0064397,1024,1024,1.0
ISIC_0064399,1024,1024,1.0
ISIC_0064403,1024,1024,1.0
ISIC_0064406,1024,1024,1.0
ISIC_0064409,1024,1024,1.0
ISIC_0064411,1024,1024,1.0
ISIC_0064412,1024,1024,1.0
ISIC_0064417,1024,1024,1.0
ISIC_0064418,1024,1024,1.0
ISIC_0064420,1024,1024,1.0
ISIC_0064423,1024,1024,1.0
ISIC_0064424,1024,1024,1.0
ISIC_0064427,1024,1024,1.0
ISIC_0064428,1024,1024,1.0
ISIC_0064431,1024,1024,1.0
ISIC_0064435,1024,1024,1.0
ISIC_0064437,1024,1024,1.0
ISIC_0064439,1024,1024,1.0
ISIC_0064443,1024,1024,1.0
ISIC_0064444,1024,1024,1.0
ISIC_0064446,1024,1024,1.0
ISIC_0064448,1024,1024,1.0
ISIC_0064449,1024,1024,1.0
ISIC_0064451,1024,1024,1.0
ISIC_0064452,1024,1024,1.0
ISIC_0064455,1024,1024,1.0
ISIC_0064456,1024,1024,1.0
ISIC_0064457,1024,1024,1.0
ISIC_0064459,1024,1024,1.0
ISIC_0064461,1024,1024,1.0
ISIC_0064462,1024,1024,1.0
ISIC_0064467,1024,1024,1.0
ISIC_0064468,1024,1024,1.0
ISIC_0064470,1024,1024,1.0
ISIC_0064471,1024,1024,1.0
ISIC_0064472,1024,1024,1.0
ISIC_0064474,1024,1024,1.0
ISIC_0064475,1024,1024,1.0
ISIC_0064478,1024,1024,1.0
ISIC_0064480,1024,1024,1.0
ISIC_0064481,1024,1024,1.0
ISIC_0064483,1024,1024,1.0
ISIC_0064487,1024,1024,1.0
ISIC_0064488,1024,1024,1.0
ISIC_0064489,1024,1024,1.0
ISIC_0064490,1024,1024,1.0
ISIC_0064494,1024,1024,1.0
ISIC_0064495,1024,1024,1.0
ISIC_0064496,1024,1024,1.0
ISIC_0064503,1024,1024,1.0
ISIC_0064506,1024,1024,1.0
ISIC_0064507,1024,1024,1.0
ISIC_0064509,1024,1024,1.0
ISIC_0064511,1024,1024,1.0
ISIC_0064515,1024,1024,1.0
ISIC_0064518,1024,1024,1.0
ISIC_0064519,1024,1024,1.0
ISIC_0064521,1024,1024,1.0
ISIC_0064522,1024,1024,1.0
ISIC_0064523,1024,1024,1.0
ISIC_0064524,1024,1024,1.0
ISIC_0064525,1024,1024,1.0
ISIC_0064528,1024,1024,1.0
ISIC_0064529,1024,1024,1.0
ISIC_0064533,1024,1024,1.0
ISIC_0064534,1024,1024,1.0
ISIC_0064536,1024,1024,1.0
ISIC_0064538,1024,1024,1.0
ISIC_0064540,1024,1024,1.0
ISIC_0064541,1024,1024,1.0
ISIC_0064544,1024,1024,1.0
ISIC_0064545,1024,1024,1.0
ISIC_0064546,1024,1024,1.0
ISIC_0064548,1024,1024,1.0
ISIC_0064549,1024,1024,1.0
ISIC_0064553,1024,1024,1.0
ISIC_0064554,1024,1024,1.0
ISIC_0064555,1024,1024,1.0
ISIC_0064556,1024,1024,1.0
ISIC_0064557,1024,1024,1.0
ISIC_0064559,1024,1024,1.0
ISIC_0064563,1024,1024,1.0
ISIC_0064565,1024,1024,1.0
ISIC_0064567,1024,1024,1.0
ISIC_0064570,1024,1024,1.0
ISIC_0064574,1024,1024,1.0
ISIC_0064575,1024,1024,1.0
ISIC_0064578,1024,1024,1.0
ISIC_0064579,1024,1024,1.0
ISIC_0064582,1024,1024,1.0
ISIC_0064583,1024,1024,1.0
ISIC_0064584,1024,1024,1.0
ISIC_0064586,1024,1024,1.0
ISIC_0064587,1024,1024,1.0
ISIC_0064588,1024,1024,1.0
ISIC_0064589,1024,1024,1.0
ISIC_0064593,1024,1024,1.0
ISIC_0064599,1024,1024,1.0
ISIC_0064602,1024,1024,1.0
ISIC_0064604,1024,1024,1.0
ISIC_0064605,1024,1024,1.0
ISIC_0064606,1024,1024,1.0
ISIC_0064608,1024,1024,1.0
ISIC_0064612,1024,1024,1.0
ISIC_0064613,1024,1024,1.0
ISIC_0064616,1024,1024,1.0
ISIC_0064617,1024,1024,1.0
ISIC_0064619,1024,1024,1.0
ISIC_0064623,1024,1024,1.0
ISIC_0064624,1024,1024,1.0
ISIC_0064625,1024,1024,1.0
ISIC_0064626,1024,1024,1.0
ISIC_0064627,1024,1024,1.0
ISIC_0064631,1024,1024,1.0
ISIC_0064632,1024,1024,1.0
ISIC_0064633,1024,1024,1.0
ISIC_0064634,1024,1024,1.0
ISIC_0064637,1024,1024,1.0
ISIC_0064638,1024,1024,1.0
ISIC_0064639,1024,1024,1.0
ISIC_0064643,1024,1024,1.0
ISIC_0064646,1024,1024,1.0
ISIC_0064649,1024,1024,1.0
ISIC_0064651,1024,1024,1.0
ISIC_0064652,1024,1024,1.0
ISIC_0064654,1024,1024,1.0
ISIC_0064655,1024,1024,1.0
ISIC_0064656,1024,1024,1.0
ISIC_0064657,1024,1024,1.0
ISIC_0064658,1024,1024,1.0
ISIC_0064659,1024,1024,1.0
ISIC_0064660,1024,1024,1.0
ISIC_0064661,1024,1024,1.0
ISIC_0064663,1024,1024,1.0
ISIC_0064664,1024,1024,1.0
ISIC_0064665,1024,1024,1.0
ISIC_0064666,1024,1024,1.0
ISIC_0064667,1024,1024,1.0
ISIC_0064669,1024,1024,1.0
ISIC_0064671,1024,1024,1.0
ISIC_0064675,1024,1024,1.0
ISIC_0064678,1024,1024,1.0
ISIC_0064679,1024,1024,1.0
ISIC_0064681,1024,1024,1.0
ISIC_0064682,1024,1024,1.0
ISIC_0064683,1024,1024,1.0
ISIC_0064684,1024,1024,1.0
ISIC_0064685,1024,1024,1.0
ISIC_0064687,1024,1024,1.0
ISIC_0064690,1024,1024,1.0
ISIC_0064691,1024,1024,1.0
ISIC_0064692,1024,1024,1.0
ISIC_0064693,1024,1024,1.0
ISIC_0064695,1024,1024,1.0
ISIC_0064697,1024,1024,1.0
ISIC_0064698,1024,1024,1.0
ISIC_0064699,1024,1024,1.0
ISIC_0064702,1024,1024,1.0
ISIC_0064705,1024,1024,1.0
ISIC_0064706,1024,1024,1.0
ISIC_0064707,1024,1024,1.0
ISIC_0064708,1024,1024,1.0
ISIC_0064709,1024,1024,1.0
ISIC_0064710,1024,1024,1.0
ISIC_0064711,1024,1024,1.0
ISIC_0064714,1024,1024,1.0
ISIC_0064718,1024,1024,1.0
ISIC_0064719,1024,1024,1.0
ISIC_0064721,1024,1024,1.0
ISIC_0064725,1024,1024,1.0
ISIC_0064727,1024,1024,1.0
ISIC_0064728,1024,1024,1.0
ISIC_0064731,1024,1024,1.0
ISIC_0064733,1024,1024,1.0
ISIC_0064734,1024,1024,1.0
ISIC_0064735,1024,1024,1.0
ISIC_0064738,1024,1024,1.0
ISIC_0064740,1024,1024,1.0
ISIC_0064741,1024,1024,1.0
ISIC_0064744,1024,1024,1.0
ISIC_0064747,1024,1024,1.0
ISIC_0064748,1024,1024,1.0
ISIC_0064750,1024,1024,1.0
ISIC_0064751,1024,1024,1.0
ISIC_0064752,1024,1024,1.0
ISIC_0064753,1024,1024,1.0
ISIC_0064759,1024,1024,1.0
ISIC_0064760,1024,1024,1.0
ISIC_0064763,1024,1024,1.0
ISIC_0064767,1024,1024,1.0
ISIC_0064768,1024,1024,1.0
ISIC_0064771,1024,1024,1.0
ISIC_0064772,1024,1024,1.0
ISIC_0064773,1024,1024,1.0
ISIC_0064778,1024,1024,1.0
ISIC_0064781,1024,1024,1.0
ISIC_0064782,1024,1024,1.0
ISIC_0064783,1024,1024,1.0
ISIC_0064785,1024,1024,1.0
ISIC_0064786,1024,1024,1.0
ISIC_0064787,1024,1024,1.0
ISIC_0064788,1024,1024,1.0
ISIC_0064789,1024,1024,1.0
ISIC_0064791,1024,1024,1.0
ISIC_0064793,1024,1024,1.0
ISIC_0064795,1024,1024,1.0
ISIC_0064796,1024,1024,1.0
ISIC_0064797,1024,1024,1.0
ISIC_0064798,1024,1024,1.0
ISIC_0064799,1024,1024,1.0
ISIC_0064802,1024,1024,1.0
ISIC_0064803,1024,1024,1.0
ISIC_0064805,1024,1024,1.0
ISIC_0064806,1024,1024,1.0
ISIC_0064808,1024,1024,1.0
ISIC_0064811,1024,1024,1.0
ISIC_0064814,1024,1024,1.0
ISIC_0064815,1024,1024,1.0
ISIC_0064817,1024,1024,1.0
ISIC_0064819,1024,1024,1.0
ISIC_0064820,1024,1024,1.0
ISIC_0064822,1024,1024,1.0
ISIC_0064826,1024,1024,1.0
ISIC_0064829,1024,1024,1.0
ISIC_0064830,1024,1024,1.0
ISIC_0064831,1024,1024,1.0
ISIC_0064837,1024,1024,1.0
ISIC_0064841,1024,1024,1.0
ISIC_0064843,1024,1024,1.0
ISIC_0064845,1024,1024,1.0
ISIC_0064848,1024,1024,1.0
ISIC_0064850,1024,1024,1.0
ISIC_0064851,1024,1024,1.0
ISIC_0064852,1024,1024,1.0
ISIC_0064853,1024,1024,1.0
ISIC_0064854,1024,1024,1.0
ISIC_0064858,1024,1024,1.0
ISIC_0064860,1024,1024,1.0
ISIC_0064861,1024,1024,1.0
ISIC_0064863,1024,1024,1.0
ISIC_0064865,1024,1024,1.0
ISIC_0064866,1024,1024,1.0
ISIC_0064867,1024,1024,1.0
ISIC_0064869,1024,1024,1.0
ISIC_0064873,1024,1024,1.0
ISIC_0064874,1024,1024,1.0
ISIC_0064875,1024,1024,1.0
ISIC_0064877,1024,1024,1.0
ISIC_0064878,1024,1024,1.0
ISIC_0064879,1024,1024,1.0
ISIC_0064881,1024,1024,1.0
ISIC_0064882,1024,1024,1.0
ISIC_0064883,1024,1024,1.0
ISIC_0064884,1024,1024,1.0
ISIC_0064885,1024,1024,1.0
ISIC_0064887,1024,1024,1.0
ISIC_0064896,1024,1024,1.0
ISIC_0064898,1024,1024,1.0
ISIC_0064900,1024,1024,1.0
ISIC_0064903,1024,1024,1.0
ISIC_0064905,1024,1024,1.0
ISIC_0064907,1024,1024,1.0
ISIC_0064908,1024,1024,1.0
ISIC_0064909,1024,1024,1.0
ISIC_0064910,1024,1024,1.0
ISIC_0064912,1024,1024,1.0
ISIC_0064913,1024,1024,1.0
ISIC_0064915,1024,1024,1.0
ISIC_0064916,1024,1024,1.0
ISIC_0064919,1024,1024,1.0
ISIC_0064922,1024,1024,1.0
ISIC_0064925,1024,1024,1.0
ISIC_0064926,1024,1024,1.0
ISIC_0064927,1024,1024,1.0
ISIC_0064931,1024,1024,1.0
ISIC_0064932,1024,1024,1.0
ISIC_0064934,1024,1024,1.0
ISIC_0064936,1024,1024,1.0
ISIC_0064937,1024,1024,1.0
ISIC_0064939,1024,1024,1.0
ISIC_0064941,1024,1024,1.0
ISIC_0064942,1024,1024,1.0
ISIC_0064948,1024,1024,1.0
ISIC_0064951,1024,1024,1.0
ISIC_0064952,1024,1024,1.0
ISIC_0064953,1024,1024,1.0
ISIC_0064954,1024,1024,1.0
ISIC_0064955,1024,1024,1.0
ISIC_0064956,1024,1024,1.0
ISIC_0064959,1024,1024,1.0
ISIC_0064960,1024,1024,1.0
ISIC_0064961,1024,1024,1.0
ISIC_0064962,1024,1024,1.0
ISIC_0064964,1024,1024,1.0
ISIC_0064965,1024,1024,1.0
ISIC_0064968,1024,1024,1.0
ISIC_0064969,1024,1024,1.0
ISIC_0064970,1024,1024,1.0
ISIC_0064975,1024,1024,1.0
ISIC_0064976,1024,1024,1.0
ISIC_0064979,1024,1024,1.0
ISIC_0064980,1024,1024,1.0
ISIC_0064981,1024,1024,1.0
ISIC_0064982,1024,1024,1.0
ISIC_0064988,1024,1024,1.0
ISIC_0064992,1024,1024,1.0
ISIC_0064993,1024,1024,1.0
ISIC_0064997,1024,1024,1.0
ISIC_0064998,1024,1024,1.0
ISIC_0065001,1024,1024,1.0
ISIC_0065003,1024,1024,1.0
ISIC_0065004,1024,1024,1.0
ISIC_0065006,1024,1024,1.0
ISIC_0065009,1024,1024,1.0
ISIC_0065011,1024,1024,1.0
ISIC_0065018,1024,1024,1.0
ISIC_0065019,1024,1024,1.0
ISIC_0065021,1024,1024,1.0
ISIC_0065023,1024,1024,1.0
ISIC_0065026,1024,1024,1.0
ISIC_0065028,1024,1024,1.0
ISIC_0065031,1024,1024,1.0
ISIC_0065033,1024,1024,1.0
ISIC_0065034,1024,1024,1.0
ISIC_0065039,1024,1024,1.0
ISIC_0065041,1024,1024,1.0
ISIC_0065043,1024,1024,1.0
ISIC_0065044,1024,1024,1.0
ISIC_0065049,1024,1024,1.0
ISIC_0065050,1024,1024,1.0
ISIC_0065052,1024,1024,1.0
ISIC_0065056,1024,1024,1.0
ISIC_0065057,1024,1024,1.0
ISIC_0065058,1024,1024,1.0
ISIC_0065061,1024,1024,1.0
ISIC_0065062,1024,1024,1.0
ISIC_0065063,1024,1024,1.0
ISIC_0065064,1024,1024,1.0
ISIC_0065066,1024,1024,1.0
ISIC_0065067,1024,1024,1.0
ISIC_0065069,1024,1024,1.0
ISIC_0065070,1024,1024,1.0
ISIC_0065072,1024,1024,1.0
ISIC_0065075,1024,1024,1.0
ISIC_0065076,1024,1024,1.0
ISIC_0065078,1024,1024,1.0
ISIC_0065082,1024,1024,1.0
ISIC_0065083,1024,1024,1.0
ISIC_0065084,1024,1024,1.0
ISIC_0065087,1024,1024,1.0
ISIC_0065090,1024,1024,1.0
ISIC_0065091,1024,1024,1.0
ISIC_0065098,1024,1024,1.0
ISIC_0065101,1024,1024,1.0
ISIC_0065102,1024,1024,1.0
ISIC_0065103,1024,1024,1.0
ISIC_0065105,1024,1024,1.0
ISIC_0065115,1024,1024,1.0
ISIC_0065116,1024,1024,1.0
ISIC_0065118,1024,1024,1.0
ISIC_0065120,1024,1024,1.0
ISIC_0065121,1024,1024,1.0
ISIC_0065125,1024,1024,1.0
ISIC_0065126,1024,1024,1.0
ISIC_0065128,1024,1024,1.0
ISIC_0065132,1024,1024,1.0
ISIC_0065134,1024,1024,1.0
ISIC_0065135,1024,1024,1.0
ISIC_0065136,1024,1024,1.0
ISIC_0065140,1024,1024,1.0
ISIC_0065141,1024,1024,1.0
ISIC_0065143,1024,1024,1.0
ISIC_0065145,1024,1024,1.0
ISIC_0065146,1024,1024,1.0
ISIC_0065148,1024,1024,1.0
ISIC_0065149,1024,1024,1.0
ISIC_0065151,1024,1024,1.0
ISIC_0065153,1024,1024,1.0
ISIC_0065156,1024,1024,1.0
ISIC_0065158,1024,1024,1.0
ISIC_0065161,1024,1024,1.0
ISIC_0065163,1024,1024,1.0
ISIC_0065167,1024,1024,1.0
ISIC_0065169,1024,1024,1.0
ISIC_0065170,1024,1024,1.0
ISIC_0065172,1024,1024,1.0
ISIC_0065173,1024,1024,1.0
ISIC_0065174,1024,1024,1.0
ISIC_0065175,1024,1024,1.0
ISIC_0065178,1024,1024,1.0
ISIC_0065179,1024,1024,1.0
ISIC_0065180,1024,1024,1.0
ISIC_0065182,1024,1024,1.0
ISIC_0065184,1024,1024,1.0
ISIC_0065186,1024,1024,1.0
ISIC_0065190,1024,1024,1.0
ISIC_0065192,1024,1024,1.0
ISIC_0065195,1024,1024,1.0
ISIC_0065200,1024,1024,1.0
ISIC_0065202,1024,1024,1.0
ISIC_0065206,1024,1024,1.0
ISIC_0065207,1024,1024,1.0
ISIC_0065210,1024,1024,1.0
ISIC_0065212,1024,1024,1.0
ISIC_0065214,1024,1024,1.0
ISIC_0065215,1024,1024,1.0
ISIC_0065218,1024,1024,1.0
ISIC_0065219,1024,1024,1.0
ISIC_0065222,1024,1024,1.0
ISIC_0065228,1024,1024,1.0
ISIC_0065229,1024,1024,1.0
ISIC_0065231,1024,1024,1.0
ISIC_0065232,1024,1024,1.0
ISIC_0065233,1024,1024,1.0
ISIC_0065235,1024,1024,1.0
ISIC_0065236,1024,1024,1.0
ISIC_0065239,1024,1024,1.0
ISIC_0065247,1024,1024,1.0
ISIC_0065248,1024,1024,1.0
ISIC_0065249,1024,1024,1.0
ISIC_0065251,1024,1024,1.0
ISIC_0065253,1024,1024,1.0
ISIC_0065254,1024,1024,1.0
ISIC_0065255,1024,1024,1.0
ISIC_0065259,1024,1024,1.0
ISIC_0065260,1024,1024,1.0
ISIC_0065264,1024,1024,1.0
ISIC_0065269,1024,1024,1.0
ISIC_0065270,1024,1024,1.0
ISIC_0065272,1024,1024,1.0
ISIC_0065273,1024,1024,1.0
ISIC_0065274,1024,1024,1.0
ISIC_0065275,1024,1024,1.0
ISIC_0065276,1024,1024,1.0
ISIC_0065277,1024,1024,1.0
ISIC_0065278,1024,1024,1.0
ISIC_0065279,1024,1024,1.0
ISIC_0065281,1024,1024,1.0
ISIC_0065283,1024,1024,1.0
ISIC_0065290,1024,1024,1.0
ISIC_0065291,1024,1024,1.0
ISIC_0065292,1024,1024,1.0
ISIC_0065294,1024,1024,1.0
ISIC_0065295,1024,1024,1.0
ISIC_0065297,1024,1024,1.0
ISIC_0065298,1024,1024,1.0
ISIC_0065302,1024,1024,1.0
ISIC_0065303,1024,1024,1.0
ISIC_0065304,1024,1024,1.0
ISIC_0065305,1024,1024,1.0
ISIC_0065307,1024,1024,1.0
ISIC_0065308,1024,1024,1.0
ISIC_0065309,1024,1024,1.0
ISIC_0065312,1024,1024,1.0
ISIC_0065314,1024,1024,1.0
ISIC_0065315,1024,1024,1.0
ISIC_0065319,1024,1024,1.0
ISIC_0065320,1024,1024,1.0
ISIC_0065322,1024,1024,1.0
ISIC_0065323,1024,1024,1.0
ISIC_0065326,1024,1024,1.0
ISIC_0065328,1024,1024,1.0
ISIC_0065329,1024,1024,1.0
ISIC_0065330,1024,1024,1.0
ISIC_0065332,1024,1024,1.0
ISIC_0065333,1024,1024,1.0
ISIC_0065334,1024,1024,1.0
ISIC_0065335,1024,1024,1.0
ISIC_0065337,1024,1024,1.0
ISIC_0065338,1024,1024,1.0
ISIC_0065339,1024,1024,1.0
ISIC_0065341,1024,1024,1.0
ISIC_0065342,1024,1024,1.0
ISIC_0065344,1024,1024,1.0
ISIC_0065345,1024,1024,1.0
ISIC_0065346,1024,1024,1.0
ISIC_0065348,1024,1024,1.0
ISIC_0065351,1024,1024,1.0
ISIC_0065353,1024,1024,1.0
ISIC_0065355,1024,1024,1.0
ISIC_0065357,1024,1024,1.0
ISIC_0065359,1024,1024,1.0
ISIC_0065360,1024,1024,1.0
ISIC_0065361,1024,1024,1.0
ISIC_0065362,1024,1024,1.0
ISIC_0065366,1024,1024,1.0
ISIC_0065367,1024,1024,1.0
ISIC_0065368,1024,1024,1.0
ISIC_0065370,1024,1024,1.0
ISIC_0065371,1024,1024,1.0
ISIC_0065372,1024,1024,1.0
ISIC_0065374,1024,1024,1.0
ISIC_0065376,1024,1024,1.0
ISIC_0065377,1024,1024,1.0
ISIC_0065378,1024,1024,1.0
ISIC_0065379,1024,1024,1.0
ISIC_0065383,1024,1024,1.0
ISIC_0065385,1024,1024,1.0
ISIC_0065389,1024,1024,1.0
ISIC_0065390,1024,1024,1.0
ISIC_0065391,1024,1024,1.0
ISIC_0065392,1024,1024,1.0
ISIC_0065393,1024,1024,1.0
ISIC_0065394,1024,1024,1.0
ISIC_0065396,1024,1024,1.0
ISIC_0065397,1024,1024,1.0
ISIC_0065398,1024,1024,1.0
ISIC_0065399,1024,1024,1.0
ISIC_0065400,1024,1024,1.0
ISIC_0065401,1024,1024,1.0
ISIC_0065404,1024,1024,1.0
ISIC_0065405,1024,1024,1.0
ISIC_0065407,1024,1024,1.0
ISIC_0065413,1024,1024,1.0
ISIC_0065415,1024,1024,1.0
ISIC_0065416,1024,1024,1.0
ISIC_0065426,1024,1024,1.0
ISIC_0065427,1024,1024,1.0
ISIC_0065428,1024,1024,1.0
ISIC_0065430,1024,1024,1.0
ISIC_0065431,1024,1024,1.0
ISIC_0065432,1024,1024,1.0
ISIC_0065433,1024,1024,1.0
ISIC_0065436,1024,1024,1.0
ISIC_0065439,1024,1024,1.0
ISIC_0065441,1024,1024,1.0
ISIC_0065447,1024,1024,1.0
ISIC_0065448,1024,1024,1.0
ISIC_0065449,1024,1024,1.0
ISIC_0065450,1024,1024,1.0
ISIC_0065453,1024,1024,1.0
ISIC_0065455,1024,1024,1.0
ISIC_0065457,1024,1024,1.0
ISIC_0065458,1024,1024,1.0
ISIC_0065461,1024,1024,1.0
ISIC_0065462,1024,1024,1.0
ISIC_0065463,1024,1024,1.0
ISIC_0065465,1024,1024,1.0
ISIC_0065468,1024,1024,1.0
ISIC_0065469,1024,1024,1.0
ISIC_0065470,1024,1024,1.0
ISIC_0065471,1024,1024,1.0
ISIC_0065472,1024,1024,1.0
ISIC_0065473,1024,1024,1.0
ISIC_0065476,1024,1024,1.0
ISIC_0065477,1024,1024,1.0
ISIC_0065480,1024,1024,1.0
ISIC_0065483,1024,1024,1.0
ISIC_0065486,1024,1024,1.0
ISIC_0065489,1024,1024,1.0
ISIC_0065490,1024,1024,1.0
ISIC_0065492,1024,1024,1.0
ISIC_0065493,1024,1024,1.0
ISIC_0065495,1024,1024,1.0
ISIC_0065498,1024,1024,1.0
ISIC_0065502,1024,1024,1.0
ISIC_0065503,1024,1024,1.0
ISIC_0065505,1024,1024,1.0
ISIC_0065508,1024,1024,1.0
ISIC_0065509,1024,1024,1.0
ISIC_0065510,1024,1024,1.0
ISIC_0065513,1024,1024,1.0
ISIC_0065514,1024,1024,1.0
ISIC_0065516,1024,1024,1.0
ISIC_0065517,1024,1024,1.0
ISIC_0065519,1024,1024,1.0
ISIC_0065523,1024,1024,1.0
ISIC_0065525,1024,1024,1.0
ISIC_0065528,1024,1024,1.0
ISIC_0065532,1024,1024,1.0
ISIC_0065534,1024,1024,1.0
ISIC_0065535,1024,1024,1.0
ISIC_0065536,1024,1024,1.0
ISIC_0065537,1024,1024,1.0
ISIC_0065538,1024,1024,1.0
ISIC_0065539,1024,1024,1.0
ISIC_0065540,1024,1024,1.0
ISIC_0065541,1024,1024,1.0
ISIC_0065542,1024,1024,1.0
ISIC_0065545,1024,1024,1.0
ISIC_0065546,1024,1024,1.0
ISIC_0065547,1024,1024,1.0
ISIC_0065548,1024,1024,1.0
ISIC_0065554,1024,1024,1.0
ISIC_0065555,1024,1024,1.0
ISIC_0065556,1024,1024,1.0
ISIC_0065558,1024,1024,1.0
ISIC_0065561,1024,1024,1.0
ISIC_0065563,1024,1024,1.0
ISIC_0065567,1024,1024,1.0
ISIC_0065569,1024,1024,1.0
ISIC_0065570,1024,1024,1.0
ISIC_0065572,1024,1024,1.0
ISIC_0065577,1024,1024,1.0
ISIC_0065578,1024,1024,1.0
ISIC_0065579,1024,1024,1.0
ISIC_0065581,1024,1024,1.0
ISIC_0065582,1024,1024,1.0
ISIC_0065584,1024,1024,1.0
ISIC_0065585,1024,1024,1.0
ISIC_0065586,1024,1024,1.0
ISIC_0065588,1024,1024,1.0
ISIC_0065589,1024,1024,1.0
ISIC_0065590,1024,1024,1.0
ISIC_0065591,1024,1024,1.0
ISIC_0065592,1024,1024,1.0
ISIC_0065593,1024,1024,1.0
ISIC_0065594,1024,1024,1.0
ISIC_0065595,1024,1024,1.0
ISIC_0065600,1024,1024,1.0
ISIC_0065601,1024,1024,1.0
ISIC_0065602,1024,1024,1.0
ISIC_0065603,1024,1024,1.0
ISIC_0065605,1024,1024,1.0
ISIC_0065607,1024,1024,1.0
ISIC_0065611,1024,1024,1.0
ISIC_0065612,1024,1024,1.0
ISIC_0065613,1024,1024,1.0
ISIC_0065614,1024,1024,1.0
ISIC_0065615,1024,1024,1.0
ISIC_0065616,1024,1024,1.0
ISIC_0065619,1024,1024,1.0
ISIC_0065622,1024,1024,1.0
ISIC_0065624,1024,1024,1.0
ISIC_0065626,1024,1024,1.0
ISIC_0065627,1024,1024,1.0
ISIC_0065630,1024,1024,1.0
ISIC_0065631,1024,1024,1.0
ISIC_0065632,1024,1024,1.0
ISIC_0065633,1024,1024,1.0
ISIC_0065635,1024,1024,1.0
ISIC_0065639,1024,1024,1.0
ISIC_0065640,1024,1024,1.0
ISIC_0065644,1024,1024,1.0
ISIC_0065647,1024,1024,1.0
ISIC_0065648,1024,1024,1.0
ISIC_0065649,1024,1024,1.0
ISIC_0065654,1024,1024,1.0
ISIC_0065657,1024,1024,1.0
ISIC_0065658,1024,1024,1.0
ISIC_0065661,1024,1024,1.0
ISIC_0065662,1024,1024,1.0
ISIC_0065664,1024,1024,1.0
ISIC_0065665,1024,1024,1.0
ISIC_0065666,1024,1024,1.0
ISIC_0065668,1024,1024,1.0
ISIC_0065670,1024,1024,1.0
ISIC_0065671,1024,1024,1.0
ISIC_0065672,1024,1024,1.0
ISIC_0065675,1024,1024,1.0
ISIC_0065677,1024,1024,1.0
ISIC_0065678,1024,1024,1.0
ISIC_0065684,1024,1024,1.0
ISIC_0065687,1024,1024,1.0
ISIC_0065688,1024,1024,1.0
ISIC_0065694,1024,1024,1.0
ISIC_0065696,1024,1024,1.0
ISIC_0065697,1024,1024,1.0
ISIC_0065699,1024,1024,1.0
ISIC_0065700,1024,1024,1.0
ISIC_0065703,1024,1024,1.0
ISIC_0065709,1024,1024,1.0
ISIC_0065710,1024,1024,1.0
ISIC_0065718,1024,1024,1.0
ISIC_0065720,1024,1024,1.0
ISIC_0065721,1024,1024,1.0
ISIC_0065722,1024,1024,1.0
ISIC_0065723,1024,1024,1.0
ISIC_0065727,1024,1024,1.0
ISIC_0065732,1024,1024,1.0
ISIC_0065735,1024,1024,1.0
ISIC_0065740,1024,1024,1.0
ISIC_0065741,1024,1024,1.0
ISIC_0065743,1024,1024,1.0
ISIC_0065744,1024,1024,1.0
ISIC_0065746,1024,1024,1.0
ISIC_0065748,1024,1024,1.0
ISIC_0065751,1024,1024,1.0
ISIC_0065752,1024,1024,1.0
ISIC_0065753,1024,1024,1.0
ISIC_0065754,1024,1024,1.0
ISIC_0065756,1024,1024,1.0
ISIC_0065757,1024,1024,1.0
ISIC_0065765,1024,1024,1.0
ISIC_0065766,1024,1024,1.0
ISIC_0065767,1024,1024,1.0
ISIC_0065768,1024,1024,1.0
ISIC_0065771,1024,1024,1.0
ISIC_0065772,1024,1024,1.0
ISIC_0065773,1024,1024,1.0
ISIC_0065775,1024,1024,1.0
ISIC_0065780,1024,1024,1.0
ISIC_0065783,1024,1024,1.0
ISIC_0065784,1024,1024,1.0
ISIC_0065785,1024,1024,1.0
ISIC_0065789,1024,1024,1.0
ISIC_0065790,1024,1024,1.0
ISIC_0065795,1024,1024,1.0
ISIC_0065796,1024,1024,1.0
ISIC_0065797,1024,1024,1.0
ISIC_0065800,1024,1024,1.0
ISIC_0065801,1024,1024,1.0
ISIC_0065804,1024,1024,1.0
ISIC_0065805,1024,1024,1.0
ISIC_0065806,1024,1024,1.0
ISIC_0065808,1024,1024,1.0
ISIC_0065809,1024,1024,1.0
ISIC_0065810,1024,1024,1.0
ISIC_0065811,1024,1024,1.0
ISIC_0065812,1024,1024,1.0
ISIC_0065816,1024,1024,1.0
ISIC_0065818,1024,1024,1.0
ISIC_0065819,1024,1024,1.0
ISIC_0065820,1024,1024,1.0
ISIC_0065823,1024,1024,1.0
ISIC_0065830,1024,1024,1.0
ISIC_0065832,1024,1024,1.0
ISIC_0065833,1024,1024,1.0
ISIC_0065835,1024,1024,1.0
ISIC_0065836,1024,1024,1.0
ISIC_0065838,1024,1024,1.0
ISIC_0065841,1024,1024,1.0
ISIC_0065843,1024,1024,1.0
ISIC_0065846,1024,1024,1.0
ISIC_0065847,1024,1024,1.0
ISIC_0065849,1024,1024,1.0
ISIC_0065852,1024,1024,1.0
ISIC_0065853,1024,1024,1.0
ISIC_0065856,1024,1024,1.0
ISIC_0065858,1024,1024,1.0
ISIC_0065859,1024,1024,1.0
ISIC_0065861,1024,1024,1.0
ISIC_0065862,1024,1024,1.0
ISIC_0065863,1024,1024,1.0
ISIC_0065864,1024,1024,1.0
ISIC_0065865,1024,1024,1.0
ISIC_0065866,1024,1024,1.0
ISIC_0065872,1024,1024,1.0
ISIC_0065873,1024,1024,1.0
ISIC_0065875,1024,1024,1.0
ISIC_0065876,1024,1024,1.0
ISIC_0065878,1024,1024,1.0
ISIC_0065879,1024,1024,1.0
ISIC_0065880,1024,1024,1.0
ISIC_0065881,1024,1024,1.0
ISIC_0065885,1024,1024,1.0
ISIC_0065887,1024,1024,1.0
ISIC_0065889,1024,1024,1.0
ISIC_0065890,1024,1024,1.0
ISIC_0065892,1024,1024,1.0
ISIC_0065898,1024,1024,1.0
ISIC_0065900,1024,1024,1.0
ISIC_0065901,1024,1024,1.0
ISIC_0065909,1024,1024,1.0
ISIC_0065911,1024,1024,1.0
ISIC_0065917,1024,1024,1.0
ISIC_0065919,1024,1024,1.0
ISIC_0065920,1024,1024,1.0
ISIC_0065921,1024,1024,1.0
ISIC_0065924,1024,1024,1.0
ISIC_0065927,1024,1024,1.0
ISIC_0065928,1024,1024,1.0
ISIC_0065929,1024,1024,1.0
ISIC_0065935,1024,1024,1.0
ISIC_0065937,1024,1024,1.0
ISIC_0065940,1024,1024,1.0
ISIC_0065942,1024,1024,1.0
ISIC_0065947,1024,1024,1.0
ISIC_0065951,1024,1024,1.0
ISIC_0065952,1024,1024,1.0
ISIC_0065953,1024,1024,1.0
ISIC_0065954,1024,1024,1.0
ISIC_0065960,1024,1024,1.0
ISIC_0065962,1024,1024,1.0
ISIC_0065963,1024,1024,1.0
ISIC_0065964,1024,1024,1.0
ISIC_0065967,1024,1024,1.0
ISIC_0065968,1024,1024,1.0
ISIC_0065969,1024,1024,1.0
ISIC_0065972,1024,1024,1.0
ISIC_0065974,1024,1024,1.0
ISIC_0065977,1024,1024,1.0
ISIC_0065980,1024,1024,1.0
ISIC_0065982,1024,1024,1.0
ISIC_0065986,1024,1024,1.0
ISIC_0065987,1024,1024,1.0
ISIC_0065990,1024,1024,1.0
ISIC_0065992,1024,1024,1.0
ISIC_0065993,1024,1024,1.0
ISIC_0065995,1024,1024,1.0
ISIC_0065999,1024,1024,1.0
ISIC_0066000,1024,1024,1.0
ISIC_0066001,1024,1024,1.0
ISIC_0066003,1024,1024,1.0
ISIC_0066004,1024,1024,1.0
ISIC_0066006,1024,1024,1.0
ISIC_0066009,1024,1024,1.0
ISIC_0066010,1024,1024,1.0
ISIC_0066012,1024,1024,1.0
ISIC_0066013,1024,1024,1.0
ISIC_0066020,1024,1024,1.0
ISIC_0066021,1024,1024,1.0
ISIC_0066022,1024,1024,1.0
ISIC_0066025,1024,1024,1.0
ISIC_0066028,1024,1024,1.0
ISIC_0066033,1024,1024,1.0
ISIC_0066034,1024,1024,1.0
ISIC_0066039,1024,1024,1.0
ISIC_0066046,1024,1024,1.0
ISIC_0066048,1024,1024,1.0
ISIC_0066050,1024,1024,1.0
ISIC_0066051,1024,1024,1.0
ISIC_0066058,1024,1024,1.0
ISIC_0066060,1024,1024,1.0
ISIC_0066061,1024,1024,1.0
ISIC_0066062,1024,1024,1.0
ISIC_0066063,1024,1024,1.0
ISIC_0066067,1024,1024,1.0
ISIC_0066068,1024,1024,1.0
ISIC_0066071,1024,1024,1.0
ISIC_0066078,1024,1024,1.0
ISIC_0066082,1024,1024,1.0
ISIC_0066085,1024,1024,1.0
ISIC_0066086,1024,1024,1.0
ISIC_0066089,1024,1024,1.0
ISIC_0066090,1024,1024,1.0
ISIC_0066094,1024,1024,1.0
ISIC_0066096,1024,1024,1.0
ISIC_0066097,1024,1024,1.0
ISIC_0066098,1024,1024,1.0
ISIC_0066099,1024,1024,1.0
ISIC_0066101,1024,1024,1.0
ISIC_0066103,1024,1024,1.0
ISIC_0066104,1024,1024,1.0
ISIC_0066105,1024,1024,1.0
ISIC_0066106,1024,1024,1.0
ISIC_0066107,1024,1024,1.0
ISIC_0066109,1024,1024,1.0
ISIC_0066111,1024,1024,1.0
ISIC_0066114,1024,1024,1.0
ISIC_0066115,1024,1024,1.0
ISIC_0066116,1024,1024,1.0
ISIC_0066118,1024,1024,1.0
ISIC_0066119,1024,1024,1.0
ISIC_0066122,1024,1024,1.0
ISIC_0066125,1024,1024,1.0
ISIC_0066126,1024,1024,1.0
ISIC_0066127,1024,1024,1.0
ISIC_0066129,1024,1024,1.0
ISIC_0066130,1024,1024,1.0
ISIC_0066131,1024,1024,1.0
ISIC_0066132,1024,1024,1.0
ISIC_0066136,1024,1024,1.0
ISIC_0066137,1024,1024,1.0
ISIC_0066138,1024,1024,1.0
ISIC_0066139,1024,1024,1.0
ISIC_0066143,1024,1024,1.0
ISIC_0066144,1024,1024,1.0
ISIC_0066148,1024,1024,1.0
ISIC_0066149,1024,1024,1.0
ISIC_0066150,1024,1024,1.0
ISIC_0066151,1024,1024,1.0
ISIC_0066153,1024,1024,1.0
ISIC_0066155,1024,1024,1.0
ISIC_0066156,1024,1024,1.0
ISIC_0066157,1024,1024,1.0
ISIC_0066162,1024,1024,1.0
ISIC_0066164,1024,1024,1.0
ISIC_0066166,1024,1024,1.0
ISIC_0066174,1024,1024,1.0
ISIC_0066180,1024,1024,1.0
ISIC_0066181,1024,1024,1.0
ISIC_0066182,1024,1024,1.0
ISIC_0066193,1024,1024,1.0
ISIC_0066195,1024,1024,1.0
ISIC_0066197,1024,1024,1.0
ISIC_0066198,1024,1024,1.0
ISIC_0066200,1024,1024,1.0
ISIC_0066202,1024,1024,1.0
ISIC_0066204,1024,1024,1.0
ISIC_0066206,1024,1024,1.0
ISIC_0066208,1024,1024,1.0
ISIC_0066209,1024,1024,1.0
ISIC_0066210,1024,1024,1.0
ISIC_0066211,1024,1024,1.0
ISIC_0066214,1024,1024,1.0
ISIC_0066215,1024,1024,1.0
ISIC_0066217,1024,1024,1.0
ISIC_0066220,1024,1024,1.0
ISIC_0066222,1024,1024,1.0
ISIC_0066223,1024,1024,1.0
ISIC_0066225,1024,1024,1.0
ISIC_0066229,1024,1024,1.0
ISIC_0066230,1024,1024,1.0
ISIC_0066232,1024,1024,1.0
ISIC_0066233,1024,1024,1.0
ISIC_0066236,1024,1024,1.0
ISIC_0066238,1024,1024,1.0
ISIC_0066239,1024,1024,1.0
ISIC_0066242,1024,1024,1.0
ISIC_0066247,1024,1024,1.0
ISIC_0066248,1024,1024,1.0
ISIC_0066250,1024,1024,1.0
ISIC_0066251,1024,1024,1.0
ISIC_0066252,1024,1024,1.0
ISIC_0066254,1024,1024,1.0
ISIC_0066257,1024,1024,1.0
ISIC_0066259,1024,1024,1.0
ISIC_0066261,1024,1024,1.0
ISIC_0066263,1024,1024,1.0
ISIC_0066264,1024,1024,1.0
ISIC_0066270,1024,1024,1.0
ISIC_0066271,1024,1024,1.0
ISIC_0066272,1024,1024,1.0
ISIC_0066274,1024,1024,1.0
ISIC_0066277,1024,1024,1.0
ISIC_0066278,1024,1024,1.0
ISIC_0066282,1024,1024,1.0
ISIC_0066283,1024,1024,1.0
ISIC_0066285,1024,1024,1.0
ISIC_0066288,1024,1024,1.0
ISIC_0066290,1024,1024,1.0
ISIC_0066294,1024,1024,1.0
ISIC_0066295,1024,1024,1.0
ISIC_0066296,1024,1024,1.0
ISIC_0066297,1024,1024,1.0
ISIC_0066300,1024,1024,1.0
ISIC_0066301,1024,1024,1.0
ISIC_0066306,1024,1024,1.0
ISIC_0066308,1024,1024,1.0
ISIC_0066313,1024,1024,1.0
ISIC_0066314,1024,1024,1.0
ISIC_0066318,1024,1024,1.0
ISIC_0066319,1024,1024,1.0
ISIC_0066320,1024,1024,1.0
ISIC_0066321,1024,1024,1.0
ISIC_0066322,1024,1024,1.0
ISIC_0066325,1024,1024,1.0
ISIC_0066327,1024,1024,1.0
ISIC_0066328,1024,1024,1.0
ISIC_0066329,1024,1024,1.0
ISIC_0066330,1024,1024,1.0
ISIC_0066331,1024,1024,1.0
ISIC_0066332,1024,1024,1.0
ISIC_0066337,1024,1024,1.0
ISIC_0066338,1024,1024,1.0
ISIC_0066339,1024,1024,1.0
ISIC_0066340,1024,1024,1.0
ISIC_0066342,1024,1024,1.0
ISIC_0066344,1024,1024,1.0
ISIC_0066345,1024,1024,1.0
ISIC_0066346,1024,1024,1.0
ISIC_0066348,1024,1024,1.0
ISIC_0066349,1024,1024,1.0
ISIC_0066355,1024,1024,1.0
ISIC_0066356,1024,1024,1.0
ISIC_0066358,1024,1024,1.0
ISIC_0066359,1024,1024,1.0
ISIC_0066360,1024,1024,1.0
ISIC_0066362,1024,1024,1.0
ISIC_0066363,1024,1024,1.0
ISIC_0066366,1024,1024,1.0
ISIC_0066367,1024,1024,1.0
ISIC_0066370,1024,1024,1.0
ISIC_0066371,1024,1024,1.0
ISIC_0066374,1024,1024,1.0
ISIC_0066376,1024,1024,1.0
ISIC_0066377,1024,1024,1.0
ISIC_0066378,1024,1024,1.0
ISIC_0066381,1024,1024,1.0
ISIC_0066382,1024,1024,1.0
ISIC_0066383,1024,1024,1.0
ISIC_0066384,1024,1024,1.0
ISIC_0066385,1024,1024,1.0
ISIC_0066389,1024,1024,1.0
ISIC_0066390,1024,1024,1.0
ISIC_0066391,1024,1024,1.0
ISIC_0066392,1024,1024,1.0
ISIC_0066393,1024,1024,1.0
ISIC_0066395,1024,1024,1.0
ISIC_0066396,1024,1024,1.0
ISIC_0066397,1024,1024,1.0
ISIC_0066398,1024,1024,1.0
ISIC_0066399,1024,1024,1.0
ISIC_0066400,1024,1024,1.0
ISIC_0066403,1024,1024,1.0
ISIC_0066404,1024,1024,1.0
ISIC_0066405,1024,1024,1.0
ISIC_0066407,1024,1024,1.0
ISIC_0066411,1024,1024,1.0
ISIC_0066412,1024,1024,1.0
ISIC_0066414,1024,1024,1.0
ISIC_0066415,1024,1024,1.0
ISIC_0066420,1024,1024,1.0
ISIC_0066422,1024,1024,1.0
ISIC_0066423,1024,1024,1.0
ISIC_0066426,1024,1024,1.0
ISIC_0066429,1024,1024,1.0
ISIC_0066430,1024,1024,1.0
ISIC_0066431,1024,1024,1.0
ISIC_0066434,1024,1024,1.0
ISIC_0066436,1024,1024,1.0
ISIC_0066439,1024,1024,1.0
ISIC_0066440,1024,1024,1.0
ISIC_0066441,1024,1024,1.0
ISIC_0066442,1024,1024,1.0
ISIC_0066444,1024,1024,1.0
ISIC_0066446,1024,1024,1.0
ISIC_0066448,1024,1024,1.0
ISIC_0066449,1024,1024,1.0
ISIC_0066450,1024,1024,1.0
ISIC_0066453,1024,1024,1.0
ISIC_0066454,1024,1024,1.0
ISIC_0066455,1024,1024,1.0
ISIC_0066456,1024,1024,1.0
ISIC_0066458,1024,1024,1.0
ISIC_0066460,1024,1024,1.0
ISIC_0066462,1024,1024,1.0
ISIC_0066469,1024,1024,1.0
ISIC_0066472,1024,1024,1.0
ISIC_0066473,1024,1024,1.0
ISIC_0066474,1024,1024,1.0
ISIC_0066475,1024,1024,1.0
ISIC_0066476,1024,1024,1.0
ISIC_0066479,1024,1024,1.0
ISIC_0066480,1024,1024,1.0
ISIC_0066481,1024,1024,1.0
ISIC_0066482,1024,1024,1.0
ISIC_0066483,1024,1024,1.0
ISIC_0066484,1024,1024,1.0
ISIC_0066485,1024,1024,1.0
ISIC_0066487,1024,1024,1.0
ISIC_0066489,1024,1024,1.0
ISIC_0066492,1024,1024,1.0
ISIC_0066495,1024,1024,1.0
ISIC_0066497,1024,1024,1.0
ISIC_0066500,1024,1024,1.0
ISIC_0066503,1024,1024,1.0
ISIC_0066504,1024,1024,1.0
ISIC_0066505,1024,1024,1.0
ISIC_0066506,1024,1024,1.0
ISIC_0066507,1024,1024,1.0
ISIC_0066509,1024,1024,1.0
ISIC_0066510,1024,1024,1.0
ISIC_0066511,1024,1024,1.0
ISIC_0066518,1024,1024,1.0
ISIC_0066519,1024,1024,1.0
ISIC_0066520,1024,1024,1.0
ISIC_0066522,1024,1024,1.0
ISIC_0066524,1024,1024,1.0
ISIC_0066527,1024,1024,1.0
ISIC_0066530,1024,1024,1.0
ISIC_0066531,1024,1024,1.0
ISIC_0066532,1024,1024,1.0
ISIC_0066533,1024,1024,1.0
ISIC_0066534,1024,1024,1.0
ISIC_0066539,1024,1024,1.0
ISIC_0066540,1024,1024,1.0
ISIC_0066541,1024,1024,1.0
ISIC_0066544,1024,1024,1.0
ISIC_0066546,1024,1024,1.0
ISIC_0066549,1024,1024,1.0
ISIC_0066555,1024,1024,1.0
ISIC_0066556,1024,1024,1.0
ISIC_0066557,1024,1024,1.0
ISIC_0066561,1024,1024,1.0
ISIC_0066563,1024,1024,1.0
ISIC_0066564,1024,1024,1.0
ISIC_0066565,1024,1024,1.0
ISIC_0066566,1024,1024,1.0
ISIC_0066567,1024,1024,1.0
ISIC_0066569,1024,1024,1.0
ISIC_0066570,1024,1024,1.0
ISIC_0066572,1024,1024,1.0
ISIC_0066574,1024,1024,1.0
ISIC_0066575,1024,1024,1.0
ISIC_0066579,1024,1024,1.0
ISIC_0066580,1024,1024,1.0
ISIC_0066584,1024,1024,1.0
ISIC_0066585,1024,1024,1.0
ISIC_0066586,1024,1024,1.0
ISIC_0066588,1024,1024,1.0
ISIC_0066592,1024,1024,1.0
ISIC_0066594,1024,1024,1.0
ISIC_0066595,1024,1024,1.0
ISIC_0066597,1024,1024,1.0
ISIC_0066602,1024,1024,1.0
ISIC_0066603,1024,1024,1.0
ISIC_0066607,1024,1024,1.0
ISIC_0066608,1024,1024,1.0
ISIC_0066613,1024,1024,1.0
ISIC_0066615,1024,1024,1.0
ISIC_0066617,1024,1024,1.0
ISIC_0066618,1024,1024,1.0
ISIC_0066620,1024,1024,1.0
ISIC_0066623,1024,1024,1.0
ISIC_0066624,1024,1024,1.0
ISIC_0066626,1024,1024,1.0
ISIC_0066627,1024,1024,1.0
ISIC_0066628,1024,1024,1.0
ISIC_0066630,1024,1024,1.0
ISIC_0066632,1024,1024,1.0
ISIC_0066633,1024,1024,1.0
ISIC_0066636,1024,1024,1.0
ISIC_0066637,1024,1024,1.0
ISIC_0066640,1024,1024,1.0
ISIC_0066641,1024,1024,1.0
ISIC_0066643,1024,1024,1.0
ISIC_0066645,1024,1024,1.0
ISIC_0066646,1024,1024,1.0
ISIC_0066647,1024,1024,1.0
ISIC_0066648,1024,1024,1.0
ISIC_0066651,1024,1024,1.0
ISIC_0066653,1024,1024,1.0
ISIC_0066654,1024,1024,1.0
ISIC_0066655,1024,1024,1.0
ISIC_0066657,1024,1024,1.0
ISIC_0066659,1024,1024,1.0
ISIC_0066664,1024,1024,1.0
ISIC_0066666,1024,1024,1.0
ISIC_0066668,1024,1024,1.0
ISIC_0066674,1024,1024,1.0
ISIC_0066676,1024,1024,1.0
ISIC_0066678,1024,1024,1.0
ISIC_0066679,1024,1024,1.0
ISIC_0066680,1024,1024,1.0
ISIC_0066684,1024,1024,1.0
ISIC_0066685,1024,1024,1.0
ISIC_0066687,1024,1024,1.0
ISIC_0066688,1024,1024,1.0
ISIC_0066689,1024,1024,1.0
ISIC_0066692,1024,1024,1.0
ISIC_0066694,1024,1024,1.0
ISIC_0066695,1024,1024,1.0
ISIC_0066696,1024,1024,1.0
ISIC_0066697,1024,1024,1.0
ISIC_0066701,1024,1024,1.0
ISIC_0066702,1024,1024,1.0
ISIC_0066704,1024,1024,1.0
ISIC_0066706,1024,1024,1.0
ISIC_0066707,1024,1024,1.0
ISIC_0066709,1024,1024,1.0
ISIC_0066711,1024,1024,1.0
ISIC_0066713,1024,1024,1.0
ISIC_0066714,1024,1024,1.0
ISIC_0066716,1024,1024,1.0
ISIC_0066719,1024,1024,1.0
ISIC_0066721,1024,1024,1.0
ISIC_0066724,1024,1024,1.0
ISIC_0066725,1024,1024,1.0
ISIC_0066727,1024,1024,1.0
ISIC_0066728,1024,1024,1.0
ISIC_0066729,1024,1024,1.0
ISIC_0066734,1024,1024,1.0
ISIC_0066735,1024,1024,1.0
ISIC_0066736,1024,1024,1.0
ISIC_0066737,1024,1024,1.0
ISIC_0066739,1024,1024,1.0
ISIC_0066740,1024,1024,1.0
ISIC_0066742,1024,1024,1.0
ISIC_0066743,1024,1024,1.0
ISIC_0066745,1024,1024,1.0
ISIC_0066746,1024,1024,1.0
ISIC_0066747,1024,1024,1.0
ISIC_0066749,1024,1024,1.0
ISIC_0066750,1024,1024,1.0
ISIC_0066751,1024,1024,1.0
ISIC_0066755,1024,1024,1.0
ISIC_0066756,1024,1024,1.0
ISIC_0066759,1024,1024,1.0
ISIC_0066761,1024,1024,1.0
ISIC_0066762,1024,1024,1.0
ISIC_0066764,1024,1024,1.0
ISIC_0066767,1024,1024,1.0
ISIC_0066769,1024,1024,1.0
ISIC_0066772,1024,1024,1.0
ISIC_0066773,1024,1024,1.0
ISIC_0066774,1024,1024,1.0
ISIC_0066776,1024,1024,1.0
ISIC_0066777,1024,1024,1.0
ISIC_0066778,1024,1024,1.0
ISIC_0066779,1024,1024,1.0
ISIC_0066780,1024,1024,1.0
ISIC_0066781,1024,1024,1.0
ISIC_0066782,1024,1024,1.0
ISIC_0066784,1024,1024,1.0
ISIC_0066785,1024,1024,1.0
ISIC_0066787,1024,1024,1.0
ISIC_0066790,1024,1024,1.0
ISIC_0066792,1024,1024,1.0
ISIC_0066797,1024,1024,1.0
ISIC_0066798,1024,1024,1.0
ISIC_0066799,1024,1024,1.0
ISIC_0066803,1024,1024,1.0
ISIC_0066807,1024,1024,1.0
ISIC_0066810,1024,1024,1.0
ISIC_0066814,1024,1024,1.0
ISIC_0066818,1024,1024,1.0
ISIC_0066821,1024,1024,1.0
ISIC_0066824,1024,1024,1.0
ISIC_0066825,1024,1024,1.0
ISIC_0066828,1024,1024,1.0
ISIC_0066831,1024,1024,1.0
ISIC_0066834,1024,1024,1.0
ISIC_0066835,1024,1024,1.0
ISIC_0066836,1024,1024,1.0
ISIC_0066837,1024,1024,1.0
ISIC_0066841,1024,1024,1.0
ISIC_0066842,1024,1024,1.0
ISIC_0066843,1024,1024,1.0
ISIC_0066845,1024,1024,1.0
ISIC_0066850,1024,1024,1.0
ISIC_0066852,1024,1024,1.0
ISIC_0066853,1024,1024,1.0
ISIC_0066855,1024,1024,1.0
ISIC_0066856,1024,1024,1.0
ISIC_0066857,1024,1024,1.0
ISIC_0066860,1024,1024,1.0
ISIC_0066861,1024,1024,1.0
ISIC_0066862,1024,1024,1.0
ISIC_0066864,1024,1024,1.0
ISIC_0066867,1024,1024,1.0
ISIC_0066868,1024,1024,1.0
ISIC_0066870,1024,1024,1.0
ISIC_0066872,1024,1024,1.0
ISIC_0066873,1024,1024,1.0
ISIC_0066882,1024,1024,1.0
ISIC_0066884,1024,1024,1.0
ISIC_0066885,1024,1024,1.0
ISIC_0066888,1024,1024,1.0
ISIC_0066890,1024,1024,1.0
ISIC_0066892,1024,1024,1.0
ISIC_0066894,1024,1024,1.0
ISIC_0066895,1024,1024,1.0
ISIC_0066896,1024,1024,1.0
ISIC_0066897,1024,1024,1.0
ISIC_0066907,1024,1024,1.0
ISIC_0066908,1024,1024,1.0
ISIC_0066910,1024,1024,1.0
ISIC_0066913,1024,1024,1.0
ISIC_0066915,1024,1024,1.0
ISIC_0066917,1024,1024,1.0
ISIC_0066919,1024,1024,1.0
ISIC_0066920,1024,1024,1.0
ISIC_0066922,1024,1024,1.0
ISIC_0066924,1024,1024,1.0
ISIC_0066925,1024,1024,1.0
ISIC_0066926,1024,1024,1.0
ISIC_0066929,1024,1024,1.0
ISIC_0066932,1024,1024,1.0
ISIC_0066934,1024,1024,1.0
ISIC_0066935,1024,1024,1.0
ISIC_0066936,1024,1024,1.0
ISIC_0066938,1024,1024,1.0
ISIC_0066939,1024,1024,1.0
ISIC_0066940,1024,1024,1.0
ISIC_0066945,1024,1024,1.0
ISIC_0066946,1024,1024,1.0
ISIC_0066949,1024,1024,1.0
ISIC_0066952,1024,1024,1.0
ISIC_0066954,1024,1024,1.0
ISIC_0066960,1024,1024,1.0
ISIC_0066963,1024,1024,1.0
ISIC_0066964,1024,1024,1.0
ISIC_0066965,1024,1024,1.0
ISIC_0066967,1024,1024,1.0
ISIC_0066968,1024,1024,1.0
ISIC_0066969,1024,1024,1.0
ISIC_0066970,1024,1024,1.0
ISIC_0066973,1024,1024,1.0
ISIC_0066975,1024,1024,1.0
ISIC_0066978,1024,1024,1.0
ISIC_0066979,1024,1024,1.0
ISIC_0066980,1024,1024,1.0
ISIC_0066982,1024,1024,1.0
ISIC_0066983,1024,1024,1.0
ISIC_0066988,1024,1024,1.0
ISIC_0066990,1024,1024,1.0
ISIC_0066992,1024,1024,1.0
ISIC_0066998,1024,1024,1.0
ISIC_0067002,1024,1024,1.0
ISIC_0067005,1024,1024,1.0
ISIC_0067006,1024,1024,1.0
ISIC_0067007,1024,1024,1.0
ISIC_0067008,1024,1024,1.0
ISIC_0067009,1024,1024,1.0
ISIC_0067010,1024,1024,1.0
ISIC_0067011,1024,1024,1.0
ISIC_0067012,1024,1024,1.0
ISIC_0067014,1024,1024,1.0
ISIC_0067015,1024,1024,1.0
ISIC_0067021,1024,1024,1.0
ISIC_0067024,1024,1024,1.0
ISIC_0067025,1024,1024,1.0
ISIC_0067027,1024,1024,1.0
ISIC_0067029,1024,1024,1.0
ISIC_0067030,1024,1024,1.0
ISIC_0067031,1024,1024,1.0
ISIC_0067034,1024,1024,1.0
ISIC_0067035,1024,1024,1.0
ISIC_0067037,1024,1024,1.0
ISIC_0067040,1024,1024,1.0
ISIC_0067042,1024,1024,1.0
ISIC_0067043,1024,1024,1.0
ISIC_0067044,1024,1024,1.0
ISIC_0067045,1024,1024,1.0
ISIC_0067048,1024,1024,1.0
ISIC_0067049,1024,1024,1.0
ISIC_0067051,1024,1024,1.0
ISIC_0067052,1024,1024,1.0
ISIC_0067055,1024,1024,1.0
ISIC_0067058,1024,1024,1.0
ISIC_0067060,1024,1024,1.0
ISIC_0067061,1024,1024,1.0
ISIC_0067063,1024,1024,1.0
ISIC_0067065,1024,1024,1.0
ISIC_0067067,1024,1024,1.0
ISIC_0067070,1024,1024,1.0
ISIC_0067071,1024,1024,1.0
ISIC_0067074,1024,1024,1.0
ISIC_0067075,1024,1024,1.0
ISIC_0067076,1024,1024,1.0
ISIC_0067077,1024,1024,1.0
ISIC_0067081,1024,1024,1.0
ISIC_0067086,1024,1024,1.0
ISIC_0067087,1024,1024,1.0
ISIC_0067088,1024,1024,1.0
ISIC_0067089,1024,1024,1.0
ISIC_0067094,1024,1024,1.0
ISIC_0067096,1024,1024,1.0
ISIC_0067097,1024,1024,1.0
ISIC_0067098,1024,1024,1.0
ISIC_0067102,1024,1024,1.0
ISIC_0067103,1024,1024,1.0
ISIC_0067106,1024,1024,1.0
ISIC_0067108,1024,1024,1.0
ISIC_0067109,1024,1024,1.0
ISIC_0067110,1024,1024,1.0
ISIC_0067113,1024,1024,1.0
ISIC_0067114,1024,1024,1.0
ISIC_0067116,1024,1024,1.0
ISIC_0067119,1024,1024,1.0
ISIC_0067120,1024,1024,1.0
ISIC_0067122,1024,1024,1.0
ISIC_0067124,1024,1024,1.0
ISIC_0067125,1024,1024,1.0
ISIC_0067127,1024,1024,1.0
ISIC_0067128,1024,1024,1.0
ISIC_0067131,1024,1024,1.0
ISIC_0067135,1024,1024,1.0
ISIC_0067136,1024,1024,1.0
ISIC_0067137,1024,1024,1.0
ISIC_0067138,1024,1024,1.0
ISIC_0067139,1024,1024,1.0
ISIC_0067141,1024,1024,1.0
ISIC_0067146,1024,1024,1.0
ISIC_0067149,1024,1024,1.0
ISIC_0067156,1024,1024,1.0
ISIC_0067159,1024,1024,1.0
ISIC_0067160,1024,1024,1.0
ISIC_0067161,1024,1024,1.0
ISIC_0067163,1024,1024,1.0
ISIC_0067164,1024,1024,1.0
ISIC_0067165,1024,1024,1.0
ISIC_0067166,1024,1024,1.0
ISIC_0067167,1024,1024,1.0
ISIC_0067170,1024,1024,1.0
ISIC_0067171,1024,1024,1.0
ISIC_0067172,1024,1024,1.0
ISIC_0067173,1024,1024,1.0
ISIC_0067175,1024,1024,1.0
ISIC_0067176,1024,1024,1.0
ISIC_0067177,1024,1024,1.0
ISIC_0067178,1024,1024,1.0
ISIC_0067179,1024,1024,1.0
ISIC_0067180,1024,1024,1.0
ISIC_0067182,1024,1024,1.0
ISIC_0067183,1024,1024,1.0
ISIC_0067186,1024,1024,1.0
ISIC_0067195,1024,1024,1.0
ISIC_0067196,1024,1024,1.0
ISIC_0067198,1024,1024,1.0
ISIC_0067199,1024,1024,1.0
ISIC_0067200,1024,1024,1.0
ISIC_0067204,1024,1024,1.0
ISIC_0067206,1024,1024,1.0
ISIC_0067210,1024,1024,1.0
ISIC_0067211,1024,1024,1.0
ISIC_0067212,1024,1024,1.0
ISIC_0067214,1024,1024,1.0
ISIC_0067217,1024,1024,1.0
ISIC_0067219,1024,1024,1.0
ISIC_0067221,1024,1024,1.0
ISIC_0067222,1024,1024,1.0
ISIC_0067228,1024,1024,1.0
ISIC_0067235,1024,1024,1.0
ISIC_0067236,1024,1024,1.0
ISIC_0067240,1024,1024,1.0
ISIC_0067241,1024,1024,1.0
ISIC_0067243,1024,1024,1.0
ISIC_0067246,1024,1024,1.0
ISIC_0067248,1024,1024,1.0
ISIC_0067249,1024,1024,1.0
ISIC_0067250,1024,1024,1.0
ISIC_0067251,1024,1024,1.0
ISIC_0067252,1024,1024,1.0
ISIC_0067253,1024,1024,1.0
ISIC_0067257,1024,1024,1.0
ISIC_0067258,1024,1024,1.0
ISIC_0067264,1024,1024,1.0
ISIC_0067265,1024,1024,1.0
ISIC_0067269,1024,1024,1.0
ISIC_0067272,1024,1024,1.0
ISIC_0067273,1024,1024,1.0
ISIC_0067274,1024,1024,1.0
ISIC_0067276,1024,1024,1.0
ISIC_0067277,1024,1024,1.0
ISIC_0067278,1024,1024,1.0
ISIC_0067279,1024,1024,1.0
ISIC_0067282,1024,1024,1.0
ISIC_0067285,1024,1024,1.0
ISIC_0067286,1024,1024,1.0
ISIC_0067288,1024,1024,1.0
ISIC_0067289,1024,1024,1.0
ISIC_0067290,1024,1024,1.0
ISIC_0067291,1024,1024,1.0
ISIC_0067292,1024,1024,1.0
ISIC_0067294,1024,1024,1.0
ISIC_0067295,1024,1024,1.0
ISIC_0067296,1024,1024,1.0
ISIC_0067301,1024,1024,1.0
ISIC_0067305,1024,1024,1.0
ISIC_0067306,1024,1024,1.0
ISIC_0067307,1024,1024,1.0
ISIC_0067308,1024,1024,1.0
ISIC_0067311,1024,1024,1.0
ISIC_0067312,1024,1024,1.0
ISIC_0067313,1024,1024,1.0
ISIC_0067314,1024,1024,1.0
ISIC_0067317,1024,1024,1.0
ISIC_0067318,1024,1024,1.0
ISIC_0067319,1024,1024,1.0
ISIC_0067321,1024,1024,1.0
ISIC_0067323,1024,1024,1.0
ISIC_0067326,1024,1024,1.0
ISIC_0067327,1024,1024,1.0
ISIC_0067329,1024,1024,1.0
ISIC_0067334,1024,1024,1.0
ISIC_0067335,1024,1024,1.0
ISIC_0067336,1024,1024,1.0
ISIC_0067338,1024,1024,1.0
ISIC_0067339,1024,1024,1.0
ISIC_0067341,1024,1024,1.0
ISIC_0067344,1024,1024,1.0
ISIC_0067345,1024,1024,1.0
ISIC_0067347,1024,1024,1.0
ISIC_0067350,1024,1024,1.0
ISIC_0067354,1024,1024,1.0
ISIC_0067355,1024,1024,1.0
ISIC_0067356,1024,1024,1.0
ISIC_0067357,1024,1024,1.0
ISIC_0067358,1024,1024,1.0
ISIC_0067362,1024,1024,1.0
ISIC_0067366,1024,1024,1.0
ISIC_0067371,1024,1024,1.0
ISIC_0067375,1024,1024,1.0
ISIC_0067376,1024,1024,1.0
ISIC_0067377,1024,1024,1.0
ISIC_0067382,1024,1024,1.0
ISIC_0067389,1024,1024,1.0
ISIC_0067390,1024,1024,1.0
ISIC_0067391,1024,1024,1.0
ISIC_0067394,1024,1024,1.0
ISIC_0067395,1024,1024,1.0
ISIC_0067397,1024,1024,1.0
ISIC_0067400,1024,1024,1.0
ISIC_0067403,1024,1024,1.0
ISIC_0067408,1024,1024,1.0
ISIC_0067409,1024,1024,1.0
ISIC_0067410,1024,1024,1.0
ISIC_0067411,1024,1024,1.0
ISIC_0067412,1024,1024,1.0
ISIC_0067414,1024,1024,1.0
ISIC_0067416,1024,1024,1.0
ISIC_0067417,1024,1024,1.0
ISIC_0067418,1024,1024,1.0
ISIC_0067420,1024,1024,1.0
ISIC_0067423,1024,1024,1.0
ISIC_0067424,1024,1024,1.0
ISIC_0067425,1024,1024,1.0
ISIC_0067426,1024,1024,1.0
ISIC_0067427,1024,1024,1.0
ISIC_0067429,1024,1024,1.0
ISIC_0067430,1024,1024,1.0
ISIC_0067431,1024,1024,1.0
ISIC_0067432,1024,1024,1.0
ISIC_0067434,1024,1024,1.0
ISIC_0067436,1024,1024,1.0
ISIC_0067438,1024,1024,1.0
ISIC_0067439,1024,1024,1.0
ISIC_0067442,1024,1024,1.0
ISIC_0067443,1024,1024,1.0
ISIC_0067444,1024,1024,1.0
ISIC_0067445,1024,1024,1.0
ISIC_0067447,1024,1024,1.0
ISIC_0067448,1024,1024,1.0
ISIC_0067449,1024,1024,1.0
ISIC_0067450,1024,1024,1.0
ISIC_0067453,1024,1024,1.0
ISIC_0067454,1024,1024,1.0
ISIC_0067456,1024,1024,1.0
ISIC_0067457,1024,1024,1.0
ISIC_0067458,1024,1024,1.0
ISIC_0067459,1024,1024,1.0
ISIC_0067460,1024,1024,1.0
ISIC_0067461,1024,1024,1.0
ISIC_0067464,1024,1024,1.0
ISIC_0067466,1024,1024,1.0
ISIC_0067467,1024,1024,1.0
ISIC_0067468,1024,1024,1.0
ISIC_0067469,1024,1024,1.0
ISIC_0067470,1024,1024,1.0
ISIC_0067476,1024,1024,1.0
ISIC_0067478,1024,1024,1.0
ISIC_0067479,1024,1024,1.0
ISIC_0067480,1024,1024,1.0
ISIC_0067483,1024,1024,1.0
ISIC_0067485,1024,1024,1.0
ISIC_0067486,1024,1024,1.0
ISIC_0067487,1024,1024,1.0
ISIC_0067488,1024,1024,1.0
ISIC_0067490,1024,1024,1.0
ISIC_0067491,1024,1024,1.0
ISIC_0067496,1024,1024,1.0
ISIC_0067497,1024,1024,1.0
ISIC_0067498,1024,1024,1.0
ISIC_0067499,1024,1024,1.0
ISIC_0067500,1024,1024,1.0
ISIC_0067501,1024,1024,1.0
ISIC_0067502,1024,1024,1.0
ISIC_0067506,1024,1024,1.0
ISIC_0067507,1024,1024,1.0
ISIC_0067510,1024,1024,1.0
ISIC_0067511,1024,1024,1.0
ISIC_0067513,1024,1024,1.0
ISIC_0067514,1024,1024,1.0
ISIC_0067515,1024,1024,1.0
ISIC_0067517,1024,1024,1.0
ISIC_0067519,1024,1024,1.0
ISIC_0067524,1024,1024,1.0
ISIC_0067527,1024,1024,1.0
ISIC_0067529,1024,1024,1.0
ISIC_0067533,1024,1024,1.0
ISIC_0067536,1024,1024,1.0
ISIC_0067539,1024,1024,1.0
ISIC_0067543,1024,1024,1.0
ISIC_0067544,1024,1024,1.0
ISIC_0067546,1024,1024,1.0
ISIC_0067549,1024,1024,1.0
ISIC_0067550,1024,1024,1.0
ISIC_0067551,1024,1024,1.0
ISIC_0067552,1024,1024,1.0
ISIC_0067557,1024,1024,1.0
ISIC_0067559,1024,1024,1.0
ISIC_0067562,1024,1024,1.0
ISIC_0067564,1024,1024,1.0
ISIC_0067565,1024,1024,1.0
ISIC_0067567,1024,1024,1.0
ISIC_0067569,1024,1024,1.0
ISIC_0067570,1024,1024,1.0
ISIC_0067572,1024,1024,1.0
ISIC_0067576,1024,1024,1.0
ISIC_0067577,1024,1024,1.0
ISIC_0067582,1024,1024,1.0
ISIC_0067584,1024,1024,1.0
ISIC_0067586,1024,1024,1.0
ISIC_0067587,1024,1024,1.0
ISIC_0067590,1024,1024,1.0
ISIC_0067592,1024,1024,1.0
ISIC_0067595,1024,1024,1.0
ISIC_0067596,1024,1024,1.0
ISIC_0067597,1024,1024,1.0
ISIC_0067598,1024,1024,1.0
ISIC_0067599,1024,1024,1.0
ISIC_0067600,1024,1024,1.0
ISIC_0067601,1024,1024,1.0
ISIC_0067603,1024,1024,1.0
ISIC_0067604,1024,1024,1.0
ISIC_0067605,1024,1024,1.0
ISIC_0067607,1024,1024,1.0
ISIC_0067611,1024,1024,1.0
ISIC_0067612,1024,1024,1.0
ISIC_0067614,1024,1024,1.0
ISIC_0067620,1024,1024,1.0
ISIC_0067621,1024,1024,1.0
ISIC_0067623,1024,1024,1.0
ISIC_0067626,1024,1024,1.0
ISIC_0067627,1024,1024,1.0
ISIC_0067628,1024,1024,1.0
ISIC_0067631,1024,1024,1.0
ISIC_0067632,1024,1024,1.0
ISIC_0067633,1024,1024,1.0
ISIC_0067638,1024,1024,1.0
ISIC_0067639,1024,1024,1.0
ISIC_0067642,1024,1024,1.0
ISIC_0067643,1024,1024,1.0
ISIC_0067646,1024,1024,1.0
ISIC_0067647,1024,1024,1.0
ISIC_0067648,1024,1024,1.0
ISIC_0067650,1024,1024,1.0
ISIC_0067652,1024,1024,1.0
ISIC_0067653,1024,1024,1.0
ISIC_0067656,1024,1024,1.0
ISIC_0067657,1024,1024,1.0
ISIC_0067661,1024,1024,1.0
ISIC_0067662,1024,1024,1.0
ISIC_0067663,1024,1024,1.0
ISIC_0067664,1024,1024,1.0
ISIC_0067666,1024,1024,1.0
ISIC_0067667,1024,1024,1.0
ISIC_0067668,1024,1024,1.0
ISIC_0067669,1024,1024,1.0
ISIC_0067672,1024,1024,1.0
ISIC_0067674,1024,1024,1.0
ISIC_0067676,1024,1024,1.0
ISIC_0067677,1024,1024,1.0
ISIC_0067680,1024,1024,1.0
ISIC_0067681,1024,1024,1.0
ISIC_0067682,1024,1024,1.0
ISIC_0067683,1024,1024,1.0
ISIC_0067684,1024,1024,1.0
ISIC_0067687,1024,1024,1.0
ISIC_0067689,1024,1024,1.0
ISIC_0067691,1024,1024,1.0
ISIC_0067692,1024,1024,1.0
ISIC_0067693,1024,1024,1.0
ISIC_0067695,1024,1024,1.0
ISIC_0067696,1024,1024,1.0
ISIC_0067697,1024,1024,1.0
ISIC_0067698,1024,1024,1.0
ISIC_0067700,1024,1024,1.0
ISIC_0067706,1024,1024,1.0
ISIC_0067707,1024,1024,1.0
ISIC_0067714,1024,1024,1.0
ISIC_0067715,1024,1024,1.0
ISIC_0067718,1024,1024,1.0
ISIC_0067719,1024,1024,1.0
ISIC_0067720,1024,1024,1.0
ISIC_0067721,1024,1024,1.0
ISIC_0067723,1024,1024,1.0
ISIC_0067726,1024,1024,1.0
ISIC_0067727,1024,1024,1.0
ISIC_0067730,1024,1024,1.0
ISIC_0067734,1024,1024,1.0
ISIC_0067735,1024,1024,1.0
ISIC_0067736,1024,1024,1.0
ISIC_0067738,1024,1024,1.0
ISIC_0067739,1024,1024,1.0
ISIC_0067740,1024,1024,1.0
ISIC_0067741,1024,1024,1.0
ISIC_0067743,1024,1024,1.0
ISIC_0067745,1024,1024,1.0
ISIC_0067746,1024,1024,1.0
ISIC_0067747,1024,1024,1.0
ISIC_0067750,1024,1024,1.0
ISIC_0067751,1024,1024,1.0
ISIC_0067752,1024,1024,1.0
ISIC_0067753,1024,1024,1.0
ISIC_0067755,1024,1024,1.0
ISIC_0067758,1024,1024,1.0
ISIC_0067760,1024,1024,1.0
ISIC_0067762,1024,1024,1.0
ISIC_0067766,1024,1024,1.0
ISIC_0067767,1024,1024,1.0
ISIC_0067772,1024,1024,1.0
ISIC_0067773,1024,1024,1.0
ISIC_0067774,1024,1024,1.0
ISIC_0067775,1024,1024,1.0
ISIC_0067776,1024,1024,1.0
ISIC_0067780,1024,1024,1.0
ISIC_0067783,1024,1024,1.0
ISIC_0067789,1024,1024,1.0
ISIC_0067790,1024,1024,1.0
ISIC_0067796,1024,1024,1.0
ISIC_0067799,1024,1024,1.0
ISIC_0067801,1024,1024,1.0
ISIC_0067803,1024,1024,1.0
ISIC_0067804,1024,1024,1.0
ISIC_0067805,1024,1024,1.0
ISIC_0067807,1024,1024,1.0
ISIC_0067808,1024,1024,1.0
ISIC_0067809,1024,1024,1.0
ISIC_0067810,1024,1024,1.0
ISIC_0067811,1024,1024,1.0
ISIC_0067813,1024,1024,1.0
ISIC_0067814,1024,1024,1.0
ISIC_0067815,1024,1024,1.0
ISIC_0067816,1024,1024,1.0
ISIC_0067818,1024,1024,1.0
ISIC_0067819,1024,1024,1.0
ISIC_0067830,1024,1024,1.0
ISIC_0067831,1024,1024,1.0
ISIC_0067832,1024,1024,1.0
ISIC_0067833,1024,1024,1.0
ISIC_0067836,1024,1024,1.0
ISIC_0067838,1024,1024,1.0
ISIC_0067839,1024,1024,1.0
ISIC_0067840,1024,1024,1.0
ISIC_0067842,1024,1024,1.0
ISIC_0067843,1024,1024,1.0
ISIC_0067845,1024,1024,1.0
ISIC_0067850,1024,1024,1.0
ISIC_0067851,1024,1024,1.0
ISIC_0067854,1024,1024,1.0
ISIC_0067855,1024,1024,1.0
ISIC_0067856,1024,1024,1.0
ISIC_0067857,1024,1024,1.0
ISIC_0067859,1024,1024,1.0
ISIC_0067860,1024,1024,1.0
ISIC_0067864,1024,1024,1.0
ISIC_0067866,1024,1024,1.0
ISIC_0067868,1024,1024,1.0
ISIC_0067869,1024,1024,1.0
ISIC_0067870,1024,1024,1.0
ISIC_0067873,1024,1024,1.0
ISIC_0067874,1024,1024,1.0
ISIC_0067875,1024,1024,1.0
ISIC_0067882,1024,1024,1.0
ISIC_0067883,1024,1024,1.0
ISIC_0067886,1024,1024,1.0
ISIC_0067887,1024,1024,1.0
ISIC_0067888,1024,1024,1.0
ISIC_0067889,1024,1024,1.0
ISIC_0067891,1024,1024,1.0
ISIC_0067892,1024,1024,1.0
ISIC_0067901,1024,1024,1.0
ISIC_0067905,1024,1024,1.0
ISIC_0067906,1024,1024,1.0
ISIC_0067910,1024,1024,1.0
ISIC_0067912,1024,1024,1.0
ISIC_0067915,1024,1024,1.0
ISIC_0067916,1024,1024,1.0
ISIC_0067922,1024,1024,1.0
ISIC_0067924,1024,1024,1.0
ISIC_0067925,1024,1024,1.0
ISIC_0067926,1024,1024,1.0
ISIC_0067927,1024,1024,1.0
ISIC_0067930,1024,1024,1.0
ISIC_0067932,1024,1024,1.0
ISIC_0067933,1024,1024,1.0
ISIC_0067934,1024,1024,1.0
ISIC_0067940,1024,1024,1.0
ISIC_0067944,1024,1024,1.0
ISIC_0067945,1024,1024,1.0
ISIC_0067946,1024,1024,1.0
ISIC_0067947,1024,1024,1.0
ISIC_0067948,1024,1024,1.0
ISIC_0067949,1024,1024,1.0
ISIC_0067951,1024,1024,1.0
ISIC_0067953,1024,1024,1.0
ISIC_0067954,1024,1024,1.0
ISIC_0067955,1024,1024,1.0
ISIC_0067956,1024,1024,1.0
ISIC_0067957,1024,1024,1.0
ISIC_0067960,1024,1024,1.0
ISIC_0067961,1024,1024,1.0
ISIC_0067966,1024,1024,1.0
ISIC_0067967,1024,1024,1.0
ISIC_0067969,1024,1024,1.0
ISIC_0067970,1024,1024,1.0
ISIC_0067972,1024,1024,1.0
ISIC_0067974,1024,1024,1.0
ISIC_0067979,1024,1024,1.0
ISIC_0067980,1024,1024,1.0
ISIC_0067982,1024,1024,1.0
ISIC_0067983,1024,1024,1.0
ISIC_0067985,1024,1024,1.0
ISIC_0067986,1024,1024,1.0
ISIC_0067988,1024,1024,1.0
ISIC_0067989,1024,1024,1.0
ISIC_0067990,1024,1024,1.0
ISIC_0067991,1024,1024,1.0
ISIC_0067992,1024,1024,1.0
ISIC_0067993,1024,1024,1.0
ISIC_0067995,1024,1024,1.0
ISIC_0067997,1024,1024,1.0
ISIC_0067998,1024,1024,1.0
ISIC_0067999,1024,1024,1.0
ISIC_0068001,1024,1024,1.0
ISIC_0068003,1024,1024,1.0
ISIC_0068004,1024,1024,1.0
ISIC_0068005,1024,1024,1.0
ISIC_0068007,1024,1024,1.0
ISIC_0068009,1024,1024,1.0
ISIC_0068012,1024,1024,1.0
ISIC_0068014,1024,1024,1.0
ISIC_0068017,1024,1024,1.0
ISIC_0068021,1024,1024,1.0
ISIC_0068023,1024,1024,1.0
ISIC_0068025,1024,1024,1.0
ISIC_0068028,1024,1024,1.0
ISIC_0068030,1024,1024,1.0
ISIC_0068032,1024,1024,1.0
ISIC_0068033,1024,1024,1.0
ISIC_0068035,1024,1024,1.0
ISIC_0068036,1024,1024,1.0
ISIC_0068038,1024,1024,1.0
ISIC_0068040,1024,1024,1.0
ISIC_0068046,1024,1024,1.0
ISIC_0068048,1024,1024,1.0
ISIC_0068050,1024,1024,1.0
ISIC_0068051,1024,1024,1.0
ISIC_0068052,1024,1024,1.0
ISIC_0068053,1024,1024,1.0
ISIC_0068054,1024,1024,1.0
ISIC_0068056,1024,1024,1.0
ISIC_0068057,1024,1024,1.0
ISIC_0068058,1024,1024,1.0
ISIC_0068061,1024,1024,1.0
ISIC_0068062,1024,1024,1.0
ISIC_0068063,1024,1024,1.0
ISIC_0068064,1024,1024,1.0
ISIC_0068071,1024,1024,1.0
ISIC_0068072,1024,1024,1.0
ISIC_0068074,1024,1024,1.0
ISIC_0068076,1024,1024,1.0
ISIC_0068080,1024,1024,1.0
ISIC_0068081,1024,1024,1.0
ISIC_0068082,1024,1024,1.0
ISIC_0068083,1024,1024,1.0
ISIC_0068084,1024,1024,1.0
ISIC_0068088,1024,1024,1.0
ISIC_0068089,1024,1024,1.0
ISIC_0068090,1024,1024,1.0
ISIC_0068091,1024,1024,1.0
ISIC_0068092,1024,1024,1.0
ISIC_0068100,1024,1024,1.0
ISIC_0068101,1024,1024,1.0
ISIC_0068103,1024,1024,1.0
ISIC_0068105,1024,1024,1.0
ISIC_0068106,1024,1024,1.0
ISIC_0068107,1024,1024,1.0
ISIC_0068109,1024,1024,1.0
ISIC_0068111,1024,1024,1.0
ISIC_0068112,1024,1024,1.0
ISIC_0068113,1024,1024,1.0
ISIC_0068116,1024,1024,1.0
ISIC_0068117,1024,1024,1.0
ISIC_0068118,1024,1024,1.0
ISIC_0068122,1024,1024,1.0
ISIC_0068124,1024,1024,1.0
ISIC_0068126,1024,1024,1.0
ISIC_0068128,1024,1024,1.0
ISIC_0068129,1024,1024,1.0
ISIC_0068130,1024,1024,1.0
ISIC_0068131,1024,1024,1.0
ISIC_0068133,1024,1024,1.0
ISIC_0068134,1024,1024,1.0
ISIC_0068136,1024,1024,1.0
ISIC_0068141,1024,1024,1.0
ISIC_0068142,1024,1024,1.0
ISIC_0068143,1024,1024,1.0
ISIC_0068144,1024,1024,1.0
ISIC_0068151,1024,1024,1.0
ISIC_0068152,1024,1024,1.0
ISIC_0068153,1024,1024,1.0
ISIC_0068154,1024,1024,1.0
ISIC_0068155,1024,1024,1.0
ISIC_0068156,1024,1024,1.0
ISIC_0068158,1024,1024,1.0
ISIC_0068159,1024,1024,1.0
ISIC_0068160,1024,1024,1.0
ISIC_0068161,1024,1024,1.0
ISIC_0068163,1024,1024,1.0
ISIC_0068164,1024,1024,1.0
ISIC_0068168,1024,1024,1.0
ISIC_0068170,1024,1024,1.0
ISIC_0068171,1024,1024,1.0
ISIC_0068173,1024,1024,1.0
ISIC_0068174,1024,1024,1.0
ISIC_0068175,1024,1024,1.0
ISIC_0068176,1024,1024,1.0
ISIC_0068177,1024,1024,1.0
ISIC_0068179,1024,1024,1.0
ISIC_0068180,1024,1024,1.0
ISIC_0068184,1024,1024,1.0
ISIC_0068185,1024,1024,1.0
ISIC_0068186,1024,1024,1.0
ISIC_0068188,1024,1024,1.0
ISIC_0068195,1024,1024,1.0
ISIC_0068198,1024,1024,1.0
ISIC_0068201,1024,1024,1.0
ISIC_0068203,1024,1024,1.0
ISIC_0068204,1024,1024,1.0
ISIC_0068205,1024,1024,1.0
ISIC_0068207,1024,1024,1.0
ISIC_0068209,1024,1024,1.0
ISIC_0068214,1024,1024,1.0
ISIC_0068215,1024,1024,1.0
ISIC_0068216,1024,1024,1.0
ISIC_0068217,1024,1024,1.0
ISIC_0068218,1024,1024,1.0
ISIC_0068219,1024,1024,1.0
ISIC_0068221,1024,1024,1.0
ISIC_0068224,1024,1024,1.0
ISIC_0068225,1024,1024,1.0
ISIC_0068226,1024,1024,1.0
ISIC_0068227,1024,1024,1.0
ISIC_0068229,1024,1024,1.0
ISIC_0068230,1024,1024,1.0
ISIC_0068231,1024,1024,1.0
ISIC_0068233,1024,1024,1.0
ISIC_0068234,1024,1024,1.0
ISIC_0068239,1024,1024,1.0
ISIC_0068240,1024,1024,1.0
ISIC_0068243,1024,1024,1.0
ISIC_0068246,1024,1024,1.0
ISIC_0068248,1024,1024,1.0
ISIC_0068252,1024,1024,1.0
ISIC_0068255,1024,1024,1.0
ISIC_0068260,1024,1024,1.0
ISIC_0068263,1024,1024,1.0
ISIC_0068268,1024,1024,1.0
ISIC_0068270,1024,1024,1.0
ISIC_0068271,1024,1024,1.0
ISIC_0068273,1024,1024,1.0
ISIC_0068275,1024,1024,1.0
ISIC_0068281,1024,1024,1.0
ISIC_0068284,1024,1024,1.0
ISIC_0068291,1024,1024,1.0
ISIC_0068292,1024,1024,1.0
ISIC_0068294,1024,1024,1.0
ISIC_0068295,1024,1024,1.0
ISIC_0068299,1024,1024,1.0
ISIC_0068300,1024,1024,1.0
ISIC_0068303,1024,1024,1.0
ISIC_0068305,1024,1024,1.0
ISIC_0068306,1024,1024,1.0
ISIC_0068312,1024,1024,1.0
ISIC_0068314,1024,1024,1.0
ISIC_0068315,1024,1024,1.0
ISIC_0068318,1024,1024,1.0
ISIC_0068319,1024,1024,1.0
ISIC_0068322,1024,1024,1.0
ISIC_0068327,1024,1024,1.0
ISIC_0068330,1024,1024,1.0
ISIC_0068333,1024,1024,1.0
ISIC_0068334,1024,1024,1.0
ISIC_0068337,1024,1024,1.0
ISIC_0068338,1024,1024,1.0
ISIC_0068339,1024,1024,1.0
ISIC_0068341,1024,1024,1.0
ISIC_0068342,1024,1024,1.0
ISIC_0068344,1024,1024,1.0
ISIC_0068345,1024,1024,1.0
ISIC_0068346,1024,1024,1.0
ISIC_0068350,1024,1024,1.0
ISIC_0068352,1024,1024,1.0
ISIC_0068353,1024,1024,1.0
ISIC_0068354,1024,1024,1.0
ISIC_0068355,1024,1024,1.0
ISIC_0068356,1024,1024,1.0
ISIC_0068357,1024,1024,1.0
ISIC_0068358,1024,1024,1.0
ISIC_0068360,1024,1024,1.0
ISIC_0068361,1024,1024,1.0
ISIC_0068363,1024,1024,1.0
ISIC_0068365,1024,1024,1.0
ISIC_0068366,1024,1024,1.0
ISIC_0068367,1024,1024,1.0
ISIC_0068370,1024,1024,1.0
ISIC_0068372,1024,1024,1.0
ISIC_0068373,1024,1024,1.0
ISIC_0068374,1024,1024,1.0
ISIC_0068377,1024,1024,1.0
ISIC_0068378,1024,1024,1.0
ISIC_0068380,1024,1024,1.0
ISIC_0068381,1024,1024,1.0
ISIC_0068382,1024,1024,1.0
ISIC_0068383,1024,1024,1.0
ISIC_0068385,1024,1024,1.0
ISIC_0068386,1024,1024,1.0
ISIC_0068387,1024,1024,1.0
ISIC_0068390,1024,1024,1.0
ISIC_0068391,1024,1024,1.0
ISIC_0068392,1024,1024,1.0
ISIC_0068395,1024,1024,1.0
ISIC_0068397,1024,1024,1.0
ISIC_0068398,1024,1024,1.0
ISIC_0068400,1024,1024,1.0
ISIC_0068401,1024,1024,1.0
ISIC_0068407,1024,1024,1.0
ISIC_0068409,1024,1024,1.0
ISIC_0068413,1024,1024,1.0
ISIC_0068414,1024,1024,1.0
ISIC_0068415,1024,1024,1.0
ISIC_0068416,1024,1024,1.0
ISIC_0068419,1024,1024,1.0
ISIC_0068422,1024,1024,1.0
ISIC_0068423,1024,1024,1.0
ISIC_0068426,1024,1024,1.0
ISIC_0068427,1024,1024,1.0
ISIC_0068432,1024,1024,1.0
ISIC_0068434,1024,1024,1.0
ISIC_0068436,1024,1024,1.0
ISIC_0068438,1024,1024,1.0
ISIC_0068439,1024,1024,1.0
ISIC_0068440,1024,1024,1.0
ISIC_0068445,1024,1024,1.0
ISIC_0068447,1024,1024,1.0
ISIC_0068448,1024,1024,1.0
ISIC_0068450,1024,1024,1.0
ISIC_0068451,1024,1024,1.0
ISIC_0068453,1024,1024,1.0
ISIC_0068457,1024,1024,1.0
ISIC_0068460,1024,1024,1.0
ISIC_0068461,1024,1024,1.0
ISIC_0068462,1024,1024,1.0
ISIC_0068466,1024,1024,1.0
ISIC_0068467,1024,1024,1.0
ISIC_0068470,1024,1024,1.0
ISIC_0068471,1024,1024,1.0
ISIC_0068473,1024,1024,1.0
ISIC_0068475,1024,1024,1.0
ISIC_0068477,1024,1024,1.0
ISIC_0068479,1024,1024,1.0
ISIC_0068480,1024,1024,1.0
ISIC_0068481,1024,1024,1.0
ISIC_0068482,1024,1024,1.0
ISIC_0068487,1024,1024,1.0
ISIC_0068488,1024,1024,1.0
ISIC_0068491,1024,1024,1.0
ISIC_0068494,1024,1024,1.0
ISIC_0068495,1024,1024,1.0
ISIC_0068497,1024,1024,1.0
ISIC_0068498,1024,1024,1.0
ISIC_0068500,1024,1024,1.0
ISIC_0068504,1024,1024,1.0
ISIC_0068507,1024,1024,1.0
ISIC_0068508,1024,1024,1.0
ISIC_0068515,1024,1024,1.0
ISIC_0068516,1024,1024,1.0
ISIC_0068521,1024,1024,1.0
ISIC_0068522,1024,1024,1.0
ISIC_0068528,1024,1024,1.0
ISIC_0068529,1024,1024,1.0
ISIC_0068530,1024,1024,1.0
ISIC_0068532,1024,1024,1.0
ISIC_0068533,1024,1024,1.0
ISIC_0068536,1024,1024,1.0
ISIC_0068539,1024,1024,1.0
ISIC_0068544,1024,1024,1.0
ISIC_0068546,1024,1024,1.0
ISIC_0068548,1024,1024,1.0
ISIC_0068550,1024,1024,1.0
ISIC_0068552,1024,1024,1.0
ISIC_0068553,1024,1024,1.0
ISIC_0068554,1024,1024,1.0
ISIC_0068555,1024,1024,1.0
ISIC_0068559,1024,1024,1.0
ISIC_0068560,1024,1024,1.0
ISIC_0068561,1024,1024,1.0
ISIC_0068566,1024,1024,1.0
ISIC_0068569,1024,1024,1.0
ISIC_0068570,1024,1024,1.0
ISIC_0068571,1024,1024,1.0
ISIC_0068572,1024,1024,1.0
ISIC_0068573,1024,1024,1.0
ISIC_0068574,1024,1024,1.0
ISIC_0068575,1024,1024,1.0
ISIC_0068576,1024,1024,1.0
ISIC_0068577,1024,1024,1.0
ISIC_0068578,1024,1024,1.0
ISIC_0068580,1024,1024,1.0
ISIC_0068581,1024,1024,1.0
ISIC_0068583,1024,1024,1.0
ISIC_0068585,1024,1024,1.0
ISIC_0068590,1024,1024,1.0
ISIC_0068591,1024,1024,1.0
ISIC_0068594,1024,1024,1.0
ISIC_0068595,1024,1024,1.0
ISIC_0068596,1024,1024,1.0
ISIC_0068597,1024,1024,1.0
ISIC_0068598,1024,1024,1.0
ISIC_0068599,1024,1024,1.0
ISIC_0068601,1024,1024,1.0
ISIC_0068602,1024,1024,1.0
ISIC_0068607,1024,1024,1.0
ISIC_0068610,1024,1024,1.0
ISIC_0068611,1024,1024,1.0
ISIC_0068613,1024,1024,1.0
ISIC_0068614,1024,1024,1.0
ISIC_0068615,1024,1024,1.0
ISIC_0068616,1024,1024,1.0
ISIC_0068617,1024,1024,1.0
ISIC_0068619,1024,1024,1.0
ISIC_0068621,1024,1024,1.0
ISIC_0068623,1024,1024,1.0
ISIC_0068624,1024,1024,1.0
ISIC_0068626,1024,1024,1.0
ISIC_0068627,1024,1024,1.0
ISIC_0068628,1024,1024,1.0
ISIC_0068629,1024,1024,1.0
ISIC_0068631,1024,1024,1.0
ISIC_0068632,1024,1024,1.0
ISIC_0068633,1024,1024,1.0
ISIC_0068634,1024,1024,1.0
ISIC_0068637,1024,1024,1.0
ISIC_0068639,1024,1024,1.0
ISIC_0068640,1024,1024,1.0
ISIC_0068642,1024,1024,1.0
ISIC_0068644,1024,1024,1.0
ISIC_0068645,1024,1024,1.0
ISIC_0068651,1024,1024,1.0
ISIC_0068652,1024,1024,1.0
ISIC_0068653,1024,1024,1.0
ISIC_0068654,1024,1024,1.0
ISIC_0068655,1024,1024,1.0
ISIC_0068656,1024,1024,1.0
ISIC_0068661,1024,1024,1.0
ISIC_0068664,1024,1024,1.0
ISIC_0068666,1024,1024,1.0
ISIC_0068667,1024,1024,1.0
ISIC_0068668,1024,1024,1.0
ISIC_0068669,1024,1024,1.0
ISIC_0068674,1024,1024,1.0
ISIC_0068675,1024,1024,1.0
ISIC_0068676,1024,1024,1.0
ISIC_0068677,1024,1024,1.0
ISIC_0068678,1024,1024,1.0
ISIC_0068680,1024,1024,1.0
ISIC_0068682,1024,1024,1.0
ISIC_0068684,1024,1024,1.0
ISIC_0068685,1024,1024,1.0
ISIC_0068687,1024,1024,1.0
ISIC_0068691,1024,1024,1.0
ISIC_0068693,1024,1024,1.0
ISIC_0068694,1024,1024,1.0
ISIC_0068696,1024,1024,1.0
ISIC_0068699,1024,1024,1.0
ISIC_0068700,1024,1024,1.0
ISIC_0068701,1024,1024,1.0
ISIC_0068703,1024,1024,1.0
ISIC_0068706,1024,1024,1.0
ISIC_0068707,1024,1024,1.0
ISIC_0068709,1024,1024,1.0
ISIC_0068711,1024,1024,1.0
ISIC_0068712,1024,1024,1.0
ISIC_0068713,1024,1024,1.0
ISIC_0068716,1024,1024,1.0
ISIC_0068717,1024,1024,1.0
ISIC_0068718,1024,1024,1.0
ISIC_0068722,1024,1024,1.0
ISIC_0068726,1024,1024,1.0
ISIC_0068728,1024,1024,1.0
ISIC_0068729,1024,1024,1.0
ISIC_0068731,1024,1024,1.0
ISIC_0068733,1024,1024,1.0
ISIC_0068734,1024,1024,1.0
ISIC_0068735,1024,1024,1.0
ISIC_0068736,1024,1024,1.0
ISIC_0068741,1024,1024,1.0
ISIC_0068742,1024,1024,1.0
ISIC_0068744,1024,1024,1.0
ISIC_0068746,1024,1024,1.0
ISIC_0068747,1024,1024,1.0
ISIC_0068748,1024,1024,1.0
ISIC_0068750,1024,1024,1.0
ISIC_0068756,1024,1024,1.0
ISIC_0068758,1024,1024,1.0
ISIC_0068761,1024,1024,1.0
ISIC_0068764,1024,1024,1.0
ISIC_0068765,1024,1024,1.0
ISIC_0068766,1024,1024,1.0
ISIC_0068768,1024,1024,1.0
ISIC_0068769,1024,1024,1.0
ISIC_0068770,1024,1024,1.0
ISIC_0068776,1024,1024,1.0
ISIC_0068777,1024,1024,1.0
ISIC_0068778,1024,1024,1.0
ISIC_0068779,1024,1024,1.0
ISIC_0068781,1024,1024,1.0
ISIC_0068782,1024,1024,1.0
ISIC_0068783,1024,1024,1.0
ISIC_0068791,1024,1024,1.0
ISIC_0068792,1024,1024,1.0
ISIC_0068794,1024,1024,1.0
ISIC_0068797,1024,1024,1.0
ISIC_0068798,1024,1024,1.0
ISIC_0068800,1024,1024,1.0
ISIC_0068803,1024,1024,1.0
ISIC_0068805,1024,1024,1.0
ISIC_0068807,1024,1024,1.0
ISIC_0068808,1024,1024,1.0
ISIC_0068810,1024,1024,1.0
ISIC_0068812,1024,1024,1.0
ISIC_0068814,1024,1024,1.0
ISIC_0068815,1024,1024,1.0
ISIC_0068817,1024,1024,1.0
ISIC_0068818,1024,1024,1.0
ISIC_0068823,1024,1024,1.0
ISIC_0068829,1024,1024,1.0
ISIC_0068832,1024,1024,1.0
ISIC_0068837,1024,1024,1.0
ISIC_0068840,1024,1024,1.0
ISIC_0068843,1024,1024,1.0
ISIC_0068845,1024,1024,1.0
ISIC_0068846,1024,1024,1.0
ISIC_0068847,1024,1024,1.0
ISIC_0068848,1024,1024,1.0
ISIC_0068849,1024,1024,1.0
ISIC_0068850,1024,1024,1.0
ISIC_0068851,1024,1024,1.0
ISIC_0068853,1024,1024,1.0
ISIC_0068858,1024,1024,1.0
ISIC_0068859,1024,1024,1.0
ISIC_0068861,1024,1024,1.0
ISIC_0068863,1024,1024,1.0
ISIC_0068864,1024,1024,1.0
ISIC_0068865,1024,1024,1.0
ISIC_0068868,1024,1024,1.0
ISIC_0068870,1024,1024,1.0
ISIC_0068871,1024,1024,1.0
ISIC_0068874,1024,1024,1.0
ISIC_0068877,1024,1024,1.0
ISIC_0068878,1024,1024,1.0
ISIC_0068879,1024,1024,1.0
ISIC_0068881,1024,1024,1.0
ISIC_0068882,1024,1024,1.0
ISIC_0068883,1024,1024,1.0
ISIC_0068884,1024,1024,1.0
ISIC_0068885,1024,1024,1.0
ISIC_0068886,1024,1024,1.0
ISIC_0068887,1024,1024,1.0
ISIC_0068889,1024,1024,1.0
ISIC_0068890,1024,1024,1.0
ISIC_0068892,1024,1024,1.0
ISIC_0068893,1024,1024,1.0
ISIC_0068895,1024,1024,1.0
ISIC_0068896,1024,1024,1.0
ISIC_0068897,1024,1024,1.0
ISIC_0068899,1024,1024,1.0
ISIC_0068901,1024,1024,1.0
ISIC_0068902,1024,1024,1.0
ISIC_0068904,1024,1024,1.0
ISIC_0068905,1024,1024,1.0
ISIC_0068906,1024,1024,1.0
ISIC_0068907,1024,1024,1.0
ISIC_0068915,1024,1024,1.0
ISIC_0068916,1024,1024,1.0
ISIC_0068920,1024,1024,1.0
ISIC_0068924,1024,1024,1.0
ISIC_0068925,1024,1024,1.0
ISIC_0068927,1024,1024,1.0
ISIC_0068928,1024,1024,1.0
ISIC_0068931,1024,1024,1.0
ISIC_0068933,1024,1024,1.0
ISIC_0068934,1024,1024,1.0
ISIC_0068935,1024,1024,1.0
ISIC_0068936,1024,1024,1.0
ISIC_0068938,1024,1024,1.0
ISIC_0068939,1024,1024,1.0
ISIC_0068941,1024,1024,1.0
ISIC_0068946,1024,1024,1.0
ISIC_0068948,1024,1024,1.0
ISIC_0068949,1024,1024,1.0
ISIC_0068950,1024,1024,1.0
ISIC_0068952,1024,1024,1.0
ISIC_0068953,1024,1024,1.0
ISIC_0068954,1024,1024,1.0
ISIC_0068955,1024,1024,1.0
ISIC_0068956,1024,1024,1.0
ISIC_0068959,1024,1024,1.0
ISIC_0068961,1024,1024,1.0
ISIC_0068964,1024,1024,1.0
ISIC_0068966,1024,1024,1.0
ISIC_0068968,1024,1024,1.0
ISIC_0068969,1024,1024,1.0
ISIC_0068973,1024,1024,1.0
ISIC_0068975,1024,1024,1.0
ISIC_0068977,1024,1024,1.0
ISIC_0068979,1024,1024,1.0
ISIC_0068983,1024,1024,1.0
ISIC_0068985,1024,1024,1.0
ISIC_0068988,1024,1024,1.0
ISIC_0068989,1024,1024,1.0
ISIC_0068991,1024,1024,1.0
ISIC_0068992,1024,1024,1.0
ISIC_0068993,1024,1024,1.0
ISIC_0068994,1024,1024,1.0
ISIC_0068995,1024,1024,1.0
ISIC_0069000,1024,1024,1.0
ISIC_0069001,1024,1024,1.0
ISIC_0069002,1024,1024,1.0
ISIC_0069004,1024,1024,1.0
ISIC_0069007,1024,1024,1.0
ISIC_0069009,1024,1024,1.0
ISIC_0069010,1024,1024,1.0
ISIC_0069011,1024,1024,1.0
ISIC_0069013,1024,1024,1.0
ISIC_0069014,1024,1024,1.0
ISIC_0069015,1024,1024,1.0
ISIC_0069016,1024,1024,1.0
ISIC_0069020,1024,1024,1.0
ISIC_0069023,1024,1024,1.0
ISIC_0069025,1024,1024,1.0
ISIC_0069026,1024,1024,1.0
ISIC_0069027,1024,1024,1.0
ISIC_0069029,1024,1024,1.0
ISIC_0069032,1024,1024,1.0
ISIC_0069033,1024,1024,1.0
ISIC_0069035,1024,1024,1.0
ISIC_0069038,1024,1024,1.0
ISIC_0069039,1024,1024,1.0
ISIC_0069040,1024,1024,1.0
ISIC_0069047,1024,1024,1.0
ISIC_0069049,1024,1024,1.0
ISIC_0069050,1024,1024,1.0
ISIC_0069051,1024,1024,1.0
ISIC_0069052,1024,1024,1.0
ISIC_0069056,1024,1024,1.0
ISIC_0069057,1024,1024,1.0
ISIC_0069058,1024,1024,1.0
ISIC_0069059,1024,1024,1.0
ISIC_0069063,1024,1024,1.0
ISIC_0069065,1024,1024,1.0
ISIC_0069066,1024,1024,1.0
ISIC_0069067,1024,1024,1.0
ISIC_0069069,1024,1024,1.0
ISIC_0069071,1024,1024,1.0
ISIC_0069073,1024,1024,1.0
ISIC_0069076,1024,1024,1.0
ISIC_0069077,1024,1024,1.0
ISIC_0069079,1024,1024,1.0
ISIC_0069080,1024,1024,1.0
ISIC_0069082,1024,1024,1.0
ISIC_0069085,1024,1024,1.0
ISIC_0069086,1024,1024,1.0
ISIC_0069090,1024,1024,1.0
ISIC_0069091,1024,1024,1.0
ISIC_0069093,1024,1024,1.0
ISIC_0069094,1024,1024,1.0
ISIC_0069095,1024,1024,1.0
ISIC_0069097,1024,1024,1.0
ISIC_0069098,1024,1024,1.0
ISIC_0069099,1024,1024,1.0
ISIC_0069101,1024,1024,1.0
ISIC_0069104,1024,1024,1.0
ISIC_0069105,1024,1024,1.0
ISIC_0069106,1024,1024,1.0
ISIC_0069109,1024,1024,1.0
ISIC_0069110,1024,1024,1.0
ISIC_0069112,1024,1024,1.0
ISIC_0069115,1024,1024,1.0
ISIC_0069119,1024,1024,1.0
ISIC_0069121,1024,1024,1.0
ISIC_0069124,1024,1024,1.0
ISIC_0069125,1024,1024,1.0
ISIC_0069126,1024,1024,1.0
ISIC_0069129,1024,1024,1.0
ISIC_0069132,1024,1024,1.0
ISIC_0069133,1024,1024,1.0
ISIC_0069134,1024,1024,1.0
ISIC_0069135,1024,1024,1.0
ISIC_0069136,1024,1024,1.0
ISIC_0069137,1024,1024,1.0
ISIC_0069141,1024,1024,1.0
ISIC_0069142,1024,1024,1.0
ISIC_0069143,1024,1024,1.0
ISIC_0069144,1024,1024,1.0
ISIC_0069145,1024,1024,1.0
ISIC_0069148,1024,1024,1.0
ISIC_0069150,1024,1024,1.0
ISIC_0069153,1024,1024,1.0
ISIC_0069154,1024,1024,1.0
ISIC_0069159,1024,1024,1.0
ISIC_0069161,1024,1024,1.0
ISIC_0069163,1024,1024,1.0
ISIC_0069167,1024,1024,1.0
ISIC_0069168,1024,1024,1.0
ISIC_0069174,1024,1024,1.0
ISIC_0069175,1024,1024,1.0
ISIC_0069177,1024,1024,1.0
ISIC_0069178,1024,1024,1.0
ISIC_0069180,1024,1024,1.0
ISIC_0069181,1024,1024,1.0
ISIC_0069183,1024,1024,1.0
ISIC_0069185,1024,1024,1.0
ISIC_0069190,1024,1024,1.0
ISIC_0069191,1024,1024,1.0
ISIC_0069193,1024,1024,1.0
ISIC_0069194,1024,1024,1.0
ISIC_0069197,1024,1024,1.0
ISIC_0069203,1024,1024,1.0
ISIC_0069205,1024,1024,1.0
ISIC_0069206,1024,1024,1.0
ISIC_0069209,1024,1024,1.0
ISIC_0069210,1024,1024,1.0
ISIC_0069211,1024,1024,1.0
ISIC_0069212,1024,1024,1.0
ISIC_0069215,1024,1024,1.0
ISIC_0069219,1024,1024,1.0
ISIC_0069220,1024,1024,1.0
ISIC_0069221,1024,1024,1.0
ISIC_0069226,1024,1024,1.0
ISIC_0069227,1024,1024,1.0
ISIC_0069228,1024,1024,1.0
ISIC_0069229,1024,1024,1.0
ISIC_0069232,1024,1024,1.0
ISIC_0069235,1024,1024,1.0
ISIC_0069239,1024,1024,1.0
ISIC_0069240,1024,1024,1.0
ISIC_0069242,1024,1024,1.0
ISIC_0069243,1024,1024,1.0
ISIC_0069245,1024,1024,1.0
ISIC_0069247,1024,1024,1.0
ISIC_0069249,1024,1024,1.0
ISIC_0069250,1024,1024,1.0
ISIC_0069252,1024,1024,1.0
ISIC_0069253,1024,1024,1.0
ISIC_0069255,1024,1024,1.0
ISIC_0069257,1024,1024,1.0
ISIC_0069259,1024,1024,1.0
ISIC_0069262,1024,1024,1.0
ISIC_0069263,1024,1024,1.0
ISIC_0069264,1024,1024,1.0
ISIC_0069265,1024,1024,1.0
ISIC_0069269,1024,1024,1.0
ISIC_0069271,1024,1024,1.0
ISIC_0069272,1024,1024,1.0
ISIC_0069273,1024,1024,1.0
ISIC_0069276,1024,1024,1.0
ISIC_0069277,1024,1024,1.0
ISIC_0069278,1024,1024,1.0
ISIC_0069283,1024,1024,1.0
ISIC_0069284,1024,1024,1.0
ISIC_0069287,1024,1024,1.0
ISIC_0069288,1024,1024,1.0
ISIC_0069289,1024,1024,1.0
ISIC_0069291,1024,1024,1.0
ISIC_0069293,1024,1024,1.0
ISIC_0069295,1024,1024,1.0
ISIC_0069296,1024,1024,1.0
ISIC_0069298,1024,1024,1.0
ISIC_0069299,1024,1024,1.0
ISIC_0069300,1024,1024,1.0
ISIC_0069301,1024,1024,1.0
ISIC_0069302,1024,1024,1.0
ISIC_0069303,1024,1024,1.0
ISIC_0069304,1024,1024,1.0
ISIC_0069305,1024,1024,1.0
ISIC_0069306,1024,1024,1.0
ISIC_0069307,1024,1024,1.0
ISIC_0069309,1024,1024,1.0
ISIC_0069311,1024,1024,1.0
ISIC_0069312,1024,1024,1.0
ISIC_0069316,1024,1024,1.0
ISIC_0069319,1024,1024,1.0
ISIC_0069322,1024,1024,1.0
ISIC_0069323,1024,1024,1.0
ISIC_0069324,1024,1024,1.0
ISIC_0069326,1024,1024,1.0
ISIC_0069327,1024,1024,1.0
ISIC_0069330,1024,1024,1.0
ISIC_0069331,1024,1024,1.0
ISIC_0069332,1024,1024,1.0
ISIC_0069333,1024,1024,1.0
ISIC_0069335,1024,1024,1.0
ISIC_0069337,1024,1024,1.0
ISIC_0069339,1024,1024,1.0
ISIC_0069342,1024,1024,1.0
ISIC_0069343,1024,1024,1.0
ISIC_0069345,1024,1024,1.0
ISIC_0069347,1024,1024,1.0
ISIC_0069349,1024,1024,1.0
ISIC_0069351,1024,1024,1.0
ISIC_0069354,1024,1024,1.0
ISIC_0069356,1024,1024,1.0
ISIC_0069357,1024,1024,1.0
ISIC_0069361,1024,1024,1.0
ISIC_0069362,1024,1024,1.0
ISIC_0069364,1024,1024,1.0
ISIC_0069367,1024,1024,1.0
ISIC_0069370,1024,1024,1.0
ISIC_0069371,1024,1024,1.0
ISIC_0069373,1024,1024,1.0
ISIC_0069377,1024,1024,1.0
ISIC_0069378,1024,1024,1.0
ISIC_0069380,1024,1024,1.0
ISIC_0069382,1024,1024,1.0
ISIC_0069383,1024,1024,1.0
ISIC_0069384,1024,1024,1.0
ISIC_0069385,1024,1024,1.0
ISIC_0069386,1024,1024,1.0
ISIC_0069388,1024,1024,1.0
ISIC_0069389,1024,1024,1.0
ISIC_0069391,1024,1024,1.0
ISIC_0069392,1024,1024,1.0
ISIC_0069394,1024,1024,1.0
ISIC_0069395,1024,1024,1.0
ISIC_0069396,1024,1024,1.0
ISIC_0069398,1024,1024,1.0
ISIC_0069400,1024,1024,1.0
ISIC_0069401,1024,1024,1.0
ISIC_0069402,1024,1024,1.0
ISIC_0069403,1024,1024,1.0
ISIC_0069404,1024,1024,1.0
ISIC_0069407,1024,1024,1.0
ISIC_0069411,1024,1024,1.0
ISIC_0069413,1024,1024,1.0
ISIC_0069414,1024,1024,1.0
ISIC_0069421,1024,1024,1.0
ISIC_0069423,1024,1024,1.0
ISIC_0069424,1024,1024,1.0
ISIC_0069425,1024,1024,1.0
ISIC_0069433,1024,1024,1.0
ISIC_0069434,1024,1024,1.0
ISIC_0069435,1024,1024,1.0
ISIC_0069437,1024,1024,1.0
ISIC_0069440,1024,1024,1.0
ISIC_0069441,1024,1024,1.0
ISIC_0069443,1024,1024,1.0
ISIC_0069446,1024,1024,1.0
ISIC_0069447,1024,1024,1.0
ISIC_0069449,1024,1024,1.0
ISIC_0069450,1024,1024,1.0
ISIC_0069453,1024,1024,1.0
ISIC_0069455,1024,1024,1.0
ISIC_0069457,1024,1024,1.0
ISIC_0069458,1024,1024,1.0
ISIC_0069459,1024,1024,1.0
ISIC_0069460,1024,1024,1.0
ISIC_0069464,1024,1024,1.0
ISIC_0069465,1024,1024,1.0
ISIC_0069467,1024,1024,1.0
ISIC_0069469,1024,1024,1.0
ISIC_0069471,1024,1024,1.0
ISIC_0069472,1024,1024,1.0
ISIC_0069475,1024,1024,1.0
ISIC_0069476,1024,1024,1.0
ISIC_0069477,1024,1024,1.0
ISIC_0069478,1024,1024,1.0
ISIC_0069481,1024,1024,1.0
ISIC_0069483,1024,1024,1.0
ISIC_0069486,1024,1024,1.0
ISIC_0069487,1024,1024,1.0
ISIC_0069488,1024,1024,1.0
ISIC_0069490,1024,1024,1.0
ISIC_0069492,1024,1024,1.0
ISIC_0069493,1024,1024,1.0
ISIC_0069494,1024,1024,1.0
ISIC_0069495,1024,1024,1.0
ISIC_0069505,1024,1024,1.0
ISIC_0069506,1024,1024,1.0
ISIC_0069507,1024,1024,1.0
ISIC_0069508,1024,1024,1.0
ISIC_0069510,1024,1024,1.0
ISIC_0069513,1024,1024,1.0
ISIC_0069514,1024,1024,1.0
ISIC_0069515,1024,1024,1.0
ISIC_0069516,1024,1024,1.0
ISIC_0069518,1024,1024,1.0
ISIC_0069519,1024,1024,1.0
ISIC_0069522,1024,1024,1.0
ISIC_0069525,1024,1024,1.0
ISIC_0069529,1024,1024,1.0
ISIC_0069530,1024,1024,1.0
ISIC_0069533,1024,1024,1.0
ISIC_0069536,1024,1024,1.0
ISIC_0069537,1024,1024,1.0
ISIC_0069540,1024,1024,1.0
ISIC_0069542,1024,1024,1.0
ISIC_0069544,1024,1024,1.0
ISIC_0069545,1024,1024,1.0
ISIC_0069546,1024,1024,1.0
ISIC_0069547,1024,1024,1.0
ISIC_0069549,1024,1024,1.0
ISIC_0069551,1024,1024,1.0
ISIC_0069552,1024,1024,1.0
ISIC_0069553,1024,1024,1.0
ISIC_0069554,1024,1024,1.0
ISIC_0069556,1024,1024,1.0
ISIC_0069557,1024,1024,1.0
ISIC_0069560,1024,1024,1.0
ISIC_0069561,1024,1024,1.0
ISIC_0069565,1024,1024,1.0
ISIC_0069566,1024,1024,1.0
ISIC_0069569,1024,1024,1.0
ISIC_0069571,1024,1024,1.0
ISIC_0069575,1024,1024,1.0
ISIC_0069577,1024,1024,1.0
ISIC_0069581,1024,1024,1.0
ISIC_0069582,1024,1024,1.0
ISIC_0069583,1024,1024,1.0
ISIC_0069584,1024,1024,1.0
ISIC_0069585,1024,1024,1.0
ISIC_0069589,1024,1024,1.0
ISIC_0069591,1024,1024,1.0
ISIC_0069592,1024,1024,1.0
ISIC_0069593,1024,1024,1.0
ISIC_0069595,1024,1024,1.0
ISIC_0069597,1024,1024,1.0
ISIC_0069601,1024,1024,1.0
ISIC_0069603,1024,1024,1.0
ISIC_0069605,1024,1024,1.0
ISIC_0069606,1024,1024,1.0
ISIC_0069608,1024,1024,1.0
ISIC_0069611,1024,1024,1.0
ISIC_0069614,1024,1024,1.0
ISIC_0069618,1024,1024,1.0
ISIC_0069620,1024,1024,1.0
ISIC_0069621,1024,1024,1.0
ISIC_0069622,1024,1024,1.0
ISIC_0069623,1024,1024,1.0
ISIC_0069626,1024,1024,1.0
ISIC_0069628,1024,1024,1.0
ISIC_0069629,1024,1024,1.0
ISIC_0069633,1024,1024,1.0
ISIC_0069634,1024,1024,1.0
ISIC_0069635,1024,1024,1.0
ISIC_0069636,1024,1024,1.0
ISIC_0069638,1024,1024,1.0
ISIC_0069639,1024,1024,1.0
ISIC_0069641,1024,1024,1.0
ISIC_0069645,1024,1024,1.0
ISIC_0069646,1024,1024,1.0
ISIC_0069648,1024,1024,1.0
ISIC_0069649,1024,1024,1.0
ISIC_0069650,1024,1024,1.0
ISIC_0069652,1024,1024,1.0
ISIC_0069653,1024,1024,1.0
ISIC_0069655,1024,1024,1.0
ISIC_0069659,1024,1024,1.0
ISIC_0069661,1024,1024,1.0
ISIC_0069666,1024,1024,1.0
ISIC_0069667,1024,1024,1.0
ISIC_0069668,1024,1024,1.0
ISIC_0069669,1024,1024,1.0
ISIC_0069671,1024,1024,1.0
ISIC_0069672,1024,1024,1.0
ISIC_0069673,1024,1024,1.0
ISIC_0069675,1024,1024,1.0
ISIC_0069676,1024,1024,1.0
ISIC_0069679,1024,1024,1.0
ISIC_0069682,1024,1024,1.0
ISIC_0069683,1024,1024,1.0
ISIC_0069684,1024,1024,1.0
ISIC_0069685,1024,1024,1.0
ISIC_0069686,1024,1024,1.0
ISIC_0069690,1024,1024,1.0
ISIC_0069691,1024,1024,1.0
ISIC_0069692,1024,1024,1.0
ISIC_0069695,1024,1024,1.0
ISIC_0069696,1024,1024,1.0
ISIC_0069698,1024,1024,1.0
ISIC_0069701,1024,1024,1.0
ISIC_0069703,1024,1024,1.0
ISIC_0069705,1024,1024,1.0
ISIC_0069707,1024,1024,1.0
ISIC_0069712,1024,1024,1.0
ISIC_0069715,1024,1024,1.0
ISIC_0069718,1024,1024,1.0
ISIC_0069728,1024,1024,1.0
ISIC_0069732,1024,1024,1.0
ISIC_0069734,1024,1024,1.0
ISIC_0069735,1024,1024,1.0
ISIC_0069737,1024,1024,1.0
ISIC_0069738,1024,1024,1.0
ISIC_0069740,1024,1024,1.0
ISIC_0069742,1024,1024,1.0
ISIC_0069743,1024,1024,1.0
ISIC_0069744,1024,1024,1.0
ISIC_0069746,1024,1024,1.0
ISIC_0069750,1024,1024,1.0
ISIC_0069754,1024,1024,1.0
ISIC_0069755,1024,1024,1.0
ISIC_0069756,1024,1024,1.0
ISIC_0069759,1024,1024,1.0
ISIC_0069760,1024,1024,1.0
ISIC_0069761,1024,1024,1.0
ISIC_0069767,1024,1024,1.0
ISIC_0069768,1024,1024,1.0
ISIC_0069769,1024,1024,1.0
ISIC_0069770,1024,1024,1.0
ISIC_0069772,1024,1024,1.0
ISIC_0069773,1024,1024,1.0
ISIC_0069774,1024,1024,1.0
ISIC_0069777,1024,1024,1.0
ISIC_0069780,1024,1024,1.0
ISIC_0069781,1024,1024,1.0
ISIC_0069789,1024,1024,1.0
ISIC_0069791,1024,1024,1.0
ISIC_0069792,1024,1024,1.0
ISIC_0069794,1024,1024,1.0
ISIC_0069796,1024,1024,1.0
ISIC_0069799,1024,1024,1.0
ISIC_0069800,1024,1024,1.0
ISIC_0069802,1024,1024,1.0
ISIC_0069804,1024,1024,1.0
ISIC_0069805,1024,1024,1.0
ISIC_0069806,1024,1024,1.0
ISIC_0069807,1024,1024,1.0
ISIC_0069812,1024,1024,1.0
ISIC_0069813,1024,1024,1.0
ISIC_0069817,1024,1024,1.0
ISIC_0069818,1024,1024,1.0
ISIC_0069821,1024,1024,1.0
ISIC_0069822,1024,1024,1.0
ISIC_0069824,1024,1024,1.0
ISIC_0069826,1024,1024,1.0
ISIC_0069828,1024,1024,1.0
ISIC_0069830,1024,1024,1.0
ISIC_0069831,1024,1024,1.0
ISIC_0069832,1024,1024,1.0
ISIC_0069836,1024,1024,1.0
ISIC_0069837,1024,1024,1.0
ISIC_0069840,1024,1024,1.0
ISIC_0069844,1024,1024,1.0
ISIC_0069847,1024,1024,1.0
ISIC_0069848,1024,1024,1.0
ISIC_0069849,1024,1024,1.0
ISIC_0069851,1024,1024,1.0
ISIC_0069853,1024,1024,1.0
ISIC_0069857,1024,1024,1.0
ISIC_0069858,1024,1024,1.0
ISIC_0069863,1024,1024,1.0
ISIC_0069864,1024,1024,1.0
ISIC_0069865,1024,1024,1.0
ISIC_0069867,1024,1024,1.0
ISIC_0069868,1024,1024,1.0
ISIC_0069869,1024,1024,1.0
ISIC_0069871,1024,1024,1.0
ISIC_0069873,1024,1024,1.0
ISIC_0069875,1024,1024,1.0
ISIC_0069876,1024,1024,1.0
ISIC_0069877,1024,1024,1.0
ISIC_0069879,1024,1024,1.0
ISIC_0069881,1024,1024,1.0
ISIC_0069882,1024,1024,1.0
ISIC_0069885,1024,1024,1.0
ISIC_0069886,1024,1024,1.0
ISIC_0069888,1024,1024,1.0
ISIC_0069889,1024,1024,1.0
ISIC_0069891,1024,1024,1.0
ISIC_0069896,1024,1024,1.0
ISIC_0069901,1024,1024,1.0
ISIC_0069903,1024,1024,1.0
ISIC_0069907,1024,1024,1.0
ISIC_0069908,1024,1024,1.0
ISIC_0069911,1024,1024,1.0
ISIC_0069914,1024,1024,1.0
ISIC_0069916,1024,1024,1.0
ISIC_0069917,1024,1024,1.0
ISIC_0069919,1024,1024,1.0
ISIC_0069920,1024,1024,1.0
ISIC_0069922,1024,1024,1.0
ISIC_0069924,1024,1024,1.0
ISIC_0069925,1024,1024,1.0
ISIC_0069930,1024,1024,1.0
ISIC_0069931,1024,1024,1.0
ISIC_0069932,1024,1024,1.0
ISIC_0069934,1024,1024,1.0
ISIC_0069935,1024,1024,1.0
ISIC_0069936,1024,1024,1.0
ISIC_0069938,1024,1024,1.0
ISIC_0069939,1024,1024,1.0
ISIC_0069941,1024,1024,1.0
ISIC_0069942,1024,1024,1.0
ISIC_0069943,1024,1024,1.0
ISIC_0069944,1024,1024,1.0
ISIC_0069946,1024,1024,1.0
ISIC_0069947,1024,1024,1.0
ISIC_0069948,1024,1024,1.0
ISIC_0069951,1024,1024,1.0
ISIC_0069952,1024,1024,1.0
ISIC_0069963,1024,1024,1.0
ISIC_0069964,1024,1024,1.0
ISIC_0069965,1024,1024,1.0
ISIC_0069969,1024,1024,1.0
ISIC_0069970,1024,1024,1.0
ISIC_0069971,1024,1024,1.0
ISIC_0069972,1024,1024,1.0
ISIC_0069975,1024,1024,1.0
ISIC_0069976,1024,1024,1.0
ISIC_0069978,1024,1024,1.0
ISIC_0069981,1024,1024,1.0
ISIC_0069982,1024,1024,1.0
ISIC_0069984,1024,1024,1.0
ISIC_0069986,1024,1024,1.0
ISIC_0069987,1024,1024,1.0
ISIC_0069988,1024,1024,1.0
ISIC_0069992,1024,1024,1.0
ISIC_0069995,1024,1024,1.0
ISIC_0069996,1024,1024,1.0
ISIC_0069998,1024,1024,1.0
ISIC_0070001,1024,1024,1.0
ISIC_0070003,1024,1024,1.0
ISIC_0070005,1024,1024,1.0
ISIC_0070006,1024,1024,1.0
ISIC_0070009,1024,1024,1.0
ISIC_0070011,1024,1024,1.0
ISIC_0070014,1024,1024,1.0
ISIC_0070015,1024,1024,1.0
ISIC_0070017,1024,1024,1.0
ISIC_0070018,1024,1024,1.0
ISIC_0070020,1024,1024,1.0
ISIC_0070021,1024,1024,1.0
ISIC_0070024,1024,1024,1.0
ISIC_0070025,1024,1024,1.0
ISIC_0070027,1024,1024,1.0
ISIC_0070032,1024,1024,1.0
ISIC_0070033,1024,1024,1.0
ISIC_0070034,1024,1024,1.0
ISIC_0070038,1024,1024,1.0
ISIC_0070039,1024,1024,1.0
ISIC_0070041,1024,1024,1.0
ISIC_0070043,1024,1024,1.0
ISIC_0070044,1024,1024,1.0
ISIC_0070047,1024,1024,1.0
ISIC_0070050,1024,1024,1.0
ISIC_0070051,1024,1024,1.0
ISIC_0070053,1024,1024,1.0
ISIC_0070056,1024,1024,1.0
ISIC_0070057,1024,1024,1.0
ISIC_0070060,1024,1024,1.0
ISIC_0070061,1024,1024,1.0
ISIC_0070065,1024,1024,1.0
ISIC_0070068,1024,1024,1.0
ISIC_0070069,1024,1024,1.0
ISIC_0070070,1024,1024,1.0
ISIC_0070072,1024,1024,1.0
ISIC_0070073,1024,1024,1.0
ISIC_0070074,1024,1024,1.0
ISIC_0070075,1024,1024,1.0
ISIC_0070076,1024,1024,1.0
ISIC_0070077,1024,1024,1.0
ISIC_0070079,1024,1024,1.0
ISIC_0070081,1024,1024,1.0
ISIC_0070082,1024,1024,1.0
ISIC_0070083,1024,1024,1.0
ISIC_0070084,1024,1024,1.0
ISIC_0070086,1024,1024,1.0
ISIC_0070090,1024,1024,1.0
ISIC_0070098,1024,1024,1.0
ISIC_0070101,1024,1024,1.0
ISIC_0070102,1024,1024,1.0
ISIC_0070103,1024,1024,1.0
ISIC_0070105,1024,1024,1.0
ISIC_0070108,1024,1024,1.0
ISIC_0070110,1024,1024,1.0
ISIC_0070111,1024,1024,1.0
ISIC_0070113,1024,1024,1.0
ISIC_0070116,1024,1024,1.0
ISIC_0070122,1024,1024,1.0
ISIC_0070123,1024,1024,1.0
ISIC_0070124,1024,1024,1.0
ISIC_0070126,1024,1024,1.0
ISIC_0070127,1024,1024,1.0
ISIC_0070128,1024,1024,1.0
ISIC_0070130,1024,1024,1.0
ISIC_0070132,1024,1024,1.0
ISIC_0070133,1024,1024,1.0
ISIC_0070136,1024,1024,1.0
ISIC_0070137,1024,1024,1.0
ISIC_0070138,1024,1024,1.0
ISIC_0070140,1024,1024,1.0
ISIC_0070142,1024,1024,1.0
ISIC_0070143,1024,1024,1.0
ISIC_0070146,1024,1024,1.0
ISIC_0070148,1024,1024,1.0
ISIC_0070149,1024,1024,1.0
ISIC_0070150,1024,1024,1.0
ISIC_0070154,1024,1024,1.0
ISIC_0070156,1024,1024,1.0
ISIC_0070160,1024,1024,1.0
ISIC_0070162,1024,1024,1.0
ISIC_0070164,1024,1024,1.0
ISIC_0070166,1024,1024,1.0
ISIC_0070169,1024,1024,1.0
ISIC_0070173,1024,1024,1.0
ISIC_0070175,1024,1024,1.0
ISIC_0070176,1024,1024,1.0
ISIC_0070180,1024,1024,1.0
ISIC_0070181,1024,1024,1.0
ISIC_0070182,1024,1024,1.0
ISIC_0070183,1024,1024,1.0
ISIC_0070184,1024,1024,1.0
ISIC_0070186,1024,1024,1.0
ISIC_0070190,1024,1024,1.0
ISIC_0070195,1024,1024,1.0
ISIC_0070197,1024,1024,1.0
ISIC_0070199,1024,1024,1.0
ISIC_0070200,1024,1024,1.0
ISIC_0070201,1024,1024,1.0
ISIC_0070203,1024,1024,1.0
ISIC_0070204,1024,1024,1.0
ISIC_0070207,1024,1024,1.0
ISIC_0070209,1024,1024,1.0
ISIC_0070210,1024,1024,1.0
ISIC_0070213,1024,1024,1.0
ISIC_0070215,1024,1024,1.0
ISIC_0070216,1024,1024,1.0
ISIC_0070219,1024,1024,1.0
ISIC_0070221,1024,1024,1.0
ISIC_0070223,1024,1024,1.0
ISIC_0070225,1024,1024,1.0
ISIC_0070226,1024,1024,1.0
ISIC_0070227,1024,1024,1.0
ISIC_0070228,1024,1024,1.0
ISIC_0070229,1024,1024,1.0
ISIC_0070230,1024,1024,1.0
ISIC_0070231,1024,1024,1.0
ISIC_0070232,1024,1024,1.0
ISIC_0070233,1024,1024,1.0
ISIC_0070234,1024,1024,1.0
ISIC_0070235,1024,1024,1.0
ISIC_0070236,1024,1024,1.0
ISIC_0070237,1024,1024,1.0
ISIC_0070238,1024,1024,1.0
ISIC_0070241,1024,1024,1.0
ISIC_0070243,1024,1024,1.0
ISIC_0070246,1024,1024,1.0
ISIC_0070247,1024,1024,1.0
ISIC_0070248,1024,1024,1.0
ISIC_0070250,1024,1024,1.0
ISIC_0070251,1024,1024,1.0
ISIC_0070253,1024,1024,1.0
ISIC_0070254,1024,1024,1.0
ISIC_0070256,1024,1024,1.0
ISIC_0070261,1024,1024,1.0
ISIC_0070267,1024,1024,1.0
ISIC_0070271,1024,1024,1.0
ISIC_0070272,1024,1024,1.0
ISIC_0070273,1024,1024,1.0
ISIC_0070275,1024,1024,1.0
ISIC_0070276,1024,1024,1.0
ISIC_0070279,1024,1024,1.0
ISIC_0070280,1024,1024,1.0
ISIC_0070281,1024,1024,1.0
ISIC_0070283,1024,1024,1.0
ISIC_0070284,1024,1024,1.0
ISIC_0070286,1024,1024,1.0
ISIC_0070287,1024,1024,1.0
ISIC_0070291,1024,1024,1.0
ISIC_0070293,1024,1024,1.0
ISIC_0070295,1024,1024,1.0
ISIC_0070297,1024,1024,1.0
ISIC_0070299,1024,1024,1.0
ISIC_0070300,1024,1024,1.0
ISIC_0070301,1024,1024,1.0
ISIC_0070302,1024,1024,1.0
ISIC_0070304,1024,1024,1.0
ISIC_0070305,1024,1024,1.0
ISIC_0070306,1024,1024,1.0
ISIC_0070308,1024,1024,1.0
ISIC_0070309,1024,1024,1.0
ISIC_0070311,1024,1024,1.0
ISIC_0070313,1024,1024,1.0
ISIC_0070316,1024,1024,1.0
ISIC_0070317,1024,1024,1.0
ISIC_0070319,1024,1024,1.0
ISIC_0070321,1024,1024,1.0
ISIC_0070327,1024,1024,1.0
ISIC_0070328,1024,1024,1.0
ISIC_0070329,1024,1024,1.0
ISIC_0070336,1024,1024,1.0
ISIC_0070338,1024,1024,1.0
ISIC_0070339,1024,1024,1.0
ISIC_0070340,1024,1024,1.0
ISIC_0070342,1024,1024,1.0
ISIC_0070344,1024,1024,1.0
ISIC_0070345,1024,1024,1.0
ISIC_0070347,1024,1024,1.0
ISIC_0070350,1024,1024,1.0
ISIC_0070352,1024,1024,1.0
ISIC_0070353,1024,1024,1.0
ISIC_0070355,1024,1024,1.0
ISIC_0070356,1024,1024,1.0
ISIC_0070361,1024,1024,1.0
ISIC_0070363,1024,1024,1.0
ISIC_0070364,1024,1024,1.0
ISIC_0070365,1024,1024,1.0
ISIC_0070367,1024,1024,1.0
ISIC_0070373,1024,1024,1.0
ISIC_0070374,1024,1024,1.0
ISIC_0070379,1024,1024,1.0
ISIC_0070380,1024,1024,1.0
ISIC_0070381,1024,1024,1.0
ISIC_0070382,1024,1024,1.0
ISIC_0070383,1024,1024,1.0
ISIC_0070386,1024,1024,1.0
ISIC_0070387,1024,1024,1.0
ISIC_0070390,1024,1024,1.0
ISIC_0070392,1024,1024,1.0
ISIC_0070395,1024,1024,1.0
ISIC_0070398,1024,1024,1.0
ISIC_0070399,1024,1024,1.0
ISIC_0070400,1024,1024,1.0
ISIC_0070403,1024,1024,1.0
ISIC_0070404,1024,1024,1.0
ISIC_0070406,1024,1024,1.0
ISIC_0070410,1024,1024,1.0
ISIC_0070411,1024,1024,1.0
ISIC_0070412,1024,1024,1.0
ISIC_0070413,1024,1024,1.0
ISIC_0070419,1024,1024,1.0
ISIC_0070421,1024,1024,1.0
ISIC_0070422,1024,1024,1.0
ISIC_0070427,1024,1024,1.0
ISIC_0070430,1024,1024,1.0
ISIC_0070431,1024,1024,1.0
ISIC_0070432,1024,1024,1.0
ISIC_0070435,1024,1024,1.0
ISIC_0070436,1024,1024,1.0
ISIC_0070437,1024,1024,1.0
ISIC_0070440,1024,1024,1.0
ISIC_0070445,1024,1024,1.0
ISIC_0070447,1024,1024,1.0
ISIC_0070448,1024,1024,1.0
ISIC_0070451,1024,1024,1.0
ISIC_0070452,1024,1024,1.0
ISIC_0070460,1024,1024,1.0
ISIC_0070461,1024,1024,1.0
ISIC_0070462,1024,1024,1.0
ISIC_0070463,1024,1024,1.0
ISIC_0070465,1024,1024,1.0
ISIC_0070469,1024,1024,1.0
ISIC_0070483,1024,1024,1.0
ISIC_0070484,1024,1024,1.0
ISIC_0070489,1024,1024,1.0
ISIC_0070491,1024,1024,1.0
ISIC_0070495,1024,1024,1.0
ISIC_0070496,1024,1024,1.0
ISIC_0070498,1024,1024,1.0
ISIC_0070499,1024,1024,1.0
ISIC_0070501,1024,1024,1.0
ISIC_0070503,1024,1024,1.0
ISIC_0070505,1024,1024,1.0
ISIC_0070508,1024,1024,1.0
ISIC_0070509,1024,1024,1.0
ISIC_0070510,1024,1024,1.0
ISIC_0070511,1024,1024,1.0
ISIC_0070512,1024,1024,1.0
ISIC_0070513,1024,1024,1.0
ISIC_0070516,1024,1024,1.0
ISIC_0070519,1024,1024,1.0
ISIC_0070525,1024,1024,1.0
ISIC_0070528,1024,1024,1.0
ISIC_0070529,1024,1024,1.0
ISIC_0070532,1024,1024,1.0
ISIC_0070533,1024,1024,1.0
ISIC_0070534,1024,1024,1.0
ISIC_0070536,1024,1024,1.0
ISIC_0070537,1024,1024,1.0
ISIC_0070538,1024,1024,1.0
ISIC_0070539,1024,1024,1.0
ISIC_0070540,1024,1024,1.0
ISIC_0070541,1024,1024,1.0
ISIC_0070544,1024,1024,1.0
ISIC_0070545,1024,1024,1.0
ISIC_0070546,1024,1024,1.0
ISIC_0070547,1024,1024,1.0
ISIC_0070549,1024,1024,1.0
ISIC_0070551,1024,1024,1.0
ISIC_0070552,1024,1024,1.0
ISIC_0070553,1024,1024,1.0
ISIC_0070554,1024,1024,1.0
ISIC_0070558,1024,1024,1.0
ISIC_0070561,1024,1024,1.0
ISIC_0070564,1024,1024,1.0
ISIC_0070565,1024,1024,1.0
ISIC_0070566,1024,1024,1.0
ISIC_0070568,1024,1024,1.0
ISIC_0070571,1024,1024,1.0
ISIC_0070575,1024,1024,1.0
ISIC_0070579,1024,1024,1.0
ISIC_0070580,1024,1024,1.0
ISIC_0070581,1024,1024,1.0
ISIC_0070585,1024,1024,1.0
ISIC_0070587,1024,1024,1.0
ISIC_0070588,1024,1024,1.0
ISIC_0070589,1024,1024,1.0
ISIC_0070592,1024,1024,1.0
ISIC_0070593,1024,1024,1.0
ISIC_0070596,1024,1024,1.0
ISIC_0070598,1024,1024,1.0
ISIC_0070600,1024,1024,1.0
ISIC_0070601,1024,1024,1.0
ISIC_0070606,1024,1024,1.0
ISIC_0070609,1024,1024,1.0
ISIC_0070611,1024,1024,1.0
ISIC_0070612,1024,1024,1.0
ISIC_0070613,1024,1024,1.0
ISIC_0070614,1024,1024,1.0
ISIC_0070616,1024,1024,1.0
ISIC_0070617,1024,1024,1.0
ISIC_0070618,1024,1024,1.0
ISIC_0070619,1024,1024,1.0
ISIC_0070622,1024,1024,1.0
ISIC_0070623,1024,1024,1.0
ISIC_0070624,1024,1024,1.0
ISIC_0070625,1024,1024,1.0
ISIC_0070626,1024,1024,1.0
ISIC_0070629,1024,1024,1.0
ISIC_0070631,1024,1024,1.0
ISIC_0070633,1024,1024,1.0
ISIC_0070635,1024,1024,1.0
ISIC_0070637,1024,1024,1.0
ISIC_0070638,1024,1024,1.0
ISIC_0070640,1024,1024,1.0
ISIC_0070642,1024,1024,1.0
ISIC_0070643,1024,1024,1.0
ISIC_0070646,1024,1024,1.0
ISIC_0070647,1024,1024,1.0
ISIC_0070650,1024,1024,1.0
ISIC_0070651,1024,1024,1.0
ISIC_0070652,1024,1024,1.0
ISIC_0070654,1024,1024,1.0
ISIC_0070656,1024,1024,1.0
ISIC_0070657,1024,1024,1.0
ISIC_0070659,1024,1024,1.0
ISIC_0070661,1024,1024,1.0
ISIC_0070662,1024,1024,1.0
ISIC_0070663,1024,1024,1.0
ISIC_0070666,1024,1024,1.0
ISIC_0070667,1024,1024,1.0
ISIC_0070673,1024,1024,1.0
ISIC_0070677,1024,1024,1.0
ISIC_0070678,1024,1024,1.0
ISIC_0070679,1024,1024,1.0
ISIC_0070681,1024,1024,1.0
ISIC_0070682,1024,1024,1.0
ISIC_0070683,1024,1024,1.0
ISIC_0070685,1024,1024,1.0
ISIC_0070687,1024,1024,1.0
ISIC_0070688,1024,1024,1.0
ISIC_0070692,1024,1024,1.0
ISIC_0070693,1024,1024,1.0
ISIC_0070696,1024,1024,1.0
ISIC_0070698,1024,1024,1.0
ISIC_0070699,1024,1024,1.0
ISIC_0070700,1024,1024,1.0
ISIC_0070701,1024,1024,1.0
ISIC_0070703,1024,1024,1.0
ISIC_0070704,1024,1024,1.0
ISIC_0070705,1024,1024,1.0
ISIC_0070706,1024,1024,1.0
ISIC_0070707,1024,1024,1.0
ISIC_0070709,1024,1024,1.0
ISIC_0070710,1024,1024,1.0
ISIC_0070711,1024,1024,1.0
ISIC_0070712,1024,1024,1.0
ISIC_0070713,1024,1024,1.0
ISIC_0070714,1024,1024,1.0
ISIC_0070715,1024,1024,1.0
ISIC_0070716,1024,1024,1.0
ISIC_0070718,1024,1024,1.0
ISIC_0070719,1024,1024,1.0
ISIC_0070720,1024,1024,1.0
ISIC_0070721,1024,1024,1.0
ISIC_0070722,1024,1024,1.0
ISIC_0070723,1024,1024,1.0
ISIC_0070726,1024,1024,1.0
ISIC_0070727,1024,1024,1.0
ISIC_0070728,1024,1024,1.0
ISIC_0070729,1024,1024,1.0
ISIC_0070730,1024,1024,1.0
ISIC_0070731,1024,1024,1.0
ISIC_0070734,1024,1024,1.0
ISIC_0070735,1024,1024,1.0
ISIC_0070736,1024,1024,1.0
ISIC_0070738,1024,1024,1.0
ISIC_0070739,1024,1024,1.0
ISIC_0070742,1024,1024,1.0
ISIC_0070743,1024,1024,1.0
ISIC_0070744,1024,1024,1.0
ISIC_0070746,1024,1024,1.0
ISIC_0070747,1024,1024,1.0
ISIC_0070748,1024,1024,1.0
ISIC_0070749,1024,1024,1.0
ISIC_0070754,1024,1024,1.0
ISIC_0070756,1024,1024,1.0
ISIC_0070761,1024,1024,1.0
ISIC_0070765,1024,1024,1.0
ISIC_0070766,1024,1024,1.0
ISIC_0070770,1024,1024,1.0
ISIC_0070772,1024,1024,1.0
ISIC_0070774,1024,1024,1.0
ISIC_0070778,1024,1024,1.0
ISIC_0070779,1024,1024,1.0
ISIC_0070782,1024,1024,1.0
ISIC_0070784,1024,1024,1.0
ISIC_0070785,1024,1024,1.0
ISIC_0070789,1024,1024,1.0
ISIC_0070791,1024,1024,1.0
ISIC_0070794,1024,1024,1.0
ISIC_0070798,1024,1024,1.0
ISIC_0070800,1024,1024,1.0
ISIC_0070802,1024,1024,1.0
ISIC_0070803,1024,1024,1.0
ISIC_0070804,1024,1024,1.0
ISIC_0070806,1024,1024,1.0
ISIC_0070808,1024,1024,1.0
ISIC_0070809,1024,1024,1.0
ISIC_0070812,1024,1024,1.0
ISIC_0070814,1024,1024,1.0
ISIC_0070815,1024,1024,1.0
ISIC_0070816,1024,1024,1.0
ISIC_0070817,1024,1024,1.0
ISIC_0070818,1024,1024,1.0
ISIC_0070819,1024,1024,1.0
ISIC_0070822,1024,1024,1.0
ISIC_0070824,1024,1024,1.0
ISIC_0070825,1024,1024,1.0
ISIC_0070827,1024,1024,1.0
ISIC_0070830,1024,1024,1.0
ISIC_0070831,1024,1024,1.0
ISIC_0070833,1024,1024,1.0
ISIC_0070834,1024,1024,1.0
ISIC_0070835,1024,1024,1.0
ISIC_0070836,1024,1024,1.0
ISIC_0070838,1024,1024,1.0
ISIC_0070840,1024,1024,1.0
ISIC_0070843,1024,1024,1.0
ISIC_0070844,1024,1024,1.0
ISIC_0070846,1024,1024,1.0
ISIC_0070849,1024,1024,1.0
ISIC_0070850,1024,1024,1.0
ISIC_0070852,1024,1024,1.0
ISIC_0070853,1024,1024,1.0
ISIC_0070854,1024,1024,1.0
ISIC_0070856,1024,1024,1.0
ISIC_0070858,1024,1024,1.0
ISIC_0070859,1024,1024,1.0
ISIC_0070860,1024,1024,1.0
ISIC_0070862,1024,1024,1.0
ISIC_0070863,1024,1024,1.0
ISIC_0070873,1024,1024,1.0
ISIC_0070877,1024,1024,1.0
ISIC_0070880,1024,1024,1.0
ISIC_0070882,1024,1024,1.0
ISIC_0070887,1024,1024,1.0
ISIC_0070889,1024,1024,1.0
ISIC_0070891,1024,1024,1.0
ISIC_0070892,1024,1024,1.0
ISIC_0070895,1024,1024,1.0
ISIC_0070897,1024,1024,1.0
ISIC_0070898,1024,1024,1.0
ISIC_0070900,1024,1024,1.0
ISIC_0070901,1024,1024,1.0
ISIC_0070904,1024,1024,1.0
ISIC_0070907,1024,1024,1.0
ISIC_0070909,1024,1024,1.0
ISIC_0070911,1024,1024,1.0
ISIC_0070913,1024,1024,1.0
ISIC_0070915,1024,1024,1.0
ISIC_0070917,1024,1024,1.0
ISIC_0070920,1024,1024,1.0
ISIC_0070922,1024,1024,1.0
ISIC_0070924,1024,1024,1.0
ISIC_0070925,1024,1024,1.0
ISIC_0070927,1024,1024,1.0
ISIC_0070928,1024,1024,1.0
ISIC_0070931,1024,1024,1.0
ISIC_0070933,1024,1024,1.0
ISIC_0070935,1024,1024,1.0
ISIC_0070937,1024,1024,1.0
ISIC_0070938,1024,1024,1.0
ISIC_0070939,1024,1024,1.0
ISIC_0070940,1024,1024,1.0
ISIC_0070941,1024,1024,1.0
ISIC_0070942,1024,1024,1.0
ISIC_0070943,1024,1024,1.0
ISIC_0070949,1024,1024,1.0
ISIC_0070950,1024,1024,1.0
ISIC_0070953,1024,1024,1.0
ISIC_0070955,1024,1024,1.0
ISIC_0070956,1024,1024,1.0
ISIC_0070958,1024,1024,1.0
ISIC_0070959,1024,1024,1.0
ISIC_0070961,1024,1024,1.0
ISIC_0070962,1024,1024,1.0
ISIC_0070963,1024,1024,1.0
ISIC_0070966,1024,1024,1.0
ISIC_0070967,1024,1024,1.0
ISIC_0070974,1024,1024,1.0
ISIC_0070976,1024,1024,1.0
ISIC_0070978,1024,1024,1.0
ISIC_0070981,1024,1024,1.0
ISIC_0070988,1024,1024,1.0
ISIC_0070991,1024,1024,1.0
ISIC_0070992,1024,1024,1.0
ISIC_0070993,1024,1024,1.0
ISIC_0070994,1024,1024,1.0
ISIC_0070995,1024,1024,1.0
ISIC_0070997,1024,1024,1.0
ISIC_0070998,1024,1024,1.0
ISIC_0070999,1024,1024,1.0
ISIC_0071000,1024,1024,1.0
ISIC_0071002,1024,1024,1.0
ISIC_0071004,1024,1024,1.0
ISIC_0071005,1024,1024,1.0
ISIC_0071007,1024,1024,1.0
ISIC_0071008,1024,1024,1.0
ISIC_0071010,1024,1024,1.0
ISIC_0071013,1024,1024,1.0
ISIC_0071015,1024,1024,1.0
ISIC_0071017,1024,1024,1.0
ISIC_0071020,1024,1024,1.0
ISIC_0071021,1024,1024,1.0
ISIC_0071022,1024,1024,1.0
ISIC_0071024,1024,1024,1.0
ISIC_0071026,1024,1024,1.0
ISIC_0071029,1024,1024,1.0
ISIC_0071031,1024,1024,1.0
ISIC_0071032,1024,1024,1.0
ISIC_0071035,1024,1024,1.0
ISIC_0071038,1024,1024,1.0
ISIC_0071039,1024,1024,1.0
ISIC_0071040,1024,1024,1.0
ISIC_0071041,1024,1024,1.0
ISIC_0071042,1024,1024,1.0
ISIC_0071043,1024,1024,1.0
ISIC_0071045,1024,1024,1.0
ISIC_0071048,1024,1024,1.0
ISIC_0071050,1024,1024,1.0
ISIC_0071051,1024,1024,1.0
ISIC_0071053,1024,1024,1.0
ISIC_0071058,1024,1024,1.0
ISIC_0071066,1024,1024,1.0
ISIC_0071069,1024,1024,1.0
ISIC_0071071,1024,1024,1.0
ISIC_0071073,1024,1024,1.0
ISIC_0071075,1024,1024,1.0
ISIC_0071076,1024,1024,1.0
ISIC_0071077,1024,1024,1.0
ISIC_0071078,1024,1024,1.0
ISIC_0071080,1024,1024,1.0
ISIC_0071085,1024,1024,1.0
ISIC_0071087,1024,1024,1.0
ISIC_0071090,1024,1024,1.0
ISIC_0071091,1024,1024,1.0
ISIC_0071093,1024,1024,1.0
ISIC_0071095,1024,1024,1.0
ISIC_0071096,1024,1024,1.0
ISIC_0071097,1024,1024,1.0
ISIC_0071099,1024,1024,1.0
ISIC_0071103,1024,1024,1.0
ISIC_0071105,1024,1024,1.0
ISIC_0071106,1024,1024,1.0
ISIC_0071107,1024,1024,1.0
ISIC_0071108,1024,1024,1.0
ISIC_0071111,1024,1024,1.0
ISIC_0071113,1024,1024,1.0
ISIC_0071114,1024,1024,1.0
ISIC_0071116,1024,1024,1.0
ISIC_0071117,1024,1024,1.0
ISIC_0071118,1024,1024,1.0
ISIC_0071119,1024,1024,1.0
ISIC_0071132,1024,1024,1.0
ISIC_0071133,1024,1024,1.0
ISIC_0071134,1024,1024,1.0
ISIC_0071135,1024,1024,1.0
ISIC_0071143,1024,1024,1.0
ISIC_0071147,1024,1024,1.0
ISIC_0071149,1024,1024,1.0
ISIC_0071150,1024,1024,1.0
ISIC_0071151,1024,1024,1.0
ISIC_0071155,1024,1024,1.0
ISIC_0071157,1024,1024,1.0
ISIC_0071159,1024,1024,1.0
ISIC_0071162,1024,1024,1.0
ISIC_0071163,1024,1024,1.0
ISIC_0071164,1024,1024,1.0
ISIC_0071165,1024,1024,1.0
ISIC_0071166,1024,1024,1.0
ISIC_0071169,1024,1024,1.0
ISIC_0071170,1024,1024,1.0
ISIC_0071171,1024,1024,1.0
ISIC_0071172,1024,1024,1.0
ISIC_0071174,1024,1024,1.0
ISIC_0071175,1024,1024,1.0
ISIC_0071176,1024,1024,1.0
ISIC_0071177,1024,1024,1.0
ISIC_0071179,1024,1024,1.0
ISIC_0071180,1024,1024,1.0
ISIC_0071181,1024,1024,1.0
ISIC_0071185,1024,1024,1.0
ISIC_0071186,1024,1024,1.0
ISIC_0071188,1024,1024,1.0
ISIC_0071190,1024,1024,1.0
ISIC_0071193,1024,1024,1.0
ISIC_0071194,1024,1024,1.0
ISIC_0071195,1024,1024,1.0
ISIC_0071198,1024,1024,1.0
ISIC_0071199,1024,1024,1.0
ISIC_0071200,1024,1024,1.0
ISIC_0071202,1024,1024,1.0
ISIC_0071211,1024,1024,1.0
ISIC_0071212,1024,1024,1.0
ISIC_0071216,1024,1024,1.0
ISIC_0071218,1024,1024,1.0
ISIC_0071222,1024,1024,1.0
ISIC_0071223,1024,1024,1.0
ISIC_0071225,1024,1024,1.0
ISIC_0071230,1024,1024,1.0
ISIC_0071232,1024,1024,1.0
ISIC_0071235,1024,1024,1.0
ISIC_0071236,1024,1024,1.0
ISIC_0071237,1024,1024,1.0
ISIC_0071239,1024,1024,1.0
ISIC_0071241,1024,1024,1.0
ISIC_0071245,1024,1024,1.0
ISIC_0071246,1024,1024,1.0
ISIC_0071251,1024,1024,1.0
ISIC_0071257,1024,1024,1.0
ISIC_0071261,1024,1024,1.0
ISIC_0071266,1024,1024,1.0
ISIC_0071267,1024,1024,1.0
ISIC_0071268,1024,1024,1.0
ISIC_0071283,1024,1024,1.0
ISIC_0071284,1024,1024,1.0
ISIC_0071285,1024,1024,1.0
ISIC_0071286,1024,1024,1.0
ISIC_0071287,1024,1024,1.0
ISIC_0071289,1024,1024,1.0
ISIC_0071294,1024,1024,1.0
ISIC_0071296,1024,1024,1.0
ISIC_0071298,1024,1024,1.0
ISIC_0071300,1024,1024,1.0
ISIC_0071302,1024,1024,1.0
ISIC_0071303,1024,1024,1.0
ISIC_0071307,1024,1024,1.0
ISIC_0071308,1024,1024,1.0
ISIC_0071313,1024,1024,1.0
ISIC_0071316,1024,1024,1.0
ISIC_0071317,1024,1024,1.0
ISIC_0071318,1024,1024,1.0
ISIC_0071320,1024,1024,1.0
ISIC_0071321,1024,1024,1.0
ISIC_0071322,1024,1024,1.0
ISIC_0071325,1024,1024,1.0
ISIC_0071326,1024,1024,1.0
ISIC_0071329,1024,1024,1.0
ISIC_0071331,1024,1024,1.0
ISIC_0071332,1024,1024,1.0
ISIC_0071334,1024,1024,1.0
ISIC_0071335,1024,1024,1.0
ISIC_0071338,1024,1024,1.0
ISIC_0071341,1024,1024,1.0
ISIC_0071343,1024,1024,1.0
ISIC_0071345,1024,1024,1.0
ISIC_0071352,1024,1024,1.0
ISIC_0071353,1024,1024,1.0
ISIC_0071354,1024,1024,1.0
ISIC_0071355,1024,1024,1.0
ISIC_0071356,1024,1024,1.0
ISIC_0071359,1024,1024,1.0
ISIC_0071360,1024,1024,1.0
ISIC_0071365,1024,1024,1.0
ISIC_0071366,1024,1024,1.0
ISIC_0071367,1024,1024,1.0
ISIC_0071368,1024,1024,1.0
ISIC_0071369,1024,1024,1.0
ISIC_0071374,1024,1024,1.0
ISIC_0071375,1024,1024,1.0
ISIC_0071376,1024,1024,1.0
ISIC_0071377,1024,1024,1.0
ISIC_0071378,1024,1024,1.0
ISIC_0071380,1024,1024,1.0
ISIC_0071381,1024,1024,1.0
ISIC_0071383,1024,1024,1.0
ISIC_0071386,1024,1024,1.0
ISIC_0071388,1024,1024,1.0
ISIC_0071389,1024,1024,1.0
ISIC_0071392,1024,1024,1.0
ISIC_0071393,1024,1024,1.0
ISIC_0071397,1024,1024,1.0
ISIC_0071398,1024,1024,1.0
ISIC_0071399,1024,1024,1.0
ISIC_0071400,1024,1024,1.0
ISIC_0071403,1024,1024,1.0
ISIC_0071406,1024,1024,1.0
ISIC_0071407,1024,1024,1.0
ISIC_0071408,1024,1024,1.0
ISIC_0071410,1024,1024,1.0
ISIC_0071414,1024,1024,1.0
ISIC_0071415,1024,1024,1.0
ISIC_0071416,1024,1024,1.0
ISIC_0071417,1024,1024,1.0
ISIC_0071421,1024,1024,1.0
ISIC_0071422,1024,1024,1.0
ISIC_0071423,1024,1024,1.0
ISIC_0071425,1024,1024,1.0
ISIC_0071427,1024,1024,1.0
ISIC_0071430,1024,1024,1.0
ISIC_0071431,1024,1024,1.0
ISIC_0071432,1024,1024,1.0
ISIC_0071434,1024,1024,1.0
ISIC_0071437,1024,1024,1.0
ISIC_0071438,1024,1024,1.0
ISIC_0071440,1024,1024,1.0
ISIC_0071441,1024,1024,1.0
ISIC_0071445,1024,1024,1.0
ISIC_0071446,1024,1024,1.0
ISIC_0071448,1024,1024,1.0
ISIC_0071449,1024,1024,1.0
ISIC_0071450,1024,1024,1.0
ISIC_0071454,1024,1024,1.0
ISIC_0071455,1024,1024,1.0
ISIC_0071457,1024,1024,1.0
ISIC_0071458,1024,1024,1.0
ISIC_0071459,1024,1024,1.0
ISIC_0071460,1024,1024,1.0
ISIC_0071461,1024,1024,1.0
ISIC_0071464,1024,1024,1.0
ISIC_0071466,1024,1024,1.0
ISIC_0071467,1024,1024,1.0
ISIC_0071468,1024,1024,1.0
ISIC_0071470,1024,1024,1.0
ISIC_0071471,1024,1024,1.0
ISIC_0071474,1024,1024,1.0
ISIC_0071479,1024,1024,1.0
ISIC_0071481,1024,1024,1.0
ISIC_0071482,1024,1024,1.0
ISIC_0071483,1024,1024,1.0
ISIC_0071485,1024,1024,1.0
ISIC_0071486,1024,1024,1.0
ISIC_0071488,1024,1024,1.0
ISIC_0071489,1024,1024,1.0
ISIC_0071490,1024,1024,1.0
ISIC_0071492,1024,1024,1.0
ISIC_0071493,1024,1024,1.0
ISIC_0071500,1024,1024,1.0
ISIC_0071501,1024,1024,1.0
ISIC_0071502,1024,1024,1.0
ISIC_0071507,1024,1024,1.0
ISIC_0071508,1024,1024,1.0
ISIC_0071509,1024,1024,1.0
ISIC_0071511,1024,1024,1.0
ISIC_0071513,1024,1024,1.0
ISIC_0071515,1024,1024,1.0
ISIC_0071517,1024,1024,1.0
ISIC_0071518,1024,1024,1.0
ISIC_0071523,1024,1024,1.0
ISIC_0071524,1024,1024,1.0
ISIC_0071528,1024,1024,1.0
ISIC_0071530,1024,1024,1.0
ISIC_0071535,1024,1024,1.0
ISIC_0071538,1024,1024,1.0
ISIC_0071540,1024,1024,1.0
ISIC_0071541,1024,1024,1.0
ISIC_0071543,1024,1024,1.0
ISIC_0071545,1024,1024,1.0
ISIC_0071547,1024,1024,1.0
ISIC_0071548,1024,1024,1.0
ISIC_0071549,1024,1024,1.0
ISIC_0071550,1024,1024,1.0
ISIC_0071551,1024,1024,1.0
ISIC_0071552,1024,1024,1.0
ISIC_0071554,1024,1024,1.0
ISIC_0071555,1024,1024,1.0
ISIC_0071557,1024,1024,1.0
ISIC_0071558,1024,1024,1.0
ISIC_0071559,1024,1024,1.0
ISIC_0071560,1024,1024,1.0
ISIC_0071564,1024,1024,1.0
ISIC_0071567,1024,1024,1.0
ISIC_0071572,1024,1024,1.0
ISIC_0071574,1024,1024,1.0
ISIC_0071576,1024,1024,1.0
ISIC_0071580,1024,1024,1.0
ISIC_0071582,1024,1024,1.0
ISIC_0071583,1024,1024,1.0
ISIC_0071585,1024,1024,1.0
ISIC_0071589,1024,1024,1.0
ISIC_0071590,1024,1024,1.0
ISIC_0071597,1024,1024,1.0
ISIC_0071598,1024,1024,1.0
ISIC_0071599,1024,1024,1.0
ISIC_0071600,1024,1024,1.0
ISIC_0071603,1024,1024,1.0
ISIC_0071604,1024,1024,1.0
ISIC_0071605,1024,1024,1.0
ISIC_0071606,1024,1024,1.0
ISIC_0071607,1024,1024,1.0
ISIC_0071611,1024,1024,1.0
ISIC_0071612,1024,1024,1.0
ISIC_0071615,1024,1024,1.0
ISIC_0071616,1024,1024,1.0
ISIC_0071619,1024,1024,1.0
ISIC_0071622,1024,1024,1.0
ISIC_0071625,1024,1024,1.0
ISIC_0071629,1024,1024,1.0
ISIC_0071630,1024,1024,1.0
ISIC_0071632,1024,1024,1.0
ISIC_0071637,1024,1024,1.0
ISIC_0071638,1024,1024,1.0
ISIC_0071639,1024,1024,1.0
ISIC_0071641,1024,1024,1.0
ISIC_0071642,1024,1024,1.0
ISIC_0071643,1024,1024,1.0
ISIC_0071645,1024,1024,1.0
ISIC_0071646,1024,1024,1.0
ISIC_0071647,1024,1024,1.0
ISIC_0071648,1024,1024,1.0
ISIC_0071649,1024,1024,1.0
ISIC_0071650,1024,1024,1.0
ISIC_0071652,1024,1024,1.0
ISIC_0071654,1024,1024,1.0
ISIC_0071662,1024,1024,1.0
ISIC_0071664,1024,1024,1.0
ISIC_0071665,1024,1024,1.0
ISIC_0071666,1024,1024,1.0
ISIC_0071668,1024,1024,1.0
ISIC_0071669,1024,1024,1.0
ISIC_0071670,1024,1024,1.0
ISIC_0071671,1024,1024,1.0
ISIC_0071672,1024,1024,1.0
ISIC_0071673,1024,1024,1.0
ISIC_0071674,1024,1024,1.0
ISIC_0071676,1024,1024,1.0
ISIC_0071678,1024,1024,1.0
ISIC_0071681,1024,1024,1.0
ISIC_0071682,1024,1024,1.0
ISIC_0071683,1024,1024,1.0
ISIC_0071687,1024,1024,1.0
ISIC_0071691,1024,1024,1.0
ISIC_0071692,1024,1024,1.0
ISIC_0071693,1024,1024,1.0
ISIC_0071694,1024,1024,1.0
ISIC_0071699,1024,1024,1.0
ISIC_0071700,1024,1024,1.0
ISIC_0071701,1024,1024,1.0
ISIC_0071704,1024,1024,1.0
ISIC_0071709,1024,1024,1.0
ISIC_0071710,1024,1024,1.0
ISIC_0071711,1024,1024,1.0
ISIC_0071713,1024,1024,1.0
ISIC_0071715,1024,1024,1.0
ISIC_0071718,1024,1024,1.0
ISIC_0071719,1024,1024,1.0
ISIC_0071720,1024,1024,1.0
ISIC_0071722,1024,1024,1.0
ISIC_0071724,1024,1024,1.0
ISIC_0071725,1024,1024,1.0
ISIC_0071727,1024,1024,1.0
ISIC_0071730,1024,1024,1.0
ISIC_0071733,1024,1024,1.0
ISIC_0071738,1024,1024,1.0
ISIC_0071739,1024,1024,1.0
ISIC_0071740,1024,1024,1.0
ISIC_0071742,1024,1024,1.0
ISIC_0071743,1024,1024,1.0
ISIC_0071748,1024,1024,1.0
ISIC_0071752,1024,1024,1.0
ISIC_0071753,1024,1024,1.0
ISIC_0071754,1024,1024,1.0
ISIC_0071755,1024,1024,1.0
ISIC_0071756,1024,1024,1.0
ISIC_0071758,1024,1024,1.0
ISIC_0071759,1024,1024,1.0
ISIC_0071761,1024,1024,1.0
ISIC_0071763,1024,1024,1.0
ISIC_0071765,1024,1024,1.0
ISIC_0071767,1024,1024,1.0
ISIC_0071768,1024,1024,1.0
ISIC_0071771,1024,1024,1.0
ISIC_0071772,1024,1024,1.0
ISIC_0071776,1024,1024,1.0
ISIC_0071778,1024,1024,1.0
ISIC_0071779,1024,1024,1.0
ISIC_0071782,1024,1024,1.0
ISIC_0071783,1024,1024,1.0
ISIC_0071786,1024,1024,1.0
ISIC_0071788,1024,1024,1.0
ISIC_0071792,1024,1024,1.0
ISIC_0071793,1024,1024,1.0
ISIC_0071794,1024,1024,1.0
ISIC_0071796,1024,1024,1.0
ISIC_0071800,1024,1024,1.0
ISIC_0071801,1024,1024,1.0
ISIC_0071806,1024,1024,1.0
ISIC_0071807,1024,1024,1.0
ISIC_0071808,1024,1024,1.0
ISIC_0071814,1024,1024,1.0
ISIC_0071815,1024,1024,1.0
ISIC_0071816,1024,1024,1.0
ISIC_0071817,1024,1024,1.0
ISIC_0071819,1024,1024,1.0
ISIC_0071821,1024,1024,1.0
ISIC_0071823,1024,1024,1.0
ISIC_0071824,1024,1024,1.0
ISIC_0071826,1024,1024,1.0
ISIC_0071827,1024,1024,1.0
ISIC_0071828,1024,1024,1.0
ISIC_0071830,1024,1024,1.0
ISIC_0071831,1024,1024,1.0
ISIC_0071833,1024,1024,1.0
ISIC_0071836,1024,1024,1.0
ISIC_0071840,1024,1024,1.0
ISIC_0071843,1024,1024,1.0
ISIC_0071844,1024,1024,1.0
ISIC_0071846,1024,1024,1.0
ISIC_0071848,1024,1024,1.0
ISIC_0071850,1024,1024,1.0
ISIC_0071857,1024,1024,1.0
ISIC_0071858,1024,1024,1.0
ISIC_0071859,1024,1024,1.0
ISIC_0071861,1024,1024,1.0
ISIC_0071863,1024,1024,1.0
ISIC_0071864,1024,1024,1.0
ISIC_0071865,1024,1024,1.0
ISIC_0071867,1024,1024,1.0
ISIC_0071868,1024,1024,1.0
ISIC_0071869,1024,1024,1.0
ISIC_0071871,1024,1024,1.0
ISIC_0071873,1024,1024,1.0
ISIC_0071874,1024,1024,1.0
ISIC_0071875,1024,1024,1.0
ISIC_0071878,1024,1024,1.0
ISIC_0071881,1024,1024,1.0
ISIC_0071882,1024,1024,1.0
ISIC_0071883,1024,1024,1.0
ISIC_0071884,1024,1024,1.0
ISIC_0071885,1024,1024,1.0
ISIC_0071886,1024,1024,1.0
ISIC_0071887,1024,1024,1.0
ISIC_0071889,1024,1024,1.0
ISIC_0071892,1024,1024,1.0
ISIC_0071893,1024,1024,1.0
ISIC_0071895,1024,1024,1.0
ISIC_0071896,1024,1024,1.0
ISIC_0071897,1024,1024,1.0
ISIC_0071898,1024,1024,1.0
ISIC_0071899,1024,1024,1.0
ISIC_0071900,1024,1024,1.0
ISIC_0071901,1024,1024,1.0
ISIC_0071902,1024,1024,1.0
ISIC_0071904,1024,1024,1.0
ISIC_0071906,1024,1024,1.0
ISIC_0071907,1024,1024,1.0
ISIC_0071908,1024,1024,1.0
ISIC_0071909,1024,1024,1.0
ISIC_0071910,1024,1024,1.0
ISIC_0071911,1024,1024,1.0
ISIC_0071912,1024,1024,1.0
ISIC_0071913,1024,1024,1.0
ISIC_0071917,1024,1024,1.0
ISIC_0071924,1024,1024,1.0
ISIC_0071929,1024,1024,1.0
ISIC_0071930,1024,1024,1.0
ISIC_0071931,1024,1024,1.0
ISIC_0071932,1024,1024,1.0
ISIC_0071935,1024,1024,1.0
ISIC_0071944,1024,1024,1.0
ISIC_0071945,1024,1024,1.0
ISIC_0071947,1024,1024,1.0
ISIC_0071948,1024,1024,1.0
ISIC_0071950,1024,1024,1.0
ISIC_0071951,1024,1024,1.0
ISIC_0071952,1024,1024,1.0
ISIC_0071954,1024,1024,1.0
ISIC_0071955,1024,1024,1.0
ISIC_0071957,1024,1024,1.0
ISIC_0071958,1024,1024,1.0
ISIC_0071960,1024,1024,1.0
ISIC_0071962,1024,1024,1.0
ISIC_0071966,1024,1024,1.0
ISIC_0071967,1024,1024,1.0
ISIC_0071972,1024,1024,1.0
ISIC_0071975,1024,1024,1.0
ISIC_0071976,1024,1024,1.0
ISIC_0071978,1024,1024,1.0
ISIC_0071979,1024,1024,1.0
ISIC_0071982,1024,1024,1.0
ISIC_0071985,1024,1024,1.0
ISIC_0071986,1024,1024,1.0
ISIC_0071987,1024,1024,1.0
ISIC_0071988,1024,1024,1.0
ISIC_0071989,1024,1024,1.0
ISIC_0071991,1024,1024,1.0
ISIC_0071992,1024,1024,1.0
ISIC_0071996,1024,1024,1.0
ISIC_0071997,1024,1024,1.0
ISIC_0071998,1024,1024,1.0
ISIC_0071999,1024,1024,1.0
ISIC_0072001,1024,1024,1.0
ISIC_0072002,1024,1024,1.0
ISIC_0072004,1024,1024,1.0
ISIC_0072005,1024,1024,1.0
ISIC_0072007,1024,1024,1.0
ISIC_0072010,1024,1024,1.0
ISIC_0072012,1024,1024,1.0
ISIC_0072015,1024,1024,1.0
ISIC_0072016,1024,1024,1.0
ISIC_0072017,1024,1024,1.0
ISIC_0072018,1024,1024,1.0
ISIC_0072019,1024,1024,1.0
ISIC_0072023,1024,1024,1.0
ISIC_0072025,1024,1024,1.0
ISIC_0072027,1024,1024,1.0
ISIC_0072029,1024,1024,1.0
ISIC_0072030,1024,1024,1.0
ISIC_0072033,1024,1024,1.0
ISIC_0072034,1024,1024,1.0
ISIC_0072038,1024,1024,1.0
ISIC_0072041,1024,1024,1.0
ISIC_0072042,1024,1024,1.0
ISIC_0072043,1024,1024,1.0
ISIC_0072046,1024,1024,1.0
ISIC_0072047,1024,1024,1.0
ISIC_0072048,1024,1024,1.0
ISIC_0072050,1024,1024,1.0
ISIC_0072051,1024,1024,1.0
ISIC_0072052,1024,1024,1.0
ISIC_0072054,1024,1024,1.0
ISIC_0072055,1024,1024,1.0
ISIC_0072056,1024,1024,1.0
ISIC_0072057,1024,1024,1.0
ISIC_0072061,1024,1024,1.0
ISIC_0072063,1024,1024,1.0
ISIC_0072066,1024,1024,1.0
ISIC_0072068,1024,1024,1.0
ISIC_0072070,1024,1024,1.0
ISIC_0072074,1024,1024,1.0
ISIC_0072075,1024,1024,1.0
ISIC_0072076,1024,1024,1.0
ISIC_0072077,1024,1024,1.0
ISIC_0072078,1024,1024,1.0
ISIC_0072080,1024,1024,1.0
ISIC_0072082,1024,1024,1.0
ISIC_0072084,1024,1024,1.0
ISIC_0072085,1024,1024,1.0
ISIC_0072086,1024,1024,1.0
ISIC_0072088,1024,1024,1.0
ISIC_0072089,1024,1024,1.0
ISIC_0072091,1024,1024,1.0
ISIC_0072092,1024,1024,1.0
ISIC_0072094,1024,1024,1.0
ISIC_0072095,1024,1024,1.0
ISIC_0072096,1024,1024,1.0
ISIC_0072098,1024,1024,1.0
ISIC_0072099,1024,1024,1.0
ISIC_0072101,1024,1024,1.0
ISIC_0072102,1024,1024,1.0
ISIC_0072103,1024,1024,1.0
ISIC_0072105,1024,1024,1.0
ISIC_0072106,1024,1024,1.0
ISIC_0072107,1024,1024,1.0
ISIC_0072108,1024,1024,1.0
ISIC_0072109,1024,1024,1.0
ISIC_0072111,1024,1024,1.0
ISIC_0072112,1024,1024,1.0
ISIC_0072114,1024,1024,1.0
ISIC_0072115,1024,1024,1.0
ISIC_0072116,1024,1024,1.0
ISIC_0072117,1024,1024,1.0
ISIC_0072120,1024,1024,1.0
ISIC_0072121,1024,1024,1.0
ISIC_0072123,1024,1024,1.0
ISIC_0072124,1024,1024,1.0
ISIC_0072125,1024,1024,1.0
ISIC_0072127,1024,1024,1.0
ISIC_0072129,1024,1024,1.0
ISIC_0072131,1024,1024,1.0
ISIC_0072133,1024,1024,1.0
ISIC_0072134,1024,1024,1.0
ISIC_0072135,1024,1024,1.0
ISIC_0072136,1024,1024,1.0
ISIC_0072138,1024,1024,1.0
ISIC_0072139,1024,1024,1.0
ISIC_0072140,1024,1024,1.0
ISIC_0072141,1024,1024,1.0
ISIC_0072143,1024,1024,1.0
ISIC_0072147,1024,1024,1.0
ISIC_0072149,1024,1024,1.0
ISIC_0072151,1024,1024,1.0
ISIC_0072152,1024,1024,1.0
ISIC_0072153,1024,1024,1.0
ISIC_0072157,1024,1024,1.0
ISIC_0072158,1024,1024,1.0
ISIC_0072159,1024,1024,1.0
ISIC_0072161,1024,1024,1.0
ISIC_0072164,1024,1024,1.0
ISIC_0072165,1024,1024,1.0
ISIC_0072167,1024,1024,1.0
ISIC_0072168,1024,1024,1.0
ISIC_0072169,1024,1024,1.0
ISIC_0072170,1024,1024,1.0
ISIC_0072171,1024,1024,1.0
ISIC_0072172,1024,1024,1.0
ISIC_0072175,1024,1024,1.0
ISIC_0072176,1024,1024,1.0
ISIC_0072179,1024,1024,1.0
ISIC_0072180,1024,1024,1.0
ISIC_0072182,1024,1024,1.0
ISIC_0072184,1024,1024,1.0
ISIC_0072185,1024,1024,1.0
ISIC_0072186,1024,1024,1.0
ISIC_0072193,1024,1024,1.0
ISIC_0072194,1024,1024,1.0
ISIC_0072195,1024,1024,1.0
ISIC_0072196,1024,1024,1.0
ISIC_0072201,1024,1024,1.0
ISIC_0072202,1024,1024,1.0
ISIC_0072207,1024,1024,1.0
ISIC_0072210,1024,1024,1.0
ISIC_0072211,1024,1024,1.0
ISIC_0072212,1024,1024,1.0
ISIC_0072213,1024,1024,1.0
ISIC_0072214,1024,1024,1.0
ISIC_0072215,1024,1024,1.0
ISIC_0072218,1024,1024,1.0
ISIC_0072219,1024,1024,1.0
ISIC_0072221,1024,1024,1.0
ISIC_0072223,1024,1024,1.0
ISIC_0072224,1024,1024,1.0
ISIC_0072228,1024,1024,1.0
ISIC_0072229,1024,1024,1.0
ISIC_0072230,1024,1024,1.0
ISIC_0072237,1024,1024,1.0
ISIC_0072239,1024,1024,1.0
ISIC_0072241,1024,1024,1.0
ISIC_0072245,1024,1024,1.0
ISIC_0072247,1024,1024,1.0
ISIC_0072250,1024,1024,1.0
ISIC_0072251,1024,1024,1.0
ISIC_0072252,1024,1024,1.0
ISIC_0072254,1024,1024,1.0
ISIC_0072257,1024,1024,1.0
ISIC_0072259,1024,1024,1.0
ISIC_0072260,1024,1024,1.0
ISIC_0072262,1024,1024,1.0
ISIC_0072263,1024,1024,1.0
ISIC_0072266,1024,1024,1.0
ISIC_0072267,1024,1024,1.0
ISIC_0072269,1024,1024,1.0
ISIC_0072270,1024,1024,1.0
ISIC_0072276,1024,1024,1.0
ISIC_0072282,1024,1024,1.0
ISIC_0072283,1024,1024,1.0
ISIC_0072284,1024,1024,1.0
ISIC_0072287,1024,1024,1.0
ISIC_0072292,1024,1024,1.0
ISIC_0072296,1024,1024,1.0
ISIC_0072299,1024,1024,1.0
ISIC_0072301,1024,1024,1.0
ISIC_0072305,1024,1024,1.0
ISIC_0072307,1024,1024,1.0
ISIC_0072313,1024,1024,1.0
ISIC_0072314,1024,1024,1.0
ISIC_0072319,1024,1024,1.0
ISIC_0072320,1024,1024,1.0
ISIC_0072322,1024,1024,1.0
ISIC_0072324,1024,1024,1.0
ISIC_0072329,1024,1024,1.0
ISIC_0072330,1024,1024,1.0
ISIC_0072331,1024,1024,1.0
ISIC_0072333,1024,1024,1.0
ISIC_0072335,1024,1024,1.0
ISIC_0072337,1024,1024,1.0
ISIC_0072340,1024,1024,1.0
ISIC_0072342,1024,1024,1.0
ISIC_0072343,1024,1024,1.0
ISIC_0072345,1024,1024,1.0
ISIC_0072346,1024,1024,1.0
ISIC_0072347,1024,1024,1.0
ISIC_0072348,1024,1024,1.0
ISIC_0072352,1024,1024,1.0
ISIC_0072353,1024,1024,1.0
ISIC_0072356,1024,1024,1.0
ISIC_0072357,1024,1024,1.0
ISIC_0072358,1024,1024,1.0
ISIC_0072359,1024,1024,1.0
ISIC_0072360,1024,1024,1.0
ISIC_0072361,1024,1024,1.0
ISIC_0072365,1024,1024,1.0
ISIC_0072368,1024,1024,1.0
ISIC_0072370,1024,1024,1.0
ISIC_0072371,1024,1024,1.0
ISIC_0072374,1024,1024,1.0
ISIC_0072376,1024,1024,1.0
ISIC_0072377,1024,1024,1.0
ISIC_0072385,1024,1024,1.0
ISIC_0072386,1024,1024,1.0
ISIC_0072388,1024,1024,1.0
ISIC_0072393,1024,1024,1.0
ISIC_0072394,1024,1024,1.0
ISIC_0072403,1024,1024,1.0
ISIC_0072406,1024,1024,1.0
ISIC_0072408,1024,1024,1.0
ISIC_0072412,1024,1024,1.0
ISIC_0072420,1024,1024,1.0
ISIC_0072422,1024,1024,1.0
ISIC_0072423,1024,1024,1.0
ISIC_0072428,1024,1024,1.0
ISIC_0072429,1024,1024,1.0
ISIC_0072430,1024,1024,1.0
ISIC_0072431,1024,1024,1.0
ISIC_0072432,1024,1024,1.0
ISIC_0072433,1024,1024,1.0
ISIC_0072434,1024,1024,1.0
ISIC_0072436,1024,1024,1.0
ISIC_0072439,1024,1024,1.0
ISIC_0072440,1024,1024,1.0
ISIC_0072441,1024,1024,1.0
ISIC_0072443,1024,1024,1.0
ISIC_0072445,1024,1024,1.0
ISIC_0072450,1024,1024,1.0
ISIC_0072451,1024,1024,1.0
ISIC_0072452,1024,1024,1.0
ISIC_0072454,1024,1024,1.0
ISIC_0072456,1024,1024,1.0
ISIC_0072457,1024,1024,1.0
ISIC_0072459,1024,1024,1.0
ISIC_0072463,1024,1024,1.0
ISIC_0072465,1024,1024,1.0
ISIC_0072471,1024,1024,1.0
ISIC_0072472,1024,1024,1.0
ISIC_0072474,1024,1024,1.0
ISIC_0072477,1024,1024,1.0
ISIC_0072479,1024,1024,1.0
ISIC_0072480,1024,1024,1.0
ISIC_0072484,1024,1024,1.0
ISIC_0072485,1024,1024,1.0
ISIC_0072487,1024,1024,1.0
ISIC_0072488,1024,1024,1.0
ISIC_0072491,1024,1024,1.0
ISIC_0072495,1024,1024,1.0
ISIC_0072496,1024,1024,1.0
ISIC_0072499,1024,1024,1.0
ISIC_0072501,1024,1024,1.0
ISIC_0072503,1024,1024,1.0
ISIC_0072504,1024,1024,1.0
ISIC_0072507,1024,1024,1.0
ISIC_0072508,1024,1024,1.0
ISIC_0072511,1024,1024,1.0
ISIC_0072512,1024,1024,1.0
ISIC_0072516,1024,1024,1.0
ISIC_0072518,1024,1024,1.0
ISIC_0072519,1024,1024,1.0
ISIC_0072520,1024,1024,1.0
ISIC_0072522,1024,1024,1.0
ISIC_0072523,1024,1024,1.0
ISIC_0072524,1024,1024,1.0
ISIC_0072526,1024,1024,1.0
ISIC_0072528,1024,1024,1.0
ISIC_0072530,1024,1024,1.0
ISIC_0072534,1024,1024,1.0
ISIC_0072535,1024,1024,1.0
ISIC_0072536,1024,1024,1.0
ISIC_0072537,1024,1024,1.0
ISIC_0072539,1024,1024,1.0
ISIC_0072545,1024,1024,1.0
ISIC_0072546,1024,1024,1.0
ISIC_0072548,1024,1024,1.0
ISIC_0072549,1024,1024,1.0
ISIC_0072552,1024,1024,1.0
ISIC_0072556,1024,1024,1.0
ISIC_0072559,1024,1024,1.0
ISIC_0072564,1024,1024,1.0
ISIC_0072567,1024,1024,1.0
ISIC_0072568,1024,1024,1.0
ISIC_0072569,1024,1024,1.0
ISIC_0072572,1024,1024,1.0
ISIC_0072573,1024,1024,1.0
ISIC_0072574,1024,1024,1.0
ISIC_0072575,1024,1024,1.0
ISIC_0072576,1024,1024,1.0
ISIC_0072578,1024,1024,1.0
ISIC_0072581,1024,1024,1.0
ISIC_0072582,1024,1024,1.0
ISIC_0072584,1024,1024,1.0
ISIC_0072587,1024,1024,1.0
ISIC_0072590,1024,1024,1.0
ISIC_0072594,1024,1024,1.0
ISIC_0072595,1024,1024,1.0
ISIC_0072599,1024,1024,1.0
ISIC_0072600,1024,1024,1.0
ISIC_0072601,1024,1024,1.0
ISIC_0072602,1024,1024,1.0
ISIC_0072603,1024,1024,1.0
ISIC_0072605,1024,1024,1.0
ISIC_0072607,1024,1024,1.0
ISIC_0072610,1024,1024,1.0
ISIC_0072611,1024,1024,1.0
ISIC_0072612,1024,1024,1.0
ISIC_0072613,1024,1024,1.0
ISIC_0072616,1024,1024,1.0
ISIC_0072620,1024,1024,1.0
ISIC_0072622,1024,1024,1.0
ISIC_0072623,1024,1024,1.0
ISIC_0072624,1024,1024,1.0
ISIC_0072625,1024,1024,1.0
ISIC_0072626,1024,1024,1.0
ISIC_0072628,1024,1024,1.0
ISIC_0072631,1024,1024,1.0
ISIC_0072632,1024,1024,1.0
ISIC_0072633,1024,1024,1.0
ISIC_0072635,1024,1024,1.0
ISIC_0072637,1024,1024,1.0
ISIC_0072638,1024,1024,1.0
ISIC_0072639,1024,1024,1.0
ISIC_0072640,1024,1024,1.0
ISIC_0072642,1024,1024,1.0
ISIC_0072646,1024,1024,1.0
ISIC_0072647,1024,1024,1.0
ISIC_0072649,1024,1024,1.0
ISIC_0072651,1024,1024,1.0
ISIC_0072652,1024,1024,1.0
ISIC_0072653,1024,1024,1.0
ISIC_0072654,1024,1024,1.0
ISIC_0072656,1024,1024,1.0
ISIC_0072657,1024,1024,1.0
ISIC_0072658,1024,1024,1.0
ISIC_0072660,1024,1024,1.0
ISIC_0072661,1024,1024,1.0
ISIC_0072662,1024,1024,1.0
ISIC_0072663,1024,1024,1.0
ISIC_0072665,1024,1024,1.0
ISIC_0072666,1024,1024,1.0
ISIC_0072668,1024,1024,1.0
ISIC_0072670,1024,1024,1.0
ISIC_0072673,1024,1024,1.0
ISIC_0072675,1024,1024,1.0
ISIC_0072676,1024,1024,1.0
ISIC_0072679,1024,1024,1.0
ISIC_0072683,1024,1024,1.0
ISIC_0072688,1024,1024,1.0
ISIC_0072691,1024,1024,1.0
ISIC_0072693,1024,1024,1.0
ISIC_0072694,1024,1024,1.0
ISIC_0072698,1024,1024,1.0
ISIC_0072699,1024,1024,1.0
ISIC_0072701,1024,1024,1.0
ISIC_0072703,1024,1024,1.0
ISIC_0072708,1024,1024,1.0
ISIC_0072709,1024,1024,1.0
ISIC_0072710,1024,1024,1.0
ISIC_0072713,1024,1024,1.0
ISIC_0072714,1024,1024,1.0
ISIC_0072715,1024,1024,1.0
ISIC_0072716,1024,1024,1.0
ISIC_0072717,1024,1024,1.0
ISIC_0072723,1024,1024,1.0
ISIC_0072726,1024,1024,1.0
ISIC_0072727,1024,1024,1.0
ISIC_0072729,1024,1024,1.0
ISIC_0072730,1024,1024,1.0
ISIC_0072731,1024,1024,1.0
ISIC_0072732,1024,1024,1.0
ISIC_0072733,1024,1024,1.0
ISIC_0072735,1024,1024,1.0
ISIC_0072737,1024,1024,1.0
ISIC_0072738,1024,1024,1.0
ISIC_0072739,1024,1024,1.0
ISIC_0072740,1024,1024,1.0
ISIC_0072741,1024,1024,1.0
ISIC_0072742,1024,1024,1.0
ISIC_0072744,1024,1024,1.0
ISIC_0072745,1024,1024,1.0
ISIC_0072747,1024,1024,1.0
ISIC_0072748,1024,1024,1.0
ISIC_0072750,1024,1024,1.0
ISIC_0072754,1024,1024,1.0
ISIC_0072755,1024,1024,1.0
ISIC_0072759,1024,1024,1.0
ISIC_0072760,1024,1024,1.0
ISIC_0072761,1024,1024,1.0
ISIC_0072764,1024,1024,1.0
ISIC_0072768,1024,1024,1.0
ISIC_0072771,1024,1024,1.0
ISIC_0072773,1024,1024,1.0
ISIC_0072774,1024,1024,1.0
ISIC_0072775,1024,1024,1.0
ISIC_0072776,1024,1024,1.0
ISIC_0072777,1024,1024,1.0
ISIC_0072781,1024,1024,1.0
ISIC_0072782,1024,1024,1.0
ISIC_0072784,1024,1024,1.0
ISIC_0072785,1024,1024,1.0
ISIC_0072786,1024,1024,1.0
ISIC_0072789,1024,1024,1.0
ISIC_0072795,1024,1024,1.0
ISIC_0072796,1024,1024,1.0
ISIC_0072798,1024,1024,1.0
ISIC_0072799,1024,1024,1.0
ISIC_0072805,1024,1024,1.0
ISIC_0072806,1024,1024,1.0
ISIC_0072807,1024,1024,1.0
ISIC_0072809,1024,1024,1.0
ISIC_0072810,1024,1024,1.0
ISIC_0072813,1024,1024,1.0
ISIC_0072815,1024,1024,1.0
ISIC_0072818,1024,1024,1.0
ISIC_0072821,1024,1024,1.0
ISIC_0072822,1024,1024,1.0
ISIC_0072824,1024,1024,1.0
ISIC_0072825,1024,1024,1.0
ISIC_0072826,1024,1024,1.0
ISIC_0072827,1024,1024,1.0
ISIC_0072828,1024,1024,1.0
ISIC_0072829,1024,1024,1.0
ISIC_0072830,1024,1024,1.0
ISIC_0072833,1024,1024,1.0
ISIC_0072835,1024,1024,1.0
ISIC_0072836,1024,1024,1.0
ISIC_0072837,1024,1024,1.0
ISIC_0072838,1024,1024,1.0
ISIC_0072841,1024,1024,1.0
ISIC_0072842,1024,1024,1.0
ISIC_0072843,1024,1024,1.0
ISIC_0072844,1024,1024,1.0
ISIC_0072846,1024,1024,1.0
ISIC_0072847,1024,1024,1.0
ISIC_0072852,1024,1024,1.0
ISIC_0072853,1024,1024,1.0
ISIC_0072856,1024,1024,1.0
ISIC_0072858,1024,1024,1.0
ISIC_0072859,1024,1024,1.0
ISIC_0072860,1024,1024,1.0
ISIC_0072865,1024,1024,1.0
ISIC_0072866,1024,1024,1.0
ISIC_0072868,1024,1024,1.0
ISIC_0072869,1024,1024,1.0
ISIC_0072870,1024,1024,1.0
ISIC_0072871,1024,1024,1.0
ISIC_0072874,1024,1024,1.0
ISIC_0072877,1024,1024,1.0
ISIC_0072880,1024,1024,1.0
ISIC_0072881,1024,1024,1.0
ISIC_0072882,1024,1024,1.0
ISIC_0072885,1024,1024,1.0
ISIC_0072888,1024,1024,1.0
ISIC_0072889,1024,1024,1.0
ISIC_0072891,1024,1024,1.0
ISIC_0072892,1024,1024,1.0
ISIC_0072893,1024,1024,1.0
ISIC_0072894,1024,1024,1.0
ISIC_0072895,1024,1024,1.0
ISIC_0072896,1024,1024,1.0
ISIC_0072897,1024,1024,1.0
ISIC_0072898,1024,1024,1.0
ISIC_0072900,1024,1024,1.0
ISIC_0072901,1024,1024,1.0
ISIC_0072904,1024,1024,1.0
ISIC_0072905,1024,1024,1.0
ISIC_0072907,1024,1024,1.0
ISIC_0072909,1024,1024,1.0
ISIC_0072910,1024,1024,1.0
ISIC_0072911,1024,1024,1.0
ISIC_0072918,1024,1024,1.0
ISIC_0072919,1024,1024,1.0
ISIC_0072923,1024,1024,1.0
ISIC_0072926,1024,1024,1.0
ISIC_0072931,1024,1024,1.0
ISIC_0072932,1024,1024,1.0
ISIC_0072933,1024,1024,1.0
ISIC_0072935,1024,1024,1.0
ISIC_0072937,1024,1024,1.0
ISIC_0072939,1024,1024,1.0
ISIC_0072940,1024,1024,1.0
ISIC_0072941,1024,1024,1.0
ISIC_0072942,1024,1024,1.0
ISIC_0072951,1024,1024,1.0
ISIC_0072953,1024,1024,1.0
ISIC_0072957,1024,1024,1.0
ISIC_0072960,1024,1024,1.0
ISIC_0072964,1024,1024,1.0
ISIC_0072965,1024,1024,1.0
ISIC_0072966,1024,1024,1.0
ISIC_0072970,1024,1024,1.0
ISIC_0072972,1024,1024,1.0
ISIC_0072974,1024,1024,1.0
ISIC_0072975,1024,1024,1.0
ISIC_0072976,1024,1024,1.0
ISIC_0072977,1024,1024,1.0
ISIC_0072978,1024,1024,1.0
ISIC_0072985,1024,1024,1.0
ISIC_0072988,1024,1024,1.0
ISIC_0072989,1024,1024,1.0
ISIC_0072991,1024,1024,1.0
ISIC_0072994,1024,1024,1.0
ISIC_0072997,1024,1024,1.0
ISIC_0072998,1024,1024,1.0
ISIC_0072999,1024,1024,1.0
ISIC_0073001,1024,1024,1.0
ISIC_0073002,1024,1024,1.0
ISIC_0073003,1024,1024,1.0
ISIC_0073005,1024,1024,1.0
ISIC_0073008,1024,1024,1.0
ISIC_0073009,1024,1024,1.0
ISIC_0073011,1024,1024,1.0
ISIC_0073012,1024,1024,1.0
ISIC_0073015,1024,1024,1.0
ISIC_0073016,1024,1024,1.0
ISIC_0073019,1024,1024,1.0
ISIC_0073021,1024,1024,1.0
ISIC_0073022,1024,1024,1.0
ISIC_0073023,1024,1024,1.0
ISIC_0073025,1024,1024,1.0
ISIC_0073027,1024,1024,1.0
ISIC_0073028,1024,1024,1.0
ISIC_0073030,1024,1024,1.0
ISIC_0073031,1024,1024,1.0
ISIC_0073032,1024,1024,1.0
ISIC_0073035,1024,1024,1.0
ISIC_0073037,1024,1024,1.0
ISIC_0073038,1024,1024,1.0
ISIC_0073039,1024,1024,1.0
ISIC_0073044,1024,1024,1.0
ISIC_0073045,1024,1024,1.0
ISIC_0073048,1024,1024,1.0
ISIC_0073049,1024,1024,1.0
ISIC_0073050,1024,1024,1.0
ISIC_0073054,1024,1024,1.0
ISIC_0073056,1024,1024,1.0
ISIC_0073058,1024,1024,1.0
ISIC_0073059,1024,1024,1.0
ISIC_0073061,1024,1024,1.0
ISIC_0073063,1024,1024,1.0
ISIC_0073065,1024,1024,1.0
ISIC_0073066,1024,1024,1.0
ISIC_0073068,1024,1024,1.0
ISIC_0073069,1024,1024,1.0
ISIC_0073070,1024,1024,1.0
ISIC_0073072,1024,1024,1.0
ISIC_0073075,1024,1024,1.0
ISIC_0073077,1024,1024,1.0
ISIC_0073079,1024,1024,1.0
ISIC_0073080,1024,1024,1.0
ISIC_0073082,1024,1024,1.0
ISIC_0073088,1024,1024,1.0
ISIC_0073099,1024,1024,1.0
ISIC_0073101,1024,1024,1.0
ISIC_0073102,1024,1024,1.0
ISIC_0073104,1024,1024,1.0
ISIC_0073105,1024,1024,1.0
ISIC_0073108,1024,1024,1.0
ISIC_0073109,1024,1024,1.0
ISIC_0073110,1024,1024,1.0
ISIC_0073112,1024,1024,1.0
ISIC_0073115,1024,1024,1.0
ISIC_0073116,1024,1024,1.0
ISIC_0073119,1024,1024,1.0
ISIC_0073122,1024,1024,1.0
ISIC_0073123,1024,1024,1.0
ISIC_0073125,1024,1024,1.0
ISIC_0073126,1024,1024,1.0
ISIC_0073127,1024,1024,1.0
ISIC_0073128,1024,1024,1.0
ISIC_0073136,1024,1024,1.0
ISIC_0073137,1024,1024,1.0
ISIC_0073138,1024,1024,1.0
ISIC_0073140,1024,1024,1.0
ISIC_0073141,1024,1024,1.0
ISIC_0073143,1024,1024,1.0
ISIC_0073144,1024,1024,1.0
ISIC_0073146,1024,1024,1.0
ISIC_0073147,1024,1024,1.0
ISIC_0073148,1024,1024,1.0
ISIC_0073149,1024,1024,1.0
ISIC_0073150,1024,1024,1.0
ISIC_0073151,1024,1024,1.0
ISIC_0073153,1024,1024,1.0
ISIC_0073155,1024,1024,1.0
ISIC_0073156,1024,1024,1.0
ISIC_0073157,1024,1024,1.0
ISIC_0073159,1024,1024,1.0
ISIC_0073161,1024,1024,1.0
ISIC_0073164,1024,1024,1.0
ISIC_0073169,1024,1024,1.0
ISIC_0073170,1024,1024,1.0
ISIC_0073172,1024,1024,1.0
ISIC_0073173,1024,1024,1.0
ISIC_0073175,1024,1024,1.0
ISIC_0073181,1024,1024,1.0
ISIC_0073182,1024,1024,1.0
ISIC_0073183,1024,1024,1.0
ISIC_0073184,1024,1024,1.0
ISIC_0073189,1024,1024,1.0
ISIC_0073194,1024,1024,1.0
ISIC_0073195,1024,1024,1.0
ISIC_0073196,1024,1024,1.0
ISIC_0073198,1024,1024,1.0
ISIC_0073202,1024,1024,1.0
ISIC_0073203,1024,1024,1.0
ISIC_0073205,1024,1024,1.0
ISIC_0073207,1024,1024,1.0
ISIC_0073208,1024,1024,1.0
ISIC_0073209,1024,1024,1.0
ISIC_0073210,1024,1024,1.0
ISIC_0073214,1024,1024,1.0
ISIC_0073215,1024,1024,1.0
ISIC_0073218,1024,1024,1.0
ISIC_0073222,1024,1024,1.0
ISIC_0073225,1024,1024,1.0
ISIC_0073227,1024,1024,1.0
ISIC_0073228,1024,1024,1.0
ISIC_0073229,1024,1024,1.0
ISIC_0073232,1024,1024,1.0
ISIC_0073235,1024,1024,1.0
ISIC_0073240,1024,1024,1.0
ISIC_0073241,1024,1024,1.0
ISIC_0073244,1024,1024,1.0
ISIC_0073245,1024,1024,1.0
ISIC_0073246,1024,1024,1.0
ISIC_0073248,1024,1024,1.0
ISIC_0073249,1024,1024,1.0
ISIC_0073251,1024,1024,1.0
ISIC_0073254,1024,1024,1.0
